movie_id,语言,fetched_at,http_status,source
10428501,日語 / 日语,2026-08-30T05:15:25.669077+00:00,200,wikidata_p364
10456937,英語 / 英语,2026-08-30T05:14:25.830893+00:00,200,wikidata_p364
10523152,英語 / 英语,2026-08-30T05:15:25.669077+00:00,200,wikidata_p364
10553106,汉语普通话,2026-08-30T05:09:39.511489+00:00,200,douban_page
10604086,汉语普通话 / Putonghua,2026-08-30T05:14:25.830893+00:00,200,wikidata_p364
10810266,汉语普通话 / 粵語 / 俄語 / Putonghua / 粤语 / 俄语,2026-08-30T05:14:25.830893+00:00,200,wikidata_p364
11532844,英語 / 英语,2026-08-30T05:14:25.830893+00:00,200,wikidata_p364
11600089,英語 / 英语,2026-08-30T05:14:25.830893+00:00,200,wikidata_p364
1951286,英語 / 英语,2026-08-30T05:14:25.830893+00:00,200,wikidata_p364
20276229,英語 / 英语,2026-08-30T05:15:25.669077+00:00,200,wikidata_p364
2131664,英語 / 英语,2026-08-30T05:15:25.669077+00:00,200,wikidata_p364
21324298,英語 / 英语,2026-08-30T05:14:25.830893+00:00,200,wikidata_p364
23774832,英語 / 英语,2026-08-30T05:15:25.669077+00:00,200,wikidata_p364
24284175,廣府話 / 粤语,2026-08-30T05:14:25.830893+00:00,200,wikidata_p364
24754298,汉语普通话,2026-08-30T05:09:39.511489+00:00,200,douban_page
25723629,英語 / 英语,2026-08-30T05:14:25.830893+00:00,200,wikidata_p364
25728006,英語 / 英语,2026-08-30T05:15:25.669077+00:00,200,wikidata_p364
25735492,英語 / 意大利語 / 英语 / 意大利语,2026-08-30T05:14:25.830893+00:00,200,wikidata_p364
25774362,英語 / 英语,2026-08-30T05:14:25.830893+00:00,200,wikidata_p364
25782720,英語 / 英语,2026-08-30T05:14:25.830893+00:00,200,wikidata_p364
25792787,英語 / 英语,2026-08-30T05:14:25.830893+00:00,200,wikidata_p364
25812001,英語 / 英语,2026-08-30T05:14:25.830893+00:00,200,wikidata_p364
25828589,英語 / 英语,2026-08-30T05:15:25.669077+00:00,200,wikidata_p364
25834936,英語 / 英语,2026-08-30T05:15:25.669077+00:00,200,wikidata_p364
25835398,英語 / 英语,2026-08-30T05:14:25.830893+00:00,200,wikidata_p364
25845297,英語 / 英语,2026-08-30T05:14:25.830893+00:00,200,wikidata_p364
25845392,英語 / 汉语普通话 / 英语 / Mandarin,2026-08-30T05:14:25.830893+00:00,200,wikidata_p364
25859417,英語 / 英语,2026-08-30T05:14:25.830893+00:00,200,wikidata_p364
25862300,英語 / 英语,2026-08-30T05:15:25.669077+00:00,200,wikidata_p364
25868125,英語 / 英语,2026-08-30T05:14:25.830893+00:00,200,wikidata_p364
25881778,汉语普通话 / Putonghua,2026-08-30T05:15:25.669077+00:00,200,wikidata_p364
25909236,英語 / 英语,2026-08-30T05:15:25.669077+00:00,200,wikidata_p364
25911046,英語 / 英语,2026-08-30T05:15:25.669077+00:00,200,wikidata_p364
25920326,汉语普通话,2026-08-30T05:26:18.569457+00:00,200,douban_rexxar
25964242,汉语普通话,2026-08-30T05:26:19.946671+00:00,200,douban_rexxar
25985144,英語 / 英语,2026-08-30T05:14:25.830893+00:00,200,wikidata_p364
25995192,日語 / 朝鮮語 / 日语 / 韩语,2026-08-30T05:14:25.830893+00:00,200,wikidata_p364
26087471,英語 / 日語 / 俄語 / 英语 / 日语 / 俄语,2026-08-30T05:14:25.830893+00:00,200,wikidata_p364
26140265,英語 / 英语,2026-08-30T05:14:25.830893+00:00,200,wikidata_p364
26147418,英語 / 英语,2026-08-30T05:14:25.830893+00:00,200,wikidata_p364
26149750,英語 / 英语,2026-08-30T05:14:25.830893+00:00,200,wikidata_p364
26258779,英語 / 英语,2026-08-30T05:14:25.830893+00:00,200,wikidata_p364
26260821,英語 / 英语,2026-08-30T05:14:25.830893+00:00,200,wikidata_p364
26279170,朝鮮語 / 韩语,2026-08-30T05:14:25.830893+00:00,200,wikidata_p364
26283287,朝鮮語 / 韩语,2026-08-30T05:14:25.830893+00:00,200,wikidata_p364
26287055,英語 / 英语,2026-08-30T05:14:25.830893+00:00,200,wikidata_p364
26290360,汉语普通话,2026-08-30T05:09:39.511489+00:00,200,douban_page
26305582,英語 / 英语,2026-08-30T05:14:25.830893+00:00,200,wikidata_p364
26309513,英語 / 英语,2026-08-30T05:14:25.830893+00:00,200,wikidata_p364
26322998,法语 / 英語 / 英语,2026-08-30T05:15:25.669077+00:00,200,wikidata_p364
26335563,朝鮮語 / 韩语,2026-08-30T05:14:25.830893+00:00,200,wikidata_p364
26351864,粵語 / 粤语,2026-08-30T05:14:25.830893+00:00,200,wikidata_p364
26353671,廣府話 / 粤语,2026-08-30T05:14:25.830893+00:00,200,wikidata_p364
26363200,英語 / 英语,2026-08-30T05:14:25.830893+00:00,200,wikidata_p364
26368295,英語 / 英语,2026-08-30T05:14:25.830893+00:00,200,wikidata_p364
26369765,英語 / 英语,2026-08-30T05:14:25.830893+00:00,200,wikidata_p364
26382960,汉语普通话,2026-08-30T05:26:21.596288+00:00,200,douban_rexxar
26389014,英語 / 英语,2026-08-30T05:14:25.830893+00:00,200,wikidata_p364
26389539,現代標準漢語 / 廣府話 / 汉语普通话 / 粤语,2026-08-30T05:14:25.830893+00:00,200,wikidata_p364
26390974,英語 / 英语,2026-08-30T05:14:25.830893+00:00,200,wikidata_p364
26404869,英語 / 英语,2026-08-30T05:14:25.830893+00:00,200,wikidata_p364
26427119,汉语普通话,2026-08-30T05:09:39.511489+00:00,200,douban_page
26584673,英語 / 英语,2026-08-30T05:14:25.830893+00:00,200,wikidata_p364
26586556,英語 / 英语,2026-08-30T05:14:25.830893+00:00,200,wikidata_p364
26596871,英語 / 俄語 / 羅馬尼亞語 / 英语 / 俄语 / Romanian,2026-08-30T05:14:25.830893+00:00,200,wikidata_p364
26602901,中文 / 汉语普通话,2026-08-30T05:14:25.830893+00:00,200,wikidata_p364
26604217,英語 / 英语,2026-08-30T05:15:25.669077+00:00,200,wikidata_p364
26613692,英語 / 英语,2026-08-30T05:15:25.669077+00:00,200,wikidata_p364
26615748,英語 / 英语,2026-08-30T05:15:25.669077+00:00,200,wikidata_p364
26631790,英語 / 英语,2026-08-30T05:14:25.830893+00:00,200,wikidata_p364
26634250,英語 / 英语,2026-08-30T05:14:25.830893+00:00,200,wikidata_p364
26642033,英語 / 英语,2026-08-30T05:14:25.830893+00:00,200,wikidata_p364
26657516,英語 / 英语,2026-08-30T05:14:25.830893+00:00,200,wikidata_p364
26662331,汉语普通话,2026-08-30T05:26:23.054924+00:00,200,douban_rexxar
26694926,英語 / 英语,2026-08-30T05:15:25.669077+00:00,200,wikidata_p364
26703121,英語 / 英语,2026-08-30T05:15:25.669077+00:00,200,wikidata_p364
26703946,汉语普通话,2026-08-30T05:09:39.511489+00:00,200,douban_page
26715496,英語 / 英语,2026-08-30T05:14:25.830893+00:00,200,wikidata_p364
26734686,汉语普通话,2026-08-30T05:26:24.663086+00:00,200,douban_rexxar
26741632,英語 / 英语,2026-08-30T05:15:25.669077+00:00,200,wikidata_p364
26745332,英語 / 英语 / Osage,2026-08-30T05:14:25.830893+00:00,200,wikidata_p364
26746801,廣府話 / 粤语,2026-08-30T05:15:25.669077+00:00,200,wikidata_p364
26747869,日語 / 日语,2026-08-30T05:15:25.669077+00:00,200,wikidata_p364
26748882,汉语普通话 / 粤语,2026-08-30T05:26:26.389145+00:00,200,douban_rexxar
26749938,汉语普通话 / Putonghua,2026-08-30T05:14:25.830893+00:00,200,wikidata_p364
26791596,日語 / 日语,2026-08-30T05:14:25.830893+00:00,200,wikidata_p364
26794442,阿拉伯语 / 法语 / 英語 / Arabic / 英语,2026-08-30T05:14:25.830893+00:00,200,wikidata_p364
26816104,汉语普通话 / Putonghua,2026-08-30T05:14:25.830893+00:00,200,wikidata_p364
26816376,汉语普通话,2026-08-30T04:38:11.588810+00:00,200,douban_rexxar
26817136,英語 / 英语,2026-08-30T05:14:25.830893+00:00,200,wikidata_p364
26818326,汉语普通话,2026-08-30T05:26:28.036928+00:00,200,douban_rexxar
26820621,西班牙語 / 英語 / 西班牙语 / 英语,2026-08-30T05:15:25.669077+00:00,200,wikidata_p364
26823520,汉语普通话,2026-08-30T05:26:59.263546+00:00,200,douban_rexxar
26825482,英語 / 英语,2026-08-30T05:14:25.830893+00:00,200,wikidata_p364
26838236,英語 / 英语,2026-08-30T05:15:25.669077+00:00,200,wikidata_p364
26856202,英語 / 英语,2026-08-30T05:15:25.669077+00:00,200,wikidata_p364
26867808,英語 / 英语,2026-08-30T05:15:25.669077+00:00,200,wikidata_p364
26873582,英語 / 英语,2026-08-30T05:14:25.830893+00:00,200,wikidata_p364
26889600,汉语普通话,2026-08-30T05:27:01.029588+00:00,200,douban_rexxar
26897885,英語 / 英语,2026-08-30T05:15:25.669077+00:00,200,wikidata_p364
26897888,英語 / 英语,2026-08-30T05:14:25.830893+00:00,200,wikidata_p364
26900149,英語 / 英语,2026-08-30T05:14:25.830893+00:00,200,wikidata_p364
26908303,英語 / 英语,2026-08-30T05:14:25.830893+00:00,200,wikidata_p364
26915921,英語 / 英语,2026-08-30T05:14:25.830893+00:00,200,wikidata_p364
26924143,汉语普通话,2026-08-30T05:27:02.390174+00:00,200,douban_rexxar
26925611,日語 / 日语,2026-08-30T05:14:25.830893+00:00,200,wikidata_p364
26928478,汉语普通话,2026-08-30T05:27:03.845408+00:00,200,douban_rexxar
26933158,汉语普通话,2026-08-30T05:27:05.381632+00:00,200,douban_rexxar
26933210,英語 / 英语,2026-08-30T05:15:25.669077+00:00,200,wikidata_p364
26933588,法语,2026-08-30T05:15:25.669077+00:00,200,wikidata_p364
26935358,英語 / 英语,2026-08-30T05:15:25.669077+00:00,200,wikidata_p364
26938697,汉语普通话 / Putonghua,2026-08-30T05:14:25.830893+00:00,200,wikidata_p364
26949852,朝鮮語 / 韩语,2026-08-30T05:15:25.669077+00:00,200,wikidata_p364
26957899,日語 / 日语,2026-08-30T05:15:25.669077+00:00,200,wikidata_p364
26957900,英語 / 英语,2026-08-30T05:14:25.830893+00:00,200,wikidata_p364
26959697,英語 / 英语,2026-08-30T05:14:25.830893+00:00,200,wikidata_p364
26962981,英語 / 英语,2026-08-30T05:14:25.830893+00:00,200,wikidata_p364
26967870,英語 / 英语,2026-08-30T05:14:25.830893+00:00,200,wikidata_p364
26967871,英語 / 德语 / 廣府話 / 英语 / 粤语,2026-08-30T05:14:25.830893+00:00,200,wikidata_p364
26995475,英語 / 廣府話 / 汉语普通话 / 英语 / 粤语 / Mandarin,2026-08-30T05:14:25.830893+00:00,200,wikidata_p364
26995893,粵語 / 粤语,2026-08-30T05:14:25.830893+00:00,200,wikidata_p364
26996619,汉语普通话 / 粤语,2026-08-30T05:27:06.671862+00:00,200,douban_rexxar
26999802,中文 / 汉语普通话,2026-08-30T05:14:25.830893+00:00,200,wikidata_p364
27007465,朝鮮語 / 韩语,2026-08-30T05:14:25.830893+00:00,200,wikidata_p364
27008393,汉语普通话,2026-08-30T05:27:08.098866+00:00,200,douban_rexxar
27019572,英語 / 英语,2026-08-30T05:15:25.669077+00:00,200,wikidata_p364
27042557,英語 / 汉语普通话 / 英语 / Mandarin,2026-08-30T05:14:25.830893+00:00,200,wikidata_p364
27046287,英語 / 英语,2026-08-30T05:14:25.830893+00:00,200,wikidata_p364
27056396,英語 / 英语,2026-08-30T05:15:25.669077+00:00,200,wikidata_p364
27058736,西班牙語 / 西班牙语,2026-08-30T05:14:25.830893+00:00,200,wikidata_p364
27066152,英語 / 英语,2026-08-30T05:14:25.830893+00:00,200,wikidata_p364
27067713,汉语普通话 / Mandarin,2026-08-30T05:15:25.669077+00:00,200,wikidata_p364
27069838,朝鮮語 / 韩语,2026-08-30T05:15:25.669077+00:00,200,wikidata_p364
27072790,英語 / 瑞士德语 / 英语 / Swiss German,2026-08-30T05:14:25.830893+00:00,200,wikidata_p364
27073062,汉语普通话 / 日语 / 英语 / 南京方言,2026-08-30T04:38:12.446371+00:00,200,douban_rexxar
27077476,英語 / 英语,2026-08-30T05:14:25.830893+00:00,200,wikidata_p364
27077479,英語 / 英语,2026-08-30T05:15:25.669077+00:00,200,wikidata_p364
27085337,朝鮮語 / 韩语,2026-08-30T05:14:25.830893+00:00,200,wikidata_p364
27087319,朝鮮語 / 韩语,2026-08-30T05:14:25.830893+00:00,200,wikidata_p364
27089580,英語 / 英语,2026-08-30T05:15:25.669077+00:00,200,wikidata_p364
27093500,法语,2026-08-30T05:15:25.669077+00:00,200,wikidata_p364
27098602,汉语普通话,2026-08-30T05:27:09.729867+00:00,200,douban_rexxar
27102476,汉语普通话 / 英语 / 葡萄牙语,2026-08-30T04:38:13.503701+00:00,200,douban_rexxar
27108896,英語 / 英语,2026-08-30T05:15:25.669077+00:00,200,wikidata_p364
27115004,英語 / 英语,2026-08-30T05:14:25.830893+00:00,200,wikidata_p364
27121248,英语 / 汉语普通话 / 粤语,2026-08-30T04:38:14.395334+00:00,200,douban_rexxar
27124695,日語 / 粵語 / 日语 / 粤语,2026-08-30T05:14:25.830893+00:00,200,wikidata_p364
27162493,英語 / 英语,2026-08-30T05:14:25.830893+00:00,200,wikidata_p364
27162630,英語 / 英语,2026-08-30T05:14:25.830893+00:00,200,wikidata_p364
27177908,英語 / 日語 / 英语 / 日语,2026-08-30T05:15:25.669077+00:00,200,wikidata_p364
27191370,汉语普通话,2026-08-30T05:27:11.081686+00:00,200,douban_rexxar
27199850,英語 / 英语,2026-08-30T05:14:25.830893+00:00,200,wikidata_p364
27199894,英語 / 英语,2026-08-30T05:14:25.830893+00:00,200,wikidata_p364
27200859,英語 / 英语,2026-08-30T05:15:25.669077+00:00,200,wikidata_p364
27201437,印地語 / Hindi,2026-08-30T05:14:25.830893+00:00,200,wikidata_p364
27203644,法语 / 英語 / 英语,2026-08-30T05:14:25.830893+00:00,200,wikidata_p364
27204009,英語 / 英语,2026-08-30T05:14:25.830893+00:00,200,wikidata_p364
27305997,四川乐山话,2026-08-30T05:27:12.355540+00:00,200,douban_rexxar
27594653,汉语普通话,2026-08-30T05:27:13.817885+00:00,200,douban_rexxar
27601044,英語 / 英语,2026-08-30T05:14:25.830893+00:00,200,wikidata_p364
27601500,朝鮮語 / 韩语,2026-08-30T05:14:25.830893+00:00,200,wikidata_p364
27605105,英語 / 英语,2026-08-30T05:14:25.830893+00:00,200,wikidata_p364
27605563,英語 / 英语,2026-08-30T05:15:25.669077+00:00,200,wikidata_p364
27611372,印地語 / Hindi,2026-08-30T05:15:25.669077+00:00,200,wikidata_p364
27624770,汉语普通话,2026-08-30T05:27:15.170598+00:00,200,douban_rexxar
27662747,英語 / 英语,2026-08-30T05:15:25.669077+00:00,200,wikidata_p364
28510051,中文 / 汉语普通话,2026-08-30T05:14:25.830893+00:00,200,wikidata_p364
29984000,汉语普通话 / Putonghua,2026-08-30T05:14:25.830893+00:00,200,wikidata_p364
3001114,英語 / 英语,2026-08-30T05:15:25.669077+00:00,200,wikidata_p364
3010409,英語 / 英语,2026-08-30T05:15:25.669077+00:00,200,wikidata_p364
3011317,英語 / 英语,2026-08-30T05:14:25.830893+00:00,200,wikidata_p364
30122623,英語 / 英语,2026-08-30T05:14:25.830893+00:00,200,wikidata_p364
30122648,汉语普通话,2026-08-30T05:27:16.509730+00:00,200,douban_rexxar
30137576,西班牙語 / 英語 / 西班牙语 / 英语,2026-08-30T05:14:25.830893+00:00,200,wikidata_p364
30142421,英語 / 英语,2026-08-30T05:14:25.830893+00:00,200,wikidata_p364
30143331,英語 / 英语,2026-08-30T05:15:25.669077+00:00,200,wikidata_p364
30144224,英語 / 英语,2026-08-30T05:14:25.830893+00:00,200,wikidata_p364
30149834,英語 / 英语,2026-08-30T05:14:25.830893+00:00,200,wikidata_p364
30159288,英語 / 英语,2026-08-30T05:14:25.830893+00:00,200,wikidata_p364
30159568,粤语,2026-08-30T04:38:15.247108+00:00,200,douban_rexxar
30159569,粤语,2026-08-30T05:27:18.200888+00:00,200,douban_rexxar
30165027,英語 / 英语,2026-08-30T05:15:25.669077+00:00,200,wikidata_p364
30165311,英語 / 英语,2026-08-30T05:14:25.830893+00:00,200,wikidata_p364
30166971,汉语普通话,2026-08-30T05:27:19.699331+00:00,200,douban_rexxar
30167974,日語 / 日语,2026-08-30T05:15:25.669077+00:00,200,wikidata_p364
30167997,西班牙語 / 英語 / 馬雅語系 / 西班牙语 / 英语 / Wakandan / Mayan,2026-08-30T05:14:25.830893+00:00,200,wikidata_p364
30170520,英語 / 英语,2026-08-30T05:14:25.830893+00:00,200,wikidata_p364
30170847,英語 / 英语,2026-08-30T05:14:25.830893+00:00,200,wikidata_p364
30171998,英語 / 英语,2026-08-30T05:15:25.669077+00:00,200,wikidata_p364
30174085,中文 / 汉语普通话,2026-08-30T05:14:25.830893+00:00,200,wikidata_p364
30174091,粤语,2026-08-30T05:27:21.261857+00:00,200,douban_rexxar
30175218,廣府話 / 粤语,2026-08-30T05:14:25.830893+00:00,200,wikidata_p364
30176790,中文 / 汉语普通话,2026-08-30T05:15:25.669077+00:00,200,wikidata_p364
30180126,英語 / 英语,2026-08-30T05:15:25.669077+00:00,200,wikidata_p364
30200089,粤语,2026-08-30T05:27:22.674441+00:00,200,douban_rexxar
30200973,粤语,2026-08-30T05:27:24.096780+00:00,200,douban_rexxar
30201133,日語 / 日语,2026-08-30T05:15:25.669077+00:00,200,wikidata_p364
30206311,美國手語 / 英語 / American Sign Language / 英语,2026-08-30T05:15:25.669077+00:00,200,wikidata_p364
30206557,英語 / 英语,2026-08-30T05:14:25.830893+00:00,200,wikidata_p364
30210133,日語 / 日语,2026-08-30T05:15:25.669077+00:00,200,wikidata_p364
30210361,英語 / 英语,2026-08-30T05:15:25.669077+00:00,200,wikidata_p364
30213339,英語 / 英语,2026-08-30T05:15:25.669077+00:00,200,wikidata_p364
30216729,英語 / 英语,2026-08-30T05:15:25.669077+00:00,200,wikidata_p364
30219722,法语 / 英語 / 日語 / 汉语普通话 / 英语 / 日语 / Mandarin,2026-08-30T05:15:25.669077+00:00,200,wikidata_p364
30220738,英語 / 英语,2026-08-30T05:14:25.830893+00:00,200,wikidata_p364
30223888,英語 / 英语,2026-08-30T05:15:25.669077+00:00,200,wikidata_p364
30229667,英語 / 英语,2026-08-30T05:15:25.669077+00:00,200,wikidata_p364
3023156,英語 / 英语,2026-08-30T05:14:25.830893+00:00,200,wikidata_p364
30238017,美国英语 / American English,2026-08-30T05:15:25.669077+00:00,200,wikidata_p364
30242044,英語 / 英语,2026-08-30T05:15:25.669077+00:00,200,wikidata_p364
30246412,汉语普通话,2026-08-30T05:27:25.431719+00:00,200,douban_rexxar
30246476,英語 / 英语,2026-08-30T05:14:25.830893+00:00,200,wikidata_p364
30249077,朝鮮語 / 韩语,2026-08-30T05:14:25.830893+00:00,200,wikidata_p364
30253158,日語 / 日语,2026-08-30T05:14:25.830893+00:00,200,wikidata_p364
30254679,西班牙語 / 英語 / 西班牙语 / 英语,2026-08-30T05:15:25.669077+00:00,200,wikidata_p364
30258623,英語 / 英语,2026-08-30T05:14:25.830893+00:00,200,wikidata_p364
30262631,汉语普通话,2026-08-30T05:27:27.291550+00:00,200,douban_rexxar
30267287,朝鮮語 / 韩语,2026-08-30T05:14:25.830893+00:00,200,wikidata_p364
30274823,英語 / 英语,2026-08-30T05:15:25.669077+00:00,200,wikidata_p364
30277290,英語 / 英语,2026-08-30T05:14:25.830893+00:00,200,wikidata_p364
30279170,英語 / 英语,2026-08-30T05:15:25.669077+00:00,200,wikidata_p364
30279972,汉语普通话,2026-08-30T05:28:14.010532+00:00,200,douban_rexxar
30286372,汉语普通话,2026-08-30T05:28:15.238411+00:00,200,douban_rexxar
30289148,汉语普通话,2026-08-30T04:38:58.189222+00:00,200,douban_rexxar
30289828,汉语普通话,2026-08-30T04:38:58.991251+00:00,200,douban_rexxar
30290058,英語 / 英语,2026-08-30T05:14:25.830893+00:00,200,wikidata_p364
30290068,英語 / 英语,2026-08-30T05:14:25.830893+00:00,200,wikidata_p364
30290069,英語 / 英语,2026-08-30T05:15:25.669077+00:00,200,wikidata_p364
30292581,汉语普通话,2026-08-30T04:38:59.925261+00:00,200,douban_rexxar
30300279,英語 / 英语,2026-08-30T05:15:25.669077+00:00,200,wikidata_p364
30302292,汉语普通话,2026-08-30T05:28:16.886648+00:00,200,douban_rexxar
30302348,藏语,2026-08-30T05:14:25.830893+00:00,200,wikidata_p364
30304994,英語 / 英语,2026-08-30T05:14:25.830893+00:00,200,wikidata_p364
30310219,英語 / 英语,2026-08-30T05:15:25.669077+00:00,200,wikidata_p364
30314848,英語 / 廣府話 / 汉语普通话 / 英语 / 粤语 / Mandarin,2026-08-30T05:14:25.830893+00:00,200,wikidata_p364
30318072,法语 / 朝鮮語 / 韩语,2026-08-30T05:15:25.669077+00:00,200,wikidata_p364
30323197,俄語 / 俄语,2026-08-30T05:15:25.669077+00:00,200,wikidata_p364
30327625,朝鮮語 / 韩语,2026-08-30T05:14:25.830893+00:00,200,wikidata_p364
30329080,汉语普通话,2026-08-30T05:28:18.460858+00:00,200,douban_rexxar
30329081,汉语普通话,2026-08-30T05:28:19.843591+00:00,200,douban_rexxar
30329897,粤语,2026-08-30T05:28:21.381731+00:00,200,douban_rexxar
30330057,中文 / 汉语普通话,2026-08-30T05:14:25.830893+00:00,200,wikidata_p364
30330751,汉语普通话,2026-08-30T05:28:22.953196+00:00,200,douban_rexxar
30331582,汉语普通话 / Mandarin,2026-08-30T05:14:25.830893+00:00,200,wikidata_p364
30334960,中華民國國語 / 马来语 / Standard Taiwanese Mandarin / Malay,2026-08-30T05:15:25.669077+00:00,200,wikidata_p364
30334963,中華民國國語 / Standard Taiwanese Mandarin,2026-08-30T05:14:25.830893+00:00,200,wikidata_p364
30335695,英語 / 英语,2026-08-30T05:15:25.669077+00:00,200,wikidata_p364
30336307,現代標準漢語 / 汉语普通话,2026-08-30T05:15:25.669077+00:00,200,wikidata_p364
30337388,英語 / 英语,2026-08-30T05:15:25.669077+00:00,200,wikidata_p364
30338492,汉语普通话,2026-08-30T04:39:01.005707+00:00,200,douban_rexxar
30345227,英語 / 英语,2026-08-30T05:15:25.669077+00:00,200,wikidata_p364
30345743,英語 / 夏威夷语 / 英语 / Hawaiian,2026-08-30T05:14:25.830893+00:00,200,wikidata_p364
30345887,朝鮮語 / 韩语,2026-08-30T05:14:25.830893+00:00,200,wikidata_p364
30346880,英語 / 英语,2026-08-30T05:15:25.669077+00:00,200,wikidata_p364
30347027,朝鮮語 / 韩语,2026-08-30T05:15:25.669077+00:00,200,wikidata_p364
30347930,汉语普通话,2026-08-30T05:28:24.687759+00:00,200,douban_rexxar
30348666,粤语,2026-08-30T04:39:01.833120+00:00,200,douban_rexxar
30351365,意大利語 / 意大利语,2026-08-30T05:14:25.830893+00:00,200,wikidata_p364
30352897,英語 / 法罗语 / 英语 / Faroese,2026-08-30T05:15:25.669077+00:00,200,wikidata_p364
30353260,汉语普通话,2026-08-30T05:28:26.343003+00:00,200,douban_rexxar
30354162,英語 / 英语,2026-08-30T05:14:25.830893+00:00,200,wikidata_p364
30359213,英語 / 汉语普通话 / 英语 / Mandarin,2026-08-30T05:14:25.830893+00:00,200,wikidata_p364
30359376,汉语普通话 / 英语 / 闽南语,2026-08-30T05:30:43.292400+00:00,200,douban_rexxar
30359446,粤语 / 汉语普通话,2026-08-30T05:30:44.657762+00:00,200,douban_rexxar
30359474,汉语普通话 / 侬语,2026-08-30T04:39:57.298983+00:00,200,douban_rexxar
30359665,英語 / 日語 / 英语 / 日语,2026-08-30T05:15:25.669077+00:00,200,wikidata_p364
30362175,英語 / 英语,2026-08-30T05:14:25.830893+00:00,200,wikidata_p364
30362825,英語 / 英语,2026-08-30T05:14:25.830893+00:00,200,wikidata_p364
30364932,日語 / 日语,2026-08-30T05:15:25.669077+00:00,200,wikidata_p364
30364978,英語 / 英语,2026-08-30T05:14:25.830893+00:00,200,wikidata_p364
30365911,英語 / 英语,2026-08-30T05:15:25.669077+00:00,200,wikidata_p364
30365913,英語 / 英语,2026-08-30T05:14:25.830893+00:00,200,wikidata_p364
30368448,英語 / 英语,2026-08-30T05:15:25.669077+00:00,200,wikidata_p364
30368790,英語 / 英语,2026-08-30T05:14:25.830893+00:00,200,wikidata_p364
30371524,汉语普通话,2026-08-30T04:39:58.202767+00:00,200,douban_rexxar
30372022,英語 / 英语,2026-08-30T05:15:25.669077+00:00,200,wikidata_p364
30377063,英語 / 英语,2026-08-30T05:14:25.830893+00:00,200,wikidata_p364
30377311,英語 / 英语,2026-08-30T05:14:25.830893+00:00,200,wikidata_p364
30378158,汉语普通话,2026-08-30T04:39:59.263955+00:00,200,douban_rexxar
30381605,汉语普通话 / 苗语,2026-08-30T04:40:00.064409+00:00,200,douban_rexxar
30382416,英語 / 英语,2026-08-30T05:15:25.669077+00:00,200,wikidata_p364
30382501,英語 / 英语,2026-08-30T05:14:25.830893+00:00,200,wikidata_p364
30388206,英語 / 英语,2026-08-30T05:14:25.830893+00:00,200,wikidata_p364
30389627,英語 / 英语,2026-08-30T05:15:25.669077+00:00,200,wikidata_p364
30391109,西班牙語 / 英語 / 西班牙语 / 英语,2026-08-30T05:14:25.830893+00:00,200,wikidata_p364
30391140,英語 / 英语,2026-08-30T05:14:25.830893+00:00,200,wikidata_p364
30391186,英語 / 英语,2026-08-30T05:14:25.830893+00:00,200,wikidata_p364
30391228,汉语普通话,2026-08-30T04:40:01.260393+00:00,200,douban_rexxar
30391270,英語 / 英语,2026-08-30T05:15:25.669077+00:00,200,wikidata_p364
30391894,朝鮮語 / 韩语,2026-08-30T05:14:25.830893+00:00,200,wikidata_p364
30394018,汉语普通话,2026-08-30T04:40:02.032955+00:00,200,douban_rexxar
30394576,藏语 / 汉语普通话,2026-08-30T04:39:03.074301+00:00,200,douban_rexxar
30394797,英語 / 汉语普通话 / 英语 / Mandarin,2026-08-30T05:15:25.669077+00:00,200,wikidata_p364
30396443,英語 / 英语,2026-08-30T05:15:25.669077+00:00,200,wikidata_p364
30400539,英語 / 英语,2026-08-30T05:15:25.669077+00:00,200,wikidata_p364
30402063,汉语普通话,2026-08-30T04:40:02.851511+00:00,200,douban_rexxar
30403645,英語 / 丹麦语 / 英语 / Danish,2026-08-30T05:14:25.830893+00:00,200,wikidata_p364
30405970,英語 / 英语,2026-08-30T05:14:25.830893+00:00,200,wikidata_p364
30407178,英語 / 英语,2026-08-30T05:15:25.669077+00:00,200,wikidata_p364
30409439,朝鮮語 / 韩语,2026-08-30T05:15:25.669077+00:00,200,wikidata_p364
30419032,英語 / 英语,2026-08-30T05:14:25.830893+00:00,200,wikidata_p364
30422485,朝鮮語 / 韩语,2026-08-30T05:15:25.669077+00:00,200,wikidata_p364
3042261,法语 / 德语,2026-08-30T05:14:25.830893+00:00,200,wikidata_p364
30425275,英語 / 英语,2026-08-30T05:15:25.669077+00:00,200,wikidata_p364
30425827,汉语普通话,2026-08-30T04:39:03.861600+00:00,200,douban_rexxar
30428359,西班牙語 / 法语 / 英語 / 尼日利亚皮钦语 / 他加祿語 / 俄語 / 中文 / 朝鮮語 / 西班牙语 / 英语 / Nigerian Pidgin / Tagalog / 俄语 / 汉语普通话 / 韩语,2026-08-30T05:15:25.669077+00:00,200,wikidata_p364
30429388,英語 / 英语,2026-08-30T05:14:25.830893+00:00,200,wikidata_p364
30430743,英語 / 英语,2026-08-30T05:15:25.669077+00:00,200,wikidata_p364
30433390,朝鮮語 / 韩语,2026-08-30T05:14:25.830893+00:00,200,wikidata_p364
30433455,英語 / 英语,2026-08-30T05:14:25.830893+00:00,200,wikidata_p364
30433456,英語 / 英语,2026-08-30T05:14:25.830893+00:00,200,wikidata_p364
30434747,汉语普通话 / 合肥方言,2026-08-30T04:40:03.709322+00:00,200,douban_rexxar
30435124,汉语普通话,2026-08-30T04:40:04.993363+00:00,200,douban_rexxar
30437716,汉语普通话 / 日语 / 俄语,2026-08-30T04:39:04.825081+00:00,200,douban_rexxar
30442497,朝鮮語 / 韩语,2026-08-30T05:14:25.830893+00:00,200,wikidata_p364
30444938,英語 / 英语,2026-08-30T05:15:25.669077+00:00,200,wikidata_p364
30444940,英語 / 英语,2026-08-30T05:15:25.669077+00:00,200,wikidata_p364
30444942,英語 / 英语,2026-08-30T05:14:25.830893+00:00,200,wikidata_p364
30447123,英語 / 英语,2026-08-30T05:15:25.669077+00:00,200,wikidata_p364
30447440,英語 / 英语,2026-08-30T05:15:25.669077+00:00,200,wikidata_p364
30448591,英語 / 英语,2026-08-30T05:14:25.830893+00:00,200,wikidata_p364
30449269,法语,2026-08-30T05:14:25.830893+00:00,200,wikidata_p364
30451909,英語 / 英语,2026-08-30T05:14:25.830893+00:00,200,wikidata_p364
30451953,英語 / 英语,2026-08-30T05:15:25.669077+00:00,200,wikidata_p364
30453797,英語 / 英语,2026-08-30T05:14:25.830893+00:00,200,wikidata_p364
30454682,西班牙語 / 英語 / 西班牙语 / 英语,2026-08-30T05:14:25.830893+00:00,200,wikidata_p364
30454685,英語 / 英语,2026-08-30T05:15:25.669077+00:00,200,wikidata_p364
30455615,英語 / 英语,2026-08-30T05:14:25.830893+00:00,200,wikidata_p364
30456637,西班牙語 / 英語 / 西班牙语 / 英语,2026-08-30T05:15:25.669077+00:00,200,wikidata_p364
30459571,英語 / 英语,2026-08-30T05:15:25.669077+00:00,200,wikidata_p364
30463424,汉语普通话,2026-08-30T04:40:06.000755+00:00,200,douban_rexxar
30464264,英語 / 英语,2026-08-30T05:15:25.669077+00:00,200,wikidata_p364
30464901,汉语普通话,2026-08-30T04:40:06.816848+00:00,200,douban_rexxar
30466931,法语 / 德语,2026-08-30T05:14:25.830893+00:00,200,wikidata_p364
30469922,英語 / 英语,2026-08-30T05:15:25.669077+00:00,200,wikidata_p364
30471496,英語 / 英语,2026-08-30T05:14:25.830893+00:00,200,wikidata_p364
30472643,英語 / 加泰罗尼亚语 / 英语 / Catalan,2026-08-30T05:14:25.830893+00:00,200,wikidata_p364
30472742,汉语普通话,2026-08-30T04:40:08.254908+00:00,200,douban_rexxar
30475837,英語 / 英语,2026-08-30T05:14:25.830893+00:00,200,wikidata_p364
30476403,汉语普通话,2026-08-30T04:40:09.430833+00:00,200,douban_rexxar
30477179,法语,2026-08-30T05:14:25.830893+00:00,200,wikidata_p364
30481476,英語 / 英语,2026-08-30T05:14:25.830893+00:00,200,wikidata_p364
30482587,日語 / 日语,2026-08-30T05:14:25.830893+00:00,200,wikidata_p364
30485870,汉语普通话,2026-08-30T04:40:10.534982+00:00,200,douban_rexxar
30486588,汉语普通话 / 贵州方言,2026-08-30T04:40:11.527835+00:00,200,douban_rexxar
30489782,印地語 / Hindi,2026-08-30T05:14:25.830893+00:00,200,wikidata_p364
3075380,英語 / 英语,2026-08-30T05:14:25.830893+00:00,200,wikidata_p364
3078409,英語 / 英语,2026-08-30T05:15:25.669077+00:00,200,wikidata_p364
3099221,英語 / 英语,2026-08-30T05:15:25.669077+00:00,200,wikidata_p364
3148694,英語 / 英语,2026-08-30T05:14:25.830893+00:00,200,wikidata_p364
32493124,汉语普通话 / 英语 / 俄语,2026-08-30T04:40:12.617660+00:00,200,douban_rexxar
32493666,粤语 / 汉语普通话,2026-08-30T04:40:13.450405+00:00,200,douban_rexxar
32568661,粤语 / 汉语普通话,2026-08-30T04:40:15.541807+00:00,200,douban_rexxar
32569470,汉语普通话 / 闽南语,2026-08-30T04:39:05.671896+00:00,200,douban_rexxar
32579254,粤语,2026-08-30T04:40:16.717006+00:00,200,douban_rexxar
32579501,粤语 / 汉语普通话,2026-08-30T04:40:17.579761+00:00,200,douban_rexxar
3262044,英語 / 英语,2026-08-30T05:14:25.830893+00:00,200,wikidata_p364
3279094,西班牙語 / 英語 / 西班牙语 / 英语,2026-08-30T05:15:25.669077+00:00,200,wikidata_p364
3317356,英語 / 英语,2026-08-30T05:14:25.830893+00:00,200,wikidata_p364
3323941,英語 / 英语,2026-08-30T05:14:25.830893+00:00,200,wikidata_p364
33371933,粤语,2026-08-30T04:39:06.446089+00:00,200,douban_rexxar
33383459,汉语普通话,2026-08-30T05:30:46.222970+00:00,200,douban_rexxar
33387253,英語 / 英语,2026-08-30T05:15:25.669077+00:00,200,wikidata_p364
33391820,英語 / 英语,2026-08-30T05:15:25.669077+00:00,200,wikidata_p364
33394526,印地語 / Hindi,2026-08-30T05:15:25.669077+00:00,200,wikidata_p364
33399500,英語 / 英语,2026-08-30T05:14:25.830893+00:00,200,wikidata_p364
33401951,汉语普通话,2026-08-30T05:30:47.830118+00:00,200,douban_rexxar
33402300,英語 / 英语,2026-08-30T05:14:25.830893+00:00,200,wikidata_p364
33404512,日語 / 日语,2026-08-30T05:14:25.830893+00:00,200,wikidata_p364
33406097,英語 / 英语,2026-08-30T05:14:25.830893+00:00,200,wikidata_p364
33406476,朝鮮語 / 韩语,2026-08-30T05:14:25.830893+00:00,200,wikidata_p364
33406478,英語 / 英语,2026-08-30T05:14:25.830893+00:00,200,wikidata_p364
33406802,西班牙語 / 西班牙语,2026-08-30T05:15:25.669077+00:00,200,wikidata_p364
33407124,日語 / 日语,2026-08-30T05:15:25.669077+00:00,200,wikidata_p364
33410979,汉语普通话 / 粤语,2026-08-30T04:39:07.207123+00:00,200,douban_rexxar
33411964,印地語 / 泰卢固语 / Hindi / Telugu,2026-08-30T05:15:25.669077+00:00,200,wikidata_p364
33413753,英語 / 英语,2026-08-30T05:14:25.830893+00:00,200,wikidata_p364
33414470,廣府話 / 汉语普通话 / 粤语 / Mandarin,2026-08-30T05:14:25.830893+00:00,200,wikidata_p364
33415861,法语,2026-08-30T05:14:25.830893+00:00,200,wikidata_p364
33415953,英語 / 英语,2026-08-30T05:14:25.830893+00:00,200,wikidata_p364
33423251,英語 / 英语,2026-08-30T05:14:25.830893+00:00,200,wikidata_p364
33423672,英語 / 英语,2026-08-30T05:15:25.669077+00:00,200,wikidata_p364
33423676,英語 / 英语,2026-08-30T05:15:25.669077+00:00,200,wikidata_p364
33424359,汉语普通话,2026-08-30T05:30:49.598018+00:00,200,douban_rexxar
33424499,英語 / 英语,2026-08-30T05:15:25.669077+00:00,200,wikidata_p364
33426211,英語 / 英语,2026-08-30T05:15:25.669077+00:00,200,wikidata_p364
33427451,汉语普通话,2026-08-30T05:30:51.532332+00:00,200,douban_rexxar
33428144,英語 / 英语,2026-08-30T05:14:25.830893+00:00,200,wikidata_p364
33428740,汉语普通话,2026-08-30T05:30:53.004165+00:00,200,douban_rexxar
33432655,英語 / 英语,2026-08-30T05:15:25.669077+00:00,200,wikidata_p364
33433368,意大利語 / 意大利语,2026-08-30T05:15:25.669077+00:00,200,wikidata_p364
33433405,英語 / 英语,2026-08-30T05:15:25.669077+00:00,200,wikidata_p364
33434967,朝鮮語 / 韩语,2026-08-30T05:15:25.669077+00:00,200,wikidata_p364
33437022,汉语普通话 / 东北官话,2026-08-30T05:30:54.502489+00:00,200,douban_rexxar
33437152,英語 / 英语,2026-08-30T05:15:25.669077+00:00,200,wikidata_p364
33437509,汉语普通话,2026-08-30T05:30:56.102960+00:00,200,douban_rexxar
33437580,英語 / 英语,2026-08-30T05:15:25.669077+00:00,200,wikidata_p364
33437777,英語 / 英语,2026-08-30T05:15:25.669077+00:00,200,wikidata_p364
33440244,汉语普通话,2026-08-30T04:39:08.123388+00:00,200,douban_rexxar
33441781,英語 / 英语,2026-08-30T05:15:25.669077+00:00,200,wikidata_p364
33441834,朝鮮語 / 韩语,2026-08-30T05:15:25.669077+00:00,200,wikidata_p364
33442722,英語 / 英语,2026-08-30T05:14:25.830893+00:00,200,wikidata_p364
33445277,現代標準漢語 / 汉语普通话,2026-08-30T05:14:25.830893+00:00,200,wikidata_p364
33446375,朝鮮語 / 韩语,2026-08-30T05:15:25.669077+00:00,200,wikidata_p364
33446786,法语 / 英語 / 英语,2026-08-30T05:14:25.830893+00:00,200,wikidata_p364
33447340,汉语普通话,2026-08-30T05:30:57.855513+00:00,200,douban_rexxar
33447874,英語 / 英语,2026-08-30T05:15:25.669077+00:00,200,wikidata_p364
33450426,英語 / 英语,2026-08-30T05:15:25.669077+00:00,200,wikidata_p364
33450430,英語 / 英语,2026-08-30T05:14:25.830893+00:00,200,wikidata_p364
33450810,冰島語 / Icelandic,2026-08-30T05:14:25.830893+00:00,200,wikidata_p364
33451890,英語 / 英语,2026-08-30T05:14:25.830893+00:00,200,wikidata_p364
33452845,法语,2026-08-30T05:14:25.830893+00:00,200,wikidata_p364
33452850,英語 / 英语,2026-08-30T05:15:25.669077+00:00,200,wikidata_p364
33454919,日語 / 日语,2026-08-30T05:15:25.669077+00:00,200,wikidata_p364
33454993,日語 / 日语,2026-08-30T05:15:25.669077+00:00,200,wikidata_p364
33455274,日語 / 日语,2026-08-30T05:14:25.830893+00:00,200,wikidata_p364
33455421,英語 / 英语,2026-08-30T05:14:25.830893+00:00,200,wikidata_p364
33455977,英語 / 英语,2026-08-30T05:14:25.830893+00:00,200,wikidata_p364
33456191,阿拉伯语 / 法语 / 廷巴克語 / 巴西葡萄牙语 / Arabic / Tamasheq / Brazilian Portuguese,2026-08-30T05:15:25.669077+00:00,200,wikidata_p364
33456512,汉语普通话 / 日語 / Putonghua / 日语,2026-08-30T05:14:25.830893+00:00,200,wikidata_p364
33456586,英語 / 英语,2026-08-30T05:15:25.669077+00:00,200,wikidata_p364
33457594,朝鮮語 / 韩语,2026-08-30T05:14:25.830893+00:00,200,wikidata_p364
33457597,朝鮮語 / 韩语,2026-08-30T05:15:25.669077+00:00,200,wikidata_p364
33457717,汉语普通话,2026-08-30T05:30:59.239443+00:00,200,douban_rexxar
33458628,西班牙語 / 西班牙语,2026-08-30T05:14:25.830893+00:00,200,wikidata_p364
33464170,汉语普通话,2026-08-30T05:31:00.712244+00:00,200,douban_rexxar
33477441,英語 / 英语,2026-08-30T05:15:25.669077+00:00,200,wikidata_p364
33957717,英語 / 英语,2026-08-30T05:14:25.830893+00:00,200,wikidata_p364
33973077,汉语普通话 / Mandarin,2026-08-30T05:15:25.669077+00:00,200,wikidata_p364
3401672,英語 / 英语,2026-08-30T05:14:25.830893+00:00,200,wikidata_p364
34261431,英語 / 英语,2026-08-30T05:15:25.669077+00:00,200,wikidata_p364
3439312,英語 / 英语,2026-08-30T05:15:25.669077+00:00,200,wikidata_p364
34429795,英語 / 英语,2026-08-30T05:14:25.830893+00:00,200,wikidata_p364
34430141,日語 / 日语,2026-08-30T05:14:25.830893+00:00,200,wikidata_p364
34430142,英語 / 英语,2026-08-30T05:15:25.669077+00:00,200,wikidata_p364
34432135,英語 / 英语,2026-08-30T05:15:25.669077+00:00,200,wikidata_p364
34432272,汉语普通话,2026-08-30T05:31:01.986097+00:00,200,douban_rexxar
34434006,汉语普通话,2026-08-30T05:31:03.374932+00:00,200,douban_rexxar
34436452,汉语普通话 / 廣府話 / Putonghua / 粤语,2026-08-30T05:14:25.830893+00:00,200,wikidata_p364
34436818,汉语普通话 / Putonghua,2026-08-30T05:14:25.830893+00:00,200,wikidata_p364
34438298,英語 / 英语,2026-08-30T05:14:25.830893+00:00,200,wikidata_p364
34438328,日語 / 日语,2026-08-30T05:14:25.830893+00:00,200,wikidata_p364
34439521,朝鮮語 / 韩语,2026-08-30T05:14:25.830893+00:00,200,wikidata_p364
34439629,朝鮮語 / 韩语,2026-08-30T05:14:25.830893+00:00,200,wikidata_p364
34447553,挪威語 / Norwegian,2026-08-30T05:14:25.830893+00:00,200,wikidata_p364
34453165,汉语普通话,2026-08-30T05:31:04.978435+00:00,200,douban_rexxar
34453198,汉语普通话 / 朝鮮語 / Putonghua / 韩语,2026-08-30T05:14:25.830893+00:00,200,wikidata_p364
34454693,汉语普通话,2026-08-30T05:31:06.627032+00:00,200,douban_rexxar
34455958,汉语普通话,2026-08-30T04:39:09.220931+00:00,200,douban_rexxar
34456011,朝鮮語 / 韩语,2026-08-30T05:14:25.830893+00:00,200,wikidata_p364
34456114,朝鮮語 / 韩语,2026-08-30T05:14:25.830893+00:00,200,wikidata_p364
34460775,汉语普通话,2026-08-30T05:31:07.974002+00:00,200,douban_rexxar
34467461,英語 / 英语,2026-08-30T05:14:25.830893+00:00,200,wikidata_p364
34470709,西班牙語 / 英語 / 西班牙语 / 英语,2026-08-30T05:14:25.830893+00:00,200,wikidata_p364
34477861,英語 / 英语,2026-08-30T05:14:25.830893+00:00,200,wikidata_p364
34610636,英語 / 英语,2026-08-30T05:14:25.830893+00:00,200,wikidata_p364
34614665,法语 / 英語 / 英语,2026-08-30T05:15:25.669077+00:00,200,wikidata_p364
34617219,朝鮮語 / 韩语,2026-08-30T05:15:25.669077+00:00,200,wikidata_p364
34626280,英語 / 英语,2026-08-30T05:15:25.669077+00:00,200,wikidata_p364
34626281,英語 / 英语,2026-08-30T05:14:25.830893+00:00,200,wikidata_p364
34658290,英語 / 英语,2026-08-30T05:15:25.669077+00:00,200,wikidata_p364
34659316,汉语普通话,2026-08-30T05:31:09.420166+00:00,200,douban_rexxar
34659523,日語 / 日语,2026-08-30T05:15:25.669077+00:00,200,wikidata_p364
34670221,汉语普通话,2026-08-30T05:31:10.771298+00:00,200,douban_rexxar
34670297,朝鮮語 / 韩语,2026-08-30T05:14:25.830893+00:00,200,wikidata_p364
34678231,英語 / 英语,2026-08-30T05:14:25.830893+00:00,200,wikidata_p364
34777781,朝鮮語 / 韩语,2026-08-30T05:15:25.669077+00:00,200,wikidata_p364
34777818,英語 / 英语,2026-08-30T05:15:25.669077+00:00,200,wikidata_p364
34778519,英語 / 英语,2026-08-30T05:15:25.669077+00:00,200,wikidata_p364
34779516,法语,2026-08-30T05:14:25.830893+00:00,200,wikidata_p364
34788061,英語 / 英语,2026-08-30T05:14:25.830893+00:00,200,wikidata_p364
34795100,英語 / 英语,2026-08-30T05:14:25.830893+00:00,200,wikidata_p364
34797546,汉语普通话 / 英语,2026-08-30T05:31:12.396788+00:00,200,douban_rexxar
34801038,英語 / 英语,2026-08-30T05:15:25.669077+00:00,200,wikidata_p364
34801934,日語 / 日语,2026-08-30T05:15:25.669077+00:00,200,wikidata_p364
34802334,英語 / 英语,2026-08-30T05:15:25.669077+00:00,200,wikidata_p364
34804147,英語 / 英语,2026-08-30T05:15:25.669077+00:00,200,wikidata_p364
34807062,英語 / 英语,2026-08-30T05:14:25.830893+00:00,200,wikidata_p364
34809365,朝鮮語 / 韩语,2026-08-30T05:14:25.830893+00:00,200,wikidata_p364
34810451,汉语普通话,2026-08-30T05:31:13.869078+00:00,200,douban_rexxar
34813551,汉语普通话,2026-08-30T04:39:09.985496+00:00,200,douban_rexxar
34813910,英語 / 英语,2026-08-30T05:15:25.669077+00:00,200,wikidata_p364
34816877,英語 / 英语,2026-08-30T05:14:25.830893+00:00,200,wikidata_p364
34820925,法语,2026-08-30T05:15:25.669077+00:00,200,wikidata_p364
34822168,日語 / 日语,2026-08-30T05:14:25.830893+00:00,200,wikidata_p364
34825559,英語 / 英语,2026-08-30T05:14:25.830893+00:00,200,wikidata_p364
34825590,英語 / 現代標準漢語 / 英语 / 汉语普通话,2026-08-30T05:15:25.669077+00:00,200,wikidata_p364
34832354,朝鮮語 / 韩语,2026-08-30T05:14:25.830893+00:00,200,wikidata_p364
34833903,中文 / 汉语普通话,2026-08-30T05:14:25.830893+00:00,200,wikidata_p364
34839285,汉语普通话 / 山西话,2026-08-30T04:39:10.763229+00:00,200,douban_rexxar
34839300,粤语,2026-08-30T04:39:11.849530+00:00,200,douban_rexxar
34839344,汉语普通话,2026-08-30T05:31:15.320276+00:00,200,douban_rexxar
34840375,汉语普通话,2026-08-30T05:31:16.696765+00:00,200,douban_rexxar
34840705,英語 / 英语,2026-08-30T05:14:25.830893+00:00,200,wikidata_p364
34841224,汉语普通话,2026-08-30T04:39:13.182874+00:00,200,douban_rexxar
34842464,汉语普通话,2026-08-30T05:31:18.371702+00:00,200,douban_rexxar
34845568,朝鮮語 / 韩语,2026-08-30T05:14:25.830893+00:00,200,wikidata_p364
34846176,法语 / 英語 / 日語 / 英语 / 日语,2026-08-30T05:14:25.830893+00:00,200,wikidata_p364
34846514,英語 / 英语,2026-08-30T05:14:25.830893+00:00,200,wikidata_p364
34846574,朝鮮語 / 韩语,2026-08-30T05:14:25.830893+00:00,200,wikidata_p364
34848578,朝鮮語 / 韩语,2026-08-30T05:14:25.830893+00:00,200,wikidata_p364
34850525,中華民國國語 / Standard Taiwanese Mandarin,2026-08-30T05:14:25.830893+00:00,200,wikidata_p364
34850550,中華民國國語 / 臺灣話 / Standard Taiwanese Mandarin / Taiwanese Hokkien,2026-08-30T05:14:25.830893+00:00,200,wikidata_p364
34850561,臺灣話 / 汉语普通话 / Taiwanese Hokkien / Mandarin,2026-08-30T05:14:25.830893+00:00,200,wikidata_p364
34850565,中華民國國語 / 臺灣話 / Standard Taiwanese Mandarin / Taiwanese Hokkien,2026-08-30T05:14:25.830893+00:00,200,wikidata_p364
34850575,汉语普通话 / 闽南语 / 越南语,2026-08-30T05:31:20.013319+00:00,200,douban_rexxar
34850589,中華民國國語 / 臺灣話 / Standard Taiwanese Mandarin / Taiwanese Hokkien,2026-08-30T05:15:25.669077+00:00,200,wikidata_p364
34850598,汉语普通话,2026-08-30T04:39:14.100120+00:00,200,douban_rexxar
34851564,朝鮮語 / 韩语,2026-08-30T05:15:25.669077+00:00,200,wikidata_p364
34851706,朝鮮語 / 韩语,2026-08-30T05:14:25.830893+00:00,200,wikidata_p364
34852249,粤语,2026-08-30T09:35:10.588223+00:00,200,douban_rexxar
34852311,朝鮮語 / 韩语,2026-08-30T05:15:25.669077+00:00,200,wikidata_p364
34852396,汉语普通话,2026-08-30T09:35:11.817094+00:00,200,douban_rexxar
34852976,汉语普通话,2026-08-30T04:39:15.156782+00:00,200,douban_rexxar
34857667,英語 / 英语,2026-08-30T05:15:25.669077+00:00,200,wikidata_p364
34858077,英語 / 英语,2026-08-30T05:14:25.830893+00:00,200,wikidata_p364
34858164,朝鮮語 / 韩语,2026-08-30T05:14:25.830893+00:00,200,wikidata_p364
34858508,泰語 / Thai,2026-08-30T05:14:25.830893+00:00,200,wikidata_p364
34861178,英語 / 英语,2026-08-30T05:14:25.830893+00:00,200,wikidata_p364
34864022,英語 / 英语,2026-08-30T05:14:25.830893+00:00,200,wikidata_p364
34865507,英語 / 俄語 / 英语 / 俄语,2026-08-30T05:15:25.669077+00:00,200,wikidata_p364
34869121,朝鮮語 / 韩语,2026-08-30T05:14:25.830893+00:00,200,wikidata_p364
34874432,日語 / 日语,2026-08-30T05:15:25.669077+00:00,200,wikidata_p364
34879969,汉语普通话 / Mandarin,2026-08-30T05:15:25.669077+00:00,200,wikidata_p364
34880018,中文 / 汉语普通话 / Mandarin,2026-08-30T05:14:25.830893+00:00,200,wikidata_p364
34880019,朝鮮語 / 韩语,2026-08-30T05:14:25.830893+00:00,200,wikidata_p364
34880216,法语 / 英語 / 中文 / 希腊语 / 英语 / 汉语普通话 / Greek,2026-08-30T05:15:25.669077+00:00,200,wikidata_p364
34881709,英語 / 日語 / 英语 / 日语,2026-08-30T05:14:25.830893+00:00,200,wikidata_p364
34881732,英語 / 英语,2026-08-30T05:14:25.830893+00:00,200,wikidata_p364
34882958,英語 / 汉语普通话 / 英语 / Mandarin,2026-08-30T05:14:25.830893+00:00,200,wikidata_p364
34884170,英語 / 英语,2026-08-30T05:15:25.669077+00:00,200,wikidata_p364
34884712,英語 / 英语,2026-08-30T05:15:25.669077+00:00,200,wikidata_p364
34888000,英語 / 英语,2026-08-30T05:14:25.830893+00:00,200,wikidata_p364
34888057,英語 / 英语,2026-08-30T05:14:25.830893+00:00,200,wikidata_p364
34890458,西班牙語 / 英語 / 西班牙语 / 英语,2026-08-30T05:14:25.830893+00:00,200,wikidata_p364
34890921,汉语普通话,2026-08-30T09:35:13.227597+00:00,200,douban_rexxar
34894551,挪威語 / Norwegian,2026-08-30T05:15:25.669077+00:00,200,wikidata_p364
34894797,英語 / 英语,2026-08-30T05:15:25.669077+00:00,200,wikidata_p364
34896242,英語 / 英语,2026-08-30T05:14:25.830893+00:00,200,wikidata_p364
34899682,英語 / 英语,2026-08-30T05:14:25.830893+00:00,200,wikidata_p364
34902503,无对白,2026-08-30T09:35:14.816235+00:00,200,douban_rexxar
34902758,日語 / 日语,2026-08-30T05:15:25.669077+00:00,200,wikidata_p364
34907317,汉语普通话,2026-08-30T04:39:16.541670+00:00,200,douban_rexxar
34908023,朝鮮語 / 韩语,2026-08-30T05:14:25.830893+00:00,200,wikidata_p364
34908041,英語 / 英语,2026-08-30T05:14:25.830893+00:00,200,wikidata_p364
34908116,朝鮮語 / 韩语,2026-08-30T05:15:25.669077+00:00,200,wikidata_p364
34909288,法语,2026-08-30T05:15:25.669077+00:00,200,wikidata_p364
34909341,英語 / 英语,2026-08-30T05:14:25.830893+00:00,200,wikidata_p364
34912850,英語 / 英语,2026-08-30T05:15:25.669077+00:00,200,wikidata_p364
34913315,泰語 / Thai,2026-08-30T05:14:25.830893+00:00,200,wikidata_p364
34913583,汉语普通话,2026-08-30T09:35:16.397060+00:00,200,douban_rexxar
34913717,英語 / 英语,2026-08-30T05:14:25.830893+00:00,200,wikidata_p364
34917447,汉语普通话,2026-08-30T09:35:18.044123+00:00,200,douban_rexxar
34917821,泰語 / Thai,2026-08-30T05:14:25.830893+00:00,200,wikidata_p364
34918902,意大利語 / 意大利语,2026-08-30T05:14:25.830893+00:00,200,wikidata_p364
34921171,汉语普通话,2026-08-30T09:35:19.426037+00:00,200,douban_rexxar
34923510,現代標準漢語 / 汉语普通话,2026-08-30T05:14:25.830893+00:00,200,wikidata_p364
34927019,法语 / 英語 / 粵語 / 汉语普通话 / 英语 / 粤语 / Mandarin,2026-08-30T05:14:25.830893+00:00,200,wikidata_p364
34927643,芬兰语 / 俄語 / Finnish / 俄语,2026-08-30T05:14:25.830893+00:00,200,wikidata_p364
34927911,廣府話 / 粤语,2026-08-30T05:14:25.830893+00:00,200,wikidata_p364
34927916,汉语普通话,2026-08-30T09:35:20.909829+00:00,200,douban_rexxar
34927935,汉语普通话,2026-08-30T09:35:22.683717+00:00,200,douban_rexxar
34927951,汉语普通话,2026-08-30T09:35:24.502124+00:00,200,douban_rexxar
34928072,朝鮮語 / 韩语,2026-08-30T05:15:25.669077+00:00,200,wikidata_p364
34928217,法语 / 摩洛哥口語 / Moroccan Arabic,2026-08-30T05:15:25.669077+00:00,200,wikidata_p364
34929859,日語 / 汉语普通话 / 日语 / Mandarin,2026-08-30T05:15:25.669077+00:00,200,wikidata_p364
34930846,汉语普通话 / 英语,2026-08-30T05:25:59.493553+00:00,200,douban_rexxar
34935178,汉语普通话 / Putonghua,2026-08-30T05:14:25.830893+00:00,200,wikidata_p364
34936468,汉语普通话,2026-08-30T09:35:26.052045+00:00,200,douban_rexxar
34937816,汉语普通话,2026-08-30T09:35:27.385790+00:00,200,douban_rexxar
34937892,朝鮮語 / 韩语,2026-08-30T05:14:25.830893+00:00,200,wikidata_p364
34939037,英語 / 英语,2026-08-30T05:14:25.830893+00:00,200,wikidata_p364
34940646,泰米爾語 / Tamil,2026-08-30T05:15:25.669077+00:00,200,wikidata_p364
34940663,英語 / 英语,2026-08-30T05:15:25.669077+00:00,200,wikidata_p364
34940681,日語 / 日语,2026-08-30T05:14:25.830893+00:00,200,wikidata_p364
34940704,英語 / 英语,2026-08-30T05:14:25.830893+00:00,200,wikidata_p364
34940879,廣府話 / 粤语,2026-08-30T05:14:25.830893+00:00,200,wikidata_p364
34940882,廣府話 / 粤语,2026-08-30T05:14:25.830893+00:00,200,wikidata_p364
34941536,汉语普通话 / Putonghua,2026-08-30T05:15:25.669077+00:00,200,wikidata_p364
34947549,日語 / 日语,2026-08-30T05:14:25.830893+00:00,200,wikidata_p364
34947665,闽南语 / 汉语普通话,2026-08-30T05:03:32.859545+00:00,200,douban_rexxar
34947684,日語 / 日语,2026-08-30T05:15:25.669077+00:00,200,wikidata_p364
34947776,中文 / 汉语普通话,2026-08-30T05:15:25.669077+00:00,200,wikidata_p364
34948440,汉语普通话 / Putonghua,2026-08-30T05:14:25.830893+00:00,200,wikidata_p364
34950173,汉语普通话,2026-08-30T09:35:28.709960+00:00,200,douban_rexxar
34950968,日語 / 日语,2026-08-30T05:15:25.669077+00:00,200,wikidata_p364
34951045,英語 / 英语,2026-08-30T05:14:25.830893+00:00,200,wikidata_p364
34953719,法语,2026-08-30T05:14:25.830893+00:00,200,wikidata_p364
34953744,芬兰语 / Finnish,2026-08-30T05:14:25.830893+00:00,200,wikidata_p364
34954053,中華民國國語 / Standard Taiwanese Mandarin,2026-08-30T05:15:25.669077+00:00,200,wikidata_p364
34954070,中華民國國語 / Standard Taiwanese Mandarin,2026-08-30T05:14:25.830893+00:00,200,wikidata_p364
34954086,日語 / 日语,2026-08-30T05:15:25.669077+00:00,200,wikidata_p364
34954091,汉语普通话 / Mandarin,2026-08-30T05:14:25.830893+00:00,200,wikidata_p364
34954093,現代標準漢語 / 汉语普通话,2026-08-30T05:14:25.830893+00:00,200,wikidata_p364
34954351,法语,2026-08-30T05:14:25.830893+00:00,200,wikidata_p364
34954371,法语,2026-08-30T05:14:25.830893+00:00,200,wikidata_p364
34955909,英語 / 英语,2026-08-30T05:15:25.669077+00:00,200,wikidata_p364
34960037,法语,2026-08-30T05:14:25.830893+00:00,200,wikidata_p364
34960078,英語 / 英语,2026-08-30T05:14:25.830893+00:00,200,wikidata_p364
34960939,西班牙語 / 西班牙语,2026-08-30T05:14:25.830893+00:00,200,wikidata_p364
34962956,汉语普通话 / 中華民國國語 / Putonghua / Standard Taiwanese Mandarin,2026-08-30T05:15:25.669077+00:00,200,wikidata_p364
34963400,日語 / 日语,2026-08-30T05:15:25.669077+00:00,200,wikidata_p364
34963486,日語 / 日语,2026-08-30T05:15:25.669077+00:00,200,wikidata_p364
34963556,英語 / 英语,2026-08-30T05:14:25.830893+00:00,200,wikidata_p364
34964130,英語 / 英语,2026-08-30T05:15:25.669077+00:00,200,wikidata_p364
34964266,英語 / 英语,2026-08-30T05:15:25.669077+00:00,200,wikidata_p364
34964331,英語 / 英语,2026-08-30T05:15:25.669077+00:00,200,wikidata_p364
34965089,英語 / 英语,2026-08-30T05:14:25.830893+00:00,200,wikidata_p364
34965661,法语 / 英語 / 卢旺达语 / 基隆迪语 / 斯瓦希里語 / 英语 / Kinyarwanda / Kirundi / Swahili,2026-08-30T05:14:25.830893+00:00,200,wikidata_p364
34966199,汉语普通话,2026-08-30T09:35:30.124374+00:00,200,douban_rexxar
34966245,汉语普通话,2026-08-30T09:35:31.433971+00:00,200,douban_rexxar
34966343,西班牙語 / 西班牙语,2026-08-30T05:15:25.669077+00:00,200,wikidata_p364
34966363,法语 / 英語 / 羅馬尼亞語 / 英语 / Romanian,2026-08-30T05:14:25.830893+00:00,200,wikidata_p364
34966906,波斯語 / Persian,2026-08-30T05:14:25.830893+00:00,200,wikidata_p364
34967493,約魯巴語 / 越南语 / Yoruba / Vietnamese,2026-08-30T05:15:25.669077+00:00,200,wikidata_p364
34968329,英語 / 意大利語 / 波蘭語 / 英语 / 意大利语 / Polish,2026-08-30T05:15:25.669077+00:00,200,wikidata_p364
34968393,英語 / 英语,2026-08-30T05:14:25.830893+00:00,200,wikidata_p364
34969171,朝鮮語 / 韩语,2026-08-30T05:14:25.830893+00:00,200,wikidata_p364
34969348,英語 / 英语,2026-08-30T05:14:25.830893+00:00,200,wikidata_p364
34970181,英語 / 英语,2026-08-30T05:14:25.830893+00:00,200,wikidata_p364
34970422,英語 / 英语,2026-08-30T05:14:25.830893+00:00,200,wikidata_p364
34970503,英語 / 英语,2026-08-30T05:14:25.830893+00:00,200,wikidata_p364
34971728,英語 / 英语,2026-08-30T05:14:25.830893+00:00,200,wikidata_p364
34973399,汉语普通话 / Mandarin,2026-08-30T05:15:25.669077+00:00,200,wikidata_p364
34973487,中華民國國語 / Standard Taiwanese Mandarin,2026-08-30T05:15:25.669077+00:00,200,wikidata_p364
34973557,日語 / 日语,2026-08-30T05:15:25.669077+00:00,200,wikidata_p364
34979338,英語 / 英语,2026-08-30T05:14:25.830893+00:00,200,wikidata_p364
34981939,英語 / 英语,2026-08-30T05:15:25.669077+00:00,200,wikidata_p364
34982427,日語 / 日语,2026-08-30T05:14:25.830893+00:00,200,wikidata_p364
34982825,朝鮮語 / 韩语,2026-08-30T05:14:25.830893+00:00,200,wikidata_p364
34982836,朝鮮語 / 韩语,2026-08-30T05:14:25.830893+00:00,200,wikidata_p364
34983370,英語 / 德语 / 波蘭語 / 捷克語 / 斯洛伐克語 / 英语 / Polish / Czech / Slovak,2026-08-30T05:14:25.830893+00:00,200,wikidata_p364
34984149,粤语 / 汉语普通话 / 英语,2026-08-30T09:35:32.770475+00:00,200,douban_rexxar
34984165,日語 / 日语,2026-08-30T05:15:25.669077+00:00,200,wikidata_p364
34984272,英語 / 英语,2026-08-30T05:14:25.830893+00:00,200,wikidata_p364
34984275,英語 / 英语,2026-08-30T05:15:25.669077+00:00,200,wikidata_p364
34986397,法语,2026-08-30T05:14:25.830893+00:00,200,wikidata_p364
34990918,日語 / 日语,2026-08-30T05:15:25.669077+00:00,200,wikidata_p364
34991507,汉语普通话,2026-08-30T09:35:34.223431+00:00,200,douban_rexxar
34992142,汉语普通话,2026-08-30T05:03:32.859545+00:00,200,douban_rexxar
34996127,英語 / 英语,2026-08-30T05:14:25.830893+00:00,200,wikidata_p364
34997952,汉语普通话,2026-08-30T05:26:01.062646+00:00,200,douban_rexxar
35005431,西班牙語 / 西班牙语,2026-08-30T05:14:25.830893+00:00,200,wikidata_p364
35007448,汉语普通话,2026-08-30T09:35:35.552167+00:00,200,douban_rexxar
35009298,英語 / 英语,2026-08-30T05:14:25.830893+00:00,200,wikidata_p364
35009757,朝鮮語 / 韩语,2026-08-30T05:14:25.830893+00:00,200,wikidata_p364
35010610,英語 / 英语,2026-08-30T05:14:25.830893+00:00,200,wikidata_p364
35011296,英語 / 英语,2026-08-30T05:14:25.830893+00:00,200,wikidata_p364
35014077,日語 / 日语,2026-08-30T05:15:25.669077+00:00,200,wikidata_p364
35017064,美国英语 / American English,2026-08-30T05:15:25.669077+00:00,200,wikidata_p364
35017085,汉语普通话,2026-08-30T09:35:36.963779+00:00,200,douban_rexxar
35017119,英語 / 英语,2026-08-30T05:14:25.830893+00:00,200,wikidata_p364
35017349,汉语普通话,2026-08-30T05:03:32.859545+00:00,200,douban_rexxar
35017419,汉语普通话,2026-08-30T09:35:38.577434+00:00,200,douban_rexxar
35018488,英語 / 英语,2026-08-30T05:14:25.830893+00:00,200,wikidata_p364
35022990,汉语普通话,2026-08-30T10:02:19.626100+00:00,200,douban_rexxar
35023648,日語 / 日语,2026-08-30T05:15:25.669077+00:00,200,wikidata_p364
35026731,汉语普通话,2026-08-30T10:02:21.441580+00:00,200,douban_rexxar
35026737,汉语普通话,2026-08-30T05:03:32.859545+00:00,200,douban_rexxar
35026738,汉语普通话,2026-08-30T10:02:23.278636+00:00,200,douban_rexxar
35027382,汉语普通话,2026-08-30T10:02:25.167409+00:00,200,douban_rexxar
35027719,汉语普通话,2026-08-30T10:02:26.882690+00:00,200,douban_rexxar
35027723,汉语普通话,2026-08-30T10:02:28.720692+00:00,200,douban_rexxar
35030151,汉语普通话,2026-08-30T10:02:30.411101+00:00,200,douban_rexxar
35030894,日語 / 日语,2026-08-30T05:14:25.830893+00:00,200,wikidata_p364
35038640,加泰罗尼亚语 / Catalan,2026-08-30T05:14:25.830893+00:00,200,wikidata_p364
35040778,朝鮮語 / 韩语,2026-08-30T05:14:25.830893+00:00,200,wikidata_p364
35043230,汉语普通话,2026-08-30T10:02:32.078055+00:00,200,douban_rexxar
35043784,汉语普通话,2026-08-30T10:02:35.894957+00:00,200,douban_rexxar
35045591,英語 / 英语,2026-08-30T05:15:25.669077+00:00,200,wikidata_p364
35048413,美國手語 / 英語 / American Sign Language / 英语,2026-08-30T05:15:25.669077+00:00,200,wikidata_p364
35048694,汉语普通话,2026-08-30T10:02:37.771007+00:00,200,douban_rexxar
35050652,英語 / 英语,2026-08-30T05:15:25.669077+00:00,200,wikidata_p364
35050779,英語 / 英语,2026-08-30T05:14:25.830893+00:00,200,wikidata_p364
35053657,英語 / 英语,2026-08-30T05:14:25.830893+00:00,200,wikidata_p364
35056243,英語 / 英语,2026-08-30T05:14:25.830893+00:00,200,wikidata_p364
35059062,日語 / 日语,2026-08-30T05:15:25.669077+00:00,200,wikidata_p364
35061128,英語 / 泰語 / 英语 / Thai,2026-08-30T05:14:25.830893+00:00,200,wikidata_p364
35062244,日語 / 日语,2026-08-30T05:15:25.669077+00:00,200,wikidata_p364
35064540,朝鮮語 / 韩语,2026-08-30T05:14:25.830893+00:00,200,wikidata_p364
35064920,英語 / 英语,2026-08-30T05:14:25.830893+00:00,200,wikidata_p364
35067563,汉语普通话,2026-08-30T10:02:39.566472+00:00,200,douban_rexxar
35067572,汉语普通话,2026-08-30T10:02:41.365336+00:00,200,douban_rexxar
35068052,汉语普通话,2026-08-30T10:02:43.306214+00:00,200,douban_rexxar
35068230,汉语普通话,2026-08-30T05:26:02.416103+00:00,200,douban_rexxar
35068653,汉语普通话,2026-08-30T10:02:45.220787+00:00,200,douban_rexxar
35071010,朝鮮語 / 韩语,2026-08-30T05:15:25.669077+00:00,200,wikidata_p364
35071012,汉语普通话,2026-08-30T10:02:47.123193+00:00,200,douban_rexxar
35072589,法语,2026-08-30T05:14:25.830893+00:00,200,wikidata_p364
35072961,日語 / 日语,2026-08-30T05:15:25.669077+00:00,200,wikidata_p364
35073033,中文 / 汉语普通话,2026-08-30T05:15:25.669077+00:00,200,wikidata_p364
35073164,汉语普通话,2026-08-30T10:02:49.006279+00:00,200,douban_rexxar
35073166,朝鮮語 / 韩语,2026-08-30T05:14:25.830893+00:00,200,wikidata_p364
35073513,汉语普通话 / 日语,2026-08-30T10:02:50.892371+00:00,200,douban_rexxar
35073565,汉语普通话,2026-08-30T10:02:52.618068+00:00,200,douban_rexxar
35073886,朝鮮語 / 汉语普通话 / 韩语 / Mandarin,2026-08-30T05:14:25.830893+00:00,200,wikidata_p364
35074609,廣府話 / 粤语,2026-08-30T05:14:25.830893+00:00,200,wikidata_p364
35075009,英語 / 英语,2026-08-30T05:15:25.669077+00:00,200,wikidata_p364
35076714,英語 / 英语,2026-08-30T05:15:25.669077+00:00,200,wikidata_p364
35077264,英語 / 英语,2026-08-30T05:14:25.830893+00:00,200,wikidata_p364
35079551,朝鮮語 / 韩语,2026-08-30T05:15:25.669077+00:00,200,wikidata_p364
35080587,汉语普通话,2026-08-30T10:02:54.330688+00:00,200,douban_rexxar
35081773,英語 / 英语,2026-08-30T05:15:25.669077+00:00,200,wikidata_p364
35083281,汉语普通话,2026-08-30T10:22:59.284231+00:00,200,douban_rexxar
35083986,英語 / 英语,2026-08-30T05:14:25.830893+00:00,200,wikidata_p364
35085625,汉语普通话,2026-08-30T05:26:03.946745+00:00,200,douban_rexxar
35086539,汉语普通话,2026-08-30T10:23:01.133309+00:00,200,douban_rexxar
35087486,日語 / 日语,2026-08-30T05:15:25.669077+00:00,200,wikidata_p364
35087675,英語 / 英语,2026-08-30T05:14:25.830893+00:00,200,wikidata_p364
35087699,汉语普通话 / Mandarin,2026-08-30T05:15:25.669077+00:00,200,wikidata_p364
35093794,朝鮮語 / 韩语,2026-08-30T05:14:25.830893+00:00,200,wikidata_p364
35093796,朝鮮語 / 韩语,2026-08-30T05:15:25.669077+00:00,200,wikidata_p364
35096685,朝鮮語 / 韩语,2026-08-30T05:14:25.830893+00:00,200,wikidata_p364
35101435,英語 / 英语,2026-08-30T05:14:25.830893+00:00,200,wikidata_p364
35101439,法语,2026-08-30T05:14:25.830893+00:00,200,wikidata_p364
35101440,英語 / 英语,2026-08-30T05:14:25.830893+00:00,200,wikidata_p364
35115260,英語 / 英语,2026-08-30T05:14:25.830893+00:00,200,wikidata_p364
35115594,朝鮮語 / 韩语,2026-08-30T05:14:25.830893+00:00,200,wikidata_p364
35115829,乌尔都语 / 粵語 / Urdu / 粤语,2026-08-30T05:14:25.830893+00:00,200,wikidata_p364
35115919,汉语普通话,2026-08-30T10:23:02.854617+00:00,200,douban_rexxar
35118225,粤语,2026-08-30T10:23:04.754120+00:00,200,douban_rexxar
35118954,英語 / 英语,2026-08-30T05:14:25.830893+00:00,200,wikidata_p364
35118955,英語 / 英语,2026-08-30T05:14:25.830893+00:00,200,wikidata_p364
35118992,朝鮮語 / 韩语,2026-08-30T05:14:25.830893+00:00,200,wikidata_p364
35122773,日語 / 日语,2026-08-30T05:15:25.669077+00:00,200,wikidata_p364
35123281,汉语普通话,2026-08-30T05:26:05.402691+00:00,200,douban_rexxar
35123295,汉语普通话,2026-08-30T05:26:06.954307+00:00,200,douban_rexxar
35123743,朝鮮語 / 韩语,2026-08-30T05:14:25.830893+00:00,200,wikidata_p364
35123985,西班牙語 / 西班牙语,2026-08-30T05:14:25.830893+00:00,200,wikidata_p364
35125443,汉语普通话 / Mandarin,2026-08-30T05:15:25.669077+00:00,200,wikidata_p364
35125466,英語 / 英语,2026-08-30T05:14:25.830893+00:00,200,wikidata_p364
35127546,日語 / 日语,2026-08-30T05:15:25.669077+00:00,200,wikidata_p364
35131346,汉语普通话 / Mandarin,2026-08-30T05:14:25.830893+00:00,200,wikidata_p364
35131443,汉语普通话,2026-08-30T10:23:06.540234+00:00,200,douban_rexxar
35131877,日語 / 日语,2026-08-30T05:15:25.669077+00:00,200,wikidata_p364
35132915,汉语普通话,2026-08-30T10:23:08.465613+00:00,200,douban_rexxar
35132940,朝鮮語 / 韩语,2026-08-30T05:14:25.830893+00:00,200,wikidata_p364
35132974,汉语普通话,2026-08-30T10:23:10.444440+00:00,200,douban_rexxar
35134330,朝鮮語 / 韩语,2026-08-30T05:14:25.830893+00:00,200,wikidata_p364
35134553,汉语普通话,2026-08-30T10:23:12.357007+00:00,200,douban_rexxar
35134557,汉语普通话,2026-08-30T10:23:14.258521+00:00,200,douban_rexxar
35134724,英語 / 英语,2026-08-30T05:15:25.669077+00:00,200,wikidata_p364
35134764,意大利語 / 意大利语,2026-08-30T05:15:25.669077+00:00,200,wikidata_p364
35135461,日語 / 日语,2026-08-30T05:15:25.669077+00:00,200,wikidata_p364
35135518,汉语普通话,2026-08-30T05:03:32.859545+00:00,200,douban_rexxar
35139095,英語 / 英语,2026-08-30T05:14:25.830893+00:00,200,wikidata_p364
35139426,汉语普通话 / 江西方言,2026-08-30T05:03:32.859545+00:00,200,douban_rexxar
35144311,粵語 / 現代標準漢語 / 粤语 / 汉语普通话,2026-08-30T05:15:25.669077+00:00,200,wikidata_p364
35145064,朝鮮語 / 韩语,2026-08-30T05:15:25.669077+00:00,200,wikidata_p364
35145068,朝鮮語 / 韩语,2026-08-30T05:15:25.669077+00:00,200,wikidata_p364
35148918,汉语普通话 / 日语,2026-08-30T10:23:16.058323+00:00,200,douban_rexxar
35149823,汉语普通话,2026-08-30T10:23:18.077780+00:00,200,douban_rexxar
35150248,汉语普通话,2026-08-30T10:23:19.736804+00:00,200,douban_rexxar
35151297,朝鮮語 / 韩语,2026-08-30T05:15:25.669077+00:00,200,wikidata_p364
35151492,英語 / 英语,2026-08-30T05:14:25.830893+00:00,200,wikidata_p364
35151513,中文 / 汉语普通话,2026-08-30T05:14:25.830893+00:00,200,wikidata_p364
35152517,汉语普通话,2026-08-30T10:23:21.468319+00:00,200,douban_rexxar
35153209,朝鮮語 / 汉语普通话 / 韩语 / Mandarin,2026-08-30T05:14:25.830893+00:00,200,wikidata_p364
35155124,西班牙語 / 西班牙语,2026-08-30T05:15:25.669077+00:00,200,wikidata_p364
35158123,汉语普通话,2026-08-30T10:23:23.312193+00:00,200,douban_rexxar
35158124,汉语普通话,2026-08-30T10:23:25.044498+00:00,200,douban_rexxar
35158160,汉语普通话 / 四川话,2026-08-30T10:23:27.106238+00:00,200,douban_rexxar
35158418,英語 / 英语,2026-08-30T05:14:25.830893+00:00,200,wikidata_p364
35160926,朝鮮語 / 韩语,2026-08-30T05:14:25.830893+00:00,200,wikidata_p364
35161223,汉语普通话,2026-08-30T10:23:28.893165+00:00,200,douban_rexxar
35161533,朝鮮語 / 韩语,2026-08-30T05:15:25.669077+00:00,200,wikidata_p364
35161768,英語 / 英语,2026-08-30T05:15:25.669077+00:00,200,wikidata_p364
35162506,法语,2026-08-30T05:15:25.669077+00:00,200,wikidata_p364
35164328,汉语普通话,2026-08-30T10:23:30.782507+00:00,200,douban_rexxar
35165134,汉语普通话,2026-08-30T10:23:32.503244+00:00,200,douban_rexxar
35165314,汉语普通话,2026-08-30T10:23:34.448626+00:00,200,douban_rexxar
35166209,朝鮮語 / 韩语,2026-08-30T05:14:25.830893+00:00,200,wikidata_p364
35166948,英語 / 英语,2026-08-30T05:14:25.830893+00:00,200,wikidata_p364
35168646,現代標準漢語 / 美国英语 / 汉语普通话 / American English,2026-08-30T05:14:25.830893+00:00,200,wikidata_p364
35169716,英語 / 德语 / 波蘭語 / 英语 / Polish,2026-08-30T05:14:25.830893+00:00,200,wikidata_p364
35172036,朝鮮語 / 韩语,2026-08-30T05:15:25.669077+00:00,200,wikidata_p364
35172571,捷克語 / Czech,2026-08-30T05:14:25.830893+00:00,200,wikidata_p364
35172695,汉语普通话 / Putonghua,2026-08-30T05:14:25.830893+00:00,200,wikidata_p364
35172699,汉语普通话,2026-08-30T10:43:38.986824+00:00,200,douban_rexxar
35173537,汉语普通话,2026-08-30T10:37:54.855734+00:00,200,douban_page
35173692,朝鮮語 / 韩语,2026-08-30T05:14:25.830893+00:00,200,wikidata_p364
35173737,汉语普通话,2026-08-30T10:37:54.855734+00:00,200,douban_page
35173804,汉语普通话,2026-08-30T10:43:40.846640+00:00,200,douban_rexxar
35173912,日語 / 日语,2026-08-30T05:15:25.669077+00:00,200,wikidata_p364
35173935,朝鮮語 / 韩语,2026-08-30T05:15:25.669077+00:00,200,wikidata_p364
35174052,朝鮮語 / 韩语,2026-08-30T05:15:25.669077+00:00,200,wikidata_p364
35176575,汉语普通话,2026-08-30T10:37:54.855734+00:00,200,douban_page
35177069,英語 / 英语,2026-08-30T05:15:25.669077+00:00,200,wikidata_p364
35177259,法语 / 英語 / 英语,2026-08-30T05:15:25.669077+00:00,200,wikidata_p364
35181721,朝鮮語 / 韩语,2026-08-30T05:15:25.669077+00:00,200,wikidata_p364
35182248,英語 / 英语,2026-08-30T05:15:25.669077+00:00,200,wikidata_p364
35182677,日語 / 日语,2026-08-30T05:15:25.669077+00:00,200,wikidata_p364
35183025,朝鮮語 / 韩语,2026-08-30T05:15:25.669077+00:00,200,wikidata_p364
35183254,汉语普通话 / 粤语 / 马来语,2026-08-30T10:37:54.855734+00:00,200,douban_page
35184151,日語 / 日语,2026-08-30T05:15:25.669077+00:00,200,wikidata_p364
35184152,朝鮮語 / 韩语,2026-08-30T05:14:25.830893+00:00,200,wikidata_p364
35190759,汉语普通话,2026-08-30T10:37:54.855734+00:00,200,douban_page
35192111,朝鮮語 / 韩语,2026-08-30T05:14:25.830893+00:00,200,wikidata_p364
35193100,朝鮮語 / 韩语,2026-08-30T05:14:25.830893+00:00,200,wikidata_p364
35193510,粤语,2026-08-30T10:43:42.474837+00:00,200,douban_rexxar
35195869,英語 / 英语,2026-08-30T05:15:25.669077+00:00,200,wikidata_p364
35196097,汉语普通话,2026-08-30T10:43:44.509987+00:00,200,douban_rexxar
35196561,汉语普通话 / 闽南语,2026-08-30T10:43:46.195387+00:00,200,douban_rexxar
35196586,芬兰语 / Finnish,2026-08-30T05:15:25.669077+00:00,200,wikidata_p364
35196653,藏语,2026-08-30T10:37:54.855734+00:00,200,douban_page
35196672,朝鮮語 / 韩语,2026-08-30T05:15:25.669077+00:00,200,wikidata_p364
35196793,日語 / 日语,2026-08-30T05:15:25.669077+00:00,200,wikidata_p364
35197765,武汉话 / 汉语普通话,2026-08-30T05:03:32.859545+00:00,200,douban_rexxar
35198422,汉语普通话,2026-08-30T10:43:48.123435+00:00,200,douban_rexxar
35198827,中華民國國語 / 臺灣話 / 日語 / Standard Taiwanese Mandarin / Taiwanese Hokkien / 日语,2026-08-30T05:15:25.669077+00:00,200,wikidata_p364
35199447,英語 / 英语,2026-08-30T05:14:25.830893+00:00,200,wikidata_p364
35200258,印地語 / Hindi,2026-08-30T05:15:25.669077+00:00,200,wikidata_p364
35202363,英語 / 英语,2026-08-30T05:14:25.830893+00:00,200,wikidata_p364
35202365,德语,2026-08-30T05:14:25.830893+00:00,200,wikidata_p364
35202368,英語 / 英语,2026-08-30T05:14:25.830893+00:00,200,wikidata_p364
35202854,英語 / 英语,2026-08-30T05:15:25.669077+00:00,200,wikidata_p364
35202879,汉语普通话,2026-08-30T05:26:08.407332+00:00,200,douban_rexxar
35202921,日語 / 日语,2026-08-30T05:14:25.830893+00:00,200,wikidata_p364
35203204,朝鮮語 / 韩语,2026-08-30T05:15:25.669077+00:00,200,wikidata_p364
35203206,朝鮮語 / 韩语,2026-08-30T05:14:25.830893+00:00,200,wikidata_p364
35203393,日語 / 日语,2026-08-30T05:15:25.669077+00:00,200,wikidata_p364
35204887,汉语普通话 / 粤语,2026-08-30T10:43:50.195054+00:00,200,douban_rexxar
35204888,日語 / 日语,2026-08-30T05:14:25.830893+00:00,200,wikidata_p364
35205170,汉语普通话,2026-08-30T10:43:52.061911+00:00,200,douban_rexxar
35205446,汉语普通话 / Mandarin,2026-08-30T05:15:25.669077+00:00,200,wikidata_p364
35205617,法语 / 弗拉芒语 / Flemish Dutch,2026-08-30T05:14:25.830893+00:00,200,wikidata_p364
35205713,日語 / 日语,2026-08-30T05:14:25.830893+00:00,200,wikidata_p364
35206186,中華民國國語 / Standard Taiwanese Mandarin,2026-08-30T05:15:25.669077+00:00,200,wikidata_p364
35206383,西班牙語 / 英語 / 西班牙语 / 英语,2026-08-30T05:14:25.830893+00:00,200,wikidata_p364
35206392,阿爾及利亞阿拉伯語 / Algerian Arabic,2026-08-30T05:14:25.830893+00:00,200,wikidata_p364
35206426,汉语普通话 / 粤语,2026-08-30T10:37:54.855734+00:00,200,douban_page
35207818,汉语普通话,2026-08-30T10:43:53.922225+00:00,200,douban_rexxar
35207944,日語 / 日语,2026-08-30T05:15:25.669077+00:00,200,wikidata_p364
35208466,汉语普通话 / Putonghua,2026-08-30T05:14:25.830893+00:00,200,wikidata_p364
35208467,中華民國國語 / Standard Taiwanese Mandarin,2026-08-30T05:14:25.830893+00:00,200,wikidata_p364
35208479,汉语普通话,2026-08-30T10:43:55.681763+00:00,200,douban_rexxar
35208823,泰語 / Thai,2026-08-30T05:14:25.830893+00:00,200,wikidata_p364
35209607,汉语普通话,2026-08-30T10:43:57.479790+00:00,200,douban_rexxar
35209661,日語 / 日语,2026-08-30T05:15:25.669077+00:00,200,wikidata_p364
35209748,粤语,2026-08-30T05:03:32.859545+00:00,200,douban_rexxar
35209755,法语 / 汉语普通话 / Mandarin,2026-08-30T05:14:25.830893+00:00,200,wikidata_p364
35210612,法语,2026-08-30T05:14:25.830893+00:00,200,wikidata_p364
35211513,粵語 / 粤语,2026-08-30T05:14:25.830893+00:00,200,wikidata_p364
35211532,汉语普通话,2026-08-30T10:37:54.855734+00:00,200,douban_page
35211729,土耳其語 / Turkish,2026-08-30T05:14:25.830893+00:00,200,wikidata_p364
35211739,法语,2026-08-30T05:14:25.830893+00:00,200,wikidata_p364
35211773,闽南语 / 汉语普通话,2026-08-30T10:43:59.418726+00:00,200,douban_rexxar
35211920,中華民國國語 / Standard Taiwanese Mandarin,2026-08-30T05:14:25.830893+00:00,200,wikidata_p364
35211921,英語 / 廣府話 / 马来语 / 英语 / 粤语 / Malay,2026-08-30T05:14:25.830893+00:00,200,wikidata_p364
35211923,汉语普通话 / Mandarin,2026-08-30T05:14:25.830893+00:00,200,wikidata_p364
35211944,廣府話 / 粤语,2026-08-30T05:14:25.830893+00:00,200,wikidata_p364
35212342,英語 / 英语,2026-08-30T05:14:25.830893+00:00,200,wikidata_p364
35213069,英語 / 英语,2026-08-30T05:14:25.830893+00:00,200,wikidata_p364
35214924,西班牙語 / 西班牙语,2026-08-30T05:14:25.830893+00:00,200,wikidata_p364
35215069,俄語 / 俄语,2026-08-30T05:15:25.669077+00:00,200,wikidata_p364
35215516,朝鮮語 / 韩语,2026-08-30T05:14:25.830893+00:00,200,wikidata_p364
35220828,英語 / 英语,2026-08-30T05:14:25.830893+00:00,200,wikidata_p364
35221425,德语,2026-08-30T05:14:25.830893+00:00,200,wikidata_p364
35224504,朝鮮語 / 韩语,2026-08-30T05:15:25.669077+00:00,200,wikidata_p364
35224919,英語 / 英语,2026-08-30T05:14:25.830893+00:00,200,wikidata_p364
35228399,汉语普通话 / Putonghua,2026-08-30T05:14:25.830893+00:00,200,wikidata_p364
35230606,日語 / 日语,2026-08-30T05:15:25.669077+00:00,200,wikidata_p364
35230630,日語 / 日语,2026-08-30T05:15:25.669077+00:00,200,wikidata_p364
35230876,英語 / 英语,2026-08-30T05:14:25.830893+00:00,200,wikidata_p364
35231370,汉语普通话 / Mandarin,2026-08-30T05:14:25.830893+00:00,200,wikidata_p364
35231379,汉语普通话,2026-08-30T10:37:54.855734+00:00,200,douban_page
35231414,汉语普通话,2026-08-30T10:44:01.366699+00:00,200,douban_rexxar
35231416,汉语普通话,2026-08-30T10:44:03.091255+00:00,200,douban_rexxar
35231700,汉语普通话,2026-08-30T10:44:04.751487+00:00,200,douban_rexxar
35231738,中華民國國語 / 臺灣話 / Standard Taiwanese Mandarin / Taiwanese Hokkien,2026-08-30T05:14:25.830893+00:00,200,wikidata_p364
35232061,日語 / 日语,2026-08-30T05:15:25.669077+00:00,200,wikidata_p364
35232084,日語 / 日语,2026-08-30T05:14:25.830893+00:00,200,wikidata_p364
35233836,保加利亞語 / Bulgarian,2026-08-30T05:14:25.830893+00:00,200,wikidata_p364
35234108,汉语普通话 / Putonghua,2026-08-30T05:14:25.830893+00:00,200,wikidata_p364
35234229,朝鮮語 / 韩语,2026-08-30T05:15:25.669077+00:00,200,wikidata_p364
35234308,日語 / 日语,2026-08-30T05:15:25.669077+00:00,200,wikidata_p364
35235365,中文 / 汉语普通话,2026-08-30T05:14:25.830893+00:00,200,wikidata_p364
35235501,日語 / 日语,2026-08-30T05:15:25.669077+00:00,200,wikidata_p364
35235502,日語 / 日语,2026-08-30T05:14:25.830893+00:00,200,wikidata_p364
35235503,日語 / 日语,2026-08-30T05:15:25.669077+00:00,200,wikidata_p364
35235524,日語 / 日语,2026-08-30T05:14:25.830893+00:00,200,wikidata_p364
35235582,英語 / 英语,2026-08-30T05:14:25.830893+00:00,200,wikidata_p364
35238024,英語 / 英语,2026-08-30T05:14:25.830893+00:00,200,wikidata_p364
35238569,英語 / 英语,2026-08-30T05:14:25.830893+00:00,200,wikidata_p364
35239018,印地語 / Hindi,2026-08-30T05:15:25.669077+00:00,200,wikidata_p364
35240231,汉语普通话,2026-08-30T10:44:06.464533+00:00,200,douban_rexxar
35240235,西班牙語 / 英語 / 西班牙语 / 英语,2026-08-30T05:14:25.830893+00:00,200,wikidata_p364
35240874,朝鮮語 / 韩语,2026-08-30T05:14:25.830893+00:00,200,wikidata_p364
35240920,英語 / 葡萄牙语 / 英语,2026-08-30T05:14:25.830893+00:00,200,wikidata_p364
35241052,朝鮮語 / 韩语,2026-08-30T05:14:25.830893+00:00,200,wikidata_p364
35242860,汉语普通话,2026-08-30T10:44:10.304954+00:00,200,douban_rexxar
35242872,汉语普通话 / Mandarin,2026-08-30T05:14:25.830893+00:00,200,wikidata_p364
35242938,華語 / Huáyǔ,2026-08-30T05:15:25.669077+00:00,200,wikidata_p364
35242942,羅馬尼亞語 / Romanian,2026-08-30T05:15:25.669077+00:00,200,wikidata_p364
35245762,英語 / 德语 / 英语,2026-08-30T05:15:25.669077+00:00,200,wikidata_p364
35248741,汉语普通话,2026-08-30T10:37:54.855734+00:00,200,douban_page
35249302,英語 / 英语,2026-08-30T05:15:25.669077+00:00,200,wikidata_p364
35250237,英語 / 英语,2026-08-30T05:14:25.830893+00:00,200,wikidata_p364
35251025,英語 / 英语,2026-08-30T05:14:25.830893+00:00,200,wikidata_p364
35251159,英語 / 英语,2026-08-30T05:14:25.830893+00:00,200,wikidata_p364
35253900,日語 / 日语,2026-08-30T05:14:25.830893+00:00,200,wikidata_p364
35256092,汉语普通话 / Putonghua,2026-08-30T05:14:25.830893+00:00,200,wikidata_p364
35256235,汉语普通话,2026-08-30T10:44:13.367071+00:00,200,douban_rexxar
35258381,英語 / 英语,2026-08-30T05:15:25.669077+00:00,200,wikidata_p364
35259173,他加祿語 / Tagalog,2026-08-30T05:15:25.669077+00:00,200,wikidata_p364
35259282,英語 / 英语,2026-08-30T05:15:25.669077+00:00,200,wikidata_p364
35259355,朝鮮語 / 韩语,2026-08-30T05:15:25.669077+00:00,200,wikidata_p364
35259378,朝鮮語 / 韩语,2026-08-30T05:14:25.830893+00:00,200,wikidata_p364
35259430,日語 / 日语,2026-08-30T05:15:25.669077+00:00,200,wikidata_p364
35259560,朝鮮語 / 韩语,2026-08-30T05:14:25.830893+00:00,200,wikidata_p364
35262981,英語 / 英语,2026-08-30T05:14:25.830893+00:00,200,wikidata_p364
35262994,法语 / 英語 / 科滿車語 / 英语 / Comanche,2026-08-30T05:14:25.830893+00:00,200,wikidata_p364
35265494,汉语普通话,2026-08-30T10:37:54.855734+00:00,200,douban_page
35267224,英語 / 四川话 / 汉语普通话 / 粵語 / 泰語 / 英语 / Putonghua / 粤语 / Thai,2026-08-30T05:14:25.830893+00:00,200,wikidata_p364
35268569,英語 / 英语,2026-08-30T05:14:25.830893+00:00,200,wikidata_p364
35268614,英語 / 英语,2026-08-30T05:14:25.830893+00:00,200,wikidata_p364
35270404,英語 / 英语,2026-08-30T05:14:25.830893+00:00,200,wikidata_p364
35271841,英語 / 英语,2026-08-30T05:14:25.830893+00:00,200,wikidata_p364
35274674,英語 / 英语,2026-08-30T05:14:25.830893+00:00,200,wikidata_p364
35275351,日語 / 日语,2026-08-30T05:15:25.669077+00:00,200,wikidata_p364
35275377,汉语普通话,2026-08-30T10:44:15.046574+00:00,200,douban_rexxar
35280762,日語 / 日语,2026-08-30T05:14:25.830893+00:00,200,wikidata_p364
35280911,日語 / 日语,2026-08-30T05:15:25.669077+00:00,200,wikidata_p364
35280912,朝鮮語 / 韩语,2026-08-30T05:14:25.830893+00:00,200,wikidata_p364
35280913,日語 / 日语,2026-08-30T05:15:25.669077+00:00,200,wikidata_p364
35281773,英語 / 英语,2026-08-30T05:15:25.669077+00:00,200,wikidata_p364
35283045,英語 / 英语,2026-08-30T05:15:25.669077+00:00,200,wikidata_p364
35284168,英語 / 英语,2026-08-30T05:14:25.830893+00:00,200,wikidata_p364
35284237,英語 / 英语,2026-08-30T05:14:25.830893+00:00,200,wikidata_p364
35286583,日語 / 日语,2026-08-30T05:15:25.669077+00:00,200,wikidata_p364
35287908,日語 / 日语,2026-08-30T05:15:25.669077+00:00,200,wikidata_p364
35288666,日語 / 日语,2026-08-30T05:15:25.669077+00:00,200,wikidata_p364
35288729,日語 / 日语,2026-08-30T05:15:25.669077+00:00,200,wikidata_p364
35288738,日語 / 日语,2026-08-30T05:15:25.669077+00:00,200,wikidata_p364
35288767,汉语普通话,2026-08-30T10:44:16.801778+00:00,200,douban_rexxar
35288797,英語 / 英语,2026-08-30T05:15:25.669077+00:00,200,wikidata_p364
35288804,马耳他语 / Maltese,2026-08-30T05:14:25.830893+00:00,200,wikidata_p364
35288813,英語 / 英语,2026-08-30T05:15:25.669077+00:00,200,wikidata_p364
35290372,英語 / 英语,2026-08-30T05:14:25.830893+00:00,200,wikidata_p364
35293160,挪威語 / Norwegian,2026-08-30T05:15:25.669077+00:00,200,wikidata_p364
35293590,日語 / 日语,2026-08-30T05:15:25.669077+00:00,200,wikidata_p364
35294995,中文 / 汉语普通话,2026-08-30T05:14:25.830893+00:00,200,wikidata_p364
35295054,汉语普通话,2026-08-30T10:44:18.423095+00:00,200,douban_rexxar
35295114,汉语普通话,2026-08-30T10:44:20.135078+00:00,200,douban_rexxar
35295121,汉语普通话,2026-08-30T10:44:21.937572+00:00,200,douban_rexxar
35295219,汉语普通话,2026-08-30T10:37:54.855734+00:00,200,douban_page
35295232,英語 / 英语,2026-08-30T05:14:25.830893+00:00,200,wikidata_p364
35295248,英語 / 英语,2026-08-30T05:14:25.830893+00:00,200,wikidata_p364
35295277,英語 / 英语,2026-08-30T05:14:25.830893+00:00,200,wikidata_p364
35295333,英語 / 英语,2026-08-30T05:14:25.830893+00:00,200,wikidata_p364
35295405,現代標準漢語 / 汉语普通话,2026-08-30T05:14:25.830893+00:00,200,wikidata_p364
35295445,汉语普通话,2026-08-30T10:44:23.861164+00:00,200,douban_rexxar
35295537,汉语普通话,2026-08-30T10:44:25.564102+00:00,200,douban_rexxar
35295667,汉语普通话,2026-08-30T10:44:27.262735+00:00,200,douban_rexxar
35295676,汉语普通话,2026-08-30T10:44:29.099559+00:00,200,douban_rexxar
35295681,汉语普通话,2026-08-30T10:37:54.855734+00:00,200,douban_page
35295837,汉语普通话,2026-08-30T10:37:54.855734+00:00,200,douban_page
35295915,汉语普通话 / Mandarin,2026-08-30T05:15:25.669077+00:00,200,wikidata_p364
35296157,汉语普通话,2026-08-30T10:44:31.031915+00:00,200,douban_rexxar
35296283,汉语普通话,2026-08-30T10:44:32.833028+00:00,200,douban_rexxar
35296481,英語 / 英语,2026-08-30T05:15:25.669077+00:00,200,wikidata_p364
35299543,法语,2026-08-30T05:15:25.669077+00:00,200,wikidata_p364
35299584,英語 / 英语,2026-08-30T05:14:25.830893+00:00,200,wikidata_p364
35299865,泰語 / Thai,2026-08-30T05:15:25.669077+00:00,200,wikidata_p364
35303777,中华人民共和国 / People's Republic of China,2026-08-30T05:15:25.669077+00:00,200,wikidata_p364
35303814,朝鮮語 / 韩语,2026-08-30T05:14:25.830893+00:00,200,wikidata_p364
35303842,英語 / 英语,2026-08-30T05:14:25.830893+00:00,200,wikidata_p364
35304577,汉语普通话,2026-08-30T10:37:54.855734+00:00,200,douban_page
35304597,朝鮮語 / 韩语,2026-08-30T05:14:25.830893+00:00,200,wikidata_p364
35304687,汉语普通话,2026-08-30T10:37:54.855734+00:00,200,douban_page
35306221,英語 / 英语,2026-08-30T05:14:25.830893+00:00,200,wikidata_p364
35307456,中文 / 汉语普通话,2026-08-30T05:14:25.830893+00:00,200,wikidata_p364
35307458,汉语普通话,2026-08-30T10:37:54.855734+00:00,200,douban_page
35307509,粤语 / 汉语普通话,2026-08-30T10:37:54.855734+00:00,200,douban_page
35307515,汉语普通话,2026-08-30T11:04:36.978641+00:00,200,douban_rexxar
35307624,日語 / 日语,2026-08-30T05:14:25.830893+00:00,200,wikidata_p364
35309666,汉语普通话,2026-08-30T10:37:54.855734+00:00,200,douban_page
35309713,日语,2026-08-30T10:37:54.855734+00:00,200,douban_page
35310153,马拉雅拉姆语 / Malayalam,2026-08-30T05:15:25.669077+00:00,200,wikidata_p364
35311473,日語 / 日语,2026-08-30T05:15:25.669077+00:00,200,wikidata_p364
35311545,西班牙語 / 法语 / 英語 / 德语 / 加泰罗尼亚语 / 西班牙语 / 英语 / Catalan,2026-08-30T05:14:25.830893+00:00,200,wikidata_p364
35311753,日語 / 日语,2026-08-30T05:15:25.669077+00:00,200,wikidata_p364
35311878,廣府話 / 粤语,2026-08-30T05:14:25.830893+00:00,200,wikidata_p364
35312322,汉语普通话,2026-08-30T11:04:38.956869+00:00,200,douban_rexxar
35312343,汉语普通话,2026-08-30T10:37:54.855734+00:00,200,douban_page
35312352,汉语普通话,2026-08-30T11:04:40.643466+00:00,200,douban_rexxar
35312401,汉语普通话,2026-08-30T11:04:42.283535+00:00,200,douban_rexxar
35312421,英語 / 英语,2026-08-30T05:14:25.830893+00:00,200,wikidata_p364
35314433,日語 / 日语,2026-08-30T05:15:25.669077+00:00,200,wikidata_p364
35315963,英語 / 英语,2026-08-30T05:14:25.830893+00:00,200,wikidata_p364
35316486,日語 / 日语,2026-08-30T05:14:25.830893+00:00,200,wikidata_p364
35316730,汉语普通话,2026-08-30T11:04:44.056285+00:00,200,douban_rexxar
35318021,法语,2026-08-30T05:14:25.830893+00:00,200,wikidata_p364
35320815,朝鮮語 / 韩语,2026-08-30T05:15:25.669077+00:00,200,wikidata_p364
35321420,法语,2026-08-30T05:14:25.830893+00:00,200,wikidata_p364
35321942,汉语普通话,2026-08-30T10:37:54.855734+00:00,200,douban_page
35321996,日語 / 日语,2026-08-30T05:15:25.669077+00:00,200,wikidata_p364
35322048,法语,2026-08-30T05:14:25.830893+00:00,200,wikidata_p364
35322120,英語 / 英语,2026-08-30T05:14:25.830893+00:00,200,wikidata_p364
35322123,英語 / 英语,2026-08-30T05:14:25.830893+00:00,200,wikidata_p364
35322362,汉语普通话,2026-08-30T10:37:54.855734+00:00,200,douban_page
35322591,粤语,2026-08-30T11:04:46.386819+00:00,200,douban_rexxar
35322671,英語 / 英语,2026-08-30T05:14:25.830893+00:00,200,wikidata_p364
35322675,阿拉伯语 / Arabic,2026-08-30T05:14:25.830893+00:00,200,wikidata_p364
35327050,巴西葡萄牙语 / Brazilian Portuguese,2026-08-30T05:15:25.669077+00:00,200,wikidata_p364
35330809,汉语普通话,2026-08-30T11:04:48.126970+00:00,200,douban_rexxar
35331378,英語 / 英语,2026-08-30T05:15:25.669077+00:00,200,wikidata_p364
35331392,英語 / 英语,2026-08-30T05:14:25.830893+00:00,200,wikidata_p364
35332112,无对白,2026-08-30T05:26:09.767834+00:00,200,douban_rexxar
35332387,汉语普通话,2026-08-30T11:04:50.259599+00:00,200,douban_rexxar
35332761,葡萄牙语,2026-08-30T05:14:25.830893+00:00,200,wikidata_p364
35332951,朝鮮語 / 韩语,2026-08-30T05:14:25.830893+00:00,200,wikidata_p364
35333697,汉语普通话,2026-08-30T10:37:54.855734+00:00,200,douban_page
35334430,英語 / 英语,2026-08-30T05:15:25.669077+00:00,200,wikidata_p364
35334902,英語 / 英语,2026-08-30T05:14:25.830893+00:00,200,wikidata_p364
35335784,日語 / 日语,2026-08-30T05:15:25.669077+00:00,200,wikidata_p364
35335800,朝鮮語 / 韩语,2026-08-30T05:14:25.830893+00:00,200,wikidata_p364
35335832,汉语普通话,2026-08-30T10:37:54.855734+00:00,200,douban_page
35335842,汉语普通话,2026-08-30T10:37:54.855734+00:00,200,douban_page
35335890,英語 / 荷蘭語 / 丹麦语 / 英语 / Dutch / Danish,2026-08-30T05:14:25.830893+00:00,200,wikidata_p364
35335895,法语,2026-08-30T05:14:25.830893+00:00,200,wikidata_p364
35337686,中文 / 汉语普通话,2026-08-30T05:14:25.830893+00:00,200,wikidata_p364
35338562,法语,2026-08-30T05:14:25.830893+00:00,200,wikidata_p364
35340247,汉语普通话 / Putonghua,2026-08-30T05:15:25.669077+00:00,200,wikidata_p364
35340321,英語 / 英语,2026-08-30T05:15:25.669077+00:00,200,wikidata_p364
35340437,汉语普通话,2026-08-30T11:04:53.044789+00:00,200,douban_rexxar
35341243,日語 / 日语,2026-08-30T05:15:25.669077+00:00,200,wikidata_p364
35341709,汉语普通话,2026-08-30T10:37:54.855734+00:00,200,douban_page
35341771,汉语普通话,2026-08-30T11:04:54.823144+00:00,200,douban_rexxar
35341957,汉语普通话,2026-08-30T10:37:54.855734+00:00,200,douban_page
35342548,朝鮮語 / 韩语,2026-08-30T05:14:25.830893+00:00,200,wikidata_p364
35343300,汉语普通话,2026-08-30T11:04:56.556170+00:00,200,douban_rexxar
35343762,汉语普通话,2026-08-30T11:05:07.060420+00:00,200,douban_rexxar
35345859,英語 / 英语,2026-08-30T05:14:25.830893+00:00,200,wikidata_p364
35346284,英語 / 英语,2026-08-30T05:15:25.669077+00:00,200,wikidata_p364
35346346,朝鮮語 / 韩语,2026-08-30T05:15:25.669077+00:00,200,wikidata_p364
35346383,日語 / 日语,2026-08-30T05:15:25.669077+00:00,200,wikidata_p364
35348520,汉语普通话,2026-08-30T11:05:08.997676+00:00,200,douban_rexxar
35348991,日語 / 日语,2026-08-30T05:15:25.669077+00:00,200,wikidata_p364
35350113,汉语普通话,2026-08-30T11:05:10.991163+00:00,200,douban_rexxar
35350799,廣府話 / 粤语,2026-08-30T05:14:25.830893+00:00,200,wikidata_p364
35351306,汉语普通话,2026-08-30T11:05:12.870743+00:00,200,douban_rexxar
35351384,英語 / 英语,2026-08-30T05:15:25.669077+00:00,200,wikidata_p364
35351826,汉语普通话,2026-08-30T11:05:14.736760+00:00,200,douban_rexxar
35351827,汉语普通话,2026-08-30T11:05:16.654707+00:00,200,douban_rexxar
35351910,朝鮮語 / 韩语,2026-08-30T05:14:25.830893+00:00,200,wikidata_p364
35352389,中文 / 汉语普通话,2026-08-30T05:14:25.830893+00:00,200,wikidata_p364
35352398,中華民國國語 / Standard Taiwanese Mandarin,2026-08-30T05:14:25.830893+00:00,200,wikidata_p364
35352649,汉语普通话,2026-08-30T10:37:54.855734+00:00,200,douban_page
35352830,英語 / 德语 / 英语,2026-08-30T05:14:25.830893+00:00,200,wikidata_p364
35353355,汉语普通话,2026-08-30T11:05:18.332732+00:00,200,douban_rexxar
35354409,汉语普通话,2026-08-30T11:05:20.290587+00:00,200,douban_rexxar
35354759,法语,2026-08-30T05:14:25.830893+00:00,200,wikidata_p364
35354779,意大利語 / 意大利语,2026-08-30T05:15:25.669077+00:00,200,wikidata_p364
35358480,汉语普通话,2026-08-30T10:37:54.855734+00:00,200,douban_page
35358513,日語 / 日语,2026-08-30T05:15:25.669077+00:00,200,wikidata_p364
35358768,粤语 / 英语,2026-08-30T10:37:54.855734+00:00,200,douban_page
35359717,日語 / 日语,2026-08-30T05:14:25.830893+00:00,200,wikidata_p364
35360211,汉语普通话,2026-08-30T11:05:22.251851+00:00,200,douban_rexxar
35360295,朝鮮語 / 韩语,2026-08-30T05:14:25.830893+00:00,200,wikidata_p364
35360296,日語 / 日语,2026-08-30T05:14:25.830893+00:00,200,wikidata_p364
35360555,英語 / 英语,2026-08-30T05:14:25.830893+00:00,200,wikidata_p364
35360566,格鲁吉亚语 / Georgian,2026-08-30T05:14:25.830893+00:00,200,wikidata_p364
35360684,汉语普通话 / Putonghua,2026-08-30T05:14:25.830893+00:00,200,wikidata_p364
35362402,汉语普通话,2026-08-30T11:05:24.022942+00:00,200,douban_rexxar
35362863,英語 / 英语,2026-08-30T05:15:25.669077+00:00,200,wikidata_p364
35363725,英語 / 英语,2026-08-30T05:15:25.669077+00:00,200,wikidata_p364
35363732,英語 / 英语,2026-08-30T05:15:25.669077+00:00,200,wikidata_p364
35364691,中華民國國語 / Standard Taiwanese Mandarin,2026-08-30T05:14:25.830893+00:00,200,wikidata_p364
35365714,汉语普通话,2026-08-30T11:05:25.899774+00:00,200,douban_rexxar
35366666,中華民國國語 / 臺灣話 / Standard Taiwanese Mandarin / Taiwanese Hokkien,2026-08-30T05:14:25.830893+00:00,200,wikidata_p364
35366862,俄語 / 俄语,2026-08-30T05:15:25.669077+00:00,200,wikidata_p364
35367384,英語 / 英语,2026-08-30T05:14:25.830893+00:00,200,wikidata_p364
35369123,粵語 / 粤语,2026-08-30T05:15:25.669077+00:00,200,wikidata_p364
35370668,英語 / 英语,2026-08-30T05:14:25.830893+00:00,200,wikidata_p364
35370934,中文 / 汉语普通话,2026-08-30T05:15:25.669077+00:00,200,wikidata_p364
35371097,朝鮮語 / 韩语,2026-08-30T05:14:25.830893+00:00,200,wikidata_p364
35371249,日語 / 日语,2026-08-30T05:15:25.669077+00:00,200,wikidata_p364
35371261,日語 / 日语,2026-08-30T05:14:25.830893+00:00,200,wikidata_p364
35371280,汉语普通话,2026-08-30T11:05:27.660002+00:00,200,douban_rexxar
35371343,朝鮮語 / 韩语,2026-08-30T05:15:25.669077+00:00,200,wikidata_p364
35371482,汉语普通话,2026-08-30T11:05:29.504324+00:00,200,douban_rexxar
35371618,日語 / 日语,2026-08-30T05:15:25.669077+00:00,200,wikidata_p364
35371629,中文 / 汉语普通话,2026-08-30T05:14:25.830893+00:00,200,wikidata_p364
35372415,英語 / 英语,2026-08-30T05:15:25.669077+00:00,200,wikidata_p364
35372792,日語 / 日语,2026-08-30T05:15:25.669077+00:00,200,wikidata_p364
35373064,汉语普通话,2026-08-30T11:05:31.458924+00:00,200,douban_rexxar
35373097,中華民國國語 / Standard Taiwanese Mandarin,2026-08-30T05:14:25.830893+00:00,200,wikidata_p364
35373284,英語 / 英语,2026-08-30T05:14:25.830893+00:00,200,wikidata_p364
35374060,英語 / 朝鮮語 / 英语 / 韩语,2026-08-30T05:14:25.830893+00:00,200,wikidata_p364
35375238,汉语普通话,2026-08-30T11:05:33.398651+00:00,200,douban_rexxar
35376457,汉语普通话 / 沪语,2026-08-30T11:05:35.231689+00:00,200,douban_rexxar
35376937,日語 / 日语,2026-08-30T05:15:25.669077+00:00,200,wikidata_p364
35377057,英語 / 英语,2026-08-30T05:15:25.669077+00:00,200,wikidata_p364
35377076,汉语普通话,2026-08-30T11:05:36.995370+00:00,200,douban_rexxar
35380691,英語 / 英语,2026-08-30T05:15:25.669077+00:00,200,wikidata_p364
35381711,英語 / 英语,2026-08-30T05:14:25.830893+00:00,200,wikidata_p364
35382459,英語 / 英语,2026-08-30T05:14:25.830893+00:00,200,wikidata_p364
35382472,英語 / 英语,2026-08-30T05:14:25.830893+00:00,200,wikidata_p364
35382664,日語 / 日语,2026-08-30T05:14:25.830893+00:00,200,wikidata_p364
35383909,日語 / 日语,2026-08-30T05:15:25.669077+00:00,200,wikidata_p364
35384130,汉语普通话,2026-08-30T11:05:38.945898+00:00,200,douban_rexxar
35384218,汉语普通话,2026-08-30T11:05:40.748016+00:00,200,douban_rexxar
35384356,法语,2026-08-30T05:15:25.669077+00:00,200,wikidata_p364
35384360,英語 / 英语,2026-08-30T05:15:25.669077+00:00,200,wikidata_p364
35385225,英語 / 英语,2026-08-30T05:14:25.830893+00:00,200,wikidata_p364
35387554,朝鮮語 / 韩语,2026-08-30T05:15:25.669077+00:00,200,wikidata_p364
35389047,朝鮮語 / 韩语,2026-08-30T05:15:25.669077+00:00,200,wikidata_p364
35390098,英語 / 英语,2026-08-30T05:14:25.830893+00:00,200,wikidata_p364
35390650,日語 / 日语,2026-08-30T05:14:25.830893+00:00,200,wikidata_p364
35391124,英語 / 英语,2026-08-30T05:14:25.830893+00:00,200,wikidata_p364
35391933,日語 / 日语,2026-08-30T05:14:25.830893+00:00,200,wikidata_p364
35392725,汉语普通话 / 美国英语 / Putonghua / American English,2026-08-30T05:14:25.830893+00:00,200,wikidata_p364
35398744,英語 / 英语,2026-08-30T05:15:25.669077+00:00,200,wikidata_p364
35399990,英語 / 英语,2026-08-30T05:14:25.830893+00:00,200,wikidata_p364
35400240,日語 / 日语,2026-08-30T05:14:25.830893+00:00,200,wikidata_p364
35400241,日語 / 日语,2026-08-30T05:14:25.830893+00:00,200,wikidata_p364
35400649,波蘭語 / Polish,2026-08-30T05:14:25.830893+00:00,200,wikidata_p364
35400730,汉语普通话,2026-08-30T05:26:11.210233+00:00,200,douban_rexxar
35402767,日語 / 日语,2026-08-30T05:14:25.830893+00:00,200,wikidata_p364
35403544,英語 / 英语,2026-08-30T05:14:25.830893+00:00,200,wikidata_p364
35408082,印地語 / Hindi,2026-08-30T05:14:25.830893+00:00,200,wikidata_p364
35409362,西班牙語 / 阿拉伯语 / 法语 / 英語 / 西班牙语 / Arabic / 英语,2026-08-30T05:14:25.830893+00:00,200,wikidata_p364
35410041,英語 / 英语,2026-08-30T05:14:25.830893+00:00,200,wikidata_p364
35410042,英語 / 英语,2026-08-30T05:14:25.830893+00:00,200,wikidata_p364
35410155,英語 / 英语,2026-08-30T05:14:25.830893+00:00,200,wikidata_p364
35410336,英語 / 英语,2026-08-30T05:14:25.830893+00:00,200,wikidata_p364
35410403,日語 / 日语,2026-08-30T05:14:25.830893+00:00,200,wikidata_p364
35411552,英語 / 英语,2026-08-30T05:15:25.669077+00:00,200,wikidata_p364
35412144,英語 / 英语,2026-08-30T05:14:25.830893+00:00,200,wikidata_p364
35413037,法语,2026-08-30T05:14:25.830893+00:00,200,wikidata_p364
35416174,汉语普通话 / Mandarin,2026-08-30T05:14:25.830893+00:00,200,wikidata_p364
35417765,朝鮮語 / 韩语,2026-08-30T05:14:25.830893+00:00,200,wikidata_p364
35417835,日語 / 日语,2026-08-30T05:15:25.669077+00:00,200,wikidata_p364
35418583,日語 / 日语,2026-08-30T05:14:25.830893+00:00,200,wikidata_p364
35418667,日語 / 日语,2026-08-30T05:15:25.669077+00:00,200,wikidata_p364
35418779,法语,2026-08-30T05:14:25.830893+00:00,200,wikidata_p364
35419153,英語 / 英语,2026-08-30T05:14:25.830893+00:00,200,wikidata_p364
35419265,英語 / 英语,2026-08-30T05:15:25.669077+00:00,200,wikidata_p364
35421743,日語 / 日语,2026-08-30T05:14:25.830893+00:00,200,wikidata_p364
35422787,英語 / 英语,2026-08-30T05:15:25.669077+00:00,200,wikidata_p364
35422807,中文 / 汉语普通话,2026-08-30T05:15:25.669077+00:00,200,wikidata_p364
35424892,中文 / 汉语普通话 / Mandarin,2026-08-30T05:14:25.830893+00:00,200,wikidata_p364
35424911,中文 / 汉语普通话,2026-08-30T05:14:25.830893+00:00,200,wikidata_p364
35426085,英語 / 英语,2026-08-30T05:15:25.669077+00:00,200,wikidata_p364
35426373,朝鮮語 / 韩语,2026-08-30T05:14:25.830893+00:00,200,wikidata_p364
35429502,朝鮮語 / 韩语,2026-08-30T05:15:25.669077+00:00,200,wikidata_p364
35430651,法语 / 日語 / 日语,2026-08-30T05:14:25.830893+00:00,200,wikidata_p364
35430833,英語 / 英语,2026-08-30T05:14:25.830893+00:00,200,wikidata_p364
35432411,朝鮮語 / 韩语,2026-08-30T05:14:25.830893+00:00,200,wikidata_p364
35432686,朝鮮語 / 韩语,2026-08-30T05:15:25.669077+00:00,200,wikidata_p364
35433525,德语,2026-08-30T05:15:25.669077+00:00,200,wikidata_p364
35437751,朝鮮語 / 韩语,2026-08-30T05:15:25.669077+00:00,200,wikidata_p364
35437753,朝鮮語 / 韩语,2026-08-30T05:14:25.830893+00:00,200,wikidata_p364
35437757,朝鮮語 / 韩语,2026-08-30T05:15:25.669077+00:00,200,wikidata_p364
35437938,日語 / 俄語 / 日语 / 俄语,2026-08-30T05:14:25.830893+00:00,200,wikidata_p364
35439474,英語 / 英语,2026-08-30T05:15:25.669077+00:00,200,wikidata_p364
35441274,法语,2026-08-30T05:14:25.830893+00:00,200,wikidata_p364
35441393,日語 / 日语,2026-08-30T05:14:25.830893+00:00,200,wikidata_p364
35441503,現代標準漢語 / 朝鮮語 / 汉语普通话 / 韩语,2026-08-30T05:14:25.830893+00:00,200,wikidata_p364
35441582,朝鮮語 / 韩语,2026-08-30T05:14:25.830893+00:00,200,wikidata_p364
35441797,朝鮮語 / 韩语,2026-08-30T05:15:25.669077+00:00,200,wikidata_p364
35441896,泰米爾語 / Tamil,2026-08-30T05:15:25.669077+00:00,200,wikidata_p364
35443158,英語 / 英语,2026-08-30T05:14:25.830893+00:00,200,wikidata_p364
35443478,英語 / 英语,2026-08-30T05:14:25.830893+00:00,200,wikidata_p364
35447590,法语 / 英語 / 英语,2026-08-30T05:14:25.830893+00:00,200,wikidata_p364
35447673,法语,2026-08-30T05:14:25.830893+00:00,200,wikidata_p364
35448384,中文 / 汉语普通话,2026-08-30T05:14:25.830893+00:00,200,wikidata_p364
35448539,法语 / 英語 / 意大利語 / 英语 / 意大利语,2026-08-30T05:14:25.830893+00:00,200,wikidata_p364
35448540,英語 / 英语,2026-08-30T05:14:25.830893+00:00,200,wikidata_p364
35448889,朝鮮語 / 韩语,2026-08-30T05:14:25.830893+00:00,200,wikidata_p364
35448978,中華民國國語 / Standard Taiwanese Mandarin,2026-08-30T05:14:25.830893+00:00,200,wikidata_p364
35449009,朝鮮語 / 韩语,2026-08-30T05:14:25.830893+00:00,200,wikidata_p364
35451890,汉语普通话 / Putonghua,2026-08-30T05:14:25.830893+00:00,200,wikidata_p364
35451891,汉语普通话 / Putonghua,2026-08-30T05:14:25.830893+00:00,200,wikidata_p364
35452678,丹麦语 / Danish,2026-08-30T05:14:25.830893+00:00,200,wikidata_p364
35453251,英語 / 英语,2026-08-30T05:14:25.830893+00:00,200,wikidata_p364
35453476,英語 / 英语,2026-08-30T05:14:25.830893+00:00,200,wikidata_p364
35453767,英語 / 英语,2026-08-30T05:15:25.669077+00:00,200,wikidata_p364
35454026,巴西葡萄牙语 / Brazilian Portuguese,2026-08-30T05:14:25.830893+00:00,200,wikidata_p364
35457272,現代標準漢語 / 汉语普通话,2026-08-30T05:14:25.830893+00:00,200,wikidata_p364
35460133,日語 / 日语,2026-08-30T05:14:25.830893+00:00,200,wikidata_p364
35460360,朝鮮語 / 韩语,2026-08-30T05:14:25.830893+00:00,200,wikidata_p364
35460676,日語 / 日语,2026-08-30T05:15:25.669077+00:00,200,wikidata_p364
35461234,英語 / 英语,2026-08-30T05:14:25.830893+00:00,200,wikidata_p364
35461240,哈萨克语,2026-08-30T05:26:12.693911+00:00,200,douban_rexxar
35461313,日語 / 日语,2026-08-30T05:14:25.830893+00:00,200,wikidata_p364
35461314,日語 / 日语,2026-08-30T05:14:25.830893+00:00,200,wikidata_p364
35461578,阿拉伯语 / 法语 / 英語 / 現代標準漢語 / Arabic / 英语 / 汉语普通话,2026-08-30T05:14:25.830893+00:00,200,wikidata_p364
35463196,英語 / 英语,2026-08-30T05:14:25.830893+00:00,200,wikidata_p364
35463973,朝鮮語 / 韩语,2026-08-30T05:15:25.669077+00:00,200,wikidata_p364
35464873,英語 / 波蘭語 / 英语 / Polish,2026-08-30T05:14:25.830893+00:00,200,wikidata_p364
35464941,日語 / 日语,2026-08-30T05:15:25.669077+00:00,200,wikidata_p364
35465742,朝鮮語 / 韩语,2026-08-30T05:15:25.669077+00:00,200,wikidata_p364
35467747,朝鮮語 / 韩语,2026-08-30T05:14:25.830893+00:00,200,wikidata_p364
35470753,中文 / 汉语普通话,2026-08-30T05:15:25.669077+00:00,200,wikidata_p364
35472616,日語 / 日语,2026-08-30T05:15:25.669077+00:00,200,wikidata_p364
35474289,朝鮮語 / 韩语,2026-08-30T05:14:25.830893+00:00,200,wikidata_p364
35474564,朝鮮語 / 韩语,2026-08-30T05:15:25.669077+00:00,200,wikidata_p364
35474592,朝鮮語 / 韩语,2026-08-30T05:15:25.669077+00:00,200,wikidata_p364
35474668,朝鮮語 / 韩语,2026-08-30T05:14:25.830893+00:00,200,wikidata_p364
35477218,朝鮮語 / 韩语,2026-08-30T05:15:25.669077+00:00,200,wikidata_p364
35478382,英語 / 克罗地亚语 / 英语 / Croatian,2026-08-30T05:14:25.830893+00:00,200,wikidata_p364
35480417,德语,2026-08-30T05:15:25.669077+00:00,200,wikidata_p364
35480795,廣府話 / 粤语,2026-08-30T05:14:25.830893+00:00,200,wikidata_p364
35489642,朝鮮語 / 韩语,2026-08-30T05:15:25.669077+00:00,200,wikidata_p364
35490167,日語 / 朝鮮語 / 日语 / 韩语,2026-08-30T05:14:25.830893+00:00,200,wikidata_p364
35491291,英語 / 英语,2026-08-30T05:14:25.830893+00:00,200,wikidata_p364
35493148,英語 / 英语,2026-08-30T05:14:25.830893+00:00,200,wikidata_p364
35496209,英語 / 英语,2026-08-30T05:14:25.830893+00:00,200,wikidata_p364
35496289,中華民國國語 / Standard Taiwanese Mandarin,2026-08-30T05:15:25.669077+00:00,200,wikidata_p364
35496350,中文 / 汉语普通话,2026-08-30T05:14:25.830893+00:00,200,wikidata_p364
35496945,中文 / 汉语普通话,2026-08-30T05:15:25.669077+00:00,200,wikidata_p364
35497297,朝鮮語 / 韩语,2026-08-30T05:14:25.830893+00:00,200,wikidata_p364
35497836,廣府話 / 粤语,2026-08-30T05:15:25.669077+00:00,200,wikidata_p364
35497910,羅馬尼亞語 / Romanian,2026-08-30T05:14:25.830893+00:00,200,wikidata_p364
35498087,日語 / 日语,2026-08-30T05:14:25.830893+00:00,200,wikidata_p364
35498550,朝鮮語 / 韩语,2026-08-30T05:14:25.830893+00:00,200,wikidata_p364
35503056,挪威語 / Norwegian,2026-08-30T05:14:25.830893+00:00,200,wikidata_p364
35503074,英語 / 英语,2026-08-30T05:15:25.669077+00:00,200,wikidata_p364
35503190,朝鮮語 / 韩语,2026-08-30T05:15:25.669077+00:00,200,wikidata_p364
35503382,日語 / 日语,2026-08-30T05:15:25.669077+00:00,200,wikidata_p364
35503385,日語 / 日语,2026-08-30T05:15:25.669077+00:00,200,wikidata_p364
35503392,朝鮮語 / 韩语,2026-08-30T05:14:25.830893+00:00,200,wikidata_p364
35503702,日語 / 日语,2026-08-30T05:15:25.669077+00:00,200,wikidata_p364
35505532,朝鮮語 / 韩语,2026-08-30T05:14:25.830893+00:00,200,wikidata_p364
35505542,朝鮮語 / 韩语,2026-08-30T05:14:25.830893+00:00,200,wikidata_p364
35505608,廣府話 / 粤语,2026-08-30T05:14:25.830893+00:00,200,wikidata_p364
35507175,英語 / 英语,2026-08-30T05:14:25.830893+00:00,200,wikidata_p364
35507672,朝鮮語 / 韩语,2026-08-30T05:15:25.669077+00:00,200,wikidata_p364
35510327,西班牙語 / 西班牙语,2026-08-30T05:15:25.669077+00:00,200,wikidata_p364
35510328,朝鮮語 / 韩语,2026-08-30T05:14:25.830893+00:00,200,wikidata_p364
35511117,日語 / 日语,2026-08-30T05:15:25.669077+00:00,200,wikidata_p364
35512487,葡萄牙语,2026-08-30T05:14:25.830893+00:00,200,wikidata_p364
35515145,朝鮮語 / 韩语,2026-08-30T05:14:25.830893+00:00,200,wikidata_p364
35516034,英語 / 英语,2026-08-30T05:14:25.830893+00:00,200,wikidata_p364
35516074,日語 / 日语,2026-08-30T05:14:25.830893+00:00,200,wikidata_p364
35516455,西班牙語 / 法语 / 加利西亞語 / 西班牙语 / Galician,2026-08-30T05:14:25.830893+00:00,200,wikidata_p364
35516745,英語 / 英语,2026-08-30T05:14:25.830893+00:00,200,wikidata_p364
35517598,朝鮮語 / 韩语,2026-08-30T05:15:25.669077+00:00,200,wikidata_p364
35517644,朝鮮語 / 韩语,2026-08-30T05:14:25.830893+00:00,200,wikidata_p364
35517727,朝鮮語 / 韩语,2026-08-30T05:14:25.830893+00:00,200,wikidata_p364
35519019,英語 / 英语,2026-08-30T05:14:25.830893+00:00,200,wikidata_p364
35519112,意大利語 / 意大利语,2026-08-30T05:14:25.830893+00:00,200,wikidata_p364
35520056,英語 / 英语,2026-08-30T05:14:25.830893+00:00,200,wikidata_p364
35521951,朝鮮語 / 韩语,2026-08-30T05:14:25.830893+00:00,200,wikidata_p364
35522483,英語 / 英语,2026-08-30T05:14:25.830893+00:00,200,wikidata_p364
35524233,德语,2026-08-30T05:15:25.669077+00:00,200,wikidata_p364
35524241,日語 / 日语,2026-08-30T05:15:25.669077+00:00,200,wikidata_p364
35524362,日語 / 日语,2026-08-30T05:14:25.830893+00:00,200,wikidata_p364
35524438,粵語 / 粤语,2026-08-30T05:14:25.830893+00:00,200,wikidata_p364
35524883,日語 / 日语,2026-08-30T05:14:25.830893+00:00,200,wikidata_p364
35525388,日語 / 日语,2026-08-30T05:14:25.830893+00:00,200,wikidata_p364
35525829,越南语 / Vietnamese,2026-08-30T05:14:25.830893+00:00,200,wikidata_p364
35546032,英語 / 英语,2026-08-30T05:15:25.669077+00:00,200,wikidata_p364
35546069,巴西葡萄牙语 / Brazilian Portuguese,2026-08-30T05:15:25.669077+00:00,200,wikidata_p364
35551414,朝鮮語 / 韩语,2026-08-30T05:15:25.669077+00:00,200,wikidata_p364
35554292,現代標準漢語 / 汉语普通话,2026-08-30T05:14:25.830893+00:00,200,wikidata_p364
35557589,英語 / 英语,2026-08-30T05:15:25.669077+00:00,200,wikidata_p364
35559423,日語 / 日语,2026-08-30T05:15:25.669077+00:00,200,wikidata_p364
35559730,日語 / 朝鮮語 / 日语 / 韩语,2026-08-30T05:14:25.830893+00:00,200,wikidata_p364
35561161,日語 / 日语,2026-08-30T05:14:25.830893+00:00,200,wikidata_p364
35561866,德语,2026-08-30T05:15:25.669077+00:00,200,wikidata_p364
35564914,英語 / 英语,2026-08-30T05:14:25.830893+00:00,200,wikidata_p364
35566761,朝鮮語 / 韩语,2026-08-30T05:14:25.830893+00:00,200,wikidata_p364
35567518,英語 / 英语,2026-08-30T05:15:25.669077+00:00,200,wikidata_p364
35567799,朝鮮語 / 韩语,2026-08-30T05:14:25.830893+00:00,200,wikidata_p364
35572588,汉语普通话 / Putonghua,2026-08-30T05:14:25.830893+00:00,200,wikidata_p364
35573302,英語 / 英语,2026-08-30T05:14:25.830893+00:00,200,wikidata_p364
35573316,廣府話 / 粤语,2026-08-30T05:14:25.830893+00:00,200,wikidata_p364
35573856,日語 / 日语,2026-08-30T05:15:25.669077+00:00,200,wikidata_p364
35575384,朝鮮語 / 韩语,2026-08-30T05:15:25.669077+00:00,200,wikidata_p364
35575567,英語 / 英语,2026-08-30T05:14:25.830893+00:00,200,wikidata_p364
35579652,英語 / 英语,2026-08-30T05:14:25.830893+00:00,200,wikidata_p364
35580265,日語 / 日语,2026-08-30T05:14:25.830893+00:00,200,wikidata_p364
35582581,法语 / 英語 / 德语 / 英语,2026-08-30T05:14:25.830893+00:00,200,wikidata_p364
35584694,英語 / 英语,2026-08-30T05:15:25.669077+00:00,200,wikidata_p364
35585972,英語 / 英语,2026-08-30T05:14:25.830893+00:00,200,wikidata_p364
35587738,朝鮮語 / 韩语,2026-08-30T05:14:25.830893+00:00,200,wikidata_p364
35587790,朝鮮語 / 韩语,2026-08-30T05:15:25.669077+00:00,200,wikidata_p364
35587823,日語 / 日语,2026-08-30T05:14:25.830893+00:00,200,wikidata_p364
35587923,日語 / 日语,2026-08-30T05:14:25.830893+00:00,200,wikidata_p364
35588252,朝鮮語 / 韩语,2026-08-30T05:15:25.669077+00:00,200,wikidata_p364
35588306,中文 / 汉语普通话,2026-08-30T05:15:25.669077+00:00,200,wikidata_p364
35588343,英語 / 英语,2026-08-30T05:14:25.830893+00:00,200,wikidata_p364
35588354,法语,2026-08-30T05:15:25.669077+00:00,200,wikidata_p364
35588383,日語 / 日语,2026-08-30T05:14:25.830893+00:00,200,wikidata_p364
35588682,朝鮮語 / 韩语,2026-08-30T05:15:25.669077+00:00,200,wikidata_p364
35589205,朝鮮語 / 韩语,2026-08-30T05:14:25.830893+00:00,200,wikidata_p364
35589251,日語 / 日语,2026-08-30T05:14:25.830893+00:00,200,wikidata_p364
35589329,朝鮮語 / 韩语,2026-08-30T05:15:25.669077+00:00,200,wikidata_p364
35590036,朝鮮語 / 韩语,2026-08-30T05:14:25.830893+00:00,200,wikidata_p364
35590049,朝鮮語 / 韩语,2026-08-30T05:14:25.830893+00:00,200,wikidata_p364
35590275,朝鮮語 / 韩语,2026-08-30T05:14:25.830893+00:00,200,wikidata_p364
35590338,日語 / 日语,2026-08-30T05:14:25.830893+00:00,200,wikidata_p364
35590339,朝鮮語 / 韩语,2026-08-30T05:14:25.830893+00:00,200,wikidata_p364
35590500,朝鮮語 / 韩语,2026-08-30T05:15:25.669077+00:00,200,wikidata_p364
35592787,英語 / 英语,2026-08-30T05:14:25.830893+00:00,200,wikidata_p364
35593344,英語 / 英语,2026-08-30T05:14:25.830893+00:00,200,wikidata_p364
35595615,汉语普通话 / Putonghua,2026-08-30T05:14:25.830893+00:00,200,wikidata_p364
35597426,日語 / 日语,2026-08-30T05:14:25.830893+00:00,200,wikidata_p364
35597707,中華民國國語 / 臺灣話 / 廣府話 / Standard Taiwanese Mandarin / Taiwanese Hokkien / 粤语,2026-08-30T05:15:25.669077+00:00,200,wikidata_p364
35603016,日語 / 日语,2026-08-30T05:14:25.830893+00:00,200,wikidata_p364
35603796,法语,2026-08-30T05:14:25.830893+00:00,200,wikidata_p364
35604019,朝鮮語 / 韩语,2026-08-30T05:14:25.830893+00:00,200,wikidata_p364
35604678,日語 / 日语,2026-08-30T05:14:25.830893+00:00,200,wikidata_p364
35605189,日語 / 日语,2026-08-30T05:14:25.830893+00:00,200,wikidata_p364
35605944,朝鮮語 / 韩语,2026-08-30T05:14:25.830893+00:00,200,wikidata_p364
35606216,朝鮮語 / 韩语,2026-08-30T05:14:25.830893+00:00,200,wikidata_p364
35606498,英語 / 英语,2026-08-30T05:14:25.830893+00:00,200,wikidata_p364
35606534,日語 / 日语,2026-08-30T05:14:25.830893+00:00,200,wikidata_p364
35609998,日語 / 日语,2026-08-30T05:14:25.830893+00:00,200,wikidata_p364
35611467,中華民國國語 / 臺灣話 / 日語 / Standard Taiwanese Mandarin / Taiwanese Hokkien / 日语,2026-08-30T05:14:25.830893+00:00,200,wikidata_p364
35611481,日語 / 日语,2026-08-30T05:15:25.669077+00:00,200,wikidata_p364
35613287,朝鮮語 / 韩语,2026-08-30T05:14:25.830893+00:00,200,wikidata_p364
35614662,英語 / 英语,2026-08-30T05:14:25.830893+00:00,200,wikidata_p364
35614689,中華民國國語 / Standard Taiwanese Mandarin,2026-08-30T05:15:25.669077+00:00,200,wikidata_p364
35618436,粵語 / 粤语,2026-08-30T05:14:25.830893+00:00,200,wikidata_p364
35618471,英語 / 英语,2026-08-30T05:14:25.830893+00:00,200,wikidata_p364
35621135,朝鮮語 / 韩语,2026-08-30T05:14:25.830893+00:00,200,wikidata_p364
35622456,朝鮮語 / 韩语,2026-08-30T05:14:25.830893+00:00,200,wikidata_p364
35622896,朝鮮語 / 韩语,2026-08-30T05:14:25.830893+00:00,200,wikidata_p364
35627617,日語 / 日语,2026-08-30T05:15:25.669077+00:00,200,wikidata_p364
35629810,英語 / 英语,2026-08-30T05:14:25.830893+00:00,200,wikidata_p364
35632944,中華民國國語 / Standard Taiwanese Mandarin,2026-08-30T05:15:25.669077+00:00,200,wikidata_p364
35633001,朝鮮語 / 韩语,2026-08-30T05:14:25.830893+00:00,200,wikidata_p364
35633219,朝鮮語 / 韩语,2026-08-30T05:14:25.830893+00:00,200,wikidata_p364
35633254,朝鮮語 / 韩语,2026-08-30T05:14:25.830893+00:00,200,wikidata_p364
35633650,法语 / 英語 / 德语 / 英语,2026-08-30T05:14:25.830893+00:00,200,wikidata_p364
35633653,法语,2026-08-30T05:14:25.830893+00:00,200,wikidata_p364
35633940,朝鮮語 / 韩语,2026-08-30T05:14:25.830893+00:00,200,wikidata_p364
35634039,日語 / 日语,2026-08-30T05:15:25.669077+00:00,200,wikidata_p364
35634119,英語 / 英语,2026-08-30T05:14:25.830893+00:00,200,wikidata_p364
35634583,日語 / 日语,2026-08-30T05:14:25.830893+00:00,200,wikidata_p364
35634628,朝鮮語 / 韩语,2026-08-30T05:14:25.830893+00:00,200,wikidata_p364
35634633,日語 / 日语,2026-08-30T05:15:25.669077+00:00,200,wikidata_p364
35634634,朝鮮語 / 韩语,2026-08-30T05:14:25.830893+00:00,200,wikidata_p364
35636069,英語 / 英语,2026-08-30T05:14:25.830893+00:00,200,wikidata_p364
35636135,法语,2026-08-30T05:14:25.830893+00:00,200,wikidata_p364
35637259,泰語 / Thai,2026-08-30T05:15:25.669077+00:00,200,wikidata_p364
35639310,日語 / 日语,2026-08-30T05:14:25.830893+00:00,200,wikidata_p364
35639324,英語 / 英语,2026-08-30T05:14:25.830893+00:00,200,wikidata_p364
35639346,法语,2026-08-30T05:14:25.830893+00:00,200,wikidata_p364
35639406,英語 / 英语,2026-08-30T05:14:25.830893+00:00,200,wikidata_p364
35640020,朝鮮語 / 韩语,2026-08-30T05:14:25.830893+00:00,200,wikidata_p364
35641244,英語 / 拉丁語 / 意大利語 / 英语 / Latin / 意大利语,2026-08-30T05:14:25.830893+00:00,200,wikidata_p364
35650123,西班牙語 / 英語 / 西班牙语 / 英语,2026-08-30T05:14:25.830893+00:00,200,wikidata_p364
35653205,中文 / 汉语普通话,2026-08-30T05:14:25.830893+00:00,200,wikidata_p364
35656750,日語 / 日语,2026-08-30T05:14:25.830893+00:00,200,wikidata_p364
35656754,日語 / 日语,2026-08-30T05:14:25.830893+00:00,200,wikidata_p364
35656763,日語 / 日语,2026-08-30T05:14:25.830893+00:00,200,wikidata_p364
35656819,日語 / 日语,2026-08-30T05:14:25.830893+00:00,200,wikidata_p364
35656925,日語 / 日语,2026-08-30T05:14:25.830893+00:00,200,wikidata_p364
35657817,朝鮮語 / 韩语,2026-08-30T05:14:25.830893+00:00,200,wikidata_p364
35660191,英語 / 英语,2026-08-30T05:14:25.830893+00:00,200,wikidata_p364
35660795,汉语普通话 / Putonghua,2026-08-30T05:14:25.830893+00:00,200,wikidata_p364
35663020,英語 / 英语,2026-08-30T05:15:25.669077+00:00,200,wikidata_p364
35663558,廣東話 (陝西) / 海陸客家語 / 英語 / 中華民國國語 / 山东话 / 臺灣話 / 日語 / Hailu dialect / 英语 / Standard Taiwanese Mandarin / Shandong dialect / Taiwanese Hokkien / 日语,2026-08-30T05:14:25.830893+00:00,200,wikidata_p364
35672135,英語 / 英语,2026-08-30T05:14:25.830893+00:00,200,wikidata_p364
35672437,朝鮮語 / 汉语普通话 / 韩语 / Mandarin,2026-08-30T05:14:25.830893+00:00,200,wikidata_p364
35675246,法语,2026-08-30T05:14:25.830893+00:00,200,wikidata_p364
35675259,西班牙語 / 西班牙语,2026-08-30T05:14:25.830893+00:00,200,wikidata_p364
35678825,日語 / 日语,2026-08-30T05:14:25.830893+00:00,200,wikidata_p364
35679222,日語 / 日语,2026-08-30T05:14:25.830893+00:00,200,wikidata_p364
35680805,英語 / 英语,2026-08-30T05:14:25.830893+00:00,200,wikidata_p364
35681182,日語 / 日语,2026-08-30T05:15:25.669077+00:00,200,wikidata_p364
35681325,朝鮮語 / 韩语,2026-08-30T05:14:25.830893+00:00,200,wikidata_p364
35682180,日語 / 日语,2026-08-30T05:14:25.830893+00:00,200,wikidata_p364
35683701,日語 / 日语,2026-08-30T05:14:25.830893+00:00,200,wikidata_p364
35683968,日語 / 日语,2026-08-30T05:14:25.830893+00:00,200,wikidata_p364
35684035,英語 / 英语,2026-08-30T05:14:25.830893+00:00,200,wikidata_p364
35684175,法语,2026-08-30T05:14:25.830893+00:00,200,wikidata_p364
35689055,英語 / 葡萄牙语 / 越南语 / 缅甸语 / 英语 / Vietnamese / Burmese,2026-08-30T05:14:25.830893+00:00,200,wikidata_p364
35689244,英語 / 英语,2026-08-30T05:14:25.830893+00:00,200,wikidata_p364
35693381,日語 / 日语,2026-08-30T05:14:25.830893+00:00,200,wikidata_p364
35693512,西班牙語 / 西班牙语,2026-08-30T05:14:25.830893+00:00,200,wikidata_p364
35693524,英語 / 英语,2026-08-30T05:14:25.830893+00:00,200,wikidata_p364
35694766,法语 / 英語 / 英语,2026-08-30T05:14:25.830893+00:00,200,wikidata_p364
35694784,英語 / 英语,2026-08-30T05:14:25.830893+00:00,200,wikidata_p364
35694785,英語 / 英语,2026-08-30T05:14:25.830893+00:00,200,wikidata_p364
35698284,中華民國國語 / 臺灣話 / Standard Taiwanese Mandarin / Taiwanese Hokkien,2026-08-30T05:14:25.830893+00:00,200,wikidata_p364
35699754,英語 / 德语 / 羅馬尼亞語 / 匈牙利語 / 英语 / Romanian / Hungarian,2026-08-30T05:14:25.830893+00:00,200,wikidata_p364
35699773,丹麦语 / Danish,2026-08-30T05:14:25.830893+00:00,200,wikidata_p364
35699782,阜姆方言 / 意大利語 / 克罗地亚语 / Fiuman dialect / 意大利语 / Croatian,2026-08-30T05:14:25.830893+00:00,200,wikidata_p364
35700148,英語 / 英语,2026-08-30T05:14:25.830893+00:00,200,wikidata_p364
35700158,英語 / 英语,2026-08-30T05:14:25.830893+00:00,200,wikidata_p364
35700163,法语,2026-08-30T05:15:25.669077+00:00,200,wikidata_p364
35700166,法语,2026-08-30T05:14:25.830893+00:00,200,wikidata_p364
35700235,波蘭語 / Polish,2026-08-30T05:14:25.830893+00:00,200,wikidata_p364
35700241,阿拉伯语 / 法语 / 英語 / 沃洛夫語 / 意大利語 / Arabic / 英语 / Wolof / 意大利语,2026-08-30T05:14:25.830893+00:00,200,wikidata_p364
35700733,英語 / 爱尔兰语 / 英语 / Irish,2026-08-30T05:14:25.830893+00:00,200,wikidata_p364
35700796,朝鮮語 / 韩语,2026-08-30T05:14:25.830893+00:00,200,wikidata_p364
35700863,廣府話 / 粤语,2026-08-30T05:14:25.830893+00:00,200,wikidata_p364
35700910,日語 / 日语,2026-08-30T05:14:25.830893+00:00,200,wikidata_p364
35707335,日語 / 日语,2026-08-30T05:14:25.830893+00:00,200,wikidata_p364
35707896,西班牙語 / 英語 / 德语 / 意大利語 / 西班牙语 / 英语 / 意大利语,2026-08-30T05:14:25.830893+00:00,200,wikidata_p364
35708459,法语 / 英語 / 朝鮮語 / 英语 / 韩语,2026-08-30T05:14:25.830893+00:00,200,wikidata_p364
35708556,朝鮮語 / 韩语,2026-08-30T05:15:25.669077+00:00,200,wikidata_p364
35708612,日語 / 日语,2026-08-30T05:14:25.830893+00:00,200,wikidata_p364
35708614,朝鮮語 / 韩语,2026-08-30T05:14:25.830893+00:00,200,wikidata_p364
35712689,日語 / 日语,2026-08-30T05:14:25.830893+00:00,200,wikidata_p364
35712771,英語 / 英语,2026-08-30T05:14:25.830893+00:00,200,wikidata_p364
35712796,朝鮮語 / 韩语,2026-08-30T05:14:25.830893+00:00,200,wikidata_p364
35712802,朝鮮語 / 韩语,2026-08-30T05:15:25.669077+00:00,200,wikidata_p364
35712804,朝鮮語 / 韩语,2026-08-30T05:14:25.830893+00:00,200,wikidata_p364
35712832,日語 / 日语,2026-08-30T05:14:25.830893+00:00,200,wikidata_p364
35725861,阿拉伯语 / 英語 / 現代標準漢語 / 廣府話 / Arabic / 英语 / 汉语普通话 / 粤语,2026-08-30T05:14:25.830893+00:00,200,wikidata_p364
35725869,中文 / 汉语普通话,2026-08-30T05:14:25.830893+00:00,200,wikidata_p364
35727254,日語 / 日语,2026-08-30T05:14:25.830893+00:00,200,wikidata_p364
35729390,英語 / 英语,2026-08-30T05:14:25.830893+00:00,200,wikidata_p364
35730137,法语,2026-08-30T05:14:25.830893+00:00,200,wikidata_p364
35730910,英語 / 英语,2026-08-30T05:14:25.830893+00:00,200,wikidata_p364
35732177,法语,2026-08-30T05:14:25.830893+00:00,200,wikidata_p364
35732660,英語 / 英语,2026-08-30T05:14:25.830893+00:00,200,wikidata_p364
35732989,日語 / 日语,2026-08-30T05:14:25.830893+00:00,200,wikidata_p364
35733431,英語 / 英语,2026-08-30T05:14:25.830893+00:00,200,wikidata_p364
35736202,英語 / 英语,2026-08-30T05:14:25.830893+00:00,200,wikidata_p364
35737728,日語 / 日语,2026-08-30T05:14:25.830893+00:00,200,wikidata_p364
35738421,英語 / 英语,2026-08-30T05:14:25.830893+00:00,200,wikidata_p364
35739930,中文 / 汉语普通话,2026-08-30T05:14:25.830893+00:00,200,wikidata_p364
35739931,朝鮮語 / 韩语,2026-08-30T05:14:25.830893+00:00,200,wikidata_p364
35739934,日語 / 日语,2026-08-30T05:14:25.830893+00:00,200,wikidata_p364
35740348,朝鮮語 / 韩语,2026-08-30T05:14:25.830893+00:00,200,wikidata_p364
35740374,土耳其語 / Turkish,2026-08-30T05:14:25.830893+00:00,200,wikidata_p364
35740396,日語 / 日语,2026-08-30T05:14:25.830893+00:00,200,wikidata_p364
35740821,日語 / 日语,2026-08-30T05:14:25.830893+00:00,200,wikidata_p364
35741029,波斯語 / Persian,2026-08-30T05:14:25.830893+00:00,200,wikidata_p364
35743103,韓國手語 / 朝鮮語 / Korean Sign Language / 韩语,2026-08-30T05:14:25.830893+00:00,200,wikidata_p364
35744428,日語 / 日语,2026-08-30T05:14:25.830893+00:00,200,wikidata_p364
35744720,朝鮮語 / 韩语,2026-08-30T05:14:25.830893+00:00,200,wikidata_p364
35749607,英語 / 英语,2026-08-30T05:14:25.830893+00:00,200,wikidata_p364
35749948,英語 / 英语,2026-08-30T05:14:25.830893+00:00,200,wikidata_p364
35750081,英語 / 英语,2026-08-30T05:14:25.830893+00:00,200,wikidata_p364
35750263,波斯語 / Persian,2026-08-30T05:14:25.830893+00:00,200,wikidata_p364
35751590,英語 / 俄語 / 英语 / 俄语,2026-08-30T05:14:25.830893+00:00,200,wikidata_p364
35751928,日語 / 日语,2026-08-30T05:14:25.830893+00:00,200,wikidata_p364
35752366,朝鮮語 / 韩语,2026-08-30T05:14:25.830893+00:00,200,wikidata_p364
35752369,朝鮮語 / 韩语,2026-08-30T05:14:25.830893+00:00,200,wikidata_p364
35752528,意大利語 / 意大利语,2026-08-30T05:14:25.830893+00:00,200,wikidata_p364
35752749,德语,2026-08-30T05:14:25.830893+00:00,200,wikidata_p364
35753415,乌尔都语 / Urdu,2026-08-30T05:14:25.830893+00:00,200,wikidata_p364
35753431,英語 / 英语,2026-08-30T05:15:25.669077+00:00,200,wikidata_p364
35754057,英語 / 英语,2026-08-30T05:14:25.830893+00:00,200,wikidata_p364
35756785,英語 / 英语,2026-08-30T05:14:25.830893+00:00,200,wikidata_p364
35760259,英語 / 英语,2026-08-30T05:14:25.830893+00:00,200,wikidata_p364
35760285,英語 / 英语,2026-08-30T05:14:25.830893+00:00,200,wikidata_p364
35760489,朝鮮語 / 韩语,2026-08-30T05:15:25.669077+00:00,200,wikidata_p364
35760503,朝鮮語 / 韩语,2026-08-30T05:15:25.669077+00:00,200,wikidata_p364
35763091,英語 / 英语,2026-08-30T05:14:25.830893+00:00,200,wikidata_p364
35765242,英語 / 英语,2026-08-30T05:14:25.830893+00:00,200,wikidata_p364
35765480,四川话 / 汉语普通话 / Putonghua,2026-08-30T05:14:25.830893+00:00,200,wikidata_p364
35766276,朝鮮語 / 韩语,2026-08-30T05:15:25.669077+00:00,200,wikidata_p364
35766277,朝鮮語 / 韩语,2026-08-30T05:15:25.669077+00:00,200,wikidata_p364
35768712,現代標準漢語 / 汉语普通话,2026-08-30T05:14:25.830893+00:00,200,wikidata_p364
35768977,英語 / 英语,2026-08-30T05:14:25.830893+00:00,200,wikidata_p364
35769174,德语,2026-08-30T05:14:25.830893+00:00,200,wikidata_p364
35771540,日語 / 日语,2026-08-30T05:15:25.669077+00:00,200,wikidata_p364
35771832,英語 / 英语,2026-08-30T05:14:25.830893+00:00,200,wikidata_p364
35772573,日語 / 日语,2026-08-30T05:14:25.830893+00:00,200,wikidata_p364
35772577,英語 / 羅馬尼亞語 / 英语 / Romanian,2026-08-30T05:14:25.830893+00:00,200,wikidata_p364
35773075,英語 / 英语,2026-08-30T05:14:25.830893+00:00,200,wikidata_p364
35773380,中文 / 汉语普通话,2026-08-30T05:15:25.669077+00:00,200,wikidata_p364
35774719,印地語 / 英語 / Hindi / 英语,2026-08-30T05:14:25.830893+00:00,200,wikidata_p364
35779061,日語 / 日语,2026-08-30T05:14:25.830893+00:00,200,wikidata_p364
35779080,朝鮮語 / 韩语,2026-08-30T05:14:25.830893+00:00,200,wikidata_p364
35779959,英語 / 英语,2026-08-30T05:14:25.830893+00:00,200,wikidata_p364
35782224,英語 / 英语,2026-08-30T05:14:25.830893+00:00,200,wikidata_p364
35788189,英語 / 英语,2026-08-30T05:15:25.669077+00:00,200,wikidata_p364
35788785,日語 / 日语,2026-08-30T05:15:25.669077+00:00,200,wikidata_p364
35788786,日語 / 日语,2026-08-30T05:15:25.669077+00:00,200,wikidata_p364
35788954,日語 / 日语,2026-08-30T05:14:25.830893+00:00,200,wikidata_p364
35791966,日語 / 日语,2026-08-30T05:14:25.830893+00:00,200,wikidata_p364
35791967,日語 / 日语,2026-08-30T05:14:25.830893+00:00,200,wikidata_p364
35791980,日語 / 日语,2026-08-30T05:14:25.830893+00:00,200,wikidata_p364
35792500,英語 / 英语,2026-08-30T05:14:25.830893+00:00,200,wikidata_p364
35793485,日語 / 日语,2026-08-30T05:14:25.830893+00:00,200,wikidata_p364
35795793,日語 / 日语,2026-08-30T05:14:25.830893+00:00,200,wikidata_p364
35797506,日語 / 日语,2026-08-30T05:15:25.669077+00:00,200,wikidata_p364
35797709,日語 / 日语,2026-08-30T05:14:25.830893+00:00,200,wikidata_p364
35798223,英語 / 英语,2026-08-30T05:14:25.830893+00:00,200,wikidata_p364
35801126,英語 / 英语,2026-08-30T05:14:25.830893+00:00,200,wikidata_p364
35801408,英語 / 英语,2026-08-30T05:14:25.830893+00:00,200,wikidata_p364
35801705,英語 / 英语,2026-08-30T05:14:25.830893+00:00,200,wikidata_p364
35801819,英語 / 英语,2026-08-30T05:14:25.830893+00:00,200,wikidata_p364
35805771,泰語 / Thai,2026-08-30T05:14:25.830893+00:00,200,wikidata_p364
35805804,朝鮮語 / 韩语,2026-08-30T05:14:25.830893+00:00,200,wikidata_p364
35807272,朝鮮語 / 韩语,2026-08-30T05:14:25.830893+00:00,200,wikidata_p364
35807273,朝鮮語 / 韩语,2026-08-30T05:14:25.830893+00:00,200,wikidata_p364
35807463,日語 / 日语,2026-08-30T05:14:25.830893+00:00,200,wikidata_p364
35811006,藏语 / 汉语普通话 / Mandarin,2026-08-30T05:14:25.830893+00:00,200,wikidata_p364
35811719,英語 / 英语,2026-08-30T05:14:25.830893+00:00,200,wikidata_p364
35811729,英語 / 英语,2026-08-30T05:14:25.830893+00:00,200,wikidata_p364
35813554,祖鲁语 / 阿非利卡语 / 英語 / Zulu / Afrikaans / 英语,2026-08-30T05:14:25.830893+00:00,200,wikidata_p364
35815771,汉语普通话 / Putonghua / Mandarin,2026-08-30T05:14:25.830893+00:00,200,wikidata_p364
35818116,日語 / 日语,2026-08-30T05:14:25.830893+00:00,200,wikidata_p364
35819424,日語 / 日语,2026-08-30T05:14:25.830893+00:00,200,wikidata_p364
35840171,朝鮮語 / 韩语,2026-08-30T05:14:25.830893+00:00,200,wikidata_p364
35840430,日語 / 日语,2026-08-30T05:14:25.830893+00:00,200,wikidata_p364
35840697,英語 / 英语,2026-08-30T05:14:25.830893+00:00,200,wikidata_p364
35848728,英語 / 英语,2026-08-30T05:14:25.830893+00:00,200,wikidata_p364
35849358,英語 / 英语,2026-08-30T05:14:25.830893+00:00,200,wikidata_p364
35861351,朝鮮語 / 韩语,2026-08-30T05:14:25.830893+00:00,200,wikidata_p364
35861594,宗喀語 / Dzongkha,2026-08-30T05:14:25.830893+00:00,200,wikidata_p364
35861794,朝鮮語 / 韩语,2026-08-30T05:14:25.830893+00:00,200,wikidata_p364
35863215,朝鮮語 / 韩语,2026-08-30T05:14:25.830893+00:00,200,wikidata_p364
35863319,日語 / 日语,2026-08-30T05:14:25.830893+00:00,200,wikidata_p364
35863379,日語 / 日语,2026-08-30T05:14:25.830893+00:00,200,wikidata_p364
35872431,西班牙語 / 西班牙语,2026-08-30T05:14:25.830893+00:00,200,wikidata_p364
35873964,日語 / 日语,2026-08-30T05:14:25.830893+00:00,200,wikidata_p364
35874004,英語 / 英语,2026-08-30T05:14:25.830893+00:00,200,wikidata_p364
35874097,朝鮮語 / 韩语,2026-08-30T05:14:25.830893+00:00,200,wikidata_p364
35874112,英語 / 英语,2026-08-30T05:14:25.830893+00:00,200,wikidata_p364
35874850,中華民國國語 / 臺灣話 / Standard Taiwanese Mandarin / Taiwanese Hokkien,2026-08-30T05:14:25.830893+00:00,200,wikidata_p364
35875476,法语,2026-08-30T05:14:25.830893+00:00,200,wikidata_p364
35876278,朝鮮語 / 韩语,2026-08-30T05:14:25.830893+00:00,200,wikidata_p364
35876302,英語 / 土耳其語 / 英语 / Turkish,2026-08-30T05:14:25.830893+00:00,200,wikidata_p364
35876337,汉语普通话 / Putonghua,2026-08-30T05:14:25.830893+00:00,200,wikidata_p364
35876420,日語 / 日语,2026-08-30T05:14:25.830893+00:00,200,wikidata_p364
35879129,英語 / 英语,2026-08-30T05:14:25.830893+00:00,200,wikidata_p364
35881169,中華民國國語 / Standard Taiwanese Mandarin,2026-08-30T05:14:25.830893+00:00,200,wikidata_p364
35881440,英語 / 英语,2026-08-30T05:14:25.830893+00:00,200,wikidata_p364
35881806,英語 / 英语,2026-08-30T05:14:25.830893+00:00,200,wikidata_p364
35881955,日語 / 日语,2026-08-30T05:14:25.830893+00:00,200,wikidata_p364
35882114,日語 / 日语,2026-08-30T05:14:25.830893+00:00,200,wikidata_p364
35882142,日語 / 日语,2026-08-30T05:14:25.830893+00:00,200,wikidata_p364
35882592,中華民國國語 / Standard Taiwanese Mandarin,2026-08-30T05:14:25.830893+00:00,200,wikidata_p364
35882838,英語 / 英语,2026-08-30T05:14:25.830893+00:00,200,wikidata_p364
35882880,马拉雅拉姆语 / Malayalam,2026-08-30T05:14:25.830893+00:00,200,wikidata_p364
35883131,現代標準漢語 / 汉语普通话,2026-08-30T05:14:25.830893+00:00,200,wikidata_p364
35883383,日語 / 日语,2026-08-30T05:14:25.830893+00:00,200,wikidata_p364
35884587,英語 / 英语,2026-08-30T05:14:25.830893+00:00,200,wikidata_p364
35890262,中華民國國語 / Standard Taiwanese Mandarin,2026-08-30T05:14:25.830893+00:00,200,wikidata_p364
35890287,朝鮮語 / 韩语,2026-08-30T05:14:25.830893+00:00,200,wikidata_p364
35890541,日語 / 日语,2026-08-30T05:14:25.830893+00:00,200,wikidata_p364
35891428,日語 / 日语,2026-08-30T05:14:25.830893+00:00,200,wikidata_p364
35891490,英語 / 英语,2026-08-30T05:14:25.830893+00:00,200,wikidata_p364
35891499,日語 / 日语,2026-08-30T05:14:25.830893+00:00,200,wikidata_p364
35891539,汉语普通话 / Mandarin,2026-08-30T05:15:25.669077+00:00,200,wikidata_p364
35891597,法语,2026-08-30T05:14:25.830893+00:00,200,wikidata_p364
35891632,英語 / 英语,2026-08-30T05:14:25.830893+00:00,200,wikidata_p364
35895821,朝鮮語 / 韩语,2026-08-30T05:14:25.830893+00:00,200,wikidata_p364
35895981,朝鮮語 / 韩语,2026-08-30T05:14:25.830893+00:00,200,wikidata_p364
35896124,英語 / 英语,2026-08-30T05:14:25.830893+00:00,200,wikidata_p364
35897371,英語 / 英语,2026-08-30T05:14:25.830893+00:00,200,wikidata_p364
35897468,英語 / 朝鮮語 / 汉语普通话 / 英语 / 韩语 / Mandarin,2026-08-30T05:14:25.830893+00:00,200,wikidata_p364
35898929,英語 / 英语,2026-08-30T05:14:25.830893+00:00,200,wikidata_p364
35898983,英語 / 英语,2026-08-30T05:14:25.830893+00:00,200,wikidata_p364
35900114,西班牙語 / 法语 / 英語 / 西班牙语 / 英语,2026-08-30T05:14:25.830893+00:00,200,wikidata_p364
35900116,英語 / 英语,2026-08-30T05:14:25.830893+00:00,200,wikidata_p364
35900174,英語 / 英语,2026-08-30T05:14:25.830893+00:00,200,wikidata_p364
35901878,英語 / 英语,2026-08-30T05:14:25.830893+00:00,200,wikidata_p364
35902715,日語 / 日语,2026-08-30T05:14:25.830893+00:00,200,wikidata_p364
35902857,日語 / 日语,2026-08-30T05:14:25.830893+00:00,200,wikidata_p364
35902884,朝鮮語 / 韩语,2026-08-30T05:14:25.830893+00:00,200,wikidata_p364
35903155,泰語 / Thai,2026-08-30T05:14:25.830893+00:00,200,wikidata_p364
35903332,日語 / 日语,2026-08-30T05:14:25.830893+00:00,200,wikidata_p364
35904025,日語 / 日语,2026-08-30T05:14:25.830893+00:00,200,wikidata_p364
35904206,英語 / 英语,2026-08-30T05:14:25.830893+00:00,200,wikidata_p364
35904240,英語 / 英语,2026-08-30T05:14:25.830893+00:00,200,wikidata_p364
35905017,現代標準漢語 / 廣府話 / 汉语普通话 / 粤语,2026-08-30T05:14:25.830893+00:00,200,wikidata_p364
35907928,日語 / 日语,2026-08-30T05:14:25.830893+00:00,200,wikidata_p364
35909367,英語 / 英语,2026-08-30T05:14:25.830893+00:00,200,wikidata_p364
35914243,朝鮮語 / 韩语,2026-08-30T05:14:25.830893+00:00,200,wikidata_p364
35914398,日語 / 日语,2026-08-30T05:14:25.830893+00:00,200,wikidata_p364
35919112,日語 / 日语,2026-08-30T05:14:25.830893+00:00,200,wikidata_p364
35919241,廣府話 / 粤语,2026-08-30T05:14:25.830893+00:00,200,wikidata_p364
35919252,日語 / 日语,2026-08-30T05:14:25.830893+00:00,200,wikidata_p364
35919254,日語 / 日语,2026-08-30T05:14:25.830893+00:00,200,wikidata_p364
35919255,日語 / 日语,2026-08-30T05:14:25.830893+00:00,200,wikidata_p364
35919629,朝鮮語 / 韩语,2026-08-30T05:14:25.830893+00:00,200,wikidata_p364
35921655,英語 / 英语,2026-08-30T05:15:25.669077+00:00,200,wikidata_p364
35921772,英語 / 英语,2026-08-30T05:14:25.830893+00:00,200,wikidata_p364
35923756,日語 / 日语,2026-08-30T05:14:25.830893+00:00,200,wikidata_p364
35924449,英語 / 英语,2026-08-30T05:14:25.830893+00:00,200,wikidata_p364
35925038,英語 / 英语,2026-08-30T05:14:25.830893+00:00,200,wikidata_p364
35925066,日語 / 日语,2026-08-30T05:14:25.830893+00:00,200,wikidata_p364
35925117,粤语,2026-08-30T05:26:15.686289+00:00,200,douban_rexxar
35927475,英語 / 英语,2026-08-30T05:14:25.830893+00:00,200,wikidata_p364
35928797,芬兰语 / Finnish,2026-08-30T05:14:25.830893+00:00,200,wikidata_p364
35929258,汉语普通话 / Mandarin,2026-08-30T05:14:25.830893+00:00,200,wikidata_p364
35929770,英語 / 英语,2026-08-30T05:14:25.830893+00:00,200,wikidata_p364
35930144,英語 / 英语,2026-08-30T05:14:25.830893+00:00,200,wikidata_p364
35930233,英語 / 英语,2026-08-30T05:14:25.830893+00:00,200,wikidata_p364
35930441,朝鮮語 / 韩语,2026-08-30T05:14:25.830893+00:00,200,wikidata_p364
35930978,英語 / 英语,2026-08-30T05:14:25.830893+00:00,200,wikidata_p364
35936716,英語 / 英语,2026-08-30T05:14:25.830893+00:00,200,wikidata_p364
35936747,粤语,2026-08-30T05:09:39.511489+00:00,200,douban_page
35936983,英語 / 英语,2026-08-30T05:14:25.830893+00:00,200,wikidata_p364
35937092,朝鮮語 / 韩语,2026-08-30T05:14:25.830893+00:00,200,wikidata_p364
35937094,朝鮮語 / 韩语,2026-08-30T05:14:25.830893+00:00,200,wikidata_p364
35937096,朝鮮語 / 韩语,2026-08-30T05:14:25.830893+00:00,200,wikidata_p364
35938177,朝鮮語 / 韩语,2026-08-30T05:14:25.830893+00:00,200,wikidata_p364
35938442,日語 / 日语,2026-08-30T05:14:25.830893+00:00,200,wikidata_p364
35938535,日語 / 日语,2026-08-30T05:14:25.830893+00:00,200,wikidata_p364
35942301,英語 / 中華民國國語 / 英语 / Standard Taiwanese Mandarin,2026-08-30T05:14:25.830893+00:00,200,wikidata_p364
35943389,日語 / 日语,2026-08-30T05:14:25.830893+00:00,200,wikidata_p364
35943827,汉语普通话 / Putonghua,2026-08-30T05:14:25.830893+00:00,200,wikidata_p364
35944060,西班牙語 / 英語 / 西班牙语 / 英语,2026-08-30T05:14:25.830893+00:00,200,wikidata_p364
35948919,英語 / 英语,2026-08-30T05:14:25.830893+00:00,200,wikidata_p364
35954456,法语,2026-08-30T05:14:25.830893+00:00,200,wikidata_p364
35954480,中華民國國語 / Standard Taiwanese Mandarin,2026-08-30T05:14:25.830893+00:00,200,wikidata_p364
35955811,英語 / 英语,2026-08-30T05:14:25.830893+00:00,200,wikidata_p364
35964279,日語 / 日语,2026-08-30T05:14:25.830893+00:00,200,wikidata_p364
35964332,日語 / 日语,2026-08-30T05:14:25.830893+00:00,200,wikidata_p364
35965772,印地語 / 马拉提语 / 马拉雅拉姆语 / Hindi / Marathi / Malayalam,2026-08-30T05:14:25.830893+00:00,200,wikidata_p364
35967629,印地語 / Hindi,2026-08-30T05:14:25.830893+00:00,200,wikidata_p364
35970310,日語 / 日语,2026-08-30T05:14:25.830893+00:00,200,wikidata_p364
35970311,日語 / 日语,2026-08-30T05:14:25.830893+00:00,200,wikidata_p364
35981599,西班牙語 / 英語 / 西班牙语 / 英语,2026-08-30T05:14:25.830893+00:00,200,wikidata_p364
35983183,日語 / 日语,2026-08-30T05:14:25.830893+00:00,200,wikidata_p364
35983210,朝鮮語 / 韩语,2026-08-30T05:14:25.830893+00:00,200,wikidata_p364
36000982,日語 / 日语,2026-08-30T05:14:25.830893+00:00,200,wikidata_p364
36001073,中華民國國語 / Standard Taiwanese Mandarin,2026-08-30T05:14:25.830893+00:00,200,wikidata_p364
36001527,日語 / 日语,2026-08-30T05:14:25.830893+00:00,200,wikidata_p364
36001533,日語 / 日语,2026-08-30T05:14:25.830893+00:00,200,wikidata_p364
36002683,朝鮮語 / 韩语,2026-08-30T05:14:25.830893+00:00,200,wikidata_p364
36008597,日語 / 日语,2026-08-30T05:14:25.830893+00:00,200,wikidata_p364
36010136,廣府話 / 粤语,2026-08-30T05:14:25.830893+00:00,200,wikidata_p364
36010251,朝鮮語 / 韩语,2026-08-30T05:14:25.830893+00:00,200,wikidata_p364
36015037,日語 / 日语,2026-08-30T05:14:25.830893+00:00,200,wikidata_p364
36015057,朝鮮語 / 韩语,2026-08-30T05:15:25.669077+00:00,200,wikidata_p364
36015083,朝鮮語 / 韩语,2026-08-30T05:14:25.830893+00:00,200,wikidata_p364
36015603,英語 / 英语,2026-08-30T05:14:25.830893+00:00,200,wikidata_p364
36018131,英語 / 英语,2026-08-30T05:15:25.669077+00:00,200,wikidata_p364
36021623,波斯語 / Persian,2026-08-30T05:14:25.830893+00:00,200,wikidata_p364
36024571,英語 / 英语,2026-08-30T05:14:25.830893+00:00,200,wikidata_p364
36025660,朝鮮語 / 韩语,2026-08-30T05:14:25.830893+00:00,200,wikidata_p364
36025723,日語 / 日语,2026-08-30T05:14:25.830893+00:00,200,wikidata_p364
36033629,英語 / 英语,2026-08-30T05:14:25.830893+00:00,200,wikidata_p364
36035676,汉语普通话 / Mandarin,2026-08-30T05:14:25.830893+00:00,200,wikidata_p364
36036385,英語 / 英语,2026-08-30T05:14:25.830893+00:00,200,wikidata_p364
36043592,朝鮮語 / 韩语,2026-08-30T05:14:25.830893+00:00,200,wikidata_p364
36044039,英語 / 英语,2026-08-30T05:14:25.830893+00:00,200,wikidata_p364
36044640,日語 / 日语,2026-08-30T05:15:25.669077+00:00,200,wikidata_p364
36044864,英語 / 英语,2026-08-30T05:14:25.830893+00:00,200,wikidata_p364
36052267,英語 / 英语,2026-08-30T05:14:25.830893+00:00,200,wikidata_p364
36053048,日語 / 日语,2026-08-30T05:14:25.830893+00:00,200,wikidata_p364
36053104,汉语普通话 / 哈薩克語 / Mandarin / Kazakh,2026-08-30T05:14:25.830893+00:00,200,wikidata_p364
36054210,英語 / 英语,2026-08-30T05:14:25.830893+00:00,200,wikidata_p364
36055471,英語 / 英语,2026-08-30T05:14:25.830893+00:00,200,wikidata_p364
36055707,中華民國國語 / Standard Taiwanese Mandarin,2026-08-30T05:14:25.830893+00:00,200,wikidata_p364
36060148,英語 / 英语,2026-08-30T05:14:25.830893+00:00,200,wikidata_p364
36060209,日語 / 日语,2026-08-30T05:14:25.830893+00:00,200,wikidata_p364
36065333,英語 / 英语,2026-08-30T05:14:25.830893+00:00,200,wikidata_p364
36065388,英語 / 英语,2026-08-30T05:14:25.830893+00:00,200,wikidata_p364
36065691,英語 / 英语,2026-08-30T05:14:25.830893+00:00,200,wikidata_p364
36065756,朝鮮語 / 韩语,2026-08-30T05:14:25.830893+00:00,200,wikidata_p364
36066062,英語 / 英语,2026-08-30T05:14:25.830893+00:00,200,wikidata_p364
36068441,英語 / 英语,2026-08-30T05:14:25.830893+00:00,200,wikidata_p364
36069854,英語 / 英语,2026-08-30T05:14:25.830893+00:00,200,wikidata_p364
36069968,英語 / 英语,2026-08-30T05:14:25.830893+00:00,200,wikidata_p364
36070356,粵語 / 粤语,2026-08-30T05:14:25.830893+00:00,200,wikidata_p364
36070400,他加祿語 / Tagalog,2026-08-30T05:14:25.830893+00:00,200,wikidata_p364
36070858,日語 / 日语,2026-08-30T05:15:25.669077+00:00,200,wikidata_p364
36070881,朝鮮語 / 韩语,2026-08-30T05:14:25.830893+00:00,200,wikidata_p364
36071015,朝鮮語 / 韩语,2026-08-30T05:14:25.830893+00:00,200,wikidata_p364
36071955,中華民國國語 / Standard Taiwanese Mandarin,2026-08-30T05:14:25.830893+00:00,200,wikidata_p364
36072639,越南语 / Vietnamese,2026-08-30T05:14:25.830893+00:00,200,wikidata_p364
36073533,汉语普通话 / Putonghua,2026-08-30T05:14:25.830893+00:00,200,wikidata_p364
36075302,英語 / 中華民國國語 / 泰雅語 / 英语 / Standard Taiwanese Mandarin / Atayal,2026-08-30T05:14:25.830893+00:00,200,wikidata_p364
36076190,英語 / 英语,2026-08-30T05:14:25.830893+00:00,200,wikidata_p364
36085494,朝鮮語 / 韩语,2026-08-30T05:14:25.830893+00:00,200,wikidata_p364
36085606,中文 / 汉语普通话,2026-08-30T05:14:25.830893+00:00,200,wikidata_p364
36085894,英語 / 英语,2026-08-30T05:14:25.830893+00:00,200,wikidata_p364
36085987,朝鮮語 / 韩语,2026-08-30T05:14:25.830893+00:00,200,wikidata_p364
36086081,日語 / 日语,2026-08-30T05:14:25.830893+00:00,200,wikidata_p364
36086942,英語 / 英语,2026-08-30T05:14:25.830893+00:00,200,wikidata_p364
36087670,日語 / 日语,2026-08-30T05:14:25.830893+00:00,200,wikidata_p364
36088881,朝鮮語 / 韩语,2026-08-30T05:14:25.830893+00:00,200,wikidata_p364
36088979,朝鮮語 / 韩语,2026-08-30T05:14:25.830893+00:00,200,wikidata_p364
36088982,朝鮮語 / 韩语,2026-08-30T05:14:25.830893+00:00,200,wikidata_p364
36090455,英語 / 英语,2026-08-30T05:14:25.830893+00:00,200,wikidata_p364
36090457,英語 / 英语,2026-08-30T05:14:25.830893+00:00,200,wikidata_p364
36090458,英語 / 英语,2026-08-30T05:14:25.830893+00:00,200,wikidata_p364
36090638,英語 / 英语,2026-08-30T05:14:25.830893+00:00,200,wikidata_p364
36091107,英語 / 英语,2026-08-30T05:14:25.830893+00:00,200,wikidata_p364
36093393,日語 / 日语,2026-08-30T05:14:25.830893+00:00,200,wikidata_p364
36093500,日語 / 日语,2026-08-30T05:14:25.830893+00:00,200,wikidata_p364
36093612,粵語 / 粤语,2026-08-30T05:14:25.830893+00:00,200,wikidata_p364
36093767,粵語 / 粤语,2026-08-30T05:14:25.830893+00:00,200,wikidata_p364
36097384,朝鮮語 / 韩语,2026-08-30T05:15:25.669077+00:00,200,wikidata_p364
36097424,西班牙語 / 西班牙语,2026-08-30T05:14:25.830893+00:00,200,wikidata_p364
36099458,朝鮮語 / 韩语,2026-08-30T05:14:25.830893+00:00,200,wikidata_p364
36099550,日語 / 日语,2026-08-30T05:14:25.830893+00:00,200,wikidata_p364
36105171,西班牙語 / 西班牙语,2026-08-30T05:14:25.830893+00:00,200,wikidata_p364
36107332,中華民國國語 / Standard Taiwanese Mandarin,2026-08-30T05:14:25.830893+00:00,200,wikidata_p364
36107358,日語 / 日语,2026-08-30T05:15:25.669077+00:00,200,wikidata_p364
36114500,英語 / 英语,2026-08-30T05:14:25.830893+00:00,200,wikidata_p364
36114521,英語 / 英语,2026-08-30T05:14:25.830893+00:00,200,wikidata_p364
36116692,英語 / 英语,2026-08-30T05:14:25.830893+00:00,200,wikidata_p364
36116694,阿拉伯语 / 法语 / Arabic,2026-08-30T05:14:25.830893+00:00,200,wikidata_p364
36116844,英語 / 英语,2026-08-30T05:14:25.830893+00:00,200,wikidata_p364
36117224,英語 / 英语,2026-08-30T05:14:25.830893+00:00,200,wikidata_p364
36117334,挪威語 / Norwegian,2026-08-30T05:14:25.830893+00:00,200,wikidata_p364
36117675,中華民國國語 / 客家话 / Standard Taiwanese Mandarin,2026-08-30T05:14:25.830893+00:00,200,wikidata_p364
36117744,朝鮮語 / 韩语,2026-08-30T05:14:25.830893+00:00,200,wikidata_p364
36118082,日語 / 日语,2026-08-30T05:14:25.830893+00:00,200,wikidata_p364
36118263,俄語 / 俄语,2026-08-30T05:15:25.669077+00:00,200,wikidata_p364
36118711,日語 / 日语,2026-08-30T05:14:25.830893+00:00,200,wikidata_p364
36118713,日語 / 日语,2026-08-30T05:14:25.830893+00:00,200,wikidata_p364
36122158,泰語 / Thai,2026-08-30T05:14:25.830893+00:00,200,wikidata_p364
36122278,粵語 / 粤语,2026-08-30T05:14:25.830893+00:00,200,wikidata_p364
36122281,香港粵語 / Hong Kong Cantonese,2026-08-30T05:14:25.830893+00:00,200,wikidata_p364
36123248,日語 / 日语,2026-08-30T05:14:25.830893+00:00,200,wikidata_p364
36125249,法语,2026-08-30T05:14:25.830893+00:00,200,wikidata_p364
36126098,臺灣話 / Taiwanese Hokkien,2026-08-30T05:14:25.830893+00:00,200,wikidata_p364
36126230,日語 / 日语,2026-08-30T05:14:25.830893+00:00,200,wikidata_p364
36126334,日語 / 日语,2026-08-30T05:14:25.830893+00:00,200,wikidata_p364
36127619,俄語 / 俄语,2026-08-30T05:14:25.830893+00:00,200,wikidata_p364
36127760,西班牙語 / 德语 / 葡萄牙语 / 匈牙利語 / 西班牙语 / Hungarian,2026-08-30T05:14:25.830893+00:00,200,wikidata_p364
36129473,法语,2026-08-30T05:14:25.830893+00:00,200,wikidata_p364
36129894,日語 / 日语,2026-08-30T05:14:25.830893+00:00,200,wikidata_p364
36131987,英語 / 希腊语 / 英语 / Greek,2026-08-30T05:14:25.830893+00:00,200,wikidata_p364
36131988,英語 / 英语,2026-08-30T05:14:25.830893+00:00,200,wikidata_p364
36133787,英語 / 英语,2026-08-30T05:14:25.830893+00:00,200,wikidata_p364
36135198,日語 / 日语,2026-08-30T05:14:25.830893+00:00,200,wikidata_p364
36137182,日語 / 日语,2026-08-30T05:14:25.830893+00:00,200,wikidata_p364
36139721,英語 / 英语,2026-08-30T05:14:25.830893+00:00,200,wikidata_p364
36139946,朝鮮語 / 韩语,2026-08-30T05:14:25.830893+00:00,200,wikidata_p364
36140201,日語 / 日语,2026-08-30T05:14:25.830893+00:00,200,wikidata_p364
36140233,英語 / 英语,2026-08-30T05:14:25.830893+00:00,200,wikidata_p364
36141396,日語 / 日语,2026-08-30T05:14:25.830893+00:00,200,wikidata_p364
36141826,朝鮮語 / 韩语,2026-08-30T05:14:25.830893+00:00,200,wikidata_p364
36141834,日語 / 日语,2026-08-30T05:15:25.669077+00:00,200,wikidata_p364
36141933,英語 / 英语,2026-08-30T05:14:25.830893+00:00,200,wikidata_p364
36144741,英語 / 英语,2026-08-30T05:14:25.830893+00:00,200,wikidata_p364
36145513,汉语普通话 / Putonghua,2026-08-30T05:14:25.830893+00:00,200,wikidata_p364
36151614,中華民國國語 / Standard Taiwanese Mandarin,2026-08-30T05:14:25.830893+00:00,200,wikidata_p364
36151692,中華民國國語 / 臺灣話 / 粵語 / Standard Taiwanese Mandarin / Taiwanese Hokkien / 粤语,2026-08-30T05:14:25.830893+00:00,200,wikidata_p364
36154853,汉语普通话 / Mandarin,2026-08-30T05:14:25.830893+00:00,200,wikidata_p364
36160466,英語 / 英语,2026-08-30T05:14:25.830893+00:00,200,wikidata_p364
36161601,英語 / 英语,2026-08-30T05:14:25.830893+00:00,200,wikidata_p364
36166587,朝鮮語 / 韩语,2026-08-30T05:14:25.830893+00:00,200,wikidata_p364
36171172,朝鮮語 / 韩语,2026-08-30T05:14:25.830893+00:00,200,wikidata_p364
36171174,英語 / 日語 / 朝鮮語 / 英语 / 日语 / 韩语,2026-08-30T05:14:25.830893+00:00,200,wikidata_p364
36171199,日語 / 日语,2026-08-30T05:14:25.830893+00:00,200,wikidata_p364
36171586,朝鮮語 / 韩语,2026-08-30T05:14:25.830893+00:00,200,wikidata_p364
36171721,日語 / 日语,2026-08-30T05:14:25.830893+00:00,200,wikidata_p364
36175206,英語 / 英语,2026-08-30T05:14:25.830893+00:00,200,wikidata_p364
36175683,意大利語 / 意大利语,2026-08-30T05:14:25.830893+00:00,200,wikidata_p364
36176155,英語 / 英语,2026-08-30T05:14:25.830893+00:00,200,wikidata_p364
36176467,英語 / 英语,2026-08-30T05:14:25.830893+00:00,200,wikidata_p364
36177245,日語 / 日语,2026-08-30T05:14:25.830893+00:00,200,wikidata_p364
36179101,英語 / 朝鮮語 / 英语 / 韩语,2026-08-30T05:14:25.830893+00:00,200,wikidata_p364
36181561,英語 / 德语 / 朝鮮語 / 英语 / 韩语,2026-08-30T05:14:25.830893+00:00,200,wikidata_p364
36181583,日語 / 日语,2026-08-30T05:14:25.830893+00:00,200,wikidata_p364
36181608,朝鮮語 / 韩语,2026-08-30T05:14:25.830893+00:00,200,wikidata_p364
36182283,朝鮮語 / 韩语,2026-08-30T05:14:25.830893+00:00,200,wikidata_p364
36187176,日語 / 日语,2026-08-30T05:14:25.830893+00:00,200,wikidata_p364
36188176,英語 / 英语,2026-08-30T05:14:25.830893+00:00,200,wikidata_p364
36188869,日語 / 日语,2026-08-30T05:14:25.830893+00:00,200,wikidata_p364
36188879,日語 / 日语,2026-08-30T05:14:25.830893+00:00,200,wikidata_p364
36189400,泰語 / Thai,2026-08-30T05:14:25.830893+00:00,200,wikidata_p364
36189442,法语 / 朝鮮語 / 韩语,2026-08-30T05:14:25.830893+00:00,200,wikidata_p364
36189472,日語 / 日语,2026-08-30T05:14:25.830893+00:00,200,wikidata_p364
36190889,日語 / 日语,2026-08-30T05:14:25.830893+00:00,200,wikidata_p364
36191547,日語 / 日语,2026-08-30T05:14:25.830893+00:00,200,wikidata_p364
36193097,英語 / 英语,2026-08-30T05:14:25.830893+00:00,200,wikidata_p364
36193113,英語 / 英语,2026-08-30T05:14:25.830893+00:00,200,wikidata_p364
36193682,法语 / 富拉語 / Fula,2026-08-30T05:14:25.830893+00:00,200,wikidata_p364
36193697,德语,2026-08-30T05:14:25.830893+00:00,200,wikidata_p364
36195543,英語 / 俄語 / 亞美尼亞語 / 英语 / 俄语 / Armenian,2026-08-30T05:14:25.830893+00:00,200,wikidata_p364
36198983,朝鮮語 / 韩语,2026-08-30T05:14:25.830893+00:00,200,wikidata_p364
36200902,日語 / 日语,2026-08-30T05:14:25.830893+00:00,200,wikidata_p364
36200904,汉语普通话 / Putonghua,2026-08-30T05:14:25.830893+00:00,200,wikidata_p364
36207130,日語 / 日语,2026-08-30T05:14:25.830893+00:00,200,wikidata_p364
36208104,朝鮮語 / 韩语,2026-08-30T05:14:25.830893+00:00,200,wikidata_p364
36211510,法语,2026-08-30T05:14:25.830893+00:00,200,wikidata_p364
36212386,現代標準漢語 / 汉语普通话,2026-08-30T05:14:25.830893+00:00,200,wikidata_p364
36212631,英語 / 英语,2026-08-30T05:14:25.830893+00:00,200,wikidata_p364
36215329,日語 / 日语,2026-08-30T05:14:25.830893+00:00,200,wikidata_p364
36217770,朝鮮語 / 汉语普通话 / 韩语 / Mandarin,2026-08-30T05:14:25.830893+00:00,200,wikidata_p364
36217935,朝鮮語 / 韩语,2026-08-30T05:14:25.830893+00:00,200,wikidata_p364
36217957,新加坡華語 / 马来语 / Singaporean Mandarin / Malay,2026-08-30T05:14:25.830893+00:00,200,wikidata_p364
36218014,日語 / 日语,2026-08-30T05:14:25.830893+00:00,200,wikidata_p364
36218292,日語 / 日语,2026-08-30T05:14:25.830893+00:00,200,wikidata_p364
36218615,西班牙語 / 西班牙语,2026-08-30T05:14:25.830893+00:00,200,wikidata_p364
36219047,英語 / 英语,2026-08-30T05:15:25.669077+00:00,200,wikidata_p364
36219200,泰語 / Thai,2026-08-30T05:14:25.830893+00:00,200,wikidata_p364
36219467,法语,2026-08-30T05:14:25.830893+00:00,200,wikidata_p364
36219468,英語 / 英语,2026-08-30T05:14:25.830893+00:00,200,wikidata_p364
36219493,日語 / 日语,2026-08-30T05:14:25.830893+00:00,200,wikidata_p364
36219521,日語 / 日语,2026-08-30T05:14:25.830893+00:00,200,wikidata_p364
36219938,朝鮮語 / 韩语,2026-08-30T05:14:25.830893+00:00,200,wikidata_p364
36220880,英語 / 英语,2026-08-30T05:14:25.830893+00:00,200,wikidata_p364
36221247,英語 / 英语,2026-08-30T05:14:25.830893+00:00,200,wikidata_p364
36221991,英語 / 英语,2026-08-30T05:14:25.830893+00:00,200,wikidata_p364
36225840,英語 / 英语,2026-08-30T05:14:25.830893+00:00,200,wikidata_p364
36226622,泰語 / Thai,2026-08-30T05:14:25.830893+00:00,200,wikidata_p364
36229808,英語 / 英语,2026-08-30T05:14:25.830893+00:00,200,wikidata_p364
36230334,英語 / 英语,2026-08-30T05:14:25.830893+00:00,200,wikidata_p364
36235977,英語 / 英语,2026-08-30T05:14:25.830893+00:00,200,wikidata_p364
36236940,英語 / 英语,2026-08-30T05:14:25.830893+00:00,200,wikidata_p364
36237109,英語 / 英语,2026-08-30T05:14:25.830893+00:00,200,wikidata_p364
36237110,英語 / 英语,2026-08-30T05:14:25.830893+00:00,200,wikidata_p364
36237132,英語 / 英语,2026-08-30T05:14:25.830893+00:00,200,wikidata_p364
36237330,英語 / 英语,2026-08-30T05:14:25.830893+00:00,200,wikidata_p364
36238726,英語 / 英语,2026-08-30T05:14:25.830893+00:00,200,wikidata_p364
36239955,朝鮮語 / 韩语,2026-08-30T05:14:25.830893+00:00,200,wikidata_p364
36243544,匈牙利語 / Hungarian,2026-08-30T05:14:25.830893+00:00,200,wikidata_p364
36243942,朝鮮語 / 韩语,2026-08-30T05:14:25.830893+00:00,200,wikidata_p364
36244093,日語 / 日语,2026-08-30T05:14:25.830893+00:00,200,wikidata_p364
36244313,泰語 / Thai,2026-08-30T05:14:25.830893+00:00,200,wikidata_p364
36245461,中華民國國語 / Standard Taiwanese Mandarin,2026-08-30T05:14:25.830893+00:00,200,wikidata_p364
36245685,中華民國國語 / 日語 / Standard Taiwanese Mandarin / 日语,2026-08-30T05:14:25.830893+00:00,200,wikidata_p364
36245712,英語 / 英语,2026-08-30T05:14:25.830893+00:00,200,wikidata_p364
36245733,英語 / 英语,2026-08-30T05:14:25.830893+00:00,200,wikidata_p364
36246195,英語 / 英语,2026-08-30T05:14:25.830893+00:00,200,wikidata_p364
36247731,英語 / 英语,2026-08-30T05:14:25.830893+00:00,200,wikidata_p364
36248012,日語 / 日语,2026-08-30T05:14:25.830893+00:00,200,wikidata_p364
36249707,英語 / 英语,2026-08-30T05:14:25.830893+00:00,200,wikidata_p364
36250480,英語 / 英语,2026-08-30T05:14:25.830893+00:00,200,wikidata_p364
36251564,日語 / 日语,2026-08-30T05:14:25.830893+00:00,200,wikidata_p364
36251580,朝鮮語 / 韩语,2026-08-30T05:14:25.830893+00:00,200,wikidata_p364
36251714,朝鮮語 / 韩语,2026-08-30T05:14:25.830893+00:00,200,wikidata_p364
36251736,日語 / 日语,2026-08-30T05:14:25.830893+00:00,200,wikidata_p364
36253172,英語 / 英语,2026-08-30T05:14:25.830893+00:00,200,wikidata_p364
36272093,日語 / 日语,2026-08-30T05:14:25.830893+00:00,200,wikidata_p364
36281813,英語 / 英语,2026-08-30T05:14:25.830893+00:00,200,wikidata_p364
36285641,日語 / 日语,2026-08-30T05:14:25.830893+00:00,200,wikidata_p364
36287457,英語 / 日語 / 英语 / 日语,2026-08-30T05:14:25.830893+00:00,200,wikidata_p364
36287910,英語 / 英语,2026-08-30T05:14:25.830893+00:00,200,wikidata_p364
36287912,英語 / 英语,2026-08-30T05:14:25.830893+00:00,200,wikidata_p364
36289263,汉语普通话 / Mandarin,2026-08-30T05:14:25.830893+00:00,200,wikidata_p364
36289419,中文 / 汉语普通话,2026-08-30T05:14:25.830893+00:00,200,wikidata_p364
36291574,日語 / 日语,2026-08-30T05:14:25.830893+00:00,200,wikidata_p364
36291737,日語 / 日语,2026-08-30T05:14:25.830893+00:00,200,wikidata_p364
36296618,中文 / 汉语普通话,2026-08-30T05:14:25.830893+00:00,200,wikidata_p364
36299802,朝鮮語 / 韩语,2026-08-30T05:14:25.830893+00:00,200,wikidata_p364
36300768,日語 / 日语,2026-08-30T05:14:25.830893+00:00,200,wikidata_p364
36302834,朝鮮語 / 韩语,2026-08-30T05:14:25.830893+00:00,200,wikidata_p364
36304130,英語 / 英语,2026-08-30T05:14:25.830893+00:00,200,wikidata_p364
36305453,英語 / 英语,2026-08-30T05:14:25.830893+00:00,200,wikidata_p364
36308289,英語 / 英语,2026-08-30T05:14:25.830893+00:00,200,wikidata_p364
36308744,日語 / 日语,2026-08-30T05:14:25.830893+00:00,200,wikidata_p364
36309138,日語 / 日语,2026-08-30T05:14:25.830893+00:00,200,wikidata_p364
36310756,英語 / 英语,2026-08-30T05:14:25.830893+00:00,200,wikidata_p364
36311905,廣府話 / 粤语,2026-08-30T05:14:25.830893+00:00,200,wikidata_p364
36312009,英語 / 英语,2026-08-30T05:14:25.830893+00:00,200,wikidata_p364
36313679,英語 / 英语,2026-08-30T05:14:25.830893+00:00,200,wikidata_p364
36314193,英語 / 英语,2026-08-30T05:14:25.830893+00:00,200,wikidata_p364
36314277,法语,2026-08-30T05:14:25.830893+00:00,200,wikidata_p364
36314825,日語 / 日语,2026-08-30T05:14:25.830893+00:00,200,wikidata_p364
36315000,香港粵語 / Hong Kong Cantonese,2026-08-30T05:14:25.830893+00:00,200,wikidata_p364
36317440,英語 / 英语,2026-08-30T05:14:25.830893+00:00,200,wikidata_p364
36318450,泰語 / Thai,2026-08-30T05:14:25.830893+00:00,200,wikidata_p364
36320232,印地語 / Hindi,2026-08-30T05:14:25.830893+00:00,200,wikidata_p364
36323221,英語 / 英语,2026-08-30T05:14:25.830893+00:00,200,wikidata_p364
36323488,英語 / 英语,2026-08-30T05:14:25.830893+00:00,200,wikidata_p364
36327995,英語 / 英语,2026-08-30T05:14:25.830893+00:00,200,wikidata_p364
36328210,泰語 / Thai,2026-08-30T05:14:25.830893+00:00,200,wikidata_p364
36328484,朝鮮語 / 韩语,2026-08-30T05:14:25.830893+00:00,200,wikidata_p364
36334280,英語 / 英语,2026-08-30T05:14:25.830893+00:00,200,wikidata_p364
36338787,泰語 / Thai,2026-08-30T05:15:25.669077+00:00,200,wikidata_p364
36340236,英語 / 英语,2026-08-30T05:14:25.830893+00:00,200,wikidata_p364
36340655,英語 / 英语,2026-08-30T05:14:25.830893+00:00,200,wikidata_p364
36341345,英語 / 英语,2026-08-30T05:14:25.830893+00:00,200,wikidata_p364
36341483,英語 / 英语,2026-08-30T05:14:25.830893+00:00,200,wikidata_p364
36342179,英語 / 英语,2026-08-30T05:14:25.830893+00:00,200,wikidata_p364
36343364,英語 / 英语,2026-08-30T05:14:25.830893+00:00,200,wikidata_p364
36343469,英語 / 英语,2026-08-30T05:14:25.830893+00:00,200,wikidata_p364
36346792,印尼語 / Indonesian,2026-08-30T05:14:25.830893+00:00,200,wikidata_p364
36347260,英語 / 英语,2026-08-30T05:14:25.830893+00:00,200,wikidata_p364
36347398,朝鮮語 / 韩语,2026-08-30T05:14:25.830893+00:00,200,wikidata_p364
36350539,英語 / 英语,2026-08-30T05:14:25.830893+00:00,200,wikidata_p364
36352491,法语,2026-08-30T05:14:25.830893+00:00,200,wikidata_p364
36352603,法语 / 日語 / 日语,2026-08-30T05:14:25.830893+00:00,200,wikidata_p364
36353525,日語 / 日语,2026-08-30T05:14:25.830893+00:00,200,wikidata_p364
36354086,汉语普通话 / Putonghua,2026-08-30T05:14:25.830893+00:00,200,wikidata_p364
36355148,阿拉伯语 / 法语 / Arabic,2026-08-30T05:14:25.830893+00:00,200,wikidata_p364
36360676,英語 / 英语,2026-08-30T05:14:25.830893+00:00,200,wikidata_p364
36362847,英語 / 英语,2026-08-30T05:14:25.830893+00:00,200,wikidata_p364
36363076,日語 / 日语,2026-08-30T05:14:25.830893+00:00,200,wikidata_p364
36363752,英語 / 英语,2026-08-30T05:14:25.830893+00:00,200,wikidata_p364
36367120,朝鮮語 / 韩语,2026-08-30T05:14:25.830893+00:00,200,wikidata_p364
36367140,越南语 / Vietnamese,2026-08-30T05:14:25.830893+00:00,200,wikidata_p364
36367141,英語 / 英语,2026-08-30T05:14:25.830893+00:00,200,wikidata_p364
36367175,英語 / 英语,2026-08-30T05:14:25.830893+00:00,200,wikidata_p364
36367195,英語 / 英语,2026-08-30T05:14:25.830893+00:00,200,wikidata_p364
36368568,英語 / 英语,2026-08-30T05:14:25.830893+00:00,200,wikidata_p364
36369460,朝鮮語 / 韩语,2026-08-30T05:14:25.830893+00:00,200,wikidata_p364
36369461,朝鮮語 / 韩语,2026-08-30T05:14:25.830893+00:00,200,wikidata_p364
36371992,英語 / 英语,2026-08-30T05:14:25.830893+00:00,200,wikidata_p364
36372322,法语,2026-08-30T05:14:25.830893+00:00,200,wikidata_p364
36372932,日語 / 日语,2026-08-30T05:14:25.830893+00:00,200,wikidata_p364
36375221,朝鮮語 / 韩语,2026-08-30T05:14:25.830893+00:00,200,wikidata_p364
36381756,日語 / 日语,2026-08-30T05:14:25.830893+00:00,200,wikidata_p364
36381774,英語 / 英语,2026-08-30T05:14:25.830893+00:00,200,wikidata_p364
36386780,英語 / 英语,2026-08-30T05:14:25.830893+00:00,200,wikidata_p364
36389635,英語 / 英语,2026-08-30T05:14:25.830893+00:00,200,wikidata_p364
36391961,西班牙語 / 西班牙语,2026-08-30T05:14:25.830893+00:00,200,wikidata_p364
36391999,英語 / 英语,2026-08-30T05:14:25.830893+00:00,200,wikidata_p364
36393842,日語 / 日语,2026-08-30T05:14:25.830893+00:00,200,wikidata_p364
36394612,法语 / 日語 / 日语,2026-08-30T05:14:25.830893+00:00,200,wikidata_p364
36394649,西班牙語 / 西班牙语,2026-08-30T05:14:25.830893+00:00,200,wikidata_p364
36394662,法语 / 英語 / 英语,2026-08-30T05:14:25.830893+00:00,200,wikidata_p364
36394691,日語 / 日语,2026-08-30T05:14:25.830893+00:00,200,wikidata_p364
36394970,日語 / 日语,2026-08-30T05:14:25.830893+00:00,200,wikidata_p364
36395045,英語 / 英语,2026-08-30T05:14:25.830893+00:00,200,wikidata_p364
36395117,中華民國國語 / Standard Taiwanese Mandarin,2026-08-30T05:14:25.830893+00:00,200,wikidata_p364
36396308,日語 / 日语,2026-08-30T05:14:25.830893+00:00,200,wikidata_p364
36396335,英語 / 英语,2026-08-30T05:14:25.830893+00:00,200,wikidata_p364
36399203,汉语普通话 / Putonghua,2026-08-30T05:14:25.830893+00:00,200,wikidata_p364
36399346,日語 / 日语,2026-08-30T05:14:25.830893+00:00,200,wikidata_p364
36399569,英語 / 英语,2026-08-30T05:14:25.830893+00:00,200,wikidata_p364
36401861,英語 / 英语,2026-08-30T05:14:25.830893+00:00,200,wikidata_p364
36402080,英語 / 英语,2026-08-30T05:14:25.830893+00:00,200,wikidata_p364
36402086,英語 / 爱尔兰语 / 英语 / Irish,2026-08-30T05:14:25.830893+00:00,200,wikidata_p364
36402834,法语,2026-08-30T05:14:25.830893+00:00,200,wikidata_p364
36402977,英語 / 英语,2026-08-30T05:14:25.830893+00:00,200,wikidata_p364
36403252,英語 / 英语,2026-08-30T05:14:25.830893+00:00,200,wikidata_p364
36403324,日語 / 日语,2026-08-30T05:14:25.830893+00:00,200,wikidata_p364
36404195,朝鮮語 / 韩语,2026-08-30T05:14:25.830893+00:00,200,wikidata_p364
36404268,法语,2026-08-30T05:14:25.830893+00:00,200,wikidata_p364
36406136,英語 / 英语,2026-08-30T05:14:25.830893+00:00,200,wikidata_p364
36406285,日語 / 日语,2026-08-30T05:14:25.830893+00:00,200,wikidata_p364
36406293,日語 / 日语,2026-08-30T05:14:25.830893+00:00,200,wikidata_p364
36406625,朝鮮語 / 韩语,2026-08-30T05:14:25.830893+00:00,200,wikidata_p364
36406672,西班牙語 / 西班牙语,2026-08-30T05:14:25.830893+00:00,200,wikidata_p364
36409554,韓國手語 / 朝鮮語 / Korean Sign Language / 韩语,2026-08-30T05:14:25.830893+00:00,200,wikidata_p364
36412488,英語 / 英语,2026-08-30T05:14:25.830893+00:00,200,wikidata_p364
36413481,英語 / 日語 / 廣府話 / 英语 / 日语 / 粤语,2026-08-30T05:14:25.830893+00:00,200,wikidata_p364
36413483,英語 / 英语,2026-08-30T05:14:25.830893+00:00,200,wikidata_p364
36413501,英語 / 瑞典語 / 挪威語 / 英语 / Swedish / Norwegian,2026-08-30T05:14:25.830893+00:00,200,wikidata_p364
36415254,英語 / 英语,2026-08-30T05:14:25.830893+00:00,200,wikidata_p364
36415335,英語 / 英语,2026-08-30T05:14:25.830893+00:00,200,wikidata_p364
36416228,日語 / 日语,2026-08-30T05:14:25.830893+00:00,200,wikidata_p364
36416349,朝鮮語 / 韩语,2026-08-30T05:14:25.830893+00:00,200,wikidata_p364
36419426,英語 / 英语,2026-08-30T05:14:25.830893+00:00,200,wikidata_p364
36421270,英語 / 英语,2026-08-30T05:14:25.830893+00:00,200,wikidata_p364
36421762,日語 / 日语,2026-08-30T05:14:25.830893+00:00,200,wikidata_p364
36421884,現代標準漢語 / 中文 / 廣府話 / 汉语普通话 / 粤语,2026-08-30T05:14:25.830893+00:00,200,wikidata_p364
36424330,英語 / 英语,2026-08-30T05:14:25.830893+00:00,200,wikidata_p364
36427189,朝鮮語 / 韩语,2026-08-30T05:14:25.830893+00:00,200,wikidata_p364
36428206,英語 / 英语,2026-08-30T05:14:25.830893+00:00,200,wikidata_p364
36431957,日語 / 日语,2026-08-30T05:14:25.830893+00:00,200,wikidata_p364
36433332,英語 / 英语,2026-08-30T05:14:25.830893+00:00,200,wikidata_p364
36437002,朝鮮語 / 韩语,2026-08-30T05:14:25.830893+00:00,200,wikidata_p364
36438475,中文 / 汉语普通话,2026-08-30T05:14:25.830893+00:00,200,wikidata_p364
36439490,英語 / 英语,2026-08-30T05:14:25.830893+00:00,200,wikidata_p364
36441385,中文 / 汉语普通话,2026-08-30T05:14:25.830893+00:00,200,wikidata_p364
36441607,朝鮮語 / 韩语,2026-08-30T05:14:25.830893+00:00,200,wikidata_p364
36445098,罗马方言 / 英語 / 意大利語 / Romanesco / 英语 / 意大利语,2026-08-30T05:14:25.830893+00:00,200,wikidata_p364
36446114,英語 / 英语,2026-08-30T05:14:25.830893+00:00,200,wikidata_p364
36449043,英語 / 英语,2026-08-30T05:14:25.830893+00:00,200,wikidata_p364
36449248,日語 / 日语,2026-08-30T05:14:25.830893+00:00,200,wikidata_p364
36452545,現代標準漢語 / 汉语普通话,2026-08-30T05:14:25.830893+00:00,200,wikidata_p364
36452788,英語 / 英语,2026-08-30T05:14:25.830893+00:00,200,wikidata_p364
36453629,德语,2026-08-30T05:14:25.830893+00:00,200,wikidata_p364
36453674,英語 / 英语,2026-08-30T05:14:25.830893+00:00,200,wikidata_p364
36453867,英語 / 中華民國國語 / 臺灣話 / 英语 / Standard Taiwanese Mandarin / Taiwanese Hokkien,2026-08-30T05:14:25.830893+00:00,200,wikidata_p364
36463007,英語 / 英语,2026-08-30T05:14:25.830893+00:00,200,wikidata_p364
36464506,法语 / 英語 / 朝鮮語 / 英语 / 韩语,2026-08-30T05:14:25.830893+00:00,200,wikidata_p364
36465393,日語 / 日语,2026-08-30T05:14:25.830893+00:00,200,wikidata_p364
36465394,英語 / 英语,2026-08-30T05:14:25.830893+00:00,200,wikidata_p364
36467334,中華民國國語 / 臺灣話 / Standard Taiwanese Mandarin / Taiwanese Hokkien,2026-08-30T05:14:25.830893+00:00,200,wikidata_p364
36467821,英語 / 英语,2026-08-30T05:14:25.830893+00:00,200,wikidata_p364
36469759,波斯語 / Persian,2026-08-30T05:14:25.830893+00:00,200,wikidata_p364
36471185,英語 / 英语,2026-08-30T05:14:25.830893+00:00,200,wikidata_p364
36471252,波蘭語 / 瑞典語 / 丹麦语 / 挪威語 / Polish / Swedish / Danish / Norwegian,2026-08-30T05:14:25.830893+00:00,200,wikidata_p364
36472989,阿拉伯语 / 英語 / Arabic / 英语,2026-08-30T05:14:25.830893+00:00,200,wikidata_p364
36473201,日語 / 日语,2026-08-30T05:14:25.830893+00:00,200,wikidata_p364
36477469,英語 / 英语,2026-08-30T05:14:25.830893+00:00,200,wikidata_p364
36481186,英語 / 英语,2026-08-30T05:14:25.830893+00:00,200,wikidata_p364
36481311,英語 / 英语,2026-08-30T05:14:25.830893+00:00,200,wikidata_p364
36481449,汉语普通话 / Putonghua,2026-08-30T05:14:25.830893+00:00,200,wikidata_p364
36484990,英語 / 英语,2026-08-30T05:14:25.830893+00:00,200,wikidata_p364
36486135,汉语普通话 / 中文 / Putonghua / Mandarin,2026-08-30T05:14:25.830893+00:00,200,wikidata_p364
36486147,阿拉伯语 / 美索不達米亞阿拉伯語 / Arabic / Iraqi Arabic,2026-08-30T05:14:25.830893+00:00,200,wikidata_p364
36489127,英語 / 英语,2026-08-30T05:14:25.830893+00:00,200,wikidata_p364
36490094,英語 / 英语,2026-08-30T05:14:25.830893+00:00,200,wikidata_p364
36490368,日語 / 日语,2026-08-30T05:14:25.830893+00:00,200,wikidata_p364
36491177,日語 / 日语,2026-08-30T05:14:25.830893+00:00,200,wikidata_p364
36493712,法语,2026-08-30T05:14:25.830893+00:00,200,wikidata_p364
36493939,英語 / 英语,2026-08-30T05:14:25.830893+00:00,200,wikidata_p364
36494184,日語 / 日语,2026-08-30T05:14:25.830893+00:00,200,wikidata_p364
36496832,印地語 / Hindi,2026-08-30T05:14:25.830893+00:00,200,wikidata_p364
36498707,中華民國國語 / Standard Taiwanese Mandarin,2026-08-30T05:14:25.830893+00:00,200,wikidata_p364
36498717,四川话,2026-08-30T05:14:25.830893+00:00,200,wikidata_p364
36498741,英語 / 英语,2026-08-30T05:14:25.830893+00:00,200,wikidata_p364
36498744,中華民國國語 / 臺灣話 / 泰語 / Standard Taiwanese Mandarin / Taiwanese Hokkien / Thai,2026-08-30T05:14:25.830893+00:00,200,wikidata_p364
36498805,英語 / 英语,2026-08-30T05:14:25.830893+00:00,200,wikidata_p364
36498810,朝鮮語 / 韩语,2026-08-30T05:14:25.830893+00:00,200,wikidata_p364
36502109,粵語 / 粤语,2026-08-30T05:14:25.830893+00:00,200,wikidata_p364
36502147,日語 / 日语,2026-08-30T05:14:25.830893+00:00,200,wikidata_p364
36503073,英語 / 英语,2026-08-30T05:14:25.830893+00:00,200,wikidata_p364
36506929,英語 / 英语,2026-08-30T05:14:25.830893+00:00,200,wikidata_p364
36514304,英語 / 英语,2026-08-30T05:14:25.830893+00:00,200,wikidata_p364
36514513,日語 / 日语,2026-08-30T05:14:25.830893+00:00,200,wikidata_p364
36519329,朝鮮語 / 韩语,2026-08-30T05:14:25.830893+00:00,200,wikidata_p364
36524437,日語 / 日语,2026-08-30T05:14:25.830893+00:00,200,wikidata_p364
36524559,日語 / 日语,2026-08-30T05:14:25.830893+00:00,200,wikidata_p364
36530113,中文 / 汉语普通话,2026-08-30T05:14:25.830893+00:00,200,wikidata_p364
36533809,日語 / 日语,2026-08-30T05:14:25.830893+00:00,200,wikidata_p364
36538948,德语,2026-08-30T05:14:25.830893+00:00,200,wikidata_p364
36553324,英語 / 英语,2026-08-30T05:15:25.669077+00:00,200,wikidata_p364
36554107,朝鮮語 / 韩语,2026-08-30T05:14:25.830893+00:00,200,wikidata_p364
36554140,朝鮮語 / 韩语,2026-08-30T05:14:25.830893+00:00,200,wikidata_p364
36558610,西班牙語 / 英語 / 西班牙语 / 英语,2026-08-30T05:14:25.830893+00:00,200,wikidata_p364
36559466,日語 / 日语,2026-08-30T05:14:25.830893+00:00,200,wikidata_p364
36562893,日語 / 日语,2026-08-30T05:14:25.830893+00:00,200,wikidata_p364
36563406,廣府話 / 粤语,2026-08-30T05:14:25.830893+00:00,200,wikidata_p364
36566033,粵語 / 粤语,2026-08-30T05:14:25.830893+00:00,200,wikidata_p364
36567663,英語 / 英语,2026-08-30T05:14:25.830893+00:00,200,wikidata_p364
36575694,英語 / 英语,2026-08-30T05:14:25.830893+00:00,200,wikidata_p364
36576305,現代標準漢語 / 廣府話 / 汉语普通话 / 粤语,2026-08-30T05:14:25.830893+00:00,200,wikidata_p364
36576817,中華民國國語 / Standard Taiwanese Mandarin,2026-08-30T05:14:25.830893+00:00,200,wikidata_p364
36587573,英語 / 英语,2026-08-30T05:14:25.830893+00:00,200,wikidata_p364
36587631,英語 / 英语,2026-08-30T05:14:25.830893+00:00,200,wikidata_p364
36587901,俄語 / 乌克兰语 / 俄语 / Ukrainian,2026-08-30T05:14:25.830893+00:00,200,wikidata_p364
36587917,泰語 / Thai,2026-08-30T05:14:25.830893+00:00,200,wikidata_p364
36587946,日語 / 日语,2026-08-30T05:14:25.830893+00:00,200,wikidata_p364
36587954,日語 / 日语,2026-08-30T05:14:25.830893+00:00,200,wikidata_p364
36587974,汉语普通话 / Mandarin,2026-08-30T05:14:25.830893+00:00,200,wikidata_p364
36589695,日語 / 日语,2026-08-30T05:14:25.830893+00:00,200,wikidata_p364
36591328,英語 / 粵語 / 英语 / 粤语,2026-08-30T05:14:25.830893+00:00,200,wikidata_p364
36593169,法语 / 弗拉芒语 / Flemish Dutch,2026-08-30T05:14:25.830893+00:00,200,wikidata_p364
36593404,日語 / 日语,2026-08-30T05:14:25.830893+00:00,200,wikidata_p364
36600047,英語 / 英语,2026-08-30T05:14:25.830893+00:00,200,wikidata_p364
36600459,汉语普通话 / Mandarin,2026-08-30T05:14:25.830893+00:00,200,wikidata_p364
36613461,英語 / 英语,2026-08-30T05:14:25.830893+00:00,200,wikidata_p364
36613557,日語 / 日语,2026-08-30T05:14:25.830893+00:00,200,wikidata_p364
36613599,日語 / 日语,2026-08-30T05:14:25.830893+00:00,200,wikidata_p364
36613638,日語 / 日语,2026-08-30T05:14:25.830893+00:00,200,wikidata_p364
36614680,英語 / 英语,2026-08-30T05:14:25.830893+00:00,200,wikidata_p364
36617767,朝鮮語 / 韩语,2026-08-30T05:14:25.830893+00:00,200,wikidata_p364
36617773,朝鮮語 / 韩语,2026-08-30T05:14:25.830893+00:00,200,wikidata_p364
36618568,英語 / 英语,2026-08-30T05:14:25.830893+00:00,200,wikidata_p364
36619708,英語 / 英语,2026-08-30T05:14:25.830893+00:00,200,wikidata_p364
36621696,英語 / 英语,2026-08-30T05:14:25.830893+00:00,200,wikidata_p364
36623639,日語 / 日语,2026-08-30T05:14:25.830893+00:00,200,wikidata_p364
36624248,現代標準漢語 / 汉语普通话,2026-08-30T05:14:25.830893+00:00,200,wikidata_p364
36629729,英語 / 英语,2026-08-30T05:14:25.830893+00:00,200,wikidata_p364
36635632,英語 / 英语,2026-08-30T05:14:25.830893+00:00,200,wikidata_p364
36635710,日語 / 日语,2026-08-30T05:14:25.830893+00:00,200,wikidata_p364
36636590,英語 / 英语,2026-08-30T05:14:25.830893+00:00,200,wikidata_p364
36640181,英語 / 英语,2026-08-30T05:14:25.830893+00:00,200,wikidata_p364
36640902,朝鮮語 / 韩语,2026-08-30T05:14:25.830893+00:00,200,wikidata_p364
36642287,英語 / 英语,2026-08-30T05:14:25.830893+00:00,200,wikidata_p364
36642490,中華民國國語 / Standard Taiwanese Mandarin,2026-08-30T05:14:25.830893+00:00,200,wikidata_p364
36643731,日語 / 日语,2026-08-30T05:14:25.830893+00:00,200,wikidata_p364
36646011,朝鮮語 / 韩语,2026-08-30T05:14:25.830893+00:00,200,wikidata_p364
36647543,英語 / 英语,2026-08-30T05:14:25.830893+00:00,200,wikidata_p364
36647844,日語 / 日语,2026-08-30T05:14:25.830893+00:00,200,wikidata_p364
36650662,英語 / 英语,2026-08-30T05:14:25.830893+00:00,200,wikidata_p364
36652095,法语,2026-08-30T05:14:25.830893+00:00,200,wikidata_p364
36654373,英語 / 英语,2026-08-30T05:14:25.830893+00:00,200,wikidata_p364
36656453,西班牙語 / 西班牙语,2026-08-30T05:14:25.830893+00:00,200,wikidata_p364
36657627,英語 / 英语,2026-08-30T05:14:25.830893+00:00,200,wikidata_p364
36657639,日語 / 日语,2026-08-30T05:14:25.830893+00:00,200,wikidata_p364
36657738,日語 / 日语,2026-08-30T05:14:25.830893+00:00,200,wikidata_p364
36659731,日語 / 日语,2026-08-30T05:14:25.830893+00:00,200,wikidata_p364
36660929,朝鮮語 / 韩语,2026-08-30T05:14:25.830893+00:00,200,wikidata_p364
36661823,日語 / 日语,2026-08-30T05:14:25.830893+00:00,200,wikidata_p364
36675987,日語 / 日语,2026-08-30T05:14:25.830893+00:00,200,wikidata_p364
36675997,英語 / 英语,2026-08-30T05:14:25.830893+00:00,200,wikidata_p364
36678128,英語 / 英语,2026-08-30T05:14:25.830893+00:00,200,wikidata_p364
36678152,西班牙語 / 英語 / 西班牙语 / 英语,2026-08-30T05:14:25.830893+00:00,200,wikidata_p364
36678301,德语 / 低地德语 / Low German,2026-08-30T05:14:25.830893+00:00,200,wikidata_p364
36678379,汉语普通话 / Mandarin,2026-08-30T05:14:25.830893+00:00,200,wikidata_p364
36678402,中華民國國語 / Standard Taiwanese Mandarin,2026-08-30T05:14:25.830893+00:00,200,wikidata_p364
36679932,英語 / 英语,2026-08-30T05:14:25.830893+00:00,200,wikidata_p364
36680228,日語 / 日语,2026-08-30T05:14:25.830893+00:00,200,wikidata_p364
36680402,日語 / 日语,2026-08-30T05:14:25.830893+00:00,200,wikidata_p364
36680405,日語 / 日语,2026-08-30T05:15:25.669077+00:00,200,wikidata_p364
36680492,中華民國國語 / 臺灣話 / Standard Taiwanese Mandarin / Taiwanese Hokkien,2026-08-30T05:14:25.830893+00:00,200,wikidata_p364
36686227,英語 / 英语,2026-08-30T05:14:25.830893+00:00,200,wikidata_p364
36686604,英語 / 英语,2026-08-30T05:14:25.830893+00:00,200,wikidata_p364
36686691,朝鮮語 / 韩语,2026-08-30T05:14:25.830893+00:00,200,wikidata_p364
36687720,英語 / 英语,2026-08-30T05:14:25.830893+00:00,200,wikidata_p364
36689857,英語 / 英语,2026-08-30T05:14:25.830893+00:00,200,wikidata_p364
36690639,西班牙語 / 西班牙语,2026-08-30T05:14:25.830893+00:00,200,wikidata_p364
36691620,英語 / 英语,2026-08-30T05:14:25.830893+00:00,200,wikidata_p364
36692397,英語 / 英语,2026-08-30T05:14:25.830893+00:00,200,wikidata_p364
36692527,英語 / 英语,2026-08-30T05:14:25.830893+00:00,200,wikidata_p364
36694535,新加坡華語 / 新加坡福建話 / Singaporean Mandarin / Singaporean Hokkien,2026-08-30T05:14:25.830893+00:00,200,wikidata_p364
36697050,英語 / 英语,2026-08-30T05:14:25.830893+00:00,200,wikidata_p364
36697142,英語 / 英语,2026-08-30T05:14:25.830893+00:00,200,wikidata_p364
36700841,日語 / 日语,2026-08-30T05:14:25.830893+00:00,200,wikidata_p364
36705686,英語 / 英语,2026-08-30T05:14:25.830893+00:00,200,wikidata_p364
36707354,英語 / 英语,2026-08-30T05:14:25.830893+00:00,200,wikidata_p364
36707357,英語 / 英语,2026-08-30T05:14:25.830893+00:00,200,wikidata_p364
36707378,英語 / 英语,2026-08-30T05:14:25.830893+00:00,200,wikidata_p364
36707391,英語 / 英语,2026-08-30T05:14:25.830893+00:00,200,wikidata_p364
36707729,英語 / 英语,2026-08-30T05:14:25.830893+00:00,200,wikidata_p364
36708872,英語 / 英语,2026-08-30T05:14:25.830893+00:00,200,wikidata_p364
36712210,英語 / 英语,2026-08-30T05:14:25.830893+00:00,200,wikidata_p364
36712987,粵語 / 粤语,2026-08-30T05:14:25.830893+00:00,200,wikidata_p364
36713574,法语,2026-08-30T05:14:25.830893+00:00,200,wikidata_p364
36713600,法语,2026-08-30T05:14:25.830893+00:00,200,wikidata_p364
36715924,汉语普通话 / Putonghua,2026-08-30T05:14:25.830893+00:00,200,wikidata_p364
36721134,西班牙語 / 法语 / 英語 / 西班牙语 / 英语,2026-08-30T05:14:25.830893+00:00,200,wikidata_p364
36723035,英語 / 英语,2026-08-30T05:14:25.830893+00:00,200,wikidata_p364
36724698,英語 / 英语,2026-08-30T05:14:25.830893+00:00,200,wikidata_p364
36728427,英語 / 英语,2026-08-30T05:14:25.830893+00:00,200,wikidata_p364
36733067,廣府話 / 粤语,2026-08-30T05:14:25.830893+00:00,200,wikidata_p364
36733250,朝鮮語 / 韩语,2026-08-30T05:14:25.830893+00:00,200,wikidata_p364
36737061,英語 / 英语,2026-08-30T05:14:25.830893+00:00,200,wikidata_p364
36739121,日語 / 日语,2026-08-30T05:14:25.830893+00:00,200,wikidata_p364
36741373,日語 / 日语,2026-08-30T05:14:25.830893+00:00,200,wikidata_p364
36741506,阿拉伯语 / 英語 / 希伯来语 / Arabic / 英语 / Hebrew,2026-08-30T05:14:25.830893+00:00,200,wikidata_p364
36741663,法语,2026-08-30T05:14:25.830893+00:00,200,wikidata_p364
36742577,英語 / 英语,2026-08-30T05:14:25.830893+00:00,200,wikidata_p364
36742578,法语 / 英語 / 英语,2026-08-30T05:14:25.830893+00:00,200,wikidata_p364
36742579,英語 / 英语,2026-08-30T05:14:25.830893+00:00,200,wikidata_p364
36743398,英語 / 英语,2026-08-30T05:14:25.830893+00:00,200,wikidata_p364
36743712,法语,2026-08-30T05:14:25.830893+00:00,200,wikidata_p364
36743767,英語 / 英语,2026-08-30T05:14:25.830893+00:00,200,wikidata_p364
36743811,日語 / 日语,2026-08-30T05:14:25.830893+00:00,200,wikidata_p364
36748074,日語 / 日语,2026-08-30T05:14:25.830893+00:00,200,wikidata_p364
36749450,日語 / 日语,2026-08-30T05:14:25.830893+00:00,200,wikidata_p364
36749535,英語 / 英语,2026-08-30T05:14:25.830893+00:00,200,wikidata_p364
36749573,英語 / 英语,2026-08-30T05:14:25.830893+00:00,200,wikidata_p364
36750473,日語 / 日语,2026-08-30T05:14:25.830893+00:00,200,wikidata_p364
36754453,英語 / 英语,2026-08-30T05:14:25.830893+00:00,200,wikidata_p364
36764327,英語 / 英语,2026-08-30T05:14:25.830893+00:00,200,wikidata_p364
36764944,英語 / 英语,2026-08-30T05:14:25.830893+00:00,200,wikidata_p364
36765646,日語 / 日语,2026-08-30T05:14:25.830893+00:00,200,wikidata_p364
36765652,日語 / 日语,2026-08-30T05:14:25.830893+00:00,200,wikidata_p364
36766190,日語 / 日语,2026-08-30T05:14:25.830893+00:00,200,wikidata_p364
36766219,日語 / 日语,2026-08-30T05:14:25.830893+00:00,200,wikidata_p364
36767846,英語 / 英语,2026-08-30T05:14:25.830893+00:00,200,wikidata_p364
36767890,英語 / 英语,2026-08-30T05:14:25.830893+00:00,200,wikidata_p364
36767956,現代標準漢語 / 汉语普通话,2026-08-30T05:14:25.830893+00:00,200,wikidata_p364
36768946,英語 / 英语,2026-08-30T05:14:25.830893+00:00,200,wikidata_p364
36769881,英語 / 英语,2026-08-30T05:14:25.830893+00:00,200,wikidata_p364
36770062,英語 / 英语,2026-08-30T05:14:25.830893+00:00,200,wikidata_p364
36770063,英語 / 英语,2026-08-30T05:14:25.830893+00:00,200,wikidata_p364
36772305,英語 / 英语,2026-08-30T05:14:25.830893+00:00,200,wikidata_p364
36772307,英語 / 英语,2026-08-30T05:14:25.830893+00:00,200,wikidata_p364
36772308,英語 / 英语,2026-08-30T05:14:25.830893+00:00,200,wikidata_p364
36772520,英語 / 英语,2026-08-30T05:14:25.830893+00:00,200,wikidata_p364
36772728,英語 / 英语,2026-08-30T05:14:25.830893+00:00,200,wikidata_p364
36772767,日語 / 日语,2026-08-30T05:14:25.830893+00:00,200,wikidata_p364
36774001,汉语普通话 / Putonghua,2026-08-30T05:14:25.830893+00:00,200,wikidata_p364
36776989,英語 / 英语,2026-08-30T05:14:25.830893+00:00,200,wikidata_p364
36777886,英語 / 英语,2026-08-30T05:14:25.830893+00:00,200,wikidata_p364
36778065,德语 / 日語 / 日语,2026-08-30T05:14:25.830893+00:00,200,wikidata_p364
36778124,英語 / 英语,2026-08-30T05:14:25.830893+00:00,200,wikidata_p364
36778196,英語 / 英语,2026-08-30T05:14:25.830893+00:00,200,wikidata_p364
36778356,英語 / 英语,2026-08-30T05:14:25.830893+00:00,200,wikidata_p364
36778411,英語 / 英语,2026-08-30T05:14:25.830893+00:00,200,wikidata_p364
36779171,英語 / 英语,2026-08-30T05:14:25.830893+00:00,200,wikidata_p364
36779303,英語 / 英语,2026-08-30T05:14:25.830893+00:00,200,wikidata_p364
36779337,日語 / 日语,2026-08-30T05:14:25.830893+00:00,200,wikidata_p364
36779384,英語 / 英语,2026-08-30T05:14:25.830893+00:00,200,wikidata_p364
36779387,英語 / 英语,2026-08-30T05:14:25.830893+00:00,200,wikidata_p364
36779601,英語 / 英语,2026-08-30T05:14:25.830893+00:00,200,wikidata_p364
36779799,日語 / 日语,2026-08-30T05:14:25.830893+00:00,200,wikidata_p364
36779927,法语,2026-08-30T05:14:25.830893+00:00,200,wikidata_p364
36780713,日語 / 日语,2026-08-30T05:14:25.830893+00:00,200,wikidata_p364
36780717,日語 / 日语,2026-08-30T05:14:25.830893+00:00,200,wikidata_p364
36782369,日語 / 日语,2026-08-30T05:14:25.830893+00:00,200,wikidata_p364
36782603,朝鮮語 / 韩语,2026-08-30T05:14:25.830893+00:00,200,wikidata_p364
36787874,英語 / 英语,2026-08-30T05:14:25.830893+00:00,200,wikidata_p364
36788515,英語 / 日語 / 英语 / 日语,2026-08-30T05:14:25.830893+00:00,200,wikidata_p364
36788576,日語 / 日语,2026-08-30T05:14:25.830893+00:00,200,wikidata_p364
36788787,日語 / 日语,2026-08-30T05:14:25.830893+00:00,200,wikidata_p364
36789117,汉语普通话 / Putonghua,2026-08-30T05:14:25.830893+00:00,200,wikidata_p364
36801617,英語 / 英语,2026-08-30T05:14:25.830893+00:00,200,wikidata_p364
36801713,英語 / 英语,2026-08-30T05:14:25.830893+00:00,200,wikidata_p364
36802241,日語 / 日语,2026-08-30T05:14:25.830893+00:00,200,wikidata_p364
36802252,日語 / 日语,2026-08-30T05:14:25.830893+00:00,200,wikidata_p364
36803039,英語 / 英语,2026-08-30T05:14:25.830893+00:00,200,wikidata_p364
36803372,英語 / 英语,2026-08-30T05:14:25.830893+00:00,200,wikidata_p364
36803483,中華民國國語 / Standard Taiwanese Mandarin,2026-08-30T05:14:25.830893+00:00,200,wikidata_p364
36806351,英語 / 英语,2026-08-30T05:14:25.830893+00:00,200,wikidata_p364
36808520,英語 / 汉语普通话 / 粵語 / 英语 / Putonghua / 粤语,2026-08-30T05:14:25.830893+00:00,200,wikidata_p364
36808876,英語 / 英语,2026-08-30T05:14:25.830893+00:00,200,wikidata_p364
36809707,英語 / 英语,2026-08-30T05:14:25.830893+00:00,200,wikidata_p364
36809792,英語 / 英语,2026-08-30T05:14:25.830893+00:00,200,wikidata_p364
36809864,現代標準漢語 / 汉语普通话,2026-08-30T05:14:25.830893+00:00,200,wikidata_p364
36809928,日語 / 日语,2026-08-30T05:14:25.830893+00:00,200,wikidata_p364
36809947,汉语普通话 / Putonghua,2026-08-30T05:14:25.830893+00:00,200,wikidata_p364
36812879,汉语普通话 / Putonghua,2026-08-30T05:14:25.830893+00:00,200,wikidata_p364
36818510,英語 / 德语 / 英语,2026-08-30T05:14:25.830893+00:00,200,wikidata_p364
36821463,英語 / 英语,2026-08-30T05:14:25.830893+00:00,200,wikidata_p364
36823407,英語 / 英语,2026-08-30T05:14:25.830893+00:00,200,wikidata_p364
36823511,朝鮮語 / 韩语,2026-08-30T05:14:25.830893+00:00,200,wikidata_p364
36823536,泰語 / Thai,2026-08-30T05:14:25.830893+00:00,200,wikidata_p364
36828567,英語 / 英语,2026-08-30T05:14:25.830893+00:00,200,wikidata_p364
36828726,日語 / 日语,2026-08-30T05:14:25.830893+00:00,200,wikidata_p364
36828836,英語 / 英语,2026-08-30T05:14:25.830893+00:00,200,wikidata_p364
36828971,英語 / 英语,2026-08-30T05:14:25.830893+00:00,200,wikidata_p364
36829507,英語 / 英语,2026-08-30T05:14:25.830893+00:00,200,wikidata_p364
36829527,英語 / 英语,2026-08-30T05:14:25.830893+00:00,200,wikidata_p364
36829991,英語 / 英语,2026-08-30T05:14:25.830893+00:00,200,wikidata_p364
36832900,英語 / 英语,2026-08-30T05:14:25.830893+00:00,200,wikidata_p364
36833084,英語 / 英语,2026-08-30T05:14:25.830893+00:00,200,wikidata_p364
36838213,日語 / 日语,2026-08-30T05:14:25.830893+00:00,200,wikidata_p364
36838688,朝鮮語 / 韩语,2026-08-30T05:14:25.830893+00:00,200,wikidata_p364
36840069,朝鮮語 / 韩语,2026-08-30T05:14:25.830893+00:00,200,wikidata_p364
36845718,日語 / 日语,2026-08-30T05:14:25.830893+00:00,200,wikidata_p364
36845810,英語 / 英语,2026-08-30T05:14:25.830893+00:00,200,wikidata_p364
36847722,朝鮮語 / 韩语,2026-08-30T05:14:25.830893+00:00,200,wikidata_p364
36850049,芬兰语 / 英語 / Finnish / 英语,2026-08-30T05:14:25.830893+00:00,200,wikidata_p364
36850766,英語 / 英语,2026-08-30T05:14:25.830893+00:00,200,wikidata_p364
36850893,英語 / 英语,2026-08-30T05:14:25.830893+00:00,200,wikidata_p364
36851069,英語 / 英语,2026-08-30T05:14:25.830893+00:00,200,wikidata_p364
36851142,英語 / 英语,2026-08-30T05:14:25.830893+00:00,200,wikidata_p364
36851291,日語 / 日语,2026-08-30T05:14:25.830893+00:00,200,wikidata_p364
36857198,日語 / 日语,2026-08-30T05:14:25.830893+00:00,200,wikidata_p364
36857203,日語 / 日语,2026-08-30T05:14:25.830893+00:00,200,wikidata_p364
36857468,英語 / 英语,2026-08-30T05:14:25.830893+00:00,200,wikidata_p364
36857924,粵語 / 粤语,2026-08-30T05:14:25.830893+00:00,200,wikidata_p364
36860212,英語 / 英语,2026-08-30T05:14:25.830893+00:00,200,wikidata_p364
36860441,英語 / 英语,2026-08-30T05:14:25.830893+00:00,200,wikidata_p364
36864625,波斯語 / Persian,2026-08-30T05:14:25.830893+00:00,200,wikidata_p364
36866191,日語 / 日语,2026-08-30T05:14:25.830893+00:00,200,wikidata_p364
36868408,英語 / 英语,2026-08-30T05:14:25.830893+00:00,200,wikidata_p364
36869044,英語 / 朝鮮語 / 汉语普通话 / 英语 / 韩语 / Mandarin,2026-08-30T05:14:25.830893+00:00,200,wikidata_p364
36872704,朝鮮語 / 韩语,2026-08-30T05:14:25.830893+00:00,200,wikidata_p364
36874294,朝鮮語 / 韩语,2026-08-30T05:14:25.830893+00:00,200,wikidata_p364
36876356,英語 / 英语,2026-08-30T05:14:25.830893+00:00,200,wikidata_p364
36877173,英語 / 英语,2026-08-30T05:14:25.830893+00:00,200,wikidata_p364
36877245,英語 / 英语,2026-08-30T05:14:25.830893+00:00,200,wikidata_p364
36877284,英語 / 英语,2026-08-30T05:14:25.830893+00:00,200,wikidata_p364
36877322,汉语普通话 / Putonghua,2026-08-30T05:14:25.830893+00:00,200,wikidata_p364
36877556,法语,2026-08-30T05:14:25.830893+00:00,200,wikidata_p364
36877558,英語 / 英语,2026-08-30T05:14:25.830893+00:00,200,wikidata_p364
36879454,英語 / 英语,2026-08-30T05:14:25.830893+00:00,200,wikidata_p364
36882128,日語 / 日语,2026-08-30T05:14:25.830893+00:00,200,wikidata_p364
36883048,英語 / 英语,2026-08-30T05:14:25.830893+00:00,200,wikidata_p364
36883058,英語 / 英语,2026-08-30T05:14:25.830893+00:00,200,wikidata_p364
36883105,現代標準漢語 / 汉语普通话,2026-08-30T05:14:25.830893+00:00,200,wikidata_p364
36883109,日語 / 日语,2026-08-30T05:14:25.830893+00:00,200,wikidata_p364
36885941,英語 / 英语,2026-08-30T05:14:25.830893+00:00,200,wikidata_p364
36886173,英語 / 英语,2026-08-30T05:14:25.830893+00:00,200,wikidata_p364
36886334,英語 / 英语,2026-08-30T05:14:25.830893+00:00,200,wikidata_p364
36887295,英語 / 英语,2026-08-30T05:14:25.830893+00:00,200,wikidata_p364
36887296,英語 / 英语,2026-08-30T05:14:25.830893+00:00,200,wikidata_p364
36888755,英語 / 英语,2026-08-30T05:14:25.830893+00:00,200,wikidata_p364
36888785,日語 / 日语,2026-08-30T05:14:25.830893+00:00,200,wikidata_p364
36889087,英語 / 英语,2026-08-30T05:14:25.830893+00:00,200,wikidata_p364
36889385,日語 / 日语,2026-08-30T05:14:25.830893+00:00,200,wikidata_p364
36889419,泰語 / Thai,2026-08-30T05:15:25.669077+00:00,200,wikidata_p364
36889790,英語 / 汉语普通话 / 英语 / Mandarin,2026-08-30T05:14:25.830893+00:00,200,wikidata_p364
36889911,英語 / 英语,2026-08-30T05:14:25.830893+00:00,200,wikidata_p364
36890035,朝鮮語 / 韩语,2026-08-30T05:14:25.830893+00:00,200,wikidata_p364
36892047,朝鮮語 / 韩语,2026-08-30T05:14:25.830893+00:00,200,wikidata_p364
36892468,英語 / 英语,2026-08-30T05:14:25.830893+00:00,200,wikidata_p364
36892847,英語 / 英语,2026-08-30T05:14:25.830893+00:00,200,wikidata_p364
36893209,英語 / 英语,2026-08-30T05:14:25.830893+00:00,200,wikidata_p364
36893370,英語 / 英语,2026-08-30T05:14:25.830893+00:00,200,wikidata_p364
36894128,日語 / 日语,2026-08-30T05:14:25.830893+00:00,200,wikidata_p364
36894170,日語 / 日语,2026-08-30T05:14:25.830893+00:00,200,wikidata_p364
36894305,日語 / 日语,2026-08-30T05:14:25.830893+00:00,200,wikidata_p364
36894424,朝鮮語 / 韩语,2026-08-30T05:14:25.830893+00:00,200,wikidata_p364
36894887,英語 / 英语,2026-08-30T05:14:25.830893+00:00,200,wikidata_p364
36897364,英語 / 英语,2026-08-30T05:14:25.830893+00:00,200,wikidata_p364
36897379,英語 / 英语,2026-08-30T05:14:25.830893+00:00,200,wikidata_p364
36900219,英語 / 英语,2026-08-30T05:14:25.830893+00:00,200,wikidata_p364
36901008,英語 / 英语,2026-08-30T05:14:25.830893+00:00,200,wikidata_p364
36901661,日語 / 日语,2026-08-30T05:14:25.830893+00:00,200,wikidata_p364
36901671,日語 / 日语,2026-08-30T05:14:25.830893+00:00,200,wikidata_p364
36901791,日語 / 日语,2026-08-30T05:14:25.830893+00:00,200,wikidata_p364
36903165,日語 / 日语,2026-08-30T05:14:25.830893+00:00,200,wikidata_p364
36903421,英語 / 英语,2026-08-30T05:14:25.830893+00:00,200,wikidata_p364
36907423,日語 / 日语,2026-08-30T05:14:25.830893+00:00,200,wikidata_p364
36907763,日語 / 日语,2026-08-30T05:14:25.830893+00:00,200,wikidata_p364
36909418,英語 / 日語 / 朝鮮語 / 英语 / 日语 / 韩语,2026-08-30T05:14:25.830893+00:00,200,wikidata_p364
36910360,英語 / 英语,2026-08-30T05:14:25.830893+00:00,200,wikidata_p364
36912404,英語 / 英语,2026-08-30T05:14:25.830893+00:00,200,wikidata_p364
36912440,日語 / 日语,2026-08-30T05:14:25.830893+00:00,200,wikidata_p364
36912655,英語 / 英语,2026-08-30T05:14:25.830893+00:00,200,wikidata_p364
36912668,英語 / 英语,2026-08-30T05:14:25.830893+00:00,200,wikidata_p364
36913048,英語 / 英语,2026-08-30T05:14:25.830893+00:00,200,wikidata_p364
36913754,英語 / 英语,2026-08-30T05:14:25.830893+00:00,200,wikidata_p364
36915259,英語 / 英语,2026-08-30T05:14:25.830893+00:00,200,wikidata_p364
36915343,泰語 / Thai,2026-08-30T05:14:25.830893+00:00,200,wikidata_p364
36916000,英語 / 英语,2026-08-30T05:14:25.830893+00:00,200,wikidata_p364
36916003,英語 / 英语,2026-08-30T05:14:25.830893+00:00,200,wikidata_p364
36916004,英語 / 英语,2026-08-30T05:14:25.830893+00:00,200,wikidata_p364
36918069,英語 / 英语,2026-08-30T05:14:25.830893+00:00,200,wikidata_p364
36921211,英語 / 土耳其語 / 波斯語 / 阿塞拜疆语 / 英语 / Turkish / Persian / Azerbaijani,2026-08-30T05:14:25.830893+00:00,200,wikidata_p364
36924136,朝鮮語 / 韩语,2026-08-30T05:14:25.830893+00:00,200,wikidata_p364
3692602,英語 / 英语,2026-08-30T05:15:25.669077+00:00,200,wikidata_p364
36926954,英語 / 英语,2026-08-30T05:14:25.830893+00:00,200,wikidata_p364
36929221,西班牙語 / 阿拉伯语 / 英語 / 西班牙语 / Arabic / 英语,2026-08-30T05:14:25.830893+00:00,200,wikidata_p364
36932390,英語 / 英语,2026-08-30T05:14:25.830893+00:00,200,wikidata_p364
36932394,英語 / 英语,2026-08-30T05:14:25.830893+00:00,200,wikidata_p364
36934908,泰米爾語 / Tamil,2026-08-30T05:14:25.830893+00:00,200,wikidata_p364
36936356,朝鮮語 / 韩语,2026-08-30T05:14:25.830893+00:00,200,wikidata_p364
36941169,日語 / 日语,2026-08-30T05:14:25.830893+00:00,200,wikidata_p364
36942640,日語 / 日语,2026-08-30T05:14:25.830893+00:00,200,wikidata_p364
36942731,日語 / 日语,2026-08-30T05:14:25.830893+00:00,200,wikidata_p364
36948340,英語 / 英语,2026-08-30T05:14:25.830893+00:00,200,wikidata_p364
36948552,日語 / 日语,2026-08-30T05:14:25.830893+00:00,200,wikidata_p364
36948664,朝鮮語 / 韩语,2026-08-30T05:14:25.830893+00:00,200,wikidata_p364
36950864,日語 / 日语,2026-08-30T05:14:25.830893+00:00,200,wikidata_p364
36954004,汉语普通话 / Mandarin,2026-08-30T05:14:25.830893+00:00,200,wikidata_p364
36956282,英語 / 英语,2026-08-30T05:14:25.830893+00:00,200,wikidata_p364
36956594,英語 / 英语,2026-08-30T05:14:25.830893+00:00,200,wikidata_p364
36959346,日語 / 日语,2026-08-30T05:14:25.830893+00:00,200,wikidata_p364
36960439,日語 / 日语,2026-08-30T05:14:25.830893+00:00,200,wikidata_p364
36960951,英語 / 英语,2026-08-30T05:14:25.830893+00:00,200,wikidata_p364
36961928,日語 / 日语,2026-08-30T05:14:25.830893+00:00,200,wikidata_p364
36961962,朝鮮語 / 韩语,2026-08-30T05:14:25.830893+00:00,200,wikidata_p364
36962219,英語 / 英语,2026-08-30T05:14:25.830893+00:00,200,wikidata_p364
36962860,英語 / 英语,2026-08-30T05:14:25.830893+00:00,200,wikidata_p364
36963105,英語 / 英语,2026-08-30T05:14:25.830893+00:00,200,wikidata_p364
36963222,英語 / 英语,2026-08-30T05:14:25.830893+00:00,200,wikidata_p364
36963690,英語 / 英语,2026-08-30T05:14:25.830893+00:00,200,wikidata_p364
36964147,汉语普通话 / Mandarin,2026-08-30T05:14:25.830893+00:00,200,wikidata_p364
36968545,泰語 / Thai,2026-08-30T05:14:25.830893+00:00,200,wikidata_p364
36973970,英語 / 英语,2026-08-30T05:14:25.830893+00:00,200,wikidata_p364
36978135,朝鮮語 / 韩语,2026-08-30T05:14:25.830893+00:00,200,wikidata_p364
36978167,朝鮮語 / 韩语,2026-08-30T05:14:25.830893+00:00,200,wikidata_p364
36978169,朝鮮語 / 韩语,2026-08-30T05:14:25.830893+00:00,200,wikidata_p364
36978178,英語 / 英语,2026-08-30T05:14:25.830893+00:00,200,wikidata_p364
36978619,英語 / 英语,2026-08-30T05:14:25.830893+00:00,200,wikidata_p364
36982259,英語 / 英语,2026-08-30T05:14:25.830893+00:00,200,wikidata_p364
36982741,日語 / 日语,2026-08-30T05:14:25.830893+00:00,200,wikidata_p364
36988629,日語 / 日语,2026-08-30T05:14:25.830893+00:00,200,wikidata_p364
36989716,日語 / 日语,2026-08-30T05:14:25.830893+00:00,200,wikidata_p364
36990045,英語 / 英语,2026-08-30T05:14:25.830893+00:00,200,wikidata_p364
36995126,英語 / 英语,2026-08-30T05:14:25.830893+00:00,200,wikidata_p364
36999793,英語 / 英语,2026-08-30T05:14:25.830893+00:00,200,wikidata_p364
36999797,英語 / 英语,2026-08-30T05:14:25.830893+00:00,200,wikidata_p364
37000575,英語 / 英语,2026-08-30T05:14:25.830893+00:00,200,wikidata_p364
37000932,汉语普通话 / Putonghua,2026-08-30T05:15:25.669077+00:00,200,wikidata_p364
37005312,英語 / 英语,2026-08-30T05:14:25.830893+00:00,200,wikidata_p364
37006052,英語 / 英语,2026-08-30T05:14:25.830893+00:00,200,wikidata_p364
37006080,日語 / 日语,2026-08-30T05:14:25.830893+00:00,200,wikidata_p364
37006133,日語 / 日语,2026-08-30T05:14:25.830893+00:00,200,wikidata_p364
37006273,日語 / 日语,2026-08-30T05:14:25.830893+00:00,200,wikidata_p364
37007334,朝鮮語 / 越南语 / 韩语 / Vietnamese,2026-08-30T05:14:25.830893+00:00,200,wikidata_p364
37013958,日語 / 日语,2026-08-30T05:14:25.830893+00:00,200,wikidata_p364
37014022,英語 / 英语,2026-08-30T05:14:25.830893+00:00,200,wikidata_p364
37014492,日語 / 日语,2026-08-30T05:14:25.830893+00:00,200,wikidata_p364
37014543,日語 / 日语,2026-08-30T05:14:25.830893+00:00,200,wikidata_p364
37015016,日語 / 日语,2026-08-30T05:14:25.830893+00:00,200,wikidata_p364
37015063,英語 / 英语,2026-08-30T05:14:25.830893+00:00,200,wikidata_p364
37018225,日語 / 日语,2026-08-30T05:14:25.830893+00:00,200,wikidata_p364
37018493,朝鮮語 / 韩语,2026-08-30T05:14:25.830893+00:00,200,wikidata_p364
37019474,英語 / 英语,2026-08-30T05:14:25.830893+00:00,200,wikidata_p364
37022026,英語 / 英语,2026-08-30T05:14:25.830893+00:00,200,wikidata_p364
37032137,英語 / 英语,2026-08-30T05:14:25.830893+00:00,200,wikidata_p364
37033729,英語 / 英语,2026-08-30T05:14:25.830893+00:00,200,wikidata_p364
37037557,朝鮮語 / 韩语,2026-08-30T05:14:25.830893+00:00,200,wikidata_p364
37037600,英語 / 英语,2026-08-30T05:14:25.830893+00:00,200,wikidata_p364
37037980,日語 / 日语,2026-08-30T05:14:25.830893+00:00,200,wikidata_p364
37040125,日語 / 日语,2026-08-30T05:14:25.830893+00:00,200,wikidata_p364
37042683,英語 / 英语,2026-08-30T05:14:25.830893+00:00,200,wikidata_p364
37045933,日語 / 日语,2026-08-30T05:14:25.830893+00:00,200,wikidata_p364
37046033,日語 / 日语,2026-08-30T05:14:25.830893+00:00,200,wikidata_p364
37049323,日語 / 日语,2026-08-30T05:14:25.830893+00:00,200,wikidata_p364
37052858,英語 / 英语,2026-08-30T05:14:25.830893+00:00,200,wikidata_p364
37054667,英語 / 英语,2026-08-30T05:14:25.830893+00:00,200,wikidata_p364
37055667,英語 / 英语,2026-08-30T05:14:25.830893+00:00,200,wikidata_p364
37060406,英語 / 英语,2026-08-30T05:14:25.830893+00:00,200,wikidata_p364
37062611,英語 / 英语,2026-08-30T05:14:25.830893+00:00,200,wikidata_p364
37065411,英語 / 波蘭語 / 英语 / Polish,2026-08-30T05:14:25.830893+00:00,200,wikidata_p364
37066716,日語 / 日语,2026-08-30T05:14:25.830893+00:00,200,wikidata_p364
37066724,中華民國國語 / 廣府話 / Standard Taiwanese Mandarin / 粤语,2026-08-30T05:14:25.830893+00:00,200,wikidata_p364
37066904,英語 / 英语,2026-08-30T05:14:25.830893+00:00,200,wikidata_p364
37067461,英語 / 英语,2026-08-30T05:14:25.830893+00:00,200,wikidata_p364
37067969,日語 / 日语,2026-08-30T05:14:25.830893+00:00,200,wikidata_p364
37068432,英語 / 英语,2026-08-30T05:14:25.830893+00:00,200,wikidata_p364
37069578,日語 / 日语,2026-08-30T05:14:25.830893+00:00,200,wikidata_p364
37069634,日語 / 日语,2026-08-30T05:14:25.830893+00:00,200,wikidata_p364
37069646,日語 / 日语,2026-08-30T05:14:25.830893+00:00,200,wikidata_p364
37069709,日語 / 日语,2026-08-30T05:14:25.830893+00:00,200,wikidata_p364
37070295,日語 / 日语,2026-08-30T05:14:25.830893+00:00,200,wikidata_p364
37076696,英語 / 粵語 / 英语 / 粤语,2026-08-30T05:14:25.830893+00:00,200,wikidata_p364
37077139,日語 / 日语,2026-08-30T05:14:25.830893+00:00,200,wikidata_p364
37077505,日語 / 日语,2026-08-30T05:14:25.830893+00:00,200,wikidata_p364
37090014,泰語 / Thai,2026-08-30T05:14:25.830893+00:00,200,wikidata_p364
37096523,粵語 / 粤语,2026-08-30T05:14:25.830893+00:00,200,wikidata_p364
37096700,朝鮮語 / 韩语,2026-08-30T05:14:25.830893+00:00,200,wikidata_p364
37098187,英語 / 英语,2026-08-30T05:14:25.830893+00:00,200,wikidata_p364
37105033,英語 / 英语,2026-08-30T05:14:25.830893+00:00,200,wikidata_p364
37105738,朝鮮語 / 韩语,2026-08-30T05:14:25.830893+00:00,200,wikidata_p364
37106646,英語 / 英语,2026-08-30T05:14:25.830893+00:00,200,wikidata_p364
37107063,汉语普通话 / Putonghua,2026-08-30T05:14:25.830893+00:00,200,wikidata_p364
37109415,英語 / 英语,2026-08-30T05:14:25.830893+00:00,200,wikidata_p364
37110804,英語 / 英语,2026-08-30T05:14:25.830893+00:00,200,wikidata_p364
37116612,朝鮮語 / 韩语,2026-08-30T05:14:25.830893+00:00,200,wikidata_p364
37119724,英語 / 英语,2026-08-30T05:14:25.830893+00:00,200,wikidata_p364
37123674,法语 / 英語 / 英语,2026-08-30T05:14:25.830893+00:00,200,wikidata_p364
37123675,英語 / 英语,2026-08-30T05:14:25.830893+00:00,200,wikidata_p364
37130746,日語 / 日语,2026-08-30T05:14:25.830893+00:00,200,wikidata_p364
37134889,日語 / 日语,2026-08-30T05:14:25.830893+00:00,200,wikidata_p364
37143090,英語 / 英语,2026-08-30T05:14:25.830893+00:00,200,wikidata_p364
37143216,意大利語 / 意大利语,2026-08-30T05:14:25.830893+00:00,200,wikidata_p364
37147202,英語 / 英语,2026-08-30T05:14:25.830893+00:00,200,wikidata_p364
37148241,法语 / 荷蘭語 / Dutch,2026-08-30T05:14:25.830893+00:00,200,wikidata_p364
37149566,英語 / 英语,2026-08-30T05:14:25.830893+00:00,200,wikidata_p364
37153809,英語 / 英语,2026-08-30T05:14:25.830893+00:00,200,wikidata_p364
37154895,朝鮮語 / 韩语,2026-08-30T05:14:25.830893+00:00,200,wikidata_p364
37155129,日語 / 日语,2026-08-30T05:14:25.830893+00:00,200,wikidata_p364
37155367,英語 / 英语,2026-08-30T05:14:25.830893+00:00,200,wikidata_p364
37157267,英語 / 英语,2026-08-30T05:14:25.830893+00:00,200,wikidata_p364
37159065,英語 / 英语,2026-08-30T05:14:25.830893+00:00,200,wikidata_p364
37161026,日語 / 日语,2026-08-30T05:14:25.830893+00:00,200,wikidata_p364
37163391,日語 / 日语,2026-08-30T05:14:25.830893+00:00,200,wikidata_p364
37167155,英語 / 英语,2026-08-30T05:14:25.830893+00:00,200,wikidata_p364
37168181,英語 / 羅馬尼亞語 / 挪威語 / 英语 / Romanian / Norwegian,2026-08-30T05:14:25.830893+00:00,200,wikidata_p364
37168459,意大利語 / 意大利语,2026-08-30T05:14:25.830893+00:00,200,wikidata_p364
37168714,日語 / 日语,2026-08-30T05:14:25.830893+00:00,200,wikidata_p364
37178027,日語 / 日语,2026-08-30T05:14:25.830893+00:00,200,wikidata_p364
37191804,日語 / 日语,2026-08-30T05:14:25.830893+00:00,200,wikidata_p364
37192173,英語 / 英语,2026-08-30T05:14:25.830893+00:00,200,wikidata_p364
37192647,英語 / 英语,2026-08-30T05:14:25.830893+00:00,200,wikidata_p364
37193250,中華民國國語 / 臺灣話 / Standard Taiwanese Mandarin / Taiwanese Hokkien,2026-08-30T05:14:25.830893+00:00,200,wikidata_p364
37194405,朝鮮語 / 韩语,2026-08-30T05:14:25.830893+00:00,200,wikidata_p364
37195133,英語 / 英语,2026-08-30T05:14:25.830893+00:00,200,wikidata_p364
37200693,英語 / 英语,2026-08-30T05:14:25.830893+00:00,200,wikidata_p364
37207219,英語 / 英语,2026-08-30T05:14:25.830893+00:00,200,wikidata_p364
37209859,日語 / 日语,2026-08-30T05:14:25.830893+00:00,200,wikidata_p364
37212415,英語 / 英语,2026-08-30T05:14:25.830893+00:00,200,wikidata_p364
37213104,日語 / 日语,2026-08-30T05:14:25.830893+00:00,200,wikidata_p364
37213496,英語 / 英语,2026-08-30T05:14:25.830893+00:00,200,wikidata_p364
37218252,英語 / 英语,2026-08-30T05:14:25.830893+00:00,200,wikidata_p364
37219584,日語 / 日语,2026-08-30T05:14:25.830893+00:00,200,wikidata_p364
37226541,日語 / 日语,2026-08-30T05:14:25.830893+00:00,200,wikidata_p364
37226705,英語 / 英语,2026-08-30T05:14:25.830893+00:00,200,wikidata_p364
37227467,日語 / 日语,2026-08-30T05:14:25.830893+00:00,200,wikidata_p364
37227650,日語 / 朝鮮語 / 日语 / 韩语,2026-08-30T05:14:25.830893+00:00,200,wikidata_p364
37231952,英語 / 約魯巴語 / 英语 / Yoruba,2026-08-30T05:14:25.830893+00:00,200,wikidata_p364
37233298,日語 / 日语,2026-08-30T05:14:25.830893+00:00,200,wikidata_p364
37233517,朝鮮語 / 韩语,2026-08-30T05:14:25.830893+00:00,200,wikidata_p364
37233775,日語 / 日语,2026-08-30T05:14:25.830893+00:00,200,wikidata_p364
37234856,英語 / 英语,2026-08-30T05:14:25.830893+00:00,200,wikidata_p364
37234857,英語 / 英语,2026-08-30T05:14:25.830893+00:00,200,wikidata_p364
37235281,英語 / 英语,2026-08-30T05:14:25.830893+00:00,200,wikidata_p364
37235771,日語 / 日语,2026-08-30T05:14:25.830893+00:00,200,wikidata_p364
37236843,英語 / 英语,2026-08-30T05:14:25.830893+00:00,200,wikidata_p364
37247238,波斯語 / Persian,2026-08-30T05:14:25.830893+00:00,200,wikidata_p364
37249352,朝鮮語 / 韩语,2026-08-30T05:14:25.830893+00:00,200,wikidata_p364
37259325,英語 / 英语,2026-08-30T05:14:25.830893+00:00,200,wikidata_p364
37263706,現代標準漢語 / 汉语普通话,2026-08-30T05:14:25.830893+00:00,200,wikidata_p364
37269844,英語 / 英语,2026-08-30T05:14:25.830893+00:00,200,wikidata_p364
37270885,印地語 / Hindi,2026-08-30T05:14:25.830893+00:00,200,wikidata_p364
37284269,朝鮮語 / 韩语,2026-08-30T05:14:25.830893+00:00,200,wikidata_p364
37284351,阿拉伯语 / 法语 / 拉丁語 / Arabic / Latin,2026-08-30T05:14:25.830893+00:00,200,wikidata_p364
37291549,俄語 / 俄语,2026-08-30T05:14:25.830893+00:00,200,wikidata_p364
37293922,泰語 / Thai,2026-08-30T05:14:25.830893+00:00,200,wikidata_p364
37294215,英語 / 英语,2026-08-30T05:14:25.830893+00:00,200,wikidata_p364
37296242,法语,2026-08-30T05:14:25.830893+00:00,200,wikidata_p364
37296317,日語 / 日语,2026-08-30T05:14:25.830893+00:00,200,wikidata_p364
37305698,英語 / 英语,2026-08-30T05:14:25.830893+00:00,200,wikidata_p364
37309928,英語 / 英语,2026-08-30T05:14:25.830893+00:00,200,wikidata_p364
37309944,西班牙語 / 法语 / 宿霧語 / 葡萄牙语 / 西班牙语 / Cebuano,2026-08-30T05:14:25.830893+00:00,200,wikidata_p364
37315580,日語 / 日语,2026-08-30T05:14:25.830893+00:00,200,wikidata_p364
37317387,日語 / 日语,2026-08-30T05:14:25.830893+00:00,200,wikidata_p364
37322522,日語 / 日语,2026-08-30T05:14:25.830893+00:00,200,wikidata_p364
37331479,日語 / 日语,2026-08-30T05:14:25.830893+00:00,200,wikidata_p364
37332150,日語 / 日语,2026-08-30T05:14:25.830893+00:00,200,wikidata_p364
37335365,英語 / 英语,2026-08-30T05:14:25.830893+00:00,200,wikidata_p364
37335483,朝鮮語 / 韩语,2026-08-30T05:14:25.830893+00:00,200,wikidata_p364
37342630,法语 / 日語 / 日语,2026-08-30T05:14:25.830893+00:00,200,wikidata_p364
37346520,英語 / 英语,2026-08-30T05:14:25.830893+00:00,200,wikidata_p364
37346574,英語 / 英语,2026-08-30T05:14:25.830893+00:00,200,wikidata_p364
37364550,朝鮮語 / 韩语,2026-08-30T05:14:25.830893+00:00,200,wikidata_p364
37383596,英語 / 英语,2026-08-30T05:14:25.830893+00:00,200,wikidata_p364
37387189,英語 / 英语,2026-08-30T05:14:25.830893+00:00,200,wikidata_p364
37396434,英語 / 英语,2026-08-30T05:14:25.830893+00:00,200,wikidata_p364
37421915,香港粵語 / Hong Kong Cantonese,2026-08-30T05:14:25.830893+00:00,200,wikidata_p364
37427884,英語 / 英语,2026-08-30T05:14:25.830893+00:00,200,wikidata_p364
37437456,英語 / 英语,2026-08-30T05:14:25.830893+00:00,200,wikidata_p364
37445715,阿拉伯语 / 英語 / Arabic / 英语,2026-08-30T05:14:25.830893+00:00,200,wikidata_p364
37447627,英語 / 英语,2026-08-30T05:14:25.830893+00:00,200,wikidata_p364
37449081,英語 / 英语,2026-08-30T05:14:25.830893+00:00,200,wikidata_p364
37450627,英語 / 英语,2026-08-30T05:14:25.830893+00:00,200,wikidata_p364
37455277,英語 / 英语,2026-08-30T05:14:25.830893+00:00,200,wikidata_p364
37468651,英語 / 乌克兰语 / 英语 / Ukrainian,2026-08-30T05:14:25.830893+00:00,200,wikidata_p364
37469727,日語 / 日语,2026-08-30T05:14:25.830893+00:00,200,wikidata_p364
37474018,中華民國國語 / Standard Taiwanese Mandarin,2026-08-30T05:14:25.830893+00:00,200,wikidata_p364
37487816,德语,2026-08-30T05:14:25.830893+00:00,200,wikidata_p364
37511778,英語 / 英语,2026-08-30T05:14:25.830893+00:00,200,wikidata_p364
37516907,日語 / 日语,2026-08-30T05:14:25.830893+00:00,200,wikidata_p364
37528113,中文 / 汉语普通话,2026-08-30T05:14:25.830893+00:00,200,wikidata_p364
37536780,英語 / 英语,2026-08-30T05:14:25.830893+00:00,200,wikidata_p364
37559942,英語 / 英语,2026-08-30T05:14:25.830893+00:00,200,wikidata_p364
37561035,英語 / 英语,2026-08-30T05:14:25.830893+00:00,200,wikidata_p364
37646394,英語 / 英语,2026-08-30T05:14:25.830893+00:00,200,wikidata_p364
37806619,日語 / 日语,2026-08-30T05:14:25.830893+00:00,200,wikidata_p364
37818637,汉语普通话 / Putonghua,2026-08-30T05:14:25.830893+00:00,200,wikidata_p364
37825206,日語 / 日语,2026-08-30T05:14:25.830893+00:00,200,wikidata_p364
37871285,英語 / 英语,2026-08-30T05:14:25.830893+00:00,200,wikidata_p364
38112572,日語 / 日语,2026-08-30T05:14:25.830893+00:00,200,wikidata_p364
3819860,英語 / 英语,2026-08-30T05:14:25.830893+00:00,200,wikidata_p364
3822687,英語 / 英语,2026-08-30T05:14:25.830893+00:00,200,wikidata_p364
38349445,英語 / 英语,2026-08-30T05:14:25.830893+00:00,200,wikidata_p364
38385982,英語 / 英语,2026-08-30T05:14:25.830893+00:00,200,wikidata_p364
38407729,英語 / 英语,2026-08-30T05:14:25.830893+00:00,200,wikidata_p364
38423461,德语,2026-08-30T05:14:25.830893+00:00,200,wikidata_p364
38436680,日語 / 日语,2026-08-30T05:14:25.830893+00:00,200,wikidata_p364
38531965,英語 / 英语,2026-08-30T05:14:25.830893+00:00,200,wikidata_p364
3927767,英語 / 英语,2026-08-30T05:14:25.830893+00:00,200,wikidata_p364
4058939,英語 / 英语,2026-08-30T05:14:25.830893+00:00,200,wikidata_p364
4092781,朝鮮語 / 韩语,2026-08-30T05:14:25.830893+00:00,200,wikidata_p364
4285992,英語 / 英语,2026-08-30T05:14:25.830893+00:00,200,wikidata_p364
4768030,英語 / 英语,2026-08-30T05:14:25.830893+00:00,200,wikidata_p364
4811774,英語 / 納美語 / 英语 / Na'vi,2026-08-30T05:14:25.830893+00:00,200,wikidata_p364
4840389,英語 / 英语,2026-08-30T05:14:25.830893+00:00,200,wikidata_p364
4924145,英語 / 英语,2026-08-30T05:14:25.830893+00:00,200,wikidata_p364
5151633,西班牙語 / 英語 / 西班牙语 / 英语,2026-08-30T05:14:25.830893+00:00,200,wikidata_p364
5165492,英语 / 汉语普通话 / 粤语 / 德语,2026-08-30T05:26:17.038136+00:00,200,douban_rexxar
6424756,英語 / 英语,2026-08-30T05:14:25.830893+00:00,200,wikidata_p364
6874475,英語 / 英语,2026-08-30T05:15:25.669077+00:00,200,wikidata_p364
6893932,英語 / 英语,2026-08-30T05:14:25.830893+00:00,200,wikidata_p364
7051806,英語 / 英语,2026-08-30T05:14:25.830893+00:00,200,wikidata_p364
