movie_id,片名,年份,Region,语言,处置,原因,审计日期,依据,状态,处理日期,来源
3027168,卖花姑娘,1972,East_Asia,朝鲜语,整行删除,'朝鲜语'国别歧义（朝鲜半岛影片），全量口径假阳性，整行删除,2026-08-15,待审错误清单_20260815.md 第二/三/八类（用户审核确认）,,,
3012294,安重根击毙伊藤博文,1979,East_Asia,朝鲜语,整行删除,'朝鲜语'国别歧义（朝鲜半岛影片），全量口径假阳性，整行删除,2026-08-15,待审错误清单_20260815.md 第二/三/八类（用户审核确认）,,,
4154630,春香传,1980,East_Asia,朝鲜语,整行删除,'朝鲜语'国别歧义（朝鲜半岛影片），全量口径假阳性，整行删除,2026-08-15,待审错误清单_20260815.md 第二/三/八类（用户审核确认）,,,
1297614,头脑简单的杀人犯,1982,Europe,南部瑞典方言 / 瑞典语,整行删除,境外方言标签被'方言'兜底误命中，全量口径假阳性，整行删除,2026-08-15,待审错误清单_20260815.md 第二/三/八类（用户审核确认）,,,
5279979,The Court-Martial of Jackie Robinson,1990,North_America,英语,整行删除,豆瓣无此片评分（数据源错误），整行删除,2026-08-15,待审错误清单_20260815.md 第二/三/八类（用户审核确认）,,,
3603788,我该怎么办,2004,East_Asia,朝鲜语,整行删除,'朝鲜语'国别歧义（朝鲜半岛影片），全量口径假阳性，整行删除,2026-08-15,待审错误清单_20260815.md 第二/三/八类（用户审核确认）,,,
1779098,无敌青春,2004,East_Asia,日语 / 朝鲜语,整行删除,'朝鲜语'国别歧义（朝鲜半岛影片），全量口径假阳性，整行删除,2026-08-15,待审错误清单_20260815.md 第二/三/八类（用户审核确认）,,,
1388176,血与骨,2004,East_Asia,朝鲜语 / 日语,整行删除,'朝鲜语'国别歧义（朝鲜半岛影片），全量口径假阳性，整行删除,2026-08-15,待审错误清单_20260815.md 第二/三/八类（用户审核确认）,,,
3281360,光脚的基丰,2006,East_Asia,朝鲜语,整行删除,'朝鲜语'国别歧义（朝鲜半岛影片），全量口径假阳性，整行删除,2026-08-15,待审错误清单_20260815.md 第二/三/八类（用户审核确认）,,,
2355597,夏娃的诱惑：她的技巧,2007,East_Asia,朝鲜语,整行删除,'朝鲜语'国别歧义（朝鲜半岛影片），全量口径假阳性，整行删除,2026-08-15,待审错误清单_20260815.md 第二/三/八类（用户审核确认）,,,
2333746,头师父一体3,2007,East_Asia,朝鲜语,整行删除,'朝鲜语'国别歧义（朝鲜半岛影片），全量口径假阳性，整行删除,2026-08-15,待审错误清单_20260815.md 第二/三/八类（用户审核确认）,,,
1999556,界,2007,Europe,蒙古语 / 朝鲜语,整行删除,'朝鲜语'国别歧义（朝鲜半岛影片），全量口径假阳性，整行删除,2026-08-15,待审错误清单_20260815.md 第二/三/八类（用户审核确认）,,,
3035549,雨季将至,2007,Other,印度方言 / 英语,整行删除,境外方言标签被'方言'兜底误命中，全量口径假阳性，整行删除,2026-08-15,待审错误清单_20260815.md 第二/三/八类（用户审核确认）,,,
3324091,爱情与战争,2008,East_Asia,朝鲜语,整行删除,'朝鲜语'国别歧义（朝鲜半岛影片），全量口径假阳性，整行删除,2026-08-15,待审错误清单_20260815.md 第二/三/八类（用户审核确认）,,,
4745879,世界上对女人最危险的地方,2010,Europe,英语 / 法语 / 剛果方言,整行删除,境外方言标签被'方言'兜底误命中，全量口径假阳性，整行删除,2026-08-15,待审错误清单_20260815.md 第二/三/八类（用户审核确认）,,,
4073913,注文津,2010,East_Asia,朝鲜语,整行删除,'朝鲜语'国别歧义（朝鲜半岛影片），全量口径假阳性，整行删除,2026-08-15,待审错误清单_20260815.md 第二/三/八类（用户审核确认）,,,
2153526,特工绍特,2010,North_America,英语 / 俄语 / 朝鲜语,整行删除,'朝鲜语'国别歧义（朝鲜半岛影片），全量口径假阳性，整行删除,2026-08-15,待审错误清单_20260815.md 第二/三/八类（用户审核确认）,,,
6849035,家族的国度,2012,East_Asia,日语 / 朝鲜语,整行删除,'朝鲜语'国别歧义（朝鲜半岛影片），全量口径假阳性，整行删除,2026-08-15,待审错误清单_20260815.md 第二/三/八类（用户审核确认）,,,
26413195,炽热的欲望,2013,East_Asia,朝鲜语 Korean,整行删除,'朝鲜语'国别歧义（朝鲜半岛影片），全量口径假阳性，整行删除,2026-08-15,待审错误清单_20260815.md 第二/三/八类（用户审核确认）,,,
26700520,太阳之下,2015,Europe,朝鲜语,整行删除,'朝鲜语'国别歧义（朝鲜半岛影片），全量口径假阳性，整行删除,2026-08-15,待审错误清单_20260815.md 第二/三/八类（用户审核确认）,,,
26577728,禁忌之恋,2015,Other,坦纳岛西南部方言,整行删除,境外方言标签被'方言'兜底误命中，全量口径假阳性，整行删除,2026-08-15,待审错误清单_20260815.md 第二/三/八类（用户审核确认）,,,
26922704,光复日,2018,Europe,英语 / 朝鲜语,整行删除,'朝鲜语'国别歧义（朝鲜半岛影片），全量口径假阳性，整行删除,2026-08-15,待审错误清单_20260815.md 第二/三/八类（用户审核确认）,,,
1477536,婼玛的十七岁,2003,China,汉语普通话 / 哈尼语 / 英语 / 云南方言 / 日语,,方案A标注-待核验（方言组保留片，少数民族语言+外语标签同现）,,,待核验,,scripts/gen_review_sample.py（计划G）
1766086,太阳照常升起,2007,China,汉语普通话 / 温州话 / 俄语 / 维吾尔语,,方案A标注-待核验（方言组保留片，少数民族语言+外语标签同现）,,,待核验,,scripts/gen_review_sample.py（计划G）
3230462,女人不坏,2008,China,汉语普通话 / 韩语 / 乌兹别克语,,方案A标注-待核验（方言组保留片，少数民族语言+外语标签同现）,,,待核验,,scripts/gen_review_sample.py（计划G）
4116937,西藏往事,2011,China,汉语普通话 / 英语 / 藏语,,方案A标注-待核验（方言组保留片，少数民族语言+外语标签同现）,,,待核验,,scripts/gen_review_sample.py（计划G）
4841182,云上太阳,2012,China,汉语普通话 / 法语 / 少数民族语,,方案A标注-待核验（方言组保留片，少数民族语言+外语标签同现）,,,待核验,,scripts/gen_review_sample.py（计划G）
6126442,一步之遥,2014,China,汉语普通话 / 英语 / 上海话 / 法语 / 日语 / 满语 / 越南语 / 拉丁语,,方案A标注-待核验（方言组保留片，少数民族语言+外语标签同现）,,,待核验,,scripts/gen_review_sample.py（计划G）
10810270,西藏天空,2014,China,藏语 / 英语 / 汉语普通话,,方案A标注-待核验（方言组保留片，少数民族语言+外语标签同现）,,,待核验,,scripts/gen_review_sample.py（计划G）
24743696,喜马拉雅天梯,2015,China,藏语 / 汉语普通话 / 英语,,方案A标注-待核验（方言组保留片，少数民族语言+外语标签同现）,,,待核验,,scripts/gen_review_sample.py（计划G）
3077412,寻龙诀,2015,China,汉语普通话 / 英语 / 蒙古语 / 日语,,方案A标注-待核验（方言组保留片，少数民族语言+外语标签同现）,,,待核验,,scripts/gen_review_sample.py（计划G）
26335498,狼踪,2015,China,汉语普通话 / 英语 / 法语 / 蒙古语,,方案A标注-待核验（方言组保留片，少数民族语言+外语标签同现）,,,待核验,,scripts/gen_review_sample.py（计划G）
25727544,寻找罗麦,2018,China,汉语普通话 / 英语 / 藏语 / 法语,,方案A标注-待核验（方言组保留片，少数民族语言+外语标签同现）,,,待核验,,scripts/gen_review_sample.py（计划G）
30255216,您一定不要错过,2018,China,汉语普通话 / 蒙语 / 日语 / 俄语,,方案A标注-待核验（方言组保留片，少数民族语言+外语标签同现）,,,待核验,,scripts/gen_review_sample.py（计划G）
30295905,中国机长,2019,China,汉语普通话 / 藏语 / 英语 / 四川话,,方案A标注-待核验（方言组保留片，少数民族语言+外语标签同现）,,,待核验,,scripts/gen_review_sample.py（计划G）
26752088,我不是药神,2018,,汉语普通话 / 英语 / 上海话 / 印地语,tier2b默认排除,LLM_JUDGE 判定 no(conf=0.85): 上海话仅点缀的普通话商业片,2026-08-15,v4.1 Tier2b 证据漏斗（score_tier2b.py + llm_judge_tier2b.py）,,,scripts/llm_judge_tier2b.py
900072,让子弹飞,2010,,汉语普通话 / 四川话 / 山西话,tier2b补回,BENCHMARK 判定 yes(conf=0.95): 川渝方言贯穿全程的标杆片,2026-08-15,v4.1 Tier2b 证据漏斗（score_tier2b.py + llm_judge_tier2b.py）,,,scripts/llm_judge_tier2b.py
26861685,红海行动,2018,,汉语普通话 / 阿拉伯语 / 英语 / 索马里语 / 粤语,tier2b默认排除,LLM_JUDGE 判定 no(conf=0.9): 军事行动片粤语仅配角语言,2026-08-15,v4.1 Tier2b 证据漏斗（score_tier2b.py + llm_judge_tier2b.py）,,,scripts/llm_judge_tier2b.py
27110296,无名之辈,2018,,汉语普通话 / 贵州方言,tier2b补回,LLM_JUDGE 判定 yes(conf=0.95): 全程贵州方言黑色喜剧,2026-08-15,v4.1 Tier2b 证据漏斗（score_tier2b.py + llm_judge_tier2b.py）,,,scripts/llm_judge_tier2b.py
26425063,无双,2018,,汉语普通话 / 粤语 / 英语 / 泰语 / 波兰语,tier2b默认排除,LLM_JUDGE 判定 no(conf=0.85): 跨国伪钞案多语港片方言非主体,2026-08-15,v4.1 Tier2b 证据漏斗（score_tier2b.py + llm_judge_tier2b.py）,,,scripts/llm_judge_tier2b.py
26698897,唐人街探案2,2018,,汉语普通话 / 英语 / 日语 / 粤语,tier2b默认排除,LLM_JUDGE 判定 no(conf=0.9): 纽约探案喜剧普通话主导,2026-08-15,v4.1 Tier2b 证据漏斗（score_tier2b.py + llm_judge_tier2b.py）,,,scripts/llm_judge_tier2b.py
900225,疯狂的石头,2006,,汉语普通话 / 重庆话,tier2b补回,BENCHMARK 判定 yes(conf=0.95): 重庆话多线叙事标杆片,2026-08-15,v4.1 Tier2b 证据漏斗（score_tier2b.py + llm_judge_tier2b.py）,,,scripts/llm_judge_tier2b.py
25815034,湄公河行动,2016,,汉语普通话 / 粤语 / 泰语 / 缅甸语 / 英语,tier2b默认排除,LLM_JUDGE 判定 no(conf=0.9): 跨境缉毒动作片,2026-08-15,v4.1 Tier2b 证据漏斗（score_tier2b.py + llm_judge_tier2b.py）,,,scripts/llm_judge_tier2b.py
26277313,西游记之大圣归来,2015,,汉语普通话 / 粤语,tier2b默认排除,LLM_JUDGE 判定 no(conf=0.9): 粤语仅为发行配音版本,2026-08-15,v4.1 Tier2b 证据漏斗（score_tier2b.py + llm_judge_tier2b.py）,,,scripts/llm_judge_tier2b.py
3649049,金陵十三钗,2011,,汉语普通话 / 英语 / 日语 / 南京话 / 上海话,tier2b补回,LLM_JUDGE 判定 yes(conf=0.9): 南京话上海话对白成规模,2026-08-15,v4.1 Tier2b 证据漏斗（score_tier2b.py + llm_judge_tier2b.py）,,,scripts/llm_judge_tier2b.py
25805741,后会无期,2014,,汉语普通话 / 手语 / 粤语,tier2b默认排除,LLM_JUDGE 判定 no(conf=0.8): 普通话公路片方言点缀,2026-08-15,v4.1 Tier2b 证据漏斗（score_tier2b.py + llm_judge_tier2b.py）,,,scripts/llm_judge_tier2b.py
3077412,寻龙诀,2015,,汉语普通话 / 英语 / 蒙古语 / 日语,tier2b默认排除,LLM_JUDGE 判定 no(conf=0.85): 蒙古语仅草原段落点缀,2026-08-15,v4.1 Tier2b 证据漏斗（score_tier2b.py + llm_judge_tier2b.py）,,,scripts/llm_judge_tier2b.py
4237879,人在囧途,2010,,汉语普通话 / 武汉话,tier2b补回,LLM_JUDGE 判定 yes(conf=0.85): 湖南武汉方言公路喜剧,2026-08-15,v4.1 Tier2b 证据漏斗（score_tier2b.py + llm_judge_tier2b.py）,,,scripts/llm_judge_tier2b.py
10574468,北京遇上西雅图,2013,,汉语普通话 / 英语 / 闽南语,tier2b默认排除,LLM_JUDGE 判定 no(conf=0.85): 西雅图背景闽南语点缀,2026-08-15,v4.1 Tier2b 证据漏斗（score_tier2b.py + llm_judge_tier2b.py）,,,scripts/llm_judge_tier2b.py
900030,鬼子来了,2000,,汉语普通话 / 日语 / 唐山话,tier2b补回,LLM_JUDGE 判定 yes(conf=0.95): 全程唐山话的姜文经典,2026-08-15,v4.1 Tier2b 证据漏斗（score_tier2b.py + llm_judge_tier2b.py）,,,scripts/llm_judge_tier2b.py
3821067,一代宗师,2013,,汉语普通话 / 粤语 / 日语,tier2b补回,LLM_JUDGE 判定 yes(conf=0.8): 粤语武林对白成规模,2026-08-15,v4.1 Tier2b 证据漏斗（score_tier2b.py + llm_judge_tier2b.py）,,,scripts/llm_judge_tier2b.py
30171424,拆弹专家2,2020,,汉语普通话 / 粤语 / 英语,tier2b补回,LLM_JUDGE 判定 yes(conf=0.85): 港产粤语原声警匪片,2026-08-15,v4.1 Tier2b 证据漏斗（score_tier2b.py + llm_judge_tier2b.py）,,,scripts/llm_judge_tier2b.py
25717233,心花路放,2014,,汉语普通话 / 粤语 / 云南方言,tier2b补回,BENCHMARK 判定 yes(conf=0.9): 云南方言段落成规模标杆片,2026-08-15,v4.1 Tier2b 证据漏斗（score_tier2b.py + llm_judge_tier2b.py）,,,scripts/llm_judge_tier2b.py
25798222,亲爱的,2014,,汉语普通话 / 安徽方言 / 粤语 / 陕西方言,tier2b补回,BENCHMARK 判定 yes(conf=0.95): 多方言寻子题材标杆片,2026-08-15,v4.1 Tier2b 证据漏斗（score_tier2b.py + llm_judge_tier2b.py）,,,scripts/llm_judge_tier2b.py
25716096,狗十三,2018,,汉语普通话 / 西安话,tier2b补回,LLM_JUDGE 判定 yes(conf=0.95): 全程西安话成长片,2026-08-15,v4.1 Tier2b 证据漏斗（score_tier2b.py + llm_judge_tier2b.py）,,,scripts/llm_judge_tier2b.py
3596502,唐山大地震,2010,,汉语普通话 / 唐山话,tier2b补回,LLM_JUDGE 判定 yes(conf=0.8): 唐山话家庭戏贯穿,2026-08-15,v4.1 Tier2b 证据漏斗（score_tier2b.py + llm_judge_tier2b.py）,,,scripts/llm_judge_tier2b.py
24745500,绣春刀,2014,,汉语普通话 / 蒙古语,tier2b默认排除,LLM_JUDGE 判定 no(conf=0.85): 普通话武侠片蒙古语点缀,2026-08-15,v4.1 Tier2b 证据漏斗（score_tier2b.py + llm_judge_tier2b.py）,,,scripts/llm_judge_tier2b.py
3824672,听说,2015,,汉语普通话 / 台湾手语 / 闽南语,tier2b默认排除,LLM_JUDGE 判定 no(conf=0.8): 手语主导闽南语少量,2026-08-15,v4.1 Tier2b 证据漏斗（score_tier2b.py + llm_judge_tier2b.py）,,,scripts/llm_judge_tier2b.py
25710912,港囧,2015,,汉语普通话 / 粤语,tier2b默认排除,LLM_JUDGE 判定 no(conf=0.9): 内地喜剧普通话主导,2026-08-15,v4.1 Tier2b 证据漏斗（score_tier2b.py + llm_judge_tier2b.py）,,,scripts/llm_judge_tier2b.py
26728669,风中有朵雨做的云,2019,,汉语普通话 / 粤语,tier2b补回,LLM_JUDGE 判定 yes(conf=0.85): 广州背景粤语对白贯穿,2026-08-15,v4.1 Tier2b 证据漏斗（score_tier2b.py + llm_judge_tier2b.py）,,,scripts/llm_judge_tier2b.py
25895276,煎饼侠,2015,,汉语普通话 / 英语 / 粤语,tier2b默认排除,LLM_JUDGE 判定 no(conf=0.9): 普通话喜剧粤语点缀,2026-08-15,v4.1 Tier2b 证据漏斗（score_tier2b.py + llm_judge_tier2b.py）,,,scripts/llm_judge_tier2b.py
25662327,火锅英雄,2016,,汉语普通话 / 重庆话,tier2b补回,LLM_JUDGE 判定 yes(conf=0.95): 全程重庆话劫案片,2026-08-15,v4.1 Tier2b 证据漏斗（score_tier2b.py + llm_judge_tier2b.py）,,,scripts/llm_judge_tier2b.py
2124703,疯狂的赛车,2009,,汉语普通话 / 青岛话 / 闽南语 / 陕西话 / 武汉话 / 四川话,tier2b补回,BENCHMARK 判定 yes(conf=0.95): 多方言混响标杆片,2026-08-15,v4.1 Tier2b 证据漏斗（score_tier2b.py + llm_judge_tier2b.py）,,,scripts/llm_judge_tier2b.py
1292434,一一,2017,,汉语普通话 / 闽南语 / 英语 / 日语,tier2b补回,LLM_JUDGE 判定 yes(conf=0.85): 台北家庭闽南语穿插,2026-08-15,v4.1 Tier2b 证据漏斗（score_tier2b.py + llm_judge_tier2b.py）,,,scripts/llm_judge_tier2b.py
24879858,分手大师,2014,,汉语普通话 / 克里奥尔语 / 英语 / 日语 / 上海话,tier2b默认排除,LLM_JUDGE 判定 no(conf=0.85): 普通话喜剧方言点缀,2026-08-15,v4.1 Tier2b 证据漏斗（score_tier2b.py + llm_judge_tier2b.py）,,,scripts/llm_judge_tier2b.py
3626416,十月围城,2009,,汉语普通话 / 粤语 / 英语,tier2b补回,LLM_JUDGE 判定 yes(conf=0.85): 1905香港市井粤语贯穿,2026-08-15,v4.1 Tier2b 证据漏斗（score_tier2b.py + llm_judge_tier2b.py）,,,scripts/llm_judge_tier2b.py
30413052,攀登者,2019,,汉语普通话 / 藏语,tier2b默认排除,LLM_JUDGE 判定 no(conf=0.85): 登山主旋律藏语点缀,2026-08-15,v4.1 Tier2b 证据漏斗（score_tier2b.py + llm_judge_tier2b.py）,,,scripts/llm_judge_tier2b.py
27191431,过春天,2019,,汉语普通话 / 粤语,tier2b补回,LLM_JUDGE 判定 yes(conf=0.9): 深港双城粤语青春片,2026-08-15,v4.1 Tier2b 证据漏斗（score_tier2b.py + llm_judge_tier2b.py）,,,scripts/llm_judge_tier2b.py
30292777,阳光普照,2019,,汉语普通话 / 闽南语,tier2b补回,LLM_JUDGE 判定 yes(conf=0.9): 家庭闽南语对白贯穿,2026-08-15,v4.1 Tier2b 证据漏斗（score_tier2b.py + llm_judge_tier2b.py）,,,scripts/llm_judge_tier2b.py
26972258,江湖儿女,2018,,汉语普通话 / 山西方言 / 湖北方言 / 重庆方言,tier2b补回,BENCHMARK 判定 yes(conf=0.95): 山西方言贯穿标杆片,2026-08-15,v4.1 Tier2b 证据漏斗（score_tier2b.py + llm_judge_tier2b.py）,,,scripts/llm_judge_tier2b.py
900180,可可西里,2004,,汉语普通话 / 藏语,tier2b补回,LLM_JUDGE 判定 yes(conf=0.9): 藏语巡山队对白成规模,2026-08-15,v4.1 Tier2b 证据漏斗（score_tier2b.py + llm_judge_tier2b.py）,,,scripts/llm_judge_tier2b.py
10763164,扫毒,2013,,汉语普通话 / 粤语 / 泰语 / 英语,tier2b补回,LLM_JUDGE 判定 yes(conf=0.8): 港产警匪粤语原声,2026-08-15,v4.1 Tier2b 证据漏斗（score_tier2b.py + llm_judge_tier2b.py）,,,scripts/llm_judge_tier2b.py
26322792,北京遇上西雅图之不二情书,2016,,汉语普通话 / 英语 / 粤语,tier2b默认排除,LLM_JUDGE 判定 no(conf=0.85): 跨国爱情片普通话主导,2026-08-15,v4.1 Tier2b 证据漏斗（score_tier2b.py + llm_judge_tier2b.py）,,,scripts/llm_judge_tier2b.py
1418070,如果·爱,2005,,汉语普通话 / 粤语 / 英语,tier2b默认排除,LLM_JUDGE 判定 no(conf=0.85): 歌舞片普通话主导,2026-08-15,v4.1 Tier2b 证据漏斗（score_tier2b.py + llm_judge_tier2b.py）,,,scripts/llm_judge_tier2b.py
6080775,黄金大劫案,2012,,汉语普通话 / 东北话,tier2b补回,LLM_JUDGE 判定 yes(conf=0.9): 全程东北话伪满喜剧,2026-08-15,v4.1 Tier2b 证据漏斗（score_tier2b.py + llm_judge_tier2b.py）,,,scripts/llm_judge_tier2b.py
4176542,杀生,2012,,汉语普通话 / 四川话,tier2b补回,LLM_JUDGE 判定 yes(conf=0.95): 川西寨子四川话贯穿,2026-08-15,v4.1 Tier2b 证据漏斗（score_tier2b.py + llm_judge_tier2b.py）,,,scripts/llm_judge_tier2b.py
10537853,万箭穿心,2012,,汉语普通话 / 武汉方言,tier2b补回,LLM_JUDGE 判定 yes(conf=0.95): 武汉方言版市井家庭片,2026-08-15,v4.1 Tier2b 证据漏斗（score_tier2b.py + llm_judge_tier2b.py）,,,scripts/llm_judge_tier2b.py
3993588,狼图腾,2015,,汉语普通话 / 蒙古语,tier2b默认排除,LLM_JUDGE 判定 no(conf=0.8): 知青片普通话主导蒙古语点缀,2026-08-15,v4.1 Tier2b 证据漏斗（score_tier2b.py + llm_judge_tier2b.py）,,,scripts/llm_judge_tier2b.py
23788440,杀破狼2,2015,,汉语普通话 / 粤语 / 英语 / 泰语 / 韩语,tier2b默认排除,LLM_JUDGE 判定 no(conf=0.85): 跨国动作合拍片,2026-08-15,v4.1 Tier2b 证据漏斗（score_tier2b.py + llm_judge_tier2b.py）,,,scripts/llm_judge_tier2b.py
26748673,拆弹专家,2017,,汉语普通话 / 粤语 / 英语,tier2b默认排除,LLM_JUDGE 判定 no(conf=0.8): 合拍警匪片普通话版主导,2026-08-15,v4.1 Tier2b 证据漏斗（score_tier2b.py + llm_judge_tier2b.py）,,,scripts/llm_judge_tier2b.py
11600078,目击者之追凶,2017,,汉语普通话 / 闽南语,tier2b补回,LLM_JUDGE 判定 yes(conf=0.85): 台片闽南语对白贯穿,2026-08-15,v4.1 Tier2b 证据漏斗（score_tier2b.py + llm_judge_tier2b.py）,,,scripts/llm_judge_tier2b.py
11625097,澳门风云 賭城風雲,2014,,汉语普通话 / 粤语 / 英语 / 葡萄牙语 / 泰语 / 韩语 / 日语,tier2b默认排除,LLM_JUDGE 判定 no(conf=0.9): 合拍赌片普通话主导,2026-08-15,v4.1 Tier2b 证据漏斗（score_tier2b.py + llm_judge_tier2b.py）,,,scripts/llm_judge_tier2b.py
11598977,叶问3,2016,,汉语普通话 / 粤语 / 英语,tier2b补回,LLM_JUDGE 判定 yes(conf=0.75): 叶问系列粤语对白成规模,2026-08-15,v4.1 Tier2b 证据漏斗（score_tier2b.py + llm_judge_tier2b.py）,,,scripts/llm_judge_tier2b.py
10604486,不二神探,2013,,汉语普通话 / 粤语 / 英语,tier2b默认排除,LLM_JUDGE 判定 no(conf=0.9): 合拍探案喜剧,2026-08-15,v4.1 Tier2b 证据漏斗（score_tier2b.py + llm_judge_tier2b.py）,,,scripts/llm_judge_tier2b.py
3230462,女人不坏,2008,,汉语普通话 / 韩语 / 乌兹别克语,tier2b默认排除,LLM_JUDGE 判定 no(conf=0.9): 无中国方言语言标签,2026-08-15,v4.1 Tier2b 证据漏斗（score_tier2b.py + llm_judge_tier2b.py）,,,scripts/llm_judge_tier2b.py
1306939,推手,1991,,汉语普通话 / 英语 / 粤语,tier2b默认排除,LLM_JUDGE 判定 no(conf=0.85): 台北美家庭粤语点缀,2026-08-15,v4.1 Tier2b 证据漏斗（score_tier2b.py + llm_judge_tier2b.py）,,,scripts/llm_judge_tier2b.py
25755645,老男孩猛龙过江,2014,,汉语普通话 / 英语 / 韩语 / 山东方言 / 意大利语,tier2b默认排除,LLM_JUDGE 判定 no(conf=0.85): 山东方言仅个别人物点缀,2026-08-15,v4.1 Tier2b 证据漏斗（score_tier2b.py + llm_judge_tier2b.py）,,,scripts/llm_judge_tier2b.py
1309004,孔雀,2005,,汉语普通话 / 晋语,tier2b补回,LLM_JUDGE 判定 yes(conf=0.85): 安阳晋语背景对白,2026-08-15,v4.1 Tier2b 证据漏斗（score_tier2b.py + llm_judge_tier2b.py）,,,scripts/llm_judge_tier2b.py
4718369,白鹿原,2012,,汉语普通话 / 陕西话,tier2b补回,LLM_JUDGE 判定 yes(conf=0.9): 关中陕西话史诗片,2026-08-15,v4.1 Tier2b 证据漏斗（score_tier2b.py + llm_judge_tier2b.py）,,,scripts/llm_judge_tier2b.py
1891179,梅兰芳,2008,,汉语普通话 / 北京话 / 日语,tier2b默认排除,LLM_JUDGE 判定 no(conf=0.8): 北京话仅梨园点缀,2026-08-15,v4.1 Tier2b 证据漏斗（score_tier2b.py + llm_judge_tier2b.py）,,,scripts/llm_judge_tier2b.py
1308587,向左走·向右走,2003,,汉语普通话 / 粤语 / 波兰语,tier2b默认排除,LLM_JUDGE 判定 no(conf=0.85): 都市爱情片普通话主导,2026-08-15,v4.1 Tier2b 证据漏斗（score_tier2b.py + llm_judge_tier2b.py）,,,scripts/llm_judge_tier2b.py
3690289,春风沉醉的夜晚,2009,,汉语普通话 / 粤语,tier2b补回,LLM_JUDGE 判定 yes(conf=0.75): 南京背景方言粤语穿插,2026-08-15,v4.1 Tier2b 证据漏斗（score_tier2b.py + llm_judge_tier2b.py）,,,scripts/llm_judge_tier2b.py
4942778,白蛇传说,2011,,汉语普通话 / 粤语,tier2b默认排除,LLM_JUDGE 判定 no(conf=0.9): 合拍奇幻动作片,2026-08-15,v4.1 Tier2b 证据漏斗（score_tier2b.py + llm_judge_tier2b.py）,,,scripts/llm_judge_tier2b.py
24987018,赤道,2015,,汉语普通话 / 粤语 / 韩语 / 英语,tier2b默认排除,LLM_JUDGE 判定 no(conf=0.85): 跨国反恐合拍片,2026-08-15,v4.1 Tier2b 证据漏斗（score_tier2b.py + llm_judge_tier2b.py）,,,scripts/llm_judge_tier2b.py
1305046,双瞳,2002,,汉语普通话 / 台语 / 英语,tier2b补回,LLM_JUDGE 判定 yes(conf=0.85): 台片台语灵异惊悚,2026-08-15,v4.1 Tier2b 证据漏斗（score_tier2b.py + llm_judge_tier2b.py）,,,scripts/llm_judge_tier2b.py
11501396,边境风云,2012,,汉语普通话 / 四川话 / 缅甸语,tier2b补回,LLM_JUDGE 判定 yes(conf=0.9): 云南边陲四川话贯穿,2026-08-15,v4.1 Tier2b 证据漏斗（score_tier2b.py + llm_judge_tier2b.py）,,,scripts/llm_judge_tier2b.py
26235349,三人行,2016,,汉语普通话 / 粤语 / 英语,tier2b默认排除,LLM_JUDGE 判定 no(conf=0.85): 合拍医院警匪片,2026-08-15,v4.1 Tier2b 证据漏斗（score_tier2b.py + llm_judge_tier2b.py）,,,scripts/llm_judge_tier2b.py
33408026,刻在你心底的名字,2020,,汉语普通话 / 英语 / 闽南语,tier2b默认排除,LLM_JUDGE 判定 no(conf=0.75): 闽南语少量青春片,2026-08-15,v4.1 Tier2b 证据漏斗（score_tier2b.py + llm_judge_tier2b.py）,,,scripts/llm_judge_tier2b.py
1421809,最好的时光,2005,,汉语普通话 / 闽南语,tier2b补回,LLM_JUDGE 判定 yes(conf=0.85): 侯孝贤闽南语段落贯穿,2026-08-15,v4.1 Tier2b 证据漏斗（score_tier2b.py + llm_judge_tier2b.py）,,,scripts/llm_judge_tier2b.py
5244092,翻滚吧！阿信,2011,,汉语普通话 / 闽南语 Hokkien,tier2b补回,LLM_JUDGE 判定 yes(conf=0.9): 宜兰闽南语励志片,2026-08-15,v4.1 Tier2b 证据漏斗（score_tier2b.py + llm_judge_tier2b.py）,,,scripts/llm_judge_tier2b.py
5318669,转山,2011,,汉语普通话 / 藏语,tier2b补回,LLM_JUDGE 判定 yes(conf=0.8): 藏区骑行藏语对白,2026-08-15,v4.1 Tier2b 证据漏斗（score_tier2b.py + llm_judge_tier2b.py）,,,scripts/llm_judge_tier2b.py
25849475,新娘大作战,2015,,汉语普通话 / 上海话,tier2b默认排除,LLM_JUDGE 判定 no(conf=0.85): 普通话都市喜剧,2026-08-15,v4.1 Tier2b 证据漏斗（score_tier2b.py + llm_judge_tier2b.py）,,,scripts/llm_judge_tier2b.py
3217122,一页台北,2010,,汉语普通话 / 闽南语,tier2b补回,LLM_JUDGE 判定 yes(conf=0.85): 台北夜市闽南语小品,2026-08-15,v4.1 Tier2b 证据漏斗（score_tier2b.py + llm_judge_tier2b.py）,,,scripts/llm_judge_tier2b.py
23126901,特殊身份,2013,,汉语普通话 / 粤语,tier2b默认排除,LLM_JUDGE 判定 no(conf=0.9): 合拍卧底动作片,2026-08-15,v4.1 Tier2b 证据漏斗（score_tier2b.py + llm_judge_tier2b.py）,,,scripts/llm_judge_tier2b.py
6869395,低俗喜剧,2012,,汉语普通话 / 粤语,tier2b补回,LLM_JUDGE 判定 yes(conf=0.9): 彭浩翔纯粤语喜剧,2026-08-15,v4.1 Tier2b 证据漏斗（score_tier2b.py + llm_judge_tier2b.py）,,,scripts/llm_judge_tier2b.py
3732800,我们天上见,2010,,汉语普通话 / 蚌埠话,tier2b补回,LLM_JUDGE 判定 yes(conf=0.9): 蚌埠话自传体祖孙片,2026-08-15,v4.1 Tier2b 证据漏斗（score_tier2b.py + llm_judge_tier2b.py）,,,scripts/llm_judge_tier2b.py
6062731,亲密敌人,2011,,汉语普通话 / 英语 / 粤语,tier2b默认排除,LLM_JUDGE 判定 no(conf=0.9): 金融商战片普通话主导,2026-08-15,v4.1 Tier2b 证据漏斗（score_tier2b.py + llm_judge_tier2b.py）,,,scripts/llm_judge_tier2b.py
25757187,我不是王毛,2016,,汉语普通话 / 河南话,tier2b补回,LLM_JUDGE 判定 yes(conf=0.95): 全程河南话黑白抗战喜剧,2026-08-15,v4.1 Tier2b 证据漏斗（score_tier2b.py + llm_judge_tier2b.py）,,,scripts/llm_judge_tier2b.py
1401205,七剑,2005,,汉语普通话 / 韩语 / 粤语,tier2b默认排除,LLM_JUDGE 判定 no(conf=0.9): 合拍武侠片普通话主导,2026-08-15,v4.1 Tier2b 证据漏斗（score_tier2b.py + llm_judge_tier2b.py）,,,scripts/llm_judge_tier2b.py
1291850,站台,2000,,汉语普通话 / 晋语,tier2b补回,BENCHMARK 判定 yes(conf=0.95): 汾阳晋语标杆片,2026-08-15,v4.1 Tier2b 证据漏斗（score_tier2b.py + llm_judge_tier2b.py）,,,scripts/llm_judge_tier2b.py
30170833,荞麦疯长,2020,,汉语普通话 / 上海话,tier2b默认排除,LLM_JUDGE 判定 no(conf=0.8): 普通话青春片方言点缀,2026-08-15,v4.1 Tier2b 证据漏斗（score_tier2b.py + llm_judge_tier2b.py）,,,scripts/llm_judge_tier2b.py
1794435,姨妈的后现代生活,2007,,汉语普通话 / 上海话 / 武汉话 / 东北话,tier2b补回,BENCHMARK 判定 yes(conf=0.95): 上海话贯穿标杆片,2026-08-15,v4.1 Tier2b 证据漏斗（score_tier2b.py + llm_judge_tier2b.py）,,,scripts/llm_judge_tier2b.py
34805873,孤味,2020,,汉语普通话 / 闽南话,tier2b补回,LLM_JUDGE 判定 yes(conf=0.9): 台南闽南语家庭片,2026-08-15,v4.1 Tier2b 证据漏斗（score_tier2b.py + llm_judge_tier2b.py）,,,scripts/llm_judge_tier2b.py
1302795,茉莉花开,2006,,汉语普通话 / 上海话,tier2b默认排除,LLM_JUDGE 判定 no(conf=0.7): 普通话为主沪语点缀,2026-08-15,v4.1 Tier2b 证据漏斗（score_tier2b.py + llm_judge_tier2b.py）,,,scripts/llm_judge_tier2b.py
11776289,华丽上班族,2015,,汉语普通话 / 粤语 / 英语,tier2b默认排除,LLM_JUDGE 判定 no(conf=0.65): 歌舞职场片双版本非粤语主体,2026-08-15,v4.1 Tier2b 证据漏斗（score_tier2b.py + llm_judge_tier2b.py）,,,scripts/llm_judge_tier2b.py
2055017,练习曲,2007,,汉语普通话 / 闽南语 / 立陶宛语,tier2b补回,LLM_JUDGE 判定 yes(conf=0.85): 环岛闽南语风土片,2026-08-15,v4.1 Tier2b 证据漏斗（score_tier2b.py + llm_judge_tier2b.py）,,,scripts/llm_judge_tier2b.py
4860078,无间道(正序版),2006,,汉语普通话 / 粤语 / 英语 / 泰语,tier2b补回,LLM_JUDGE 判定 yes(conf=0.85): 经典港片粤语对白,2026-08-15,v4.1 Tier2b 证据漏斗（score_tier2b.py + llm_judge_tier2b.py）,,,scripts/llm_judge_tier2b.py
26796664,叶问外传：张天志,2018,,汉语普通话 / 粤语 / 英语,tier2b补回,LLM_JUDGE 判定 yes(conf=0.85): 粤语功夫片,2026-08-15,v4.1 Tier2b 证据漏斗（score_tier2b.py + llm_judge_tier2b.py）,,,scripts/llm_judge_tier2b.py
1322851,青红,2005,,汉语普通话 / 上海话,tier2b补回,LLM_JUDGE 判定 yes(conf=0.8): 三线贵州上海话家庭,2026-08-15,v4.1 Tier2b 证据漏斗（score_tier2b.py + llm_judge_tier2b.py）,,,scripts/llm_judge_tier2b.py
5364987,孤岛惊魂,2011,,汉语普通话 / 粤语 / 英语 / 日语,tier2b默认排除,LLM_JUDGE 判定 no(conf=0.9): 合拍恐怖片,2026-08-15,v4.1 Tier2b 证据漏斗（score_tier2b.py + llm_judge_tier2b.py）,,,scripts/llm_judge_tier2b.py
1305261,恐怖分子,1986,,汉语普通话 / 闽南语,tier2b补回,LLM_JUDGE 判定 yes(conf=0.9): 杨德昌台北闽南语片,2026-08-15,v4.1 Tier2b 证据漏斗（score_tier2b.py + llm_judge_tier2b.py）,,,scripts/llm_judge_tier2b.py
6973460,冰封：重生之门,2014,,汉语普通话 / 粤语,tier2b默认排除,LLM_JUDGE 判定 no(conf=0.9): 合拍奇幻动作片,2026-08-15,v4.1 Tier2b 证据漏斗（score_tier2b.py + llm_judge_tier2b.py）,,,scripts/llm_judge_tier2b.py
3607666,高兴,2009,,汉语普通话 / 陕西话,tier2b补回,LLM_JUDGE 判定 yes(conf=0.9): 陕西话音乐喜剧,2026-08-15,v4.1 Tier2b 证据漏斗（score_tier2b.py + llm_judge_tier2b.py）,,,scripts/llm_judge_tier2b.py
1761854,高三,2005,,汉语普通话 / 福建方言,tier2b补回,LLM_JUDGE 判定 yes(conf=0.9): 福建方言高三纪录片,2026-08-15,v4.1 Tier2b 证据漏斗（score_tier2b.py + llm_judge_tier2b.py）,,,scripts/llm_judge_tier2b.py
1306870,猛龙过江,1972,,汉语普通话 / 粤语 / 英语 / 意大利语,tier2b补回,LLM_JUDGE 判定 yes(conf=0.8): 李小龙港片粤语对白,2026-08-15,v4.1 Tier2b 证据漏斗（score_tier2b.py + llm_judge_tier2b.py）,,,scripts/llm_judge_tier2b.py
1299436,风柜来的人,1983,,汉语普通话 / 闽南语,tier2b补回,LLM_JUDGE 判定 yes(conf=0.9): 侯孝贤闽南语青春片,2026-08-15,v4.1 Tier2b 证据漏斗（score_tier2b.py + llm_judge_tier2b.py）,,,scripts/llm_judge_tier2b.py
26263443,恋爱中的城市,2015,,汉语普通话 / 法语 / 捷克语 / 日语 / 意大利语 / 英语 / 上海话,tier2b默认排除,LLM_JUDGE 判定 no(conf=0.85): 五城爱情拼盘,2026-08-15,v4.1 Tier2b 证据漏斗（score_tier2b.py + llm_judge_tier2b.py）,,,scripts/llm_judge_tier2b.py
1297418,麻将,1996,,汉语普通话 / 英语 / 法语 / 闽南语,tier2b补回,LLM_JUDGE 判定 yes(conf=0.8): 杨德昌台北闽南语群像,2026-08-15,v4.1 Tier2b 证据漏斗（score_tier2b.py + llm_judge_tier2b.py）,,,scripts/llm_judge_tier2b.py
1300678,没事偷着乐,1999,,汉语普通话 / 天津方言,tier2b补回,LLM_JUDGE 判定 yes(conf=0.9): 全程天津话市民喜剧,2026-08-15,v4.1 Tier2b 证据漏斗（score_tier2b.py + llm_judge_tier2b.py）,,,scripts/llm_judge_tier2b.py
4082101,喜羊羊与灰太狼之虎虎生威,2010,,汉语普通话 / 粤语,tier2b默认排除,LLM_JUDGE 判定 no(conf=0.9): 粤语仅为配音版本,2026-08-15,v4.1 Tier2b 证据漏斗（score_tier2b.py + llm_judge_tier2b.py）,,,scripts/llm_judge_tier2b.py
1304476,独立时代,1994,,汉语普通话 / 闽南话,tier2b补回,LLM_JUDGE 判定 yes(conf=0.9): 杨德昌台北闽南话群像,2026-08-15,v4.1 Tier2b 证据漏斗（score_tier2b.py + llm_judge_tier2b.py）,,,scripts/llm_judge_tier2b.py
1308130,少女小渔,1995,,汉语普通话 / 英语 / 粤语,tier2b默认排除,LLM_JUDGE 判定 no(conf=0.85): 纽约移民片粤语点缀,2026-08-15,v4.1 Tier2b 证据漏斗（score_tier2b.py + llm_judge_tier2b.py）,,,scripts/llm_judge_tier2b.py
6721670,秦时明月之龙腾万里,2014,,汉语普通话 / 陕西方言,tier2b默认排除,LLM_JUDGE 判定 no(conf=0.85): 动画普通话配音方言点缀,2026-08-15,v4.1 Tier2b 证据漏斗（score_tier2b.py + llm_judge_tier2b.py）,,,scripts/llm_judge_tier2b.py
1947270,天狗,2006,,汉语普通话 / 晋语,tier2b补回,LLM_JUDGE 判定 yes(conf=0.9): 晋语山村护林片,2026-08-15,v4.1 Tier2b 证据漏斗（score_tier2b.py + llm_judge_tier2b.py）,,,scripts/llm_judge_tier2b.py
1291876,黄土地,1984,,汉语普通话 / 陕西方言,tier2b补回,LLM_JUDGE 判定 yes(conf=0.9): 陕北方言民歌经典,2026-08-15,v4.1 Tier2b 证据漏斗（score_tier2b.py + llm_judge_tier2b.py）,,,scripts/llm_judge_tier2b.py
11443316,龙之谷：破晓奇兵,2014,,汉语普通话 / 粤语,tier2b默认排除,LLM_JUDGE 判定 no(conf=0.9): 动画配音版本标签,2026-08-15,v4.1 Tier2b 证据漏斗（score_tier2b.py + llm_judge_tier2b.py）,,,scripts/llm_judge_tier2b.py
4237863,一场风花雪月的事,2013,,汉语普通话 / 英语 / 韩语 / 日语 / 粤语 / 意大利语,tier2b默认排除,LLM_JUDGE 判定 no(conf=0.9): 合拍警匪爱情片,2026-08-15,v4.1 Tier2b 证据漏斗（score_tier2b.py + llm_judge_tier2b.py）,,,scripts/llm_judge_tier2b.py
3892449,熊猫大侠,2009,,汉语普通话 / 四川方言,tier2b补回,LLM_JUDGE 判定 yes(conf=0.75): 四川方言古装喜剧,2026-08-15,v4.1 Tier2b 证据漏斗（score_tier2b.py + llm_judge_tier2b.py）,,,scripts/llm_judge_tier2b.py
26957500,老兽,2017,,汉语普通话 / 晋语,tier2b补回,LLM_JUDGE 判定 yes(conf=0.85): 鄂尔多斯晋语家庭片,2026-08-15,v4.1 Tier2b 证据漏斗（score_tier2b.py + llm_judge_tier2b.py）,,,scripts/llm_judge_tier2b.py
3629232,带我去远方,2009,,汉语普通话 / 闽南语,tier2b补回,LLM_JUDGE 判定 yes(conf=0.85): 闽南语渔村少女片,2026-08-15,v4.1 Tier2b 证据漏斗（score_tier2b.py + llm_judge_tier2b.py）,,,scripts/llm_judge_tier2b.py
26324232,摇摇晃晃的人间,2017,,汉语普通话 / 湖北方言,tier2b补回,LLM_JUDGE 判定 yes(conf=0.9): 余秀华湖北方言纪录片,2026-08-15,v4.1 Tier2b 证据漏斗（score_tier2b.py + llm_judge_tier2b.py）,,,scripts/llm_judge_tier2b.py
1309087,世界,2005,,汉语普通话 / 晋语 / 俄语 / 英语,tier2b补回,LLM_JUDGE 判定 yes(conf=0.85): 贾樟柯晋语北漂片,2026-08-15,v4.1 Tier2b 证据漏斗（score_tier2b.py + llm_judge_tier2b.py）,,,scripts/llm_judge_tier2b.py
30419744,春江水暖,2020,,汉语普通话 / 杭州话,tier2b补回,LLM_JUDGE 判定 yes(conf=0.9): 富阳杭州话家族片,2026-08-15,v4.1 Tier2b 证据漏斗（score_tier2b.py + llm_judge_tier2b.py）,,,scripts/llm_judge_tier2b.py
35154957,消失的情人节,2020,,汉语普通话 / 闽南语,tier2b补回,LLM_JUDGE 判定 yes(conf=0.85): 陈玉勋闽南语奇幻爱情,2026-08-15,v4.1 Tier2b 证据漏斗（score_tier2b.py + llm_judge_tier2b.py）,,,scripts/llm_judge_tier2b.py
10833919,美姐,2013,,汉语普通话 / 晋语,tier2b补回,LLM_JUDGE 判定 yes(conf=0.9): 晋语二人台乡土片,2026-08-15,v4.1 Tier2b 证据漏斗（score_tier2b.py + llm_judge_tier2b.py）,,,scripts/llm_judge_tier2b.py
24751765,喜羊羊与灰太狼之飞马奇遇记,2014,,汉语普通话 / 粤语,tier2b默认排除,LLM_JUDGE 判定 no(conf=0.9): 动画配音版本,2026-08-15,v4.1 Tier2b 证据漏斗（score_tier2b.py + llm_judge_tier2b.py）,,,scripts/llm_judge_tier2b.py
4166487,肩上蝶,2011,,汉语普通话 / 粤语,tier2b默认排除,LLM_JUDGE 判定 no(conf=0.9): 合拍奇幻爱情片,2026-08-15,v4.1 Tier2b 证据漏斗（score_tier2b.py + llm_judge_tier2b.py）,,,scripts/llm_judge_tier2b.py
1307561,青少年哪吒,1992,,汉语普通话 / 台语,tier2b补回,LLM_JUDGE 判定 yes(conf=0.9): 蔡明亮西门町台语片,2026-08-15,v4.1 Tier2b 证据漏斗（score_tier2b.py + llm_judge_tier2b.py）,,,scripts/llm_judge_tier2b.py
2038365,十三棵泡桐,2007,,汉语普通话 / 四川话,tier2b补回,LLM_JUDGE 判定 yes(conf=0.85): 成都四川话青春片,2026-08-15,v4.1 Tier2b 证据漏斗（score_tier2b.py + llm_judge_tier2b.py）,,,scripts/llm_judge_tier2b.py
4291275,到阜阳六百里,2011,,汉语普通话 / 上海话,tier2b补回,LLM_JUDGE 判定 yes(conf=0.85): 沪语底层打工女性片,2026-08-15,v4.1 Tier2b 证据漏斗（score_tier2b.py + llm_judge_tier2b.py）,,,scripts/llm_judge_tier2b.py
24891524,5月天诺亚方舟,2013,,汉语普通话 / 英语 / 闽南语,tier2b默认排除,LLM_JUDGE 判定 no(conf=0.85): 演唱会电影,2026-08-15,v4.1 Tier2b 证据漏斗（score_tier2b.py + llm_judge_tier2b.py）,,,scripts/llm_judge_tier2b.py
26282530,再见，在也不见,2016,,汉语普通话 / 英语 / 泰语 / 粤语 / 闽南话,tier2b默认排除,LLM_JUDGE 判定 uncertain(conf=0.5): 多国别三段拼盘方言占比不明,2026-08-15,v4.1 Tier2b 证据漏斗（score_tier2b.py + llm_judge_tier2b.py）,,,scripts/llm_judge_tier2b.py
5294344,出轨的女人,2011,,普通话/国语 / 粤语,tier2b默认排除,LLM_JUDGE 判定 no(conf=0.7): 港产都市片默认排除,2026-08-15,v4.1 Tier2b 证据漏斗（score_tier2b.py + llm_judge_tier2b.py）,,,scripts/llm_judge_tier2b.py
3552301,爱到底,2011,,汉语普通话 / 台语,tier2b补回,LLM_JUDGE 判定 yes(conf=0.75): 台语三段式爱情片,2026-08-15,v4.1 Tier2b 证据漏斗（score_tier2b.py + llm_judge_tier2b.py）,,,scripts/llm_judge_tier2b.py
1298871,海滩的一天,1983,,汉语普通话 / 闽南话 / 日语 / 德语,tier2b补回,LLM_JUDGE 判定 yes(conf=0.9): 杨德昌南部闽南语片,2026-08-15,v4.1 Tier2b 证据漏斗（score_tier2b.py + llm_judge_tier2b.py）,,,scripts/llm_judge_tier2b.py
26263919,谋杀似水年华,2016,,汉语普通话 / 云南方言,tier2b默认排除,LLM_JUDGE 判定 no(conf=0.85): 合拍悬疑片方言点缀,2026-08-15,v4.1 Tier2b 证据漏斗（score_tier2b.py + llm_judge_tier2b.py）,,,scripts/llm_judge_tier2b.py
4253448,第四张画,2010,,国语 / 闽南语,tier2b补回,LLM_JUDGE 判定 yes(conf=0.85): 钟孟宏闽南语家庭片,2026-08-15,v4.1 Tier2b 证据漏斗（score_tier2b.py + llm_judge_tier2b.py）,,,scripts/llm_judge_tier2b.py
4307349,父后七日,2010,,汉语普通话 / 闽南语,tier2b补回,LLM_JUDGE 判定 yes(conf=0.9): 闽南语丧葬民俗喜剧,2026-08-15,v4.1 Tier2b 证据漏斗（score_tier2b.py + llm_judge_tier2b.py）,,,scripts/llm_judge_tier2b.py
26924141,低压槽：欲望之城,2018,,汉语普通话 / 粤语 / 英语 / 泰语,tier2b默认排除,LLM_JUDGE 判定 no(conf=0.85): 风格化警匪片,2026-08-15,v4.1 Tier2b 证据漏斗（score_tier2b.py + llm_judge_tier2b.py）,,,scripts/llm_judge_tier2b.py
26647876,地球：神奇的一天,2017,,汉语普通话 / 英语 / 粤语,tier2b默认排除,LLM_JUDGE 判定 no(conf=0.9): 自然纪录片,2026-08-15,v4.1 Tier2b 证据漏斗（score_tier2b.py + llm_judge_tier2b.py）,,,scripts/llm_judge_tier2b.py
25746414,暴走神探,2015,,汉语普通话 / 英语 / 上海话,tier2b补回,LLM_JUDGE 判定 yes(conf=0.75): 民国上海探案沪语对白,2026-08-15,v4.1 Tier2b 证据漏斗（score_tier2b.py + llm_judge_tier2b.py）,,,scripts/llm_judge_tier2b.py
1303458,南国再见，南国,1996,,汉语普通话 / 闽南语,tier2b补回,LLM_JUDGE 判定 yes(conf=0.9): 侯孝贤闽南语黑帮片,2026-08-15,v4.1 Tier2b 证据漏斗（score_tier2b.py + llm_judge_tier2b.py）,,,scripts/llm_judge_tier2b.py
1308228,鲁冰花,1989,,汉语普通话 / 闽南语,tier2b补回,LLM_JUDGE 判定 yes(conf=0.9): 闽南语乡土经典,2026-08-15,v4.1 Tier2b 证据漏斗（score_tier2b.py + llm_judge_tier2b.py）,,,scripts/llm_judge_tier2b.py
1302537,火烧岛,1991,,汉语普通话 / 粤语 / 英语 / 塔加路语,tier2b默认排除,LLM_JUDGE 判定 no(conf=0.85): 全明星监狱动作片,2026-08-15,v4.1 Tier2b 证据漏斗（score_tier2b.py + llm_judge_tier2b.py）,,,scripts/llm_judge_tier2b.py
6894068,宅男电台,2011,,汉语普通话 / 日语 / 上海话,tier2b补回,LLM_JUDGE 判定 yes(conf=0.8): 上海弄堂沪语小品,2026-08-15,v4.1 Tier2b 证据漏斗（score_tier2b.py + llm_judge_tier2b.py）,,,scripts/llm_judge_tier2b.py
5382848,鸡排英雄,2011,,汉语普通话 / 闽南语,tier2b补回,LLM_JUDGE 判定 yes(conf=0.85): 闽南语夜市喜剧,2026-08-15,v4.1 Tier2b 证据漏斗（score_tier2b.py + llm_judge_tier2b.py）,,,scripts/llm_judge_tier2b.py
2375763,漂浪青春,2008,,汉语普通话 / 台语,tier2b补回,LLM_JUDGE 判定 yes(conf=0.85): 台语三段式文艺片,2026-08-15,v4.1 Tier2b 证据漏斗（score_tier2b.py + llm_judge_tier2b.py）,,,scripts/llm_judge_tier2b.py
4728518,人山人海,2012,,汉语普通话 / 贵州话,tier2b补回,LLM_JUDGE 判定 yes(conf=0.85): 贵州方言千里追凶片,2026-08-15,v4.1 Tier2b 证据漏斗（score_tier2b.py + llm_judge_tier2b.py）,,,scripts/llm_judge_tier2b.py
26365631,冲天火,2016,,汉语普通话 / 粤语,tier2b默认排除,LLM_JUDGE 判定 no(conf=0.85): 港式灾难动作合拍片,2026-08-15,v4.1 Tier2b 证据漏斗（score_tier2b.py + llm_judge_tier2b.py）,,,scripts/llm_judge_tier2b.py
26586488,红衣小女孩,2015,,汉语普通话 / 台语,tier2b补回,LLM_JUDGE 判定 yes(conf=0.8): 台语民俗恐怖片,2026-08-15,v4.1 Tier2b 证据漏斗（score_tier2b.py + llm_judge_tier2b.py）,,,scripts/llm_judge_tier2b.py
25951720,寻找心中的你,2016,,汉语普通话 / 粤语 / 英语,tier2b补回,LLM_JUDGE 判定 yes(conf=0.75): 90年代港式粤语纯爱片,2026-08-15,v4.1 Tier2b 证据漏斗（score_tier2b.py + llm_judge_tier2b.py）,,,scripts/llm_judge_tier2b.py
1424582,红颜,2005,,汉语普通话 / 四川话,tier2b补回,LLM_JUDGE 判定 yes(conf=0.9): 四川方言县城女性片,2026-08-15,v4.1 Tier2b 证据漏斗（score_tier2b.py + llm_judge_tier2b.py）,,,scripts/llm_judge_tier2b.py
6858739,爱的面包魂,2012,,汉语普通话 / 闽南语 / 英语 / 法语,tier2b补回,LLM_JUDGE 判定 yes(conf=0.8): 闽南语面包店喜剧,2026-08-15,v4.1 Tier2b 证据漏斗（score_tier2b.py + llm_judge_tier2b.py）,,,scripts/llm_judge_tier2b.py
26306656,醉·生梦死,2015,,汉语普通话 / 闽南语,tier2b补回,LLM_JUDGE 判定 yes(conf=0.85): 张作骥闽南语边缘人片,2026-08-15,v4.1 Tier2b 证据漏斗（score_tier2b.py + llm_judge_tier2b.py）,,,scripts/llm_judge_tier2b.py
7056398,喜羊羊与灰太狼之开心闯龙年,2012,,汉语普通话 / 粤语,tier2b默认排除,LLM_JUDGE 判定 no(conf=0.9): 动画配音版本,2026-08-15,v4.1 Tier2b 证据漏斗（score_tier2b.py + llm_judge_tier2b.py）,,,scripts/llm_judge_tier2b.py
1302181,热带鱼,1995,,汉语普通话 / 闽南语,tier2b补回,LLM_JUDGE 判定 yes(conf=0.9): 陈玉勋闽南语绑架喜剧,2026-08-15,v4.1 Tier2b 证据漏斗（score_tier2b.py + llm_judge_tier2b.py）,,,scripts/llm_judge_tier2b.py
1300581,至尊无上,1989,,汉语普通话 / 英语 / 粤语 / 日语,tier2b默认排除,LLM_JUDGE 判定 no(conf=0.85): 港式赌片,2026-08-15,v4.1 Tier2b 证据漏斗（score_tier2b.py + llm_judge_tier2b.py）,,,scripts/llm_judge_tier2b.py
25832758,神笔马良,2014,,汉语普通话 / 山东方言,tier2b默认排除,LLM_JUDGE 判定 no(conf=0.85): 动画方言点缀,2026-08-15,v4.1 Tier2b 证据漏斗（score_tier2b.py + llm_judge_tier2b.py）,,,scripts/llm_judge_tier2b.py
2271640,天下第二,2007,,汉语普通话 / 日语 / 英语 / 陕西方言 / 四川方言,tier2b补回,LLM_JUDGE 判定 yes(conf=0.75): 陕川方言武侠喜剧,2026-08-15,v4.1 Tier2b 证据漏斗（score_tier2b.py + llm_judge_tier2b.py）,,,scripts/llm_judge_tier2b.py
26994321,角头2：王者再起,2018,,汉语普通话 / 闽南语,tier2b补回,LLM_JUDGE 判定 yes(conf=0.85): 闽南语黑帮片,2026-08-15,v4.1 Tier2b 证据漏斗（score_tier2b.py + llm_judge_tier2b.py）,,,scripts/llm_judge_tier2b.py
2148295,奇迹世界,2007,,汉语普通话 / 天津话,tier2b补回,LLM_JUDGE 判定 yes(conf=0.8): 宁浩天津话短片,2026-08-15,v4.1 Tier2b 证据漏斗（score_tier2b.py + llm_judge_tier2b.py）,,,scripts/llm_judge_tier2b.py
4304212,当爱来的时候,2010,,汉语普通话 / 闽南语,tier2b补回,LLM_JUDGE 判定 yes(conf=0.85): 张作骥闽南语家庭片,2026-08-15,v4.1 Tier2b 证据漏斗（score_tier2b.py + llm_judge_tier2b.py）,,,scripts/llm_judge_tier2b.py
1888671,鸡犬不宁,2006,,汉语普通话 / 河南话,tier2b补回,BENCHMARK 判定 yes(conf=0.9): 河南话豫剧艺人喜剧,2026-08-15,v4.1 Tier2b 证据漏斗（score_tier2b.py + llm_judge_tier2b.py）,,,scripts/llm_judge_tier2b.py
25756355,特工艾米拉,2014,,汉语普通话 / 粤语,tier2b默认排除,LLM_JUDGE 判定 no(conf=0.9): 动作片粤语点缀,2026-08-15,v4.1 Tier2b 证据漏斗（score_tier2b.py + llm_judge_tier2b.py）,,,scripts/llm_judge_tier2b.py
25715087,最佳嫌疑人,2014,,汉语普通话 / 粤语 / 日语 / 韩语,tier2b默认排除,LLM_JUDGE 判定 no(conf=0.85): 商战悬疑片,2026-08-15,v4.1 Tier2b 证据漏斗（score_tier2b.py + llm_judge_tier2b.py）,,,scripts/llm_judge_tier2b.py
11528251,告诉他们，我乘白鹤去了,2012,,汉语普通话 / 甘肃方言,tier2b补回,LLM_JUDGE 判定 yes(conf=0.9): 李睿珺甘肃方言棺材片,2026-08-15,v4.1 Tier2b 证据漏斗（score_tier2b.py + llm_judge_tier2b.py）,,,scripts/llm_judge_tier2b.py
4078592,上海王,2017,,汉语普通话 / 英语 / 上海话 / 日语,tier2b补回,LLM_JUDGE 判定 yes(conf=0.75): 上海滩黑帮沪语对白,2026-08-15,v4.1 Tier2b 证据漏斗（score_tier2b.py + llm_judge_tier2b.py）,,,scripts/llm_judge_tier2b.py
1302384,赵先生,1999,,汉语普通话 / 上海话,tier2b补回,LLM_JUDGE 判定 yes(conf=0.85): 吕乐上海沪语写实片,2026-08-15,v4.1 Tier2b 证据漏斗（score_tier2b.py + llm_judge_tier2b.py）,,,scripts/llm_judge_tier2b.py
27199913,灰猴,2019,,汉语普通话 / 山西方言,tier2b补回,LLM_JUDGE 判定 yes(conf=0.85): 山西方言犯罪喜剧,2026-08-15,v4.1 Tier2b 证据漏斗（score_tier2b.py + llm_judge_tier2b.py）,,,scripts/llm_judge_tier2b.py
10604851,恶战,2014,,汉语普通话 / 粤语 / 日语,tier2b默认排除,LLM_JUDGE 判定 no(conf=0.85): 上海滩动作片普通话主导,2026-08-15,v4.1 Tier2b 证据漏斗（score_tier2b.py + llm_judge_tier2b.py）,,,scripts/llm_judge_tier2b.py
4707237,我的野蛮女友2,2010,,汉语普通话 / 粤语,tier2b默认排除,LLM_JUDGE 判定 no(conf=0.9): 合拍爱情喜剧,2026-08-15,v4.1 Tier2b 证据漏斗（score_tier2b.py + llm_judge_tier2b.py）,,,scripts/llm_judge_tier2b.py
19962587,夜莺,2014,,汉语普通话 / 广西方言 / 法语,tier2b补回,LLM_JUDGE 判定 yes(conf=0.8): 广西方言祖孙公路片,2026-08-15,v4.1 Tier2b 证据漏斗（score_tier2b.py + llm_judge_tier2b.py）,,,scripts/llm_judge_tier2b.py
4275444,有一天,2010,,汉语普通话 / 闽南语,tier2b补回,LLM_JUDGE 判定 yes(conf=0.75): 高雄旗津闽南语奇幻,2026-08-15,v4.1 Tier2b 证据漏斗（score_tier2b.py + llm_judge_tier2b.py）,,,scripts/llm_judge_tier2b.py
33464837,蓝色防线,2020,,汉语普通话 / 英语 / 河南方言 / 努维尔语,tier2b补回,LLM_JUDGE 判定 yes(conf=0.75): 维和官兵河南方言纪实,2026-08-15,v4.1 Tier2b 证据漏斗（score_tier2b.py + llm_judge_tier2b.py）,,,scripts/llm_judge_tier2b.py
26061902,东北偏北,2015,,汉语普通话 / 东北方言,tier2b补回,LLM_JUDGE 判定 yes(conf=0.85): 东北方言破案喜剧,2026-08-15,v4.1 Tier2b 证据漏斗（score_tier2b.py + llm_judge_tier2b.py）,,,scripts/llm_judge_tier2b.py
1302941,戏梦人生,1994,,汉语普通话 / 日语 / 闽南语,tier2b补回,LLM_JUDGE 判定 yes(conf=0.9): 侯孝贤闽南语布袋戏传记,2026-08-15,v4.1 Tier2b 证据漏斗（score_tier2b.py + llm_judge_tier2b.py）,,,scripts/llm_judge_tier2b.py
20515031,总铺师,2013,,汉语普通话 / 闽南语,tier2b补回,LLM_JUDGE 判定 yes(conf=0.85): 陈玉勋闽南语办桌喜剧,2026-08-15,v4.1 Tier2b 证据漏斗（score_tier2b.py + llm_judge_tier2b.py）,,,scripts/llm_judge_tier2b.py
26961159,囚,2017,,汉语普通话 / 东北方言,tier2b补回,LLM_JUDGE 判定 yes(conf=0.9): 东北精神病院纪录片,2026-08-15,v4.1 Tier2b 证据漏斗（score_tier2b.py + llm_judge_tier2b.py）,,,scripts/llm_judge_tier2b.py
1299227,魔法阿妈,1998,,汉语普通话 / 闽南语,tier2b补回,LLM_JUDGE 判定 yes(conf=0.9): 闽南语动画经典,2026-08-15,v4.1 Tier2b 证据漏斗（score_tier2b.py + llm_judge_tier2b.py）,,,scripts/llm_judge_tier2b.py
26177735,皮绳上的魂,2017,,汉语普通话 / 藏语,tier2b补回,LLM_JUDGE 判定 yes(conf=0.85): 藏语魔幻公路片,2026-08-15,v4.1 Tier2b 证据漏斗（score_tier2b.py + llm_judge_tier2b.py）,,,scripts/llm_judge_tier2b.py
1424631,大李小李和老李,1962,,汉语普通话 / 沪语,tier2b补回,LLM_JUDGE 判定 yes(conf=0.9): 沪语滑稽戏体育喜剧经典,2026-08-15,v4.1 Tier2b 证据漏斗（score_tier2b.py + llm_judge_tier2b.py）,,,scripts/llm_judge_tier2b.py
2230890,无用,2007,,汉语普通话 / 粤语 / 英语 / 法语,tier2b补回,LLM_JUDGE 判定 yes(conf=0.7): 贾樟柯纪录片粤语汾阳段落,2026-08-15,v4.1 Tier2b 证据漏斗（score_tier2b.py + llm_judge_tier2b.py）,,,scripts/llm_judge_tier2b.py
1305441,人在纽约,1989,,汉语普通话 / 英语 / 粤语,tier2b默认排除,LLM_JUDGE 判定 no(conf=0.85): 纽约华人片普通话英语为主,2026-08-15,v4.1 Tier2b 证据漏斗（score_tier2b.py + llm_judge_tier2b.py）,,,scripts/llm_judge_tier2b.py
25727544,寻找罗麦,2018,,汉语普通话 / 英语 / 藏语 / 法语,tier2b默认排除,LLM_JUDGE 判定 no(conf=0.85): 藏语仅点缀,2026-08-15,v4.1 Tier2b 证据漏斗（score_tier2b.py + llm_judge_tier2b.py）,,,scripts/llm_judge_tier2b.py
11537964,有人赞美聪慧，有人则不,2012,,汉语普通话 / 汉语方言,tier2b补回,LLM_JUDGE 判定 yes(conf=0.8): 山西儿童片汉语方言,2026-08-15,v4.1 Tier2b 证据漏斗（score_tier2b.py + llm_judge_tier2b.py）,,,scripts/llm_judge_tier2b.py
1294139,似水流年,1984,,汉语普通话 / 粤语,tier2b补回,LLM_JUDGE 判定 yes(conf=0.8): 潮汕乡情片方言对白,2026-08-15,v4.1 Tier2b 证据漏斗（score_tier2b.py + llm_judge_tier2b.py）,,,scripts/llm_judge_tier2b.py
26968495,最后的诗句,2017,,汉语普通话 / 闽南语,tier2b补回,LLM_JUDGE 判定 yes(conf=0.8): 闽南语青年爱情片,2026-08-15,v4.1 Tier2b 证据漏斗（score_tier2b.py + llm_judge_tier2b.py）,,,scripts/llm_judge_tier2b.py
30208007,藏北秘岭-重返无人区,2018,,汉语普通话 / 藏语,tier2b补回,LLM_JUDGE 判定 yes(conf=0.8): 羌塘藏区藏语纪录片,2026-08-15,v4.1 Tier2b 证据漏斗（score_tier2b.py + llm_judge_tier2b.py）,,,scripts/llm_judge_tier2b.py
6989743,阵头,2012,,汉语普通话 / 闽南语,tier2b补回,LLM_JUDGE 判定 yes(conf=0.85): 闽南语阵头文化片,2026-08-15,v4.1 Tier2b 证据漏斗（score_tier2b.py + llm_judge_tier2b.py）,,,scripts/llm_judge_tier2b.py
26605028,幸福路上,2018,,汉语普通话 / 英语 / 闽南语,tier2b补回,LLM_JUDGE 判定 yes(conf=0.75): 闽南语手绘动画长片,2026-08-15,v4.1 Tier2b 证据漏斗（score_tier2b.py + llm_judge_tier2b.py）,,,scripts/llm_judge_tier2b.py
3212098,河上的爱情,2008,,汉语普通话 / 粤语,tier2b补回,LLM_JUDGE 判定 yes(conf=0.7): 贾樟柯短片粤语旧友重聚,2026-08-15,v4.1 Tier2b 证据漏斗（score_tier2b.py + llm_judge_tier2b.py）,,,scripts/llm_judge_tier2b.py
1305085,盗马贼,1986,,汉语普通话 / 藏语,tier2b补回,LLM_JUDGE 判定 yes(conf=0.9): 藏语宗教经典,2026-08-15,v4.1 Tier2b 证据漏斗（score_tier2b.py + llm_judge_tier2b.py）,,,scripts/llm_judge_tier2b.py
4707225,不是闹着玩的,2010,,普通话/国语 / 河南方言,tier2b补回,LLM_JUDGE 判定 yes(conf=0.85): 河南方言农民拍电影喜剧,2026-08-15,v4.1 Tier2b 证据漏斗（score_tier2b.py + llm_judge_tier2b.py）,,,scripts/llm_judge_tier2b.py
34925598,腿,2020,,汉语普通话 / 闽南话,tier2b补回,LLM_JUDGE 判定 yes(conf=0.8): 闽南语黑色幽默寻腿片,2026-08-15,v4.1 Tier2b 证据漏斗（score_tier2b.py + llm_judge_tier2b.py）,,,scripts/llm_judge_tier2b.py
11599151,大尾鲈鳗,2013,,汉语普通话 / 闽南语,tier2b补回,LLM_JUDGE 判定 yes(conf=0.85): 猪哥亮闽南语喜剧,2026-08-15,v4.1 Tier2b 证据漏斗（score_tier2b.py + llm_judge_tier2b.py）,,,scripts/llm_judge_tier2b.py
10864713,明天记得爱上我,2013,,汉语普通话 / 粤语,tier2b默认排除,LLM_JUDGE 判定 no(conf=0.6): 台北家庭片粤语点缀,2026-08-15,v4.1 Tier2b 证据漏斗（score_tier2b.py + llm_judge_tier2b.py）,,,scripts/llm_judge_tier2b.py
10864754,天津闲人,2012,,汉语普通话 / 天津话,tier2b补回,LLM_JUDGE 判定 yes(conf=0.9): 天津话民国市井片,2026-08-15,v4.1 Tier2b 证据漏斗（score_tier2b.py + llm_judge_tier2b.py）,,,scripts/llm_judge_tier2b.py
26275692,角头,2015,,汉语普通话 / 闽南语,tier2b补回,LLM_JUDGE 判定 yes(conf=0.85): 闽南语市场黑帮片,2026-08-15,v4.1 Tier2b 证据漏斗（score_tier2b.py + llm_judge_tier2b.py）,,,scripts/llm_judge_tier2b.py
6890737,光辉岁月,2013,,汉语普通话 / 粤语,tier2b默认排除,LLM_JUDGE 判定 no(conf=0.85): 清末动作片粤语点缀,2026-08-15,v4.1 Tier2b 证据漏斗（score_tier2b.py + llm_judge_tier2b.py）,,,scripts/llm_judge_tier2b.py
27069377,淡蓝琥珀,2018,,汉语普通话 / 重庆方言,tier2b补回,LLM_JUDGE 判定 yes(conf=0.85): 重庆方言女性文艺片,2026-08-15,v4.1 Tier2b 证据漏斗（score_tier2b.py + llm_judge_tier2b.py）,,,scripts/llm_judge_tier2b.py
25775642,嘿！小面,2013,,汉语普通话 / 重庆话,tier2b补回,LLM_JUDGE 判定 yes(conf=0.9): 重庆话美食纪录片,2026-08-15,v4.1 Tier2b 证据漏斗（score_tier2b.py + llm_judge_tier2b.py）,,,scripts/llm_judge_tier2b.py
3266406,筑梦2008,2008,,普通话 / 上海话 / 英语 / 法语,tier2b默认排除,LLM_JUDGE 判定 uncertain(conf=0.5): 奥运纪录片多语采访,2026-08-15,v4.1 Tier2b 证据漏斗（score_tier2b.py + llm_judge_tier2b.py）,,,scripts/llm_judge_tier2b.py
21264285,爱别离,2013,,汉语普通话 / 藏语,tier2b默认排除,LLM_JUDGE 判定 no(conf=0.75): 藏语仅单段点缀,2026-08-15,v4.1 Tier2b 证据漏斗（score_tier2b.py + llm_judge_tier2b.py）,,,scripts/llm_judge_tier2b.py
26732377,川流之岛,2016,,汉语普通话 / 闽南语,tier2b补回,LLM_JUDGE 判定 yes(conf=0.85): 闽南语收费员爱情片,2026-08-15,v4.1 Tier2b 证据漏斗（score_tier2b.py + llm_judge_tier2b.py）,,,scripts/llm_judge_tier2b.py
1871738,黑眼圈,2007,,汉语普通话 / 马来语 / 孟加拉语 / 台语,tier2b默认排除,LLM_JUDGE 判定 uncertain(conf=0.5): 蔡明亮吉隆坡片台语点缀,2026-08-15,v4.1 Tier2b 证据漏斗（score_tier2b.py + llm_judge_tier2b.py）,,,scripts/llm_judge_tier2b.py
4116937,西藏往事,2011,,汉语普通话 / 英语 / 藏语,tier2b补回,BENCHMARK 判定 yes(conf=0.9): 藏语部落跨国爱情标杆片,2026-08-15,v4.1 Tier2b 证据漏斗（score_tier2b.py + llm_judge_tier2b.py）,,,scripts/llm_judge_tier2b.py
1868857,大桥下面,1984,,汉语普通话 / 上海话,tier2b补回,LLM_JUDGE 判定 yes(conf=0.75): 沪语市民生活片,2026-08-15,v4.1 Tier2b 证据漏斗（score_tier2b.py + llm_judge_tier2b.py）,,,scripts/llm_judge_tier2b.py
30200085,如果早知道男生也会被性侵,2013,,汉语普通话 / 闽南语,tier2b补回,LLM_JUDGE 判定 yes(conf=0.7): 闽南语教育宣导片,2026-08-15,v4.1 Tier2b 证据漏斗（score_tier2b.py + llm_judge_tier2b.py）,,,scripts/llm_judge_tier2b.py
26429879,我不做大哥好多年,2017,,汉语普通话 / 闽南语,tier2b补回,LLM_JUDGE 判定 yes(conf=0.8): 猪哥亮闽南语喜剧续集,2026-08-15,v4.1 Tier2b 证据漏斗（score_tier2b.py + llm_judge_tier2b.py）,,,scripts/llm_judge_tier2b.py
26780534,52赫兹，我爱你,2017,,汉语普通话 / 闽南语,tier2b补回,LLM_JUDGE 判定 yes(conf=0.85): 魏德圣闽南语歌舞片,2026-08-15,v4.1 Tier2b 证据漏斗（score_tier2b.py + llm_judge_tier2b.py）,,,scripts/llm_judge_tier2b.py
3032434,一世好命,1991,,普通话/国语 / 粤语,tier2b默认排除,LLM_JUDGE 判定 no(conf=0.7): 港式鬼马喜剧默认排除,2026-08-15,v4.1 Tier2b 证据漏斗（score_tier2b.py + llm_judge_tier2b.py）,,,scripts/llm_judge_tier2b.py
21340768,急诊,2013,,汉语普通话 / 粤语,tier2b补回,LLM_JUDGE 判定 yes(conf=0.85): 广州急诊粤语纪录片,2026-08-15,v4.1 Tier2b 证据漏斗（score_tier2b.py + llm_judge_tier2b.py）,,,scripts/llm_judge_tier2b.py
1301098,黑暗之光,1999,,汉语普通话 / 闽南语,tier2b补回,LLM_JUDGE 判定 yes(conf=0.9): 张作骥基隆闽南语片,2026-08-15,v4.1 Tier2b 证据漏斗（score_tier2b.py + llm_judge_tier2b.py）,,,scripts/llm_judge_tier2b.py
20280082,人间蒸发,2013,,汉语普通话 / 粤语 / 日语,tier2b默认排除,LLM_JUDGE 判定 no(conf=0.9): 合拍惊悚片,2026-08-15,v4.1 Tier2b 证据漏斗（score_tier2b.py + llm_judge_tier2b.py）,,,scripts/llm_judge_tier2b.py
1304291,三个夏天,1993,,汉语普通话 / 闽南语,tier2b补回,LLM_JUDGE 判定 yes(conf=0.8): 离岛闽南语成长片,2026-08-15,v4.1 Tier2b 证据漏斗（score_tier2b.py + llm_judge_tier2b.py）,,,scripts/llm_judge_tier2b.py
4920572,茱丽叶,2010,,汉语普通话 / 闽南话,tier2b补回,LLM_JUDGE 判定 yes(conf=0.8): 三段式闽南语文艺片,2026-08-15,v4.1 Tier2b 证据漏斗（score_tier2b.py + llm_judge_tier2b.py）,,,scripts/llm_judge_tier2b.py
26665828,呼吸正常,2016,,汉语普通话 / 粤语,tier2b补回,LLM_JUDGE 判定 yes(conf=0.85): 广州即兴粤语城市片,2026-08-15,v4.1 Tier2b 证据漏斗（score_tier2b.py + llm_judge_tier2b.py）,,,scripts/llm_judge_tier2b.py
20443799,诡婴吉咪,2013,,汉语普通话 / 粤语,tier2b默认排除,LLM_JUDGE 判定 no(conf=0.85): 合拍恐怖片粤语点缀,2026-08-15,v4.1 Tier2b 证据漏斗（score_tier2b.py + llm_judge_tier2b.py）,,,scripts/llm_judge_tier2b.py
1485319,赖小子,2006,,汉语普通话 / 晋语,tier2b补回,LLM_JUDGE 判定 yes(conf=0.85): 晋语煤矿小镇青春片,2026-08-15,v4.1 Tier2b 证据漏斗（score_tier2b.py + llm_judge_tier2b.py）,,,scripts/llm_judge_tier2b.py
6013868,午夜凶梦,2011,,汉语普通话 / 粤语,tier2b默认排除,LLM_JUDGE 判定 no(conf=0.9): 惊悚片粤语点缀,2026-08-15,v4.1 Tier2b 证据漏斗（score_tier2b.py + llm_judge_tier2b.py）,,,scripts/llm_judge_tier2b.py
1306970,上海假期,1991,,汉语普通话 / 英语 / 上海话,tier2b补回,LLM_JUDGE 判定 yes(conf=0.85): 许鞍华弄堂沪语片,2026-08-15,v4.1 Tier2b 证据漏斗（score_tier2b.py + llm_judge_tier2b.py）,,,scripts/llm_judge_tier2b.py
4833562,碧罗雪山,2010,,汉语普通话 / 傈僳语,tier2b补回,LLM_JUDGE 判定 yes(conf=0.9): 傈僳语少数民族片,2026-08-15,v4.1 Tier2b 证据漏斗（score_tier2b.py + llm_judge_tier2b.py）,,,scripts/llm_judge_tier2b.py
1316559,美丽在唱歌,1997,,汉语普通话 / 闽南语,tier2b补回,LLM_JUDGE 判定 yes(conf=0.8): 林正盛闽南语青春片,2026-08-15,v4.1 Tier2b 证据漏斗（score_tier2b.py + llm_judge_tier2b.py）,,,scripts/llm_judge_tier2b.py
2256043,千钧。一发,2008,,汉语普通话 / 东北话,tier2b补回,LLM_JUDGE 判定 yes(conf=0.85): 齐齐哈尔东北话排爆片,2026-08-15,v4.1 Tier2b 证据漏斗（score_tier2b.py + llm_judge_tier2b.py）,,,scripts/llm_judge_tier2b.py
1903720,五女拜寿,1984,,汉语普通话 / 吴越方言,tier2b补回,LLM_JUDGE 判定 yes(conf=0.85): 越剧电影吴语唱白,2026-08-15,v4.1 Tier2b 证据漏斗（score_tier2b.py + llm_judge_tier2b.py）,,,scripts/llm_judge_tier2b.py
26306897,李文漫游东湖,2015,,汉语普通话 / 武汉方言,tier2b补回,LLM_JUDGE 判定 yes(conf=0.9): 武汉方言伪纪录片,2026-08-15,v4.1 Tier2b 证据漏斗（score_tier2b.py + llm_judge_tier2b.py）,,,scripts/llm_judge_tier2b.py
26005517,别有动机,2015,,汉语普通话 / 粤语,tier2b默认排除,LLM_JUDGE 判定 no(conf=0.85): 绑架悬疑片粤语点缀,2026-08-15,v4.1 Tier2b 证据漏斗（score_tier2b.py + llm_judge_tier2b.py）,,,scripts/llm_judge_tier2b.py
30337147,那年1987,2018,,汉语普通话 / 粤语,tier2b补回,LLM_JUDGE 判定 yes(conf=0.7): 广州改革年代粤语片,2026-08-15,v4.1 Tier2b 证据漏斗（score_tier2b.py + llm_judge_tier2b.py）,,,scripts/llm_judge_tier2b.py
30291548,捍战,2018,,汉语普通话 / 粤语,tier2b默认排除,LLM_JUDGE 判定 no(conf=0.7): 台北动作片普通话主导,2026-08-15,v4.1 Tier2b 证据漏斗（score_tier2b.py + llm_judge_tier2b.py）,,,scripts/llm_judge_tier2b.py
34940544,追龙番外篇之十亿探长,2020,,汉语普通话 / 粤语,tier2b默认排除,LLM_JUDGE 判定 no(conf=0.7): 网络电影保守排除,2026-08-15,v4.1 Tier2b 证据漏斗（score_tier2b.py + llm_judge_tier2b.py）,,,scripts/llm_judge_tier2b.py
30255216,您一定不要错过,2018,,汉语普通话 / 蒙语 / 日语 / 俄语,tier2b补回,LLM_JUDGE 判定 yes(conf=0.7): 蒙古族影像文献片,2026-08-15,v4.1 Tier2b 证据漏斗（score_tier2b.py + llm_judge_tier2b.py）,,,scripts/llm_judge_tier2b.py
26433965,告别,2015,,汉语普通话 / 蒙古语,tier2b补回,LLM_JUDGE 判定 yes(conf=0.85): 蒙古语家庭临终片,2026-08-15,v4.1 Tier2b 证据漏斗（score_tier2b.py + llm_judge_tier2b.py）,,,scripts/llm_judge_tier2b.py
1464171,孔繁森,1996,,汉语普通话 / 藏语,tier2b默认排除,LLM_JUDGE 判定 uncertain(conf=0.5): 援藏主旋律藏语穿插,2026-08-15,v4.1 Tier2b 证据漏斗（score_tier2b.py + llm_judge_tier2b.py）,,,scripts/llm_judge_tier2b.py
26271105,同流合乌,2016,,汉语普通话 / 粤语 / 日语 / 英语,tier2b补回,LLM_JUDGE 判定 yes(conf=0.7): 云翔粤语文艺片,2026-08-15,v4.1 Tier2b 证据漏斗（score_tier2b.py + llm_judge_tier2b.py）,,,scripts/llm_judge_tier2b.py
6224731,带一片风景走,2011,,汉语普通话 / 闽南语,tier2b补回,LLM_JUDGE 判定 yes(conf=0.8): 澎恰恰闽南语公路片,2026-08-15,v4.1 Tier2b 证据漏斗（score_tier2b.py + llm_judge_tier2b.py）,,,scripts/llm_judge_tier2b.py
26718797,上海王2,2020,,汉语普通话 / 英语 / 上海话 / 日语,tier2b默认排除,LLM_JUDGE 判定 uncertain(conf=0.55): 上海滩续集沪语占比不明,2026-08-15,v4.1 Tier2b 证据漏斗（score_tier2b.py + llm_judge_tier2b.py）,,,scripts/llm_judge_tier2b.py
4233892,老虎都要嫁,2010,,汉语普通话 / 粤语,tier2b补回,LLM_JUDGE 判定 yes(conf=0.7): 广州粤语都市喜剧,2026-08-15,v4.1 Tier2b 证据漏斗（score_tier2b.py + llm_judge_tier2b.py）,,,scripts/llm_judge_tier2b.py
24869508,斗争,2012,,汉语普通话 / 维吾尔语,tier2b补回,LLM_JUDGE 判定 yes(conf=0.85): 文牧野维语信仰短片,2026-08-15,v4.1 Tier2b 证据漏斗（score_tier2b.py + llm_judge_tier2b.py）,,,scripts/llm_judge_tier2b.py
25870074,第七谎言,2015,,汉语普通话 / 粤语 / 英语,tier2b默认排除,LLM_JUDGE 判定 no(conf=0.85): 港式悬疑片,2026-08-15,v4.1 Tier2b 证据漏斗（score_tier2b.py + llm_judge_tier2b.py）,,,scripts/llm_judge_tier2b.py
1459399,鲁迅,2005,,普通话 / 上海话 / 日语 / 英语,tier2b补回,LLM_JUDGE 判定 yes(conf=0.7): 上海晚年沪语穿插,2026-08-15,v4.1 Tier2b 证据漏斗（score_tier2b.py + llm_judge_tier2b.py）,,,scripts/llm_judge_tier2b.py
7163193,龙门飞甲纪录片,2011,,汉语普通话 / 粤语,tier2b默认排除,LLM_JUDGE 判定 uncertain(conf=0.5): 片场纪录片粤语,2026-08-15,v4.1 Tier2b 证据漏斗（score_tier2b.py + llm_judge_tier2b.py）,,,scripts/llm_judge_tier2b.py
25704408,花咒,2014,,汉语普通话 / 粤语,tier2b默认排除,LLM_JUDGE 判定 no(conf=0.9): 民国惊悚片粤语点缀,2026-08-15,v4.1 Tier2b 证据漏斗（score_tier2b.py + llm_judge_tier2b.py）,,,scripts/llm_judge_tier2b.py
1308729,我的美丽与哀愁,1995,,汉语普通话 / 台语,tier2b补回,LLM_JUDGE 判定 yes(conf=0.8): 陈国富台语奇幻片,2026-08-15,v4.1 Tier2b 证据漏斗（score_tier2b.py + llm_judge_tier2b.py）,,,scripts/llm_judge_tier2b.py
5997849,暑假作业,2013,,汉语普通话 / 闽南语,tier2b补回,LLM_JUDGE 判定 yes(conf=0.85): 张作骥乡间闽南语片,2026-08-15,v4.1 Tier2b 证据漏斗（score_tier2b.py + llm_judge_tier2b.py）,,,scripts/llm_judge_tier2b.py
3732860,多大事啊,2009,,汉语普通话 / 南京话,tier2b补回,LLM_JUDGE 判定 yes(conf=0.85): 南京话市井喜剧,2026-08-15,v4.1 Tier2b 证据漏斗（score_tier2b.py + llm_judge_tier2b.py）,,,scripts/llm_judge_tier2b.py
30214059,红毛皇帝,2018,,汉语普通话 / 河南话,tier2b补回,LLM_JUDGE 判定 yes(conf=0.85): 河南话尬舞直播纪录片,2026-08-15,v4.1 Tier2b 证据漏斗（score_tier2b.py + llm_judge_tier2b.py）,,,scripts/llm_judge_tier2b.py
4718232,无蝉的夏天,2010,,汉语普通话 / 四川话,tier2b补回,LLM_JUDGE 判定 yes(conf=0.85): 四川话温情小品,2026-08-15,v4.1 Tier2b 证据漏斗（score_tier2b.py + llm_judge_tier2b.py）,,,scripts/llm_judge_tier2b.py
3003092,冈拉梅朵,2008,,汉语普通话 / 藏语,tier2b补回,LLM_JUDGE 判定 yes(conf=0.8): 拉萨藏语爱情片,2026-08-15,v4.1 Tier2b 证据漏斗（score_tier2b.py + llm_judge_tier2b.py）,,,scripts/llm_judge_tier2b.py
1770510,蛇杀手,1974,,汉语普通话 / 英语 / 粤语,tier2b默认排除,LLM_JUDGE 判定 no(conf=0.7): 邵氏邪典默认排除,2026-08-15,v4.1 Tier2b 证据漏斗（score_tier2b.py + llm_judge_tier2b.py）,,,scripts/llm_judge_tier2b.py
10563119,恋爱三万英尺,2012,,汉语普通话 / 粤语,tier2b默认排除,LLM_JUDGE 判定 no(conf=0.9): 空校喜剧粤语点缀,2026-08-15,v4.1 Tier2b 证据漏斗（score_tier2b.py + llm_judge_tier2b.py）,,,scripts/llm_judge_tier2b.py
27621448,范保德,2018,,汉语普通话 / 闽南语,tier2b补回,LLM_JUDGE 判定 yes(conf=0.8): 萧雅全闽南语父子片,2026-08-15,v4.1 Tier2b 证据漏斗（score_tier2b.py + llm_judge_tier2b.py）,,,scripts/llm_judge_tier2b.py
1763100,深海,2005,,汉语普通话 / 闽南语,tier2b补回,LLM_JUDGE 判定 yes(conf=0.8): 郑文堂闽南语女性片,2026-08-15,v4.1 Tier2b 证据漏斗（score_tier2b.py + llm_judge_tier2b.py）,,,scripts/llm_judge_tier2b.py
6902345,潘多拉的宝剑,2012,,汉语普通话 / 河南方言,tier2b补回,LLM_JUDGE 判定 yes(conf=0.7): 河南方言土豪喜剧,2026-08-15,v4.1 Tier2b 证据漏斗（score_tier2b.py + llm_judge_tier2b.py）,,,scripts/llm_judge_tier2b.py
25896040,搏击迷城,2015,,汉语普通话 / 日语 / 粤语,tier2b默认排除,LLM_JUDGE 判定 no(conf=0.85): 摔跤片粤语点缀,2026-08-15,v4.1 Tier2b 证据漏斗（score_tier2b.py + llm_judge_tier2b.py）,,,scripts/llm_judge_tier2b.py
1308553,桂花巷,1987,,汉语普通话 / 台语,tier2b补回,LLM_JUDGE 判定 yes(conf=0.85): 陈坤厚台语女性史诗,2026-08-15,v4.1 Tier2b 证据漏斗（score_tier2b.py + llm_judge_tier2b.py）,,,scripts/llm_judge_tier2b.py
27177463,那个我最亲爱的陌生人,2019,,汉语普通话 / 闽南语,tier2b补回,LLM_JUDGE 判定 yes(conf=0.85): 张作骥闽南语家庭片,2026-08-15,v4.1 Tier2b 证据漏斗（score_tier2b.py + llm_judge_tier2b.py）,,,scripts/llm_judge_tier2b.py
2338323,请将我遗忘,2007,,汉语普通话 / 四川话,tier2b补回,LLM_JUDGE 判定 yes(conf=0.8): 成都四川话情感片,2026-08-15,v4.1 Tier2b 证据漏斗（score_tier2b.py + llm_judge_tier2b.py）,,,scripts/llm_judge_tier2b.py
1305146,一只鸟仔哮啾啾,1997,,汉语普通话 / 闽南语,tier2b补回,LLM_JUDGE 判定 yes(conf=0.85): 闽南语乌脚病乡土经典,2026-08-15,v4.1 Tier2b 证据漏斗（score_tier2b.py + llm_judge_tier2b.py）,,,scripts/llm_judge_tier2b.py
6386979,有一种静叫庄严,2011,,汉语普通话 / 湖南方言,tier2b补回,LLM_JUDGE 判定 yes(conf=0.85): 湖南方言伪纪录片,2026-08-15,v4.1 Tier2b 证据漏斗（score_tier2b.py + llm_judge_tier2b.py）,,,scripts/llm_judge_tier2b.py
10478122,平壤之约,2012,,汉语普通话 / 朝鲜语,tier2b默认排除,LLM_JUDGE 判定 uncertain(conf=0.5): 中朝合拍朝鲜语,2026-08-15,v4.1 Tier2b 证据漏斗（score_tier2b.py + llm_judge_tier2b.py）,,,scripts/llm_judge_tier2b.py
30378028,世外桃源,2018,,汉语普通话 / 四川方言,tier2b补回,LLM_JUDGE 判定 yes(conf=0.85): 四川方言乌托邦纪录片,2026-08-15,v4.1 Tier2b 证据漏斗（score_tier2b.py + llm_judge_tier2b.py）,,,scripts/llm_judge_tier2b.py
1301914,真心话,1999,,普通话 / 英语 / 粤语,tier2b补回,LLM_JUDGE 判定 yes(conf=0.7): 港新合拍粤语爱情片,2026-08-15,v4.1 Tier2b 证据漏斗（score_tier2b.py + llm_judge_tier2b.py）,,,scripts/llm_judge_tier2b.py
5268638,追踪章鱼保罗,2010,,汉语普通话 / 英语 / 德语 / 粤语,tier2b默认排除,LLM_JUDGE 判定 no(conf=0.9): 世界杯恶搞片,2026-08-15,v4.1 Tier2b 证据漏斗（score_tier2b.py + llm_judge_tier2b.py）,,,scripts/llm_judge_tier2b.py
26418005,我的“狐朋狗友”,2016,,汉语普通话 / 河南话,tier2b补回,LLM_JUDGE 判定 yes(conf=0.8): 霍猛河南话兄弟喜剧,2026-08-15,v4.1 Tier2b 证据漏斗（score_tier2b.py + llm_judge_tier2b.py）,,,scripts/llm_judge_tier2b.py
26769474,香港大营救,2018,,汉语普通话 / 粤语 / 日语,tier2b默认排除,LLM_JUDGE 判定 uncertain(conf=0.5): 港式主旋律粤语,2026-08-15,v4.1 Tier2b 证据漏斗（score_tier2b.py + llm_judge_tier2b.py）,,,scripts/llm_judge_tier2b.py
30491798,回南天,2020,,汉语普通话 / 粤语,tier2b补回,LLM_JUDGE 判定 yes(conf=0.7): 深圳城中村粤语文艺片,2026-08-15,v4.1 Tier2b 证据漏斗（score_tier2b.py + llm_judge_tier2b.py）,,,scripts/llm_judge_tier2b.py
3094278,驱魔童,1988,,汉语普通话 / 粤语,tier2b默认排除,LLM_JUDGE 判定 no(conf=0.7): 台产国语童话动作片,2026-08-15,v4.1 Tier2b 证据漏斗（score_tier2b.py + llm_judge_tier2b.py）,,,scripts/llm_judge_tier2b.py
4841184,古宝奇缘,2011,,汉语普通话 / 方言,tier2b默认排除,LLM_JUDGE 判定 uncertain(conf=0.5): 方言标签盗墓农村喜剧,2026-08-15,v4.1 Tier2b 证据漏斗（score_tier2b.py + llm_judge_tier2b.py）,,,scripts/llm_judge_tier2b.py
3113423,我最后的秘密,2007,,汉语普通话 / 吴语,tier2b补回,LLM_JUDGE 判定 yes(conf=0.85): 苏州吴语老人纪录片,2026-08-15,v4.1 Tier2b 证据漏斗（score_tier2b.py + llm_judge_tier2b.py）,,,scripts/llm_judge_tier2b.py
24530675,小胖妞4,2013,,汉语普通话 / 粤语,tier2b默认排除,LLM_JUDGE 判定 no(conf=0.8): 动画粤语配音点缀,2026-08-15,v4.1 Tier2b 证据漏斗（score_tier2b.py + llm_judge_tier2b.py）,,,scripts/llm_judge_tier2b.py
25982512,死亡之谜,2015,,汉语普通话 / 粤语,tier2b默认排除,LLM_JUDGE 判定 no(conf=0.9): 悬疑片粤语点缀,2026-08-15,v4.1 Tier2b 证据漏斗（score_tier2b.py + llm_judge_tier2b.py）,,,scripts/llm_judge_tier2b.py
11600922,暴躁天使,2013,,汉语普通话 / 粤语,tier2b默认排除,LLM_JUDGE 判定 uncertain(conf=0.5): 广州粤语小成本片,2026-08-15,v4.1 Tier2b 证据漏斗（score_tier2b.py + llm_judge_tier2b.py）,,,scripts/llm_judge_tier2b.py
25875053,基隆,2015,,汉语普通话 / 闽南语,tier2b补回,LLM_JUDGE 判定 yes(conf=0.8): 基隆港闽南语边缘人片,2026-08-15,v4.1 Tier2b 证据漏斗（score_tier2b.py + llm_judge_tier2b.py）,,,scripts/llm_judge_tier2b.py
27622779,人怕出名猪怕壮,2018,,汉语普通话 / 四川方言,tier2b补回,LLM_JUDGE 判定 yes(conf=0.8): 四川方言草根喜剧,2026-08-15,v4.1 Tier2b 证据漏斗（score_tier2b.py + llm_judge_tier2b.py）,,,scripts/llm_judge_tier2b.py
30140092,小美,2018,,汉语普通话 / 粤语,tier2b补回,LLM_JUDGE 判定 yes(conf=0.8): 粤语访谈体文艺片,2026-08-15,v4.1 Tier2b 证据漏斗（score_tier2b.py + llm_judge_tier2b.py）,,,scripts/llm_judge_tier2b.py
33459904,岐路父子,2019,,汉语普通话 / 西南官话,tier2b补回,LLM_JUDGE 判定 yes(conf=0.7): 西南官话公路短片,2026-08-15,v4.1 Tier2b 证据漏斗（score_tier2b.py + llm_judge_tier2b.py）,,,scripts/llm_judge_tier2b.py
1999745,少林僵尸,2004,,汉语普通话 / 粤语 / 粤语,tier2b默认排除,LLM_JUDGE 判定 no(conf=0.8): 港式僵尸片默认排除,2026-08-15,v4.1 Tier2b 证据漏斗（score_tier2b.py + llm_judge_tier2b.py）,,,scripts/llm_judge_tier2b.py
1306075,娃娃,1991,,汉语普通话 / 闽南语,tier2b补回,LLM_JUDGE 判定 yes(conf=0.8): 柯一正闽南语儿童片,2026-08-15,v4.1 Tier2b 证据漏斗（score_tier2b.py + llm_judge_tier2b.py）,,,scripts/llm_judge_tier2b.py
33447759,奔跑的少年,2019,,汉语普通话 / 维吾尔语,tier2b补回,LLM_JUDGE 判定 yes(conf=0.85): 新疆维吾尔语足球追梦片,2026-08-15,v4.1 Tier2b 证据漏斗（score_tier2b.py + llm_judge_tier2b.py）,,,scripts/llm_judge_tier2b.py
26676478,我们这样拍电影,2015,,汉语普通话 / 台语,tier2b默认排除,LLM_JUDGE 判定 uncertain(conf=0.55): 台影纪录片台语访谈,2026-08-15,v4.1 Tier2b 证据漏斗（score_tier2b.py + llm_judge_tier2b.py）,,,scripts/llm_judge_tier2b.py
1457410,黑狗来了,2003,,汉语普通话 / 台语,tier2b补回,LLM_JUDGE 判定 yes(conf=0.8): 蔡振南台语黑色喜剧,2026-08-15,v4.1 Tier2b 证据漏斗（score_tier2b.py + llm_judge_tier2b.py）,,,scripts/llm_judge_tier2b.py
26289140,灿烂这一刻,2017,,汉语普通话 / 粤语,tier2b补回,LLM_JUDGE 判定 yes(conf=0.7): 陈果广东粤语歌舞片,2026-08-15,v4.1 Tier2b 证据漏斗（score_tier2b.py + llm_judge_tier2b.py）,,,scripts/llm_judge_tier2b.py
27104373,神偷大师,2017,,汉语普通话 / 四川方言,tier2b补回,LLM_JUDGE 判定 yes(conf=0.7): 四川方言网络喜剧,2026-08-15,v4.1 Tier2b 证据漏斗（score_tier2b.py + llm_judge_tier2b.py）,,,scripts/llm_judge_tier2b.py
3056430,马戏学校,2007,,汉语普通话 / 上海话,tier2b补回,LLM_JUDGE 判定 yes(conf=0.85): 沪语马戏学校纪录片,2026-08-15,v4.1 Tier2b 证据漏斗（score_tier2b.py + llm_judge_tier2b.py）,,,scripts/llm_judge_tier2b.py
3632550,现实是过去的未来,2008,,普通话/国语 / 粤语,tier2b默认排除,LLM_JUDGE 判定 uncertain(conf=0.5): 城市拼贴纪录粤语,2026-08-15,v4.1 Tier2b 证据漏斗（score_tier2b.py + llm_judge_tier2b.py）,,,scripts/llm_judge_tier2b.py
30243293,初三四班,2018,,汉语普通话 / 四川话,tier2b补回,LLM_JUDGE 判定 yes(conf=0.85): 北川四川话震后纪录片,2026-08-15,v4.1 Tier2b 证据漏斗（score_tier2b.py + llm_judge_tier2b.py）,,,scripts/llm_judge_tier2b.py
30242177,饿死诗人,2018,,汉语普通话 / 南京话,tier2b补回,LLM_JUDGE 判定 yes(conf=0.8): 南京话独立诗人片,2026-08-15,v4.1 Tier2b 证据漏斗（score_tier2b.py + llm_judge_tier2b.py）,,,scripts/llm_judge_tier2b.py
34925392,拨浪鼓咚咚响,2020,,汉语普通话 / 陕北方言,tier2b补回,LLM_JUDGE 判定 yes(conf=0.85): 陕北方言寻父公路片,2026-08-15,v4.1 Tier2b 证据漏斗（score_tier2b.py + llm_judge_tier2b.py）,,,scripts/llm_judge_tier2b.py
10833882,危城之恋,2012,,汉语普通话 / 天津话,tier2b补回,LLM_JUDGE 判定 yes(conf=0.85): 天津话民国爱情片,2026-08-15,v4.1 Tier2b 证据漏斗（score_tier2b.py + llm_judge_tier2b.py）,,,scripts/llm_judge_tier2b.py
1298362,益西卓玛,2000,,汉语普通话 / 藏语,tier2b补回,LLM_JUDGE 判定 yes(conf=0.85): 谢飞藏语半世纪史诗,2026-08-15,v4.1 Tier2b 证据漏斗（score_tier2b.py + llm_judge_tier2b.py）,,,scripts/llm_judge_tier2b.py
26903988,越囧,2016,,汉语普通话 / 粤语 / 越南语 Vietnamese / 英语,tier2b默认排除,LLM_JUDGE 判定 no(conf=0.9): 越南公路喜剧粤语点缀,2026-08-15,v4.1 Tier2b 证据漏斗（score_tier2b.py + llm_judge_tier2b.py）,,,scripts/llm_judge_tier2b.py
1915311,缘起,2002,,汉语普通话 / 粤语,tier2b默认排除,LLM_JUDGE 判定 uncertain(conf=0.5): 英雄幕后纪录片粤语,2026-08-15,v4.1 Tier2b 证据漏斗（score_tier2b.py + llm_judge_tier2b.py）,,,scripts/llm_judge_tier2b.py
3047973,新天龙八部,1982,,普通话/国语 / 粤语,tier2b默认排除,LLM_JUDGE 判定 no(conf=0.7): 邵氏武侠默认排除,2026-08-15,v4.1 Tier2b 证据漏斗（score_tier2b.py + llm_judge_tier2b.py）,,,scripts/llm_judge_tier2b.py
35000216,武汉战疫纪,2020,,汉语普通话 / 英语 / 武汉话,tier2b补回,LLM_JUDGE 判定 yes(conf=0.7): 武汉话疫情纪录片,2026-08-15,v4.1 Tier2b 证据漏斗（score_tier2b.py + llm_judge_tier2b.py）,,,scripts/llm_judge_tier2b.py
3074682,大头仔,1988,,汉语普通话 / 闽南语,tier2b补回,LLM_JUDGE 判定 yes(conf=0.8): 万梓良闽南语黑帮片,2026-08-15,v4.1 Tier2b 证据漏斗（score_tier2b.py + llm_judge_tier2b.py）,,,scripts/llm_judge_tier2b.py
3444612,成龙的传奇,1998,,普通话/国语 / 粤语,tier2b默认排除,LLM_JUDGE 判定 uncertain(conf=0.5): 成龙自传纪录片粤语,2026-08-15,v4.1 Tier2b 证据漏斗（score_tier2b.py + llm_judge_tier2b.py）,,,scripts/llm_judge_tier2b.py
3993565,额吉,2010,,汉语普通话 / 蒙语,tier2b补回,LLM_JUDGE 判定 yes(conf=0.85): 草原蒙古语孤儿片,2026-08-15,v4.1 Tier2b 证据漏斗（score_tier2b.py + llm_judge_tier2b.py）,,,scripts/llm_judge_tier2b.py
1926445,喜马拉雅王子,2006,,汉语普通话 / 藏语,tier2b补回,LLM_JUDGE 判定 yes(conf=0.8): 藏语王子复仇片,2026-08-15,v4.1 Tier2b 证据漏斗（score_tier2b.py + llm_judge_tier2b.py）,,,scripts/llm_judge_tier2b.py
34332494,红暑,2019,,汉语普通话 / 四川方言,tier2b补回,LLM_JUDGE 判定 yes(conf=0.8): 四川方言童年短片,2026-08-15,v4.1 Tier2b 证据漏斗（score_tier2b.py + llm_judge_tier2b.py）,,,scripts/llm_judge_tier2b.py
26184568,奇人密码：古罗布之迷,2015,,汉语普通话 / 闽南语,tier2b补回,LLM_JUDGE 判定 yes(conf=0.75): 霹雳木偶闽南语电影,2026-08-15,v4.1 Tier2b 证据漏斗（score_tier2b.py + llm_judge_tier2b.py）,,,scripts/llm_judge_tier2b.py
1986783,芒种,2006,,汉语普通话 / 朝鲜语,tier2b补回,LLM_JUDGE 判定 yes(conf=0.85): 张律朝鲜语边缘女性片,2026-08-15,v4.1 Tier2b 证据漏斗（score_tier2b.py + llm_judge_tier2b.py）,,,scripts/llm_judge_tier2b.py
26731242,接线员,2017,,汉语普通话 / 英语 / 闽南语,tier2b补回,LLM_JUDGE 判定 yes(conf=0.7): 伦敦按摩院闽南语片,2026-08-15,v4.1 Tier2b 证据漏斗（score_tier2b.py + llm_judge_tier2b.py）,,,scripts/llm_judge_tier2b.py
1401754,老莫的第二个春天,1984,,汉语普通话 / 闽南语,tier2b补回,LLM_JUDGE 判定 yes(conf=0.85): 闽南语退伍老兵经典,2026-08-15,v4.1 Tier2b 证据漏斗（score_tier2b.py + llm_judge_tier2b.py）,,,scripts/llm_judge_tier2b.py
33451752,汉南夏日,2020,,汉语普通话 / 武汉话,tier2b补回,LLM_JUDGE 判定 yes(conf=0.85): 武汉话少女成长片,2026-08-15,v4.1 Tier2b 证据漏斗（score_tier2b.py + llm_judge_tier2b.py）,,,scripts/llm_judge_tier2b.py
35193163,夏风沉醉的晚上,2020,,汉语普通话 / 杭州话,tier2b补回,LLM_JUDGE 判定 yes(conf=0.8): 富阳杭州话短片,2026-08-15,v4.1 Tier2b 证据漏斗（score_tier2b.py + llm_judge_tier2b.py）,,,scripts/llm_judge_tier2b.py
30206417,好汉三条半,2019,,汉语普通话 / 粤语,tier2b默认排除,LLM_JUDGE 判定 no(conf=0.9): 港式闹剧粤语点缀,2026-08-15,v4.1 Tier2b 证据漏斗（score_tier2b.py + llm_judge_tier2b.py）,,,scripts/llm_judge_tier2b.py
4841182,云上太阳,2012,,汉语普通话 / 法语 / 少数民族语,tier2b补回,LLM_JUDGE 判定 yes(conf=0.75): 丹寨苗族语人文片,2026-08-15,v4.1 Tier2b 证据漏斗（score_tier2b.py + llm_judge_tier2b.py）,,,scripts/llm_judge_tier2b.py
1858095,一代天骄成吉思汗,2000,,汉语普通话 / 蒙古语,tier2b补回,LLM_JUDGE 判定 yes(conf=0.85): 蒙古语成吉思汗史诗片,2026-08-15,v4.1 Tier2b 证据漏斗（score_tier2b.py + llm_judge_tier2b.py）,,,scripts/llm_judge_tier2b.py
20254287,爱呦，阿斗,2013,,汉语普通话 / 大连话,tier2b补回,LLM_JUDGE 判定 yes(conf=0.8): 大连话毕业青春片,2026-08-15,v4.1 Tier2b 证据漏斗（score_tier2b.py + llm_judge_tier2b.py）,,,scripts/llm_judge_tier2b.py
1963953,月光下，我记得,2005,,汉语普通话 / 闽南语 / 日语,tier2b补回,LLM_JUDGE 判定 yes(conf=0.8): 林正盛闽南语母女片,2026-08-15,v4.1 Tier2b 证据漏斗（score_tier2b.py + llm_judge_tier2b.py）,,,scripts/llm_judge_tier2b.py
4258506,在那里,2007,,普通话/国语 / 粤语,tier2b默认排除,LLM_JUDGE 判定 uncertain(conf=0.4): 贾樟柯短片无简介可考,2026-08-15,v4.1 Tier2b 证据漏斗（score_tier2b.py + llm_judge_tier2b.py）,,,scripts/llm_judge_tier2b.py
26334947,空山异客,2017,,汉语普通话 / 湘西方言,tier2b补回,LLM_JUDGE 判定 yes(conf=0.8): 湘西方言还乡片,2026-08-15,v4.1 Tier2b 证据漏斗（score_tier2b.py + llm_judge_tier2b.py）,,,scripts/llm_judge_tier2b.py
3032884,风雪狼道,2007,,汉语普通话 / 西北方言,tier2b补回,LLM_JUDGE 判定 yes(conf=0.7): 西北方言新疆雪灾片,2026-08-15,v4.1 Tier2b 证据漏斗（score_tier2b.py + llm_judge_tier2b.py）,,,scripts/llm_judge_tier2b.py
26352419,飞地,2016,,汉语普通话 / 彝语 Yi,tier2b补回,LLM_JUDGE 判定 yes(conf=0.85): 大凉山彝语纪录片,2026-08-15,v4.1 Tier2b 证据漏斗（score_tier2b.py + llm_judge_tier2b.py）,,,scripts/llm_judge_tier2b.py
24867829,杠上开花,2016,,汉语普通话 / 武汉话,tier2b补回,LLM_JUDGE 判定 yes(conf=0.7): 武汉话麻将喜剧,2026-08-15,v4.1 Tier2b 证据漏斗（score_tier2b.py + llm_judge_tier2b.py）,,,scripts/llm_judge_tier2b.py
26335565,河对岸是山,2017,,汉语普通话 / 甘肃方言,tier2b补回,LLM_JUDGE 判定 yes(conf=0.8): 甘肃方言黄河捞尸片,2026-08-15,v4.1 Tier2b 证据漏斗（score_tier2b.py + llm_judge_tier2b.py）,,,scripts/llm_judge_tier2b.py
3224840,芳草碧连天,1987,,汉语普通话 / 闽南语,tier2b补回,LLM_JUDGE 判定 yes(conf=0.8): 闽南语农村爱情片,2026-08-15,v4.1 Tier2b 证据漏斗（score_tier2b.py + llm_judge_tier2b.py）,,,scripts/llm_judge_tier2b.py
1790412,乡愁,2006,,汉语普通话 / 上海话,tier2b补回,LLM_JUDGE 判定 yes(conf=0.85): 舒浩仑沪语私纪录片,2026-08-15,v4.1 Tier2b 证据漏斗（score_tier2b.py + llm_judge_tier2b.py）,,,scripts/llm_judge_tier2b.py
11226123,生活而已2,2012,,汉语普通话 / 山东话,tier2b补回,LLM_JUDGE 判定 yes(conf=0.8): 山东话私纪录片,2026-08-15,v4.1 Tier2b 证据漏斗（score_tier2b.py + llm_judge_tier2b.py）,,,scripts/llm_judge_tier2b.py
33420933,南方少女,2019,,汉语普通话 / 常州话,tier2b补回,LLM_JUDGE 判定 yes(conf=0.8): 邱阳常州话短片,2026-08-15,v4.1 Tier2b 证据漏斗（score_tier2b.py + llm_judge_tier2b.py）,,,scripts/llm_judge_tier2b.py
1868567,南北一家亲,1962,,汉语普通话 / 粵語,tier2b默认排除,LLM_JUDGE 判定 uncertain(conf=0.5): 电懋国粤语喜剧,2026-08-15,v4.1 Tier2b 证据漏斗（score_tier2b.py + llm_judge_tier2b.py）,,,scripts/llm_judge_tier2b.py
1962448,灵幻童子,1986,,汉语普通话 / 英语 / 粤语,tier2b默认排除,LLM_JUDGE 判定 no(conf=0.7): 台港合拍国语版,2026-08-15,v4.1 Tier2b 证据漏斗（score_tier2b.py + llm_judge_tier2b.py）,,,scripts/llm_judge_tier2b.py
35230673,太阳底下,2020,,汉语普通话 / 陕西方言,tier2b补回,LLM_JUDGE 判定 yes(conf=0.8): 陕西方言乡村复仇短片,2026-08-15,v4.1 Tier2b 证据漏斗（score_tier2b.py + llm_judge_tier2b.py）,,,scripts/llm_judge_tier2b.py
27003499,生化药尸,2017,,汉语普通话 / 粤语,tier2b默认排除,LLM_JUDGE 判定 no(conf=0.9): 网络僵尸片粤语点缀,2026-08-15,v4.1 Tier2b 证据漏斗（score_tier2b.py + llm_judge_tier2b.py）,,,scripts/llm_judge_tier2b.py
30162995,沿海出发,2018,,汉语普通话 / 胶辽官话,tier2b补回,LLM_JUDGE 判定 yes(conf=0.8): 胶辽官话渔村家庭片,2026-08-15,v4.1 Tier2b 证据漏斗（score_tier2b.py + llm_judge_tier2b.py）,,,scripts/llm_judge_tier2b.py
10580093,操场,2012,,汉语普通话 / 上海话Shanghainese,tier2b补回,LLM_JUDGE 判定 yes(conf=0.75): 上海话童年短片,2026-08-15,v4.1 Tier2b 证据漏斗（score_tier2b.py + llm_judge_tier2b.py）,,,scripts/llm_judge_tier2b.py
30265411,十年台湾,2018,,汉语普通话 / 英语 / 闽南语 / 台湾原住民语言,tier2b补回,LLM_JUDGE 判定 yes(conf=0.7): 五段闽南语原住民未来寓言,2026-08-15,v4.1 Tier2b 证据漏斗（score_tier2b.py + llm_judge_tier2b.py）,,,scripts/llm_judge_tier2b.py
3113757,爆肚张和老吉家,2005,,汉语普通话 / 北京话,tier2b补回,LLM_JUDGE 判定 yes(conf=0.85): 北京话什刹海拆迁纪录片,2026-08-15,v4.1 Tier2b 证据漏斗（score_tier2b.py + llm_judge_tier2b.py）,,,scripts/llm_judge_tier2b.py
2252377,咸豆浆,2002,,汉语普通话 / 闽南语,tier2b补回,LLM_JUDGE 判定 yes(conf=0.8): 闽南语补习班青春片,2026-08-15,v4.1 Tier2b 证据漏斗（score_tier2b.py + llm_judge_tier2b.py）,,,scripts/llm_judge_tier2b.py
3017916,马大夫的诊所,2007,,汉语普通话 / 甘肃方言,tier2b补回,LLM_JUDGE 判定 yes(conf=0.85): 甘肃方言乡村长纪录片,2026-08-15,v4.1 Tier2b 证据漏斗（score_tier2b.py + llm_judge_tier2b.py）,,,scripts/llm_judge_tier2b.py
26658552,送别,2015,,汉语普通话 / 东北官话,tier2b补回,LLM_JUDGE 判定 yes(conf=0.7): 东北官话下岗年代短片,2026-08-15,v4.1 Tier2b 证据漏斗（score_tier2b.py + llm_judge_tier2b.py）,,,scripts/llm_judge_tier2b.py
4917689,读·豆瓣,2010,,汉语普通话 / 粤语,tier2b补回,LLM_JUDGE 判定 yes(conf=0.7): 广州粤语读书访谈片,2026-08-15,v4.1 Tier2b 证据漏斗（score_tier2b.py + llm_judge_tier2b.py）,,,scripts/llm_judge_tier2b.py
1306351,给我一支猫,2003,,汉语普通话 / 日语 / 粤语,tier2b补回,LLM_JUDGE 判定 yes(conf=0.7): 吴米森台北台语荒诞片,2026-08-15,v4.1 Tier2b 证据漏斗（score_tier2b.py + llm_judge_tier2b.py）,,,scripts/llm_judge_tier2b.py
20470278,世界第一麦方,2013,,汉语普通话 / 闽南语,tier2b补回,LLM_JUDGE 判定 yes(conf=0.8): 林正盛闽南语面包传记,2026-08-15,v4.1 Tier2b 证据漏斗（score_tier2b.py + llm_judge_tier2b.py）,,,scripts/llm_judge_tier2b.py
26752087,拉姆与嘎贝,2019,,汉语普通话 / 藏语,tier2b补回,LLM_JUDGE 判定 yes(conf=0.85): 松太加藏语婚约片,2026-08-15,v4.1 Tier2b 证据漏斗（score_tier2b.py + llm_judge_tier2b.py）,,,scripts/llm_judge_tier2b.py
3091050,爱情狗,2009,,汉语普通话 / 重庆话,tier2b补回,LLM_JUDGE 判定 yes(conf=0.75): 章明重庆话轻喜剧,2026-08-15,v4.1 Tier2b 证据漏斗（score_tier2b.py + llm_judge_tier2b.py）,,,scripts/llm_judge_tier2b.py
4914628,斗鸡人,2010,,汉语普通话 / 河南方言,tier2b补回,LLM_JUDGE 判定 yes(conf=0.8): 河南方言斗鸡片,2026-08-15,v4.1 Tier2b 证据漏斗（score_tier2b.py + llm_judge_tier2b.py）,,,scripts/llm_judge_tier2b.py
27062663,塬上,2017,,汉语普通话 / 陕西方言,tier2b补回,LLM_JUDGE 判定 yes(conf=0.8): 乔梁陕西方言朱鹮片,2026-08-15,v4.1 Tier2b 证据漏斗（score_tier2b.py + llm_judge_tier2b.py）,,,scripts/llm_judge_tier2b.py
26200601,钱在路上跑,2014,,汉语普通话 / 维吾尔语 Uyghur,tier2b补回,LLM_JUDGE 判定 yes(conf=0.85): 维吾尔语农民喜剧,2026-08-15,v4.1 Tier2b 证据漏斗（score_tier2b.py + llm_judge_tier2b.py）,,,scripts/llm_judge_tier2b.py
11604171,致敬青春,2012,,汉语普通话 / 山西太谷方言,tier2b补回,LLM_JUDGE 判定 yes(conf=0.7): 山西太谷方言校园片,2026-08-15,v4.1 Tier2b 证据漏斗（score_tier2b.py + llm_judge_tier2b.py）,,,scripts/llm_judge_tier2b.py
26720391,大显神威,2016,,汉语普通话 / 闽南语,tier2b补回,LLM_JUDGE 判定 yes(conf=0.8): 猪哥亮闽南语奇幻喜剧,2026-08-15,v4.1 Tier2b 证据漏斗（score_tier2b.py + llm_judge_tier2b.py）,,,scripts/llm_judge_tier2b.py
2330657,凤冠情事,2003,,普通话/国语 / 苏州话,tier2b补回,LLM_JUDGE 判定 yes(conf=0.75): 昆曲苏白半纪录片,2026-08-15,v4.1 Tier2b 证据漏斗（score_tier2b.py + llm_judge_tier2b.py）,,,scripts/llm_judge_tier2b.py
6428116,胆小鬼,2011,,汉语普通话 / 汕尾话,tier2b补回,LLM_JUDGE 判定 yes(conf=0.7): 汕尾话童年短片,2026-08-15,v4.1 Tier2b 证据漏斗（score_tier2b.py + llm_judge_tier2b.py）,,,scripts/llm_judge_tier2b.py
25772420,爸爸的晚餐,2015,,汉语普通话 / 重庆话,tier2b补回,LLM_JUDGE 判定 yes(conf=0.8): 重庆话空巢老人片,2026-08-15,v4.1 Tier2b 证据漏斗（score_tier2b.py + llm_judge_tier2b.py）,,,scripts/llm_judge_tier2b.py
4154643,天生绝配,2009,,汉语普通话 / 粤语,tier2b默认排除,LLM_JUDGE 判定 no(conf=0.7): 台产诈骗喜剧粤语点缀,2026-08-15,v4.1 Tier2b 证据漏斗（score_tier2b.py + llm_judge_tier2b.py）,,,scripts/llm_judge_tier2b.py
26831256,2015湖南卫视跨年演唱会,2014,,汉语普通话 / 英语 / 粤语 / 韩语,tier2b默认排除,LLM_JUDGE 判定 no(conf=0.95): 跨年演唱会综艺,2026-08-15,v4.1 Tier2b 证据漏斗（score_tier2b.py + llm_judge_tier2b.py）,,,scripts/llm_judge_tier2b.py
1484900,季风中的马,2005,,汉语普通话 / Mongolian,tier2b补回,LLM_JUDGE 判定 yes(conf=0.85): 宁才蒙古语草原片,2026-08-15,v4.1 Tier2b 证据漏斗（score_tier2b.py + llm_judge_tier2b.py）,,,scripts/llm_judge_tier2b.py
26392401,裸山,2010,,汉语普通话 / 贵州方言,tier2b补回,LLM_JUDGE 判定 yes(conf=0.8): 贵州方言农村爱情片,2026-08-15,v4.1 Tier2b 证据漏斗（score_tier2b.py + llm_judge_tier2b.py）,,,scripts/llm_judge_tier2b.py
24867840,甘南情歌,2014,,汉语普通话 / 藏语,tier2b补回,LLM_JUDGE 判定 yes(conf=0.75): 藏区援医爱情藏语片,2026-08-15,v4.1 Tier2b 证据漏斗（score_tier2b.py + llm_judge_tier2b.py）,,,scripts/llm_judge_tier2b.py
3403153,豫菜皇后,2008,,汉语普通话 / 河南话,tier2b补回,LLM_JUDGE 判定 yes(conf=0.7): 河南话美食励志片,2026-08-15,v4.1 Tier2b 证据漏斗（score_tier2b.py + llm_judge_tier2b.py）,,,scripts/llm_judge_tier2b.py
5382857,晓光,2001,,汉语普通话 / 闽南语,tier2b补回,LLM_JUDGE 判定 yes(conf=0.7): 钮承泽闽南语童星片,2026-08-15,v4.1 Tier2b 证据漏斗（score_tier2b.py + llm_judge_tier2b.py）,,,scripts/llm_judge_tier2b.py
26779536,血战铜锣湾,2016,,汉语普通话 / 粤语,tier2b默认排除,LLM_JUDGE 判定 no(conf=0.9): 大陆恶搞港片,2026-08-15,v4.1 Tier2b 证据漏斗（score_tier2b.py + llm_judge_tier2b.py）,,,scripts/llm_judge_tier2b.py
5179821,心锁,1986,,普通话/国语 / 粤语,tier2b默认排除,LLM_JUDGE 判定 no(conf=0.8): 台产伦理片,2026-08-15,v4.1 Tier2b 证据漏斗（score_tier2b.py + llm_judge_tier2b.py）,,,scripts/llm_judge_tier2b.py
2153250,夜·明,2007,,汉语普通话 / 粤语 / 日语 / 英语,tier2b默认排除,LLM_JUDGE 判定 uncertain(conf=0.5): 孙中山庇能时期粤语,2026-08-15,v4.1 Tier2b 证据漏斗（score_tier2b.py + llm_judge_tier2b.py）,,,scripts/llm_judge_tier2b.py
3098844,长假,2008,,汉语普通话 / 闽南话,tier2b补回,LLM_JUDGE 判定 yes(conf=0.8): 郑芬芬闽南语电视片,2026-08-15,v4.1 Tier2b 证据漏斗（score_tier2b.py + llm_judge_tier2b.py）,,,scripts/llm_judge_tier2b.py
30372078,小郭南方漫游记,2019,,汉语普通话 / 粤语,tier2b补回,LLM_JUDGE 判定 yes(conf=0.8): 徒步回顺德粤语纪录片,2026-08-15,v4.1 Tier2b 证据漏斗（score_tier2b.py + llm_judge_tier2b.py）,,,scripts/llm_judge_tier2b.py
26948510,爱上女蒲团2,2017,,汉语普通话 / 粤语,tier2b默认排除,LLM_JUDGE 判定 no(conf=0.9): 网络情色喜剧,2026-08-15,v4.1 Tier2b 证据漏斗（score_tier2b.py + llm_judge_tier2b.py）,,,scripts/llm_judge_tier2b.py
27075252,夜以继夜,2019,,汉语普通话 / 重庆方言,tier2b补回,LLM_JUDGE 判定 yes(conf=0.8): 重庆方言家庭文艺片,2026-08-15,v4.1 Tier2b 证据漏斗（score_tier2b.py + llm_judge_tier2b.py）,,,scripts/llm_judge_tier2b.py
4896301,母大虫顾大嫂,2009,,汉语普通话 / 山东方言,tier2b补回,LLM_JUDGE 判定 yes(conf=0.7): 水浒系列山东方言片,2026-08-15,v4.1 Tier2b 证据漏斗（score_tier2b.py + llm_judge_tier2b.py）,,,scripts/llm_judge_tier2b.py
5268683,黑白照片,2010,,汉语普通话 / 上海方言,tier2b补回,LLM_JUDGE 判定 yes(conf=0.8): 舒浩仑沪语怀旧片,2026-08-15,v4.1 Tier2b 证据漏斗（score_tier2b.py + llm_judge_tier2b.py）,,,scripts/llm_judge_tier2b.py
3075903,好猫,2008,,汉语普通话 / 自贡方言,tier2b补回,LLM_JUDGE 判定 yes(conf=0.85): 应亮自贡方言地产片,2026-08-15,v4.1 Tier2b 证据漏斗（score_tier2b.py + llm_judge_tier2b.py）,,,scripts/llm_judge_tier2b.py
6432145,博弈,2011,,汉语普通话 / 河北方言,tier2b补回,LLM_JUDGE 判定 yes(conf=0.85): 河北方言拆迁纪录片,2026-08-15,v4.1 Tier2b 证据漏斗（score_tier2b.py + llm_judge_tier2b.py）,,,scripts/llm_judge_tier2b.py
24860303,门巴将军,2013,,汉语普通话 / 藏语,tier2b默认排除,LLM_JUDGE 判定 uncertain(conf=0.5): 西藏军医片藏语穿插,2026-08-15,v4.1 Tier2b 证据漏斗（score_tier2b.py + llm_judge_tier2b.py）,,,scripts/llm_judge_tier2b.py
6110557,乌鲁木齐的天空,2011,,汉语普通话 / 维语,tier2b补回,LLM_JUDGE 判定 yes(conf=0.8): 新疆多民族维语年代片,2026-08-15,v4.1 Tier2b 证据漏斗（score_tier2b.py + llm_judge_tier2b.py）,,,scripts/llm_judge_tier2b.py
35191327,秘密基地,2020,,汉语普通话 / 潮汕话,tier2b补回,BENCHMARK 判定 yes(conf=0.9): 潮汕话童年标杆片,2026-08-15,v4.1 Tier2b 证据漏斗（score_tier2b.py + llm_judge_tier2b.py）,,,scripts/llm_judge_tier2b.py
3736057,邪魔,1981,,汉语普通话 / 英语 / 粤语,tier2b默认排除,LLM_JUDGE 判定 uncertain(conf=0.4): 台产鬼片信息不足,2026-08-15,v4.1 Tier2b 证据漏斗（score_tier2b.py + llm_judge_tier2b.py）,,,scripts/llm_judge_tier2b.py
27063404,壬午渝汐,2017,,汉语普通话 / 德语 / 重庆方言 / 日语,tier2b补回,LLM_JUDGE 判定 yes(conf=0.7): 重庆方言抗战网络片,2026-08-15,v4.1 Tier2b 证据漏斗（score_tier2b.py + llm_judge_tier2b.py）,,,scripts/llm_judge_tier2b.py
26335498,狼踪,2015,,汉语普通话 / 英语 / 法语 / 蒙古语,tier2b默认排除,LLM_JUDGE 判定 no(conf=0.85): 狼图腾幕后纪录片,2026-08-15,v4.1 Tier2b 证据漏斗（score_tier2b.py + llm_judge_tier2b.py）,,,scripts/llm_judge_tier2b.py
5322605,消失的村庄,2011,,汉语普通话 / 云南方言,tier2b补回,LLM_JUDGE 判定 yes(conf=0.7): 云南方言护鹤村庄片,2026-08-15,v4.1 Tier2b 证据漏斗（score_tier2b.py + llm_judge_tier2b.py）,,,scripts/llm_judge_tier2b.py
26729320,笑侃三十年,2008,,汉语普通话 / 中国上海话,tier2b补回,LLM_JUDGE 判定 yes(conf=0.9): 周立波上海话海派清口,2026-08-15,v4.1 Tier2b 证据漏斗（score_tier2b.py + llm_judge_tier2b.py）,,,scripts/llm_judge_tier2b.py
4830901,胶带,2010,,汉语普通话 / 山东方言,tier2b补回,LLM_JUDGE 判定 yes(conf=0.7): 李凝山东方言行为纪录,2026-08-15,v4.1 Tier2b 证据漏斗（score_tier2b.py + llm_judge_tier2b.py）,,,scripts/llm_judge_tier2b.py
5977833,大太阳,2011,,汉语普通话 / 四川方言,tier2b补回,LLM_JUDGE 判定 yes(conf=0.7): 四川方言震后重建片,2026-08-15,v4.1 Tier2b 证据漏斗（score_tier2b.py + llm_judge_tier2b.py）,,,scripts/llm_judge_tier2b.py
33713078,浊风浪游,2019,,汉语普通话 / 武汉话,tier2b补回,LLM_JUDGE 判定 yes(conf=0.8): 张新阳武汉话诗人片,2026-08-15,v4.1 Tier2b 证据漏斗（score_tier2b.py + llm_judge_tier2b.py）,,,scripts/llm_judge_tier2b.py
3558647,可爱的中国,2009,,汉语普通话 / 方言,tier2b默认排除,LLM_JUDGE 判定 uncertain(conf=0.4): 方志敏传记方言点缀,2026-08-15,v4.1 Tier2b 证据漏斗（score_tier2b.py + llm_judge_tier2b.py）,,,scripts/llm_judge_tier2b.py
1307707,一生一台戏,1998,,汉语普通话 / 闽南语,tier2b补回,LLM_JUDGE 判定 yes(conf=0.85): 方育平歌仔戏闽南语片,2026-08-15,v4.1 Tier2b 证据漏斗（score_tier2b.py + llm_judge_tier2b.py）,,,scripts/llm_judge_tier2b.py
34970312,枝栖,2020,,汉语普通话 / 重庆话,tier2b补回,LLM_JUDGE 判定 yes(conf=0.75): 重庆话老年买墓片,2026-08-15,v4.1 Tier2b 证据漏斗（score_tier2b.py + llm_judge_tier2b.py）,,,scripts/llm_judge_tier2b.py
30234465,寻鳞,2018,,汉语普通话 / 粤语,tier2b补回,LLM_JUDGE 判定 yes(conf=0.7): 粤语野保纪录片,2026-08-15,v4.1 Tier2b 证据漏斗（score_tier2b.py + llm_judge_tier2b.py）,,,scripts/llm_judge_tier2b.py
26795054,乘客,2019,,汉语普通话 / 重庆话,tier2b补回,LLM_JUDGE 判定 yes(conf=0.75): 重庆话出租车文艺片,2026-08-15,v4.1 Tier2b 证据漏斗（score_tier2b.py + llm_judge_tier2b.py）,,,scripts/llm_judge_tier2b.py
30272101,我私人的赫尔佐格,2018,,汉语普通话 / 粤语,tier2b补回,LLM_JUDGE 判定 yes(conf=0.7): 郭泽权粤语行走纪录片,2026-08-15,v4.1 Tier2b 证据漏斗（score_tier2b.py + llm_judge_tier2b.py）,,,scripts/llm_judge_tier2b.py
4323370,寻欢作乐,2010,,普通话/国语 / 粤语,tier2b补回,LLM_JUDGE 判定 yes(conf=0.7): 赵大勇广州粤语独立片,2026-08-15,v4.1 Tier2b 证据漏斗（score_tier2b.py + llm_judge_tier2b.py）,,,scripts/llm_judge_tier2b.py
3732547,我不要你管,2001,,普通话/国语 / 方言,tier2b默认排除,LLM_JUDGE 判定 uncertain(conf=0.4): 纪录片方言占比不明,2026-08-15,v4.1 Tier2b 证据漏斗（score_tier2b.py + llm_judge_tier2b.py）,,,scripts/llm_judge_tier2b.py
3732806,羊肉泡馍麻辣烫,2009,,普通话/国语 / 四川话,tier2b补回,LLM_JUDGE 判定 yes(conf=0.7): 川陕方言多线喜剧,2026-08-15,v4.1 Tier2b 证据漏斗（score_tier2b.py + llm_judge_tier2b.py）,,,scripts/llm_judge_tier2b.py
26773954,大风水师,2016,,汉语普通话 / 粤语,tier2b默认排除,LLM_JUDGE 判定 no(conf=0.9): 网络风水片粤语点缀,2026-08-15,v4.1 Tier2b 证据漏斗（score_tier2b.py + llm_judge_tier2b.py）,,,scripts/llm_judge_tier2b.py
20645076,迷失,2013,,汉语普通话 / 武汉话,tier2b补回,LLM_JUDGE 判定 yes(conf=0.7): 武汉话地铁学生短片,2026-08-15,v4.1 Tier2b 证据漏斗（score_tier2b.py + llm_judge_tier2b.py）,,,scripts/llm_judge_tier2b.py
2029107,心跳墨脱,2003,,汉语普通话 / 藏语,tier2b默认排除,LLM_JUDGE 判定 uncertain(conf=0.5): 墨脱公路片藏语穿插,2026-08-15,v4.1 Tier2b 证据漏斗（score_tier2b.py + llm_judge_tier2b.py）,,,scripts/llm_judge_tier2b.py
26801581,动植物大战,2016,,汉语普通话 / 粤语,tier2b默认排除,LLM_JUDGE 判定 no(conf=0.85): 动画粤语配音点缀,2026-08-15,v4.1 Tier2b 证据漏斗（score_tier2b.py + llm_judge_tier2b.py）,,,scripts/llm_judge_tier2b.py
25928812,龟兔再跑,2014,,汉语普通话 / 粤语,tier2b默认排除,LLM_JUDGE 判定 no(conf=0.85): 动画粤语配音点缀,2026-08-15,v4.1 Tier2b 证据漏斗（score_tier2b.py + llm_judge_tier2b.py）,,,scripts/llm_judge_tier2b.py
3773973,移动之外,2007,,普通话/国语 / 粤语，台语，四川话,tier2b补回,LLM_JUDGE 判定 yes(conf=0.75): 四城出租车方言纪录片,2026-08-15,v4.1 Tier2b 证据漏斗（score_tier2b.py + llm_judge_tier2b.py）,,,scripts/llm_judge_tier2b.py
6905209,归去来,2011,,汉语普通话 / 汉语普通话 汉语方言,tier2b补回,LLM_JUDGE 判定 yes(conf=0.7): 终南山村陕西方言片,2026-08-15,v4.1 Tier2b 证据漏斗（score_tier2b.py + llm_judge_tier2b.py）,,,scripts/llm_judge_tier2b.py
34968943,幸福选择题五部曲 - 孤鸟还乡,2020,,汉语普通话 / 闽南语 / 日语,tier2b补回,LLM_JUDGE 判定 yes(conf=0.75): 闽南语秀场纪录片,2026-08-15,v4.1 Tier2b 证据漏斗（score_tier2b.py + llm_judge_tier2b.py）,,,scripts/llm_judge_tier2b.py
34452977,船,2019,,汉语普通话 / 粤语,tier2b补回,LLM_JUDGE 判定 yes(conf=0.7): 海滨家庭粤语文艺片,2026-08-15,v4.1 Tier2b 证据漏斗（score_tier2b.py + llm_judge_tier2b.py）,,,scripts/llm_judge_tier2b.py
2330117,龙眼粥,2005,,汉语普通话 / 英语 / 粤语,tier2b默认排除,LLM_JUDGE 判定 uncertain(conf=0.5): 时空爱情片粤语点缀,2026-08-15,v4.1 Tier2b 证据漏斗（score_tier2b.py + llm_judge_tier2b.py）,,,scripts/llm_judge_tier2b.py
1298203,国道封闭,1997,,汉语普通话 / Min Nan,tier2b补回,LLM_JUDGE 判定 yes(conf=0.8): 何平闽南语公路片,2026-08-15,v4.1 Tier2b 证据漏斗（score_tier2b.py + llm_judge_tier2b.py）,,,scripts/llm_judge_tier2b.py
6900614,风铃,2011,,汉语普通话 / 四川话,tier2b补回,LLM_JUDGE 判定 yes(conf=0.7): 四川话震后生活片,2026-08-15,v4.1 Tier2b 证据漏斗（score_tier2b.py + llm_judge_tier2b.py）,,,scripts/llm_judge_tier2b.py
25851736,陈仓已冬,2011,,汉语普通话 / 地方方言,tier2b补回,LLM_JUDGE 判定 yes(conf=0.7): 地方方言祖孙生活片,2026-08-15,v4.1 Tier2b 证据漏斗（score_tier2b.py + llm_judge_tier2b.py）,,,scripts/llm_judge_tier2b.py
20645007,美好2013,2013,,汉语普通话 / 粤语 / 日语,tier2b补回,LLM_JUDGE 判定 yes(conf=0.7): 四段短片含粤语闽南语,2026-08-15,v4.1 Tier2b 证据漏斗（score_tier2b.py + llm_judge_tier2b.py）,,,scripts/llm_judge_tier2b.py
26331811,新西兰打工旅行2013-2014,2015,,汉语普通话 / 粤语 / 英语,tier2b默认排除,LLM_JUDGE 判定 uncertain(conf=0.5): 打工旅行纪录粤语采访,2026-08-15,v4.1 Tier2b 证据漏斗（score_tier2b.py + llm_judge_tier2b.py）,,,scripts/llm_judge_tier2b.py
25732105,鄂尔多斯骑士,2015,,汉语普通话 / 蒙语,tier2b补回,LLM_JUDGE 判定 yes(conf=0.7): 草原蒙古语三段片,2026-08-15,v4.1 Tier2b 证据漏斗（score_tier2b.py + llm_judge_tier2b.py）,,,scripts/llm_judge_tier2b.py
7163765,龙飞凤舞,2012,,汉语普通话 / 闽南语,tier2b补回,LLM_JUDGE 判定 yes(conf=0.8): 王育麟歌仔戏闽南语片,2026-08-15,v4.1 Tier2b 证据漏斗（score_tier2b.py + llm_judge_tier2b.py）,,,scripts/llm_judge_tier2b.py
6432156,龙船,2011,,汉语普通话 / 粤语,tier2b补回,LLM_JUDGE 判定 yes(conf=0.7): 练溪村粤语龙舟纪录片,2026-08-15,v4.1 Tier2b 证据漏斗（score_tier2b.py + llm_judge_tier2b.py）,,,scripts/llm_judge_tier2b.py
5279627,胡辣汤,2010,,普通话/国语 / 河南周口话,tier2b补回,LLM_JUDGE 判定 yes(conf=0.7): 河南周口话美食片,2026-08-15,v4.1 Tier2b 证据漏斗（score_tier2b.py + llm_judge_tier2b.py）,,,scripts/llm_judge_tier2b.py
6796784,四年一梦,2011,,汉语普通话 / 山东方言,tier2b补回,LLM_JUDGE 判定 yes(conf=0.7): 山东方言毕业校园片,2026-08-15,v4.1 Tier2b 证据漏斗（score_tier2b.py + llm_judge_tier2b.py）,,,scripts/llm_judge_tier2b.py
25773293,守望天湖,2014,,汉语普通话 / 藏语,tier2b默认排除,LLM_JUDGE 判定 no(conf=0.65): 援藏主旋律普通话为主,2026-08-15,v4.1 Tier2b 证据漏斗（score_tier2b.py + llm_judge_tier2b.py）,,,scripts/llm_judge_tier2b.py
3773977,卡到了！,2007,,汉语普通话 / 闽南语,tier2b补回,LLM_JUDGE 判定 yes(conf=0.7): 闽南语卡债纪录片,2026-08-15,v4.1 Tier2b 证据漏斗（score_tier2b.py + llm_judge_tier2b.py）,,,scripts/llm_judge_tier2b.py
3032852,黑道之无悔今生,2008,,普通话/国语 / 粤语,tier2b补回,LLM_JUDGE 判定 yes(conf=0.7): 港式真实黑帮粤语片,2026-08-15,v4.1 Tier2b 证据漏斗（score_tier2b.py + llm_judge_tier2b.py）,,,scripts/llm_judge_tier2b.py
3189968,生命列车,2001,,汉语普通话 / 河南话,tier2b补回,LLM_JUDGE 判定 yes(conf=0.7): 河南话列车生产电视片,2026-08-15,v4.1 Tier2b 证据漏斗（score_tier2b.py + llm_judge_tier2b.py）,,,scripts/llm_judge_tier2b.py
3993255,香平丽,2005,,汉语普通话 / 粤语,tier2b补回,LLM_JUDGE 判定 yes(conf=0.7): 蒋志深圳粤语纪录剧情片,2026-08-15,v4.1 Tier2b 证据漏斗（score_tier2b.py + llm_judge_tier2b.py）,,,scripts/llm_judge_tier2b.py
27124931,陈冲·上海：梅雨季节的城市穿行,2017,,汉语普通话 / 上海话,tier2b补回,LLM_JUDGE 判定 yes(conf=0.7): 沪语城市人文短片,2026-08-15,v4.1 Tier2b 证据漏斗（score_tier2b.py + llm_judge_tier2b.py）,,,scripts/llm_judge_tier2b.py
4323362,坑,2007,,汉语普通话 / 日语 / 唐山方言,tier2b补回,LLM_JUDGE 判定 yes(conf=0.7): 唐山方言抗战短片,2026-08-15,v4.1 Tier2b 证据漏斗（score_tier2b.py + llm_judge_tier2b.py）,,,scripts/llm_judge_tier2b.py
3339284,茅山斗僵尸,1999,,普通话/国语 / 粤语,tier2b默认排除,LLM_JUDGE 判定 no(conf=0.7): 港式僵尸片默认排除,2026-08-15,v4.1 Tier2b 证据漏斗（score_tier2b.py + llm_judge_tier2b.py）,,,scripts/llm_judge_tier2b.py
3737125,报告典狱长,1988,,汉语普通话 / 闽南话,tier2b默认排除,LLM_JUDGE 判定 uncertain(conf=0.5): 朱延平监狱喜剧闽南话,2026-08-15,v4.1 Tier2b 证据漏斗（score_tier2b.py + llm_judge_tier2b.py）,,,scripts/llm_judge_tier2b.py
2990256,天降横财心惊惊,2004,,普通话/国语 / 粤语,tier2b默认排除,LLM_JUDGE 判定 no(conf=0.7): 港式电视电影默认排除,2026-08-15,v4.1 Tier2b 证据漏斗（score_tier2b.py + llm_judge_tier2b.py）,,,scripts/llm_judge_tier2b.py
24752295,青春小说,2013,,汉语普通话 / 河南方言,tier2b补回,LLM_JUDGE 判定 yes(conf=0.7): 河南方言乡村公路片,2026-08-15,v4.1 Tier2b 证据漏斗（score_tier2b.py + llm_judge_tier2b.py）,,,scripts/llm_judge_tier2b.py
26325651,逃学英雄,2015,,汉语普通话 / 粤语,tier2b默认排除,LLM_JUDGE 判定 no(conf=0.9): 致敬港片网络喜剧,2026-08-15,v4.1 Tier2b 证据漏斗（score_tier2b.py + llm_judge_tier2b.py）,,,scripts/llm_judge_tier2b.py
3732179,卡布奇诺,2005,,普通话/国语 / 粤语,tier2b默认排除,LLM_JUDGE 判定 no(conf=0.7): 港式爱情片默认排除,2026-08-15,v4.1 Tier2b 证据漏斗（score_tier2b.py + llm_judge_tier2b.py）,,,scripts/llm_judge_tier2b.py
3024212,阿妹的诺言,2007,,汉语普通话 / 陕西话,tier2b补回,LLM_JUDGE 判定 yes(conf=0.7): 陕西话高考励志片,2026-08-15,v4.1 Tier2b 证据漏斗（score_tier2b.py + llm_judge_tier2b.py）,,,scripts/llm_judge_tier2b.py
34997942,小春与猪排,2020,,台湾国语 / 闽南语,tier2b补回,LLM_JUDGE 判定 yes(conf=0.7): 闽南语城乡代沟片,2026-08-15,v4.1 Tier2b 证据漏斗（score_tier2b.py + llm_judge_tier2b.py）,,,scripts/llm_judge_tier2b.py
3193464,爱的面包魂,2007,,普通话/国语 / 閩南語,tier2b补回,LLM_JUDGE 判定 yes(conf=0.7): 台客闽南语面包喜剧,2026-08-15,v4.1 Tier2b 证据漏斗（score_tier2b.py + llm_judge_tier2b.py）,,,scripts/llm_judge_tier2b.py
4043852,我的潭子湾小学,1999,,普通话/国语 / 上海话,tier2b默认排除,LLM_JUDGE 判定 uncertain(conf=0.5): 沪语动迁儿童片,2026-08-15,v4.1 Tier2b 证据漏斗（score_tier2b.py + llm_judge_tier2b.py）,,,scripts/llm_judge_tier2b.py
3531098,庙街公主,2003,,普通话/国语 / 粤语,tier2b默认排除,LLM_JUDGE 判定 no(conf=0.7): 港式爱情片默认排除,2026-08-15,v4.1 Tier2b 证据漏斗（score_tier2b.py + llm_judge_tier2b.py）,,,scripts/llm_judge_tier2b.py
26324974,钱，这东西......,1985,,汉语普通话 / 维吾尔语,tier2b补回,LLM_JUDGE 判定 yes(conf=0.8): 天山厂维吾尔语喜剧,2026-08-15,v4.1 Tier2b 证据漏斗（score_tier2b.py + llm_judge_tier2b.py）,,,scripts/llm_judge_tier2b.py
2353977,鬼马神偷,1982,,汉语普通话 / 粤语 / 英语,tier2b默认排除,LLM_JUDGE 判定 uncertain(conf=0.5): 邵氏偷宝喜剧粤语,2026-08-15,v4.1 Tier2b 证据漏斗（score_tier2b.py + llm_judge_tier2b.py）,,,scripts/llm_judge_tier2b.py
1915881,一百年的歌声,2004,,汉语普通话 / 上海话,tier2b补回,LLM_JUDGE 判定 yes(conf=0.7): 沪语流行歌曲纪录片,2026-08-15,v4.1 Tier2b 证据漏斗（score_tier2b.py + llm_judge_tier2b.py）,,,scripts/llm_judge_tier2b.py
3999733,白领日志,2007,,汉语普通话 / 上海话,tier2b补回,LLM_JUDGE 判定 yes(conf=0.7): 沪语实习医生独立片,2026-08-15,v4.1 Tier2b 证据漏斗（score_tier2b.py + llm_judge_tier2b.py）,,,scripts/llm_judge_tier2b.py
26317308,我要上迷笛,2015,,汉语普通话 / 粤语,tier2b默认排除,LLM_JUDGE 判定 uncertain(conf=0.5): 摇滚纪录片粤语采访,2026-08-15,v4.1 Tier2b 证据漏斗（score_tier2b.py + llm_judge_tier2b.py）,,,scripts/llm_judge_tier2b.py
4135765,那时年纪小,2009,,普通话/国语 / 山东方言,tier2b补回,LLM_JUDGE 判定 yes(conf=0.7): 山东方言计划生育短片,2026-08-15,v4.1 Tier2b 证据漏斗（score_tier2b.py + llm_judge_tier2b.py）,,,scripts/llm_judge_tier2b.py
10776186,飞机,2012,,汉语普通话 / 东北话,tier2b补回,LLM_JUDGE 判定 yes(conf=0.7): 耿军东北话荒诞短片,2026-08-15,v4.1 Tier2b 证据漏斗（score_tier2b.py + llm_judge_tier2b.py）,,,scripts/llm_judge_tier2b.py
26703380,再见318,2015,,汉语普通话 / 藏语 Tibetan,tier2b默认排除,LLM_JUDGE 判定 uncertain(conf=0.5): 川西藏区藏语点缀,2026-08-15,v4.1 Tier2b 证据漏斗（score_tier2b.py + llm_judge_tier2b.py）,,,scripts/llm_judge_tier2b.py
3337623,岁月情真,1995,,普通话/国语 / 粤语,tier2b默认排除,LLM_JUDGE 判定 no(conf=0.7): 港式剧集电影默认排除,2026-08-15,v4.1 Tier2b 证据漏斗（score_tier2b.py + llm_judge_tier2b.py）,,,scripts/llm_judge_tier2b.py
4899555,我的麻烦老友,2003,,普通话/国语 / 粤语,tier2b默认排除,LLM_JUDGE 判定 no(conf=0.7): 港式喜剧默认排除,2026-08-15,v4.1 Tier2b 证据漏斗（score_tier2b.py + llm_judge_tier2b.py）,,,scripts/llm_judge_tier2b.py
26831254,2013年江苏卫视跨年演唱会,2013,,汉语普通话 / 粤语 / 韩语,tier2b默认排除,LLM_JUDGE 判定 no(conf=0.95): 跨年演唱会综艺,2026-08-15,v4.1 Tier2b 证据漏斗（score_tier2b.py + llm_judge_tier2b.py）,,,scripts/llm_judge_tier2b.py
34852806,狂飙一梦,2019,,汉语普通话 / 台语 Taiwanese,tier2b补回,LLM_JUDGE 判定 yes(conf=0.7): 台语社运纪录片,2026-08-15,v4.1 Tier2b 证据漏斗（score_tier2b.py + llm_judge_tier2b.py）,,,scripts/llm_judge_tier2b.py
26732252,师生畸恋,1993,,汉语普通话 / 粤语,tier2b默认排除,LLM_JUDGE 判定 no(conf=0.7): 台产情色片默认排除,2026-08-15,v4.1 Tier2b 证据漏斗（score_tier2b.py + llm_judge_tier2b.py）,,,scripts/llm_judge_tier2b.py
20444574,不耻,2012,,汉语普通话 / 象山方言,tier2b补回,LLM_JUDGE 判定 yes(conf=0.7): 象山方言酒店拆迁片,2026-08-15,v4.1 Tier2b 证据漏斗（score_tier2b.py + llm_judge_tier2b.py）,,,scripts/llm_judge_tier2b.py
25790210,爱琳娜,2015,,汉语普通话 / 台語,tier2b补回,LLM_JUDGE 判定 yes(conf=0.8): 林靖杰台语草根爱情片,2026-08-15,v4.1 Tier2b 证据漏斗（score_tier2b.py + llm_judge_tier2b.py）,,,scripts/llm_judge_tier2b.py
3130172,恋人路上,2008,,普通话/国语 / 粤语,tier2b默认排除,LLM_JUDGE 判定 no(conf=0.7): 港式爱情短片默认排除,2026-08-15,v4.1 Tier2b 证据漏斗（score_tier2b.py + llm_judge_tier2b.py）,,,scripts/llm_judge_tier2b.py
3773980,红谷子,2007,,普通话/国语 / 云南方言,tier2b补回,LLM_JUDGE 判定 yes(conf=0.7): 云南方言有机农耕纪录片,2026-08-15,v4.1 Tier2b 证据漏斗（score_tier2b.py + llm_judge_tier2b.py）,,,scripts/llm_judge_tier2b.py
25802582,希望有个如你一般的人,2014,,汉语普通话 / 南京话,tier2b补回,LLM_JUDGE 判定 yes(conf=0.7): 南京话青春短片,2026-08-15,v4.1 Tier2b 证据漏斗（score_tier2b.py + llm_judge_tier2b.py）,,,scripts/llm_judge_tier2b.py
25849506,热带,2014,,汉语普通话 / 粤语,tier2b补回,LLM_JUDGE 判定 yes(conf=0.7): 穆肃粤语寻子纪录片,2026-08-15,v4.1 Tier2b 证据漏斗（score_tier2b.py + llm_judge_tier2b.py）,,,scripts/llm_judge_tier2b.py
21327875,台湾人在满洲国,2013,,汉语普通话 / 台语 Taiwanese,tier2b补回,LLM_JUDGE 判定 yes(conf=0.7): 台语历史纪录片,2026-08-15,v4.1 Tier2b 证据漏斗（score_tier2b.py + llm_judge_tier2b.py）,,,scripts/llm_judge_tier2b.py
1986783,芒种,2006,China,汉语普通话 / 朝鲜语,移出tier2b白名单,用户人工复核（2026-08-15）：《芒种》不算方言片，推翻 LLM_JUDGE(conf=0.85) 补判,2026-08-15,v4.1 白名单增删流程（Codebook §8）：人工听辨结论与白名单冲突走记录卡回填,已处理,2026-08-15,scripts/apply_whitelist_removal_20260815.py
4133310,惊梦魂,1995,China,粤语,空语言补回方言口径,用户人工复核（2026-08-16）：百度百科补全后纳入方言电影；百度百科：对白语言=普通话/粤语；为直接纳入方言口径，回填'粤语'（避免落入Tier 2b证据审查）,2026-08-16,v4.1 方言定义：语言字段命中中国方言/少数民族语言白名单,已处理,2026-08-16,scripts/apply_empty_lang_recovery_20260816.py
2129914,八廓南街16号,1997,China,藏语,空语言补回方言口径,用户人工复核（2026-08-16）：百度百科补全后纳入方言电影；百度百科：对白语言=藏语；中国少数民族语言片,2026-08-16,v4.1 方言定义：语言字段命中中国方言/少数民族语言白名单,已处理,2026-08-16,scripts/apply_empty_lang_recovery_20260816.py
10518931,猎人与骷髅怪,2012,China,藏语,空语言补回方言口径,用户人工复核（2026-08-16）：百度百科补全后纳入方言电影；百度百科：语言=藏语（康巴甘孜方言）；中国少数民族语言片,2026-08-16,v4.1 方言定义：语言字段命中中国方言/少数民族语言白名单,已处理,2026-08-16,scripts/apply_empty_lang_recovery_20260816.py
34953763,巴依尔的春节,2020,China,山西方言,空语言补回方言口径,用户人工复核（2026-08-16）：百度百科补全后纳入方言电影；百度百科：山西方言对白；拍摄地点山西太原；晋语片,2026-08-16,v4.1 方言定义：语言字段命中中国方言/少数民族语言白名单,已处理,2026-08-16,scripts/apply_empty_lang_recovery_20260816.py
4133310,惊梦魂,1995,China,粤语,空语言补回方言口径v2,用户人工复核（2026-08-16）：粤语为主要对白语言,2026-08-16,v4.1 方言定义,已处理,2026-08-16,scripts/apply_empty_lang_backfill_20260816.py
2129914,八廓南街16号,1997,China,藏语,空语言补回方言口径v2,用户人工复核（2026-08-16）：藏语承担核心叙事功能,2026-08-16,v4.1 方言定义,已处理,2026-08-16,scripts/apply_empty_lang_backfill_20260816.py
1308060,龙的深处―失落的拼图,2003,China,粤语/安徽方言/国语,空语言补回方言口径v2,用户人工复核（2026-08-16）：纪录片多语言交织，国语旁白为框架但粤语和安徽方言占比显著,2026-08-16,v4.1 方言定义,已处理,2026-08-16,scripts/apply_empty_lang_backfill_20260816.py
10518931,猎人与骷髅怪,2012,China,藏语,空语言补回方言口径v2,用户人工复核（2026-08-16）：全程藏语（甘孜方言），少数民族语言片,2026-08-16,v4.1 方言定义,已处理,2026-08-16,scripts/apply_empty_lang_backfill_20260816.py
19899635,穷人·榴莲·麻药·偷渡客,2013,China,云南方言/普通话/缅语,空语言补回方言口径v2,用户人工复核（2026-08-16）：云南方言属西南官话，缅语为外语不影响方言定性,2026-08-16,v4.1 方言定义,已处理,2026-08-16,scripts/apply_empty_lang_backfill_20260816.py
30441138,监狱建筑师,2018,China,粤语,空语言补回方言口径v2,用户人工复核（2026-08-16）：香港取景，粤语对白承担叙事,2026-08-16,v4.1 方言定义,已处理,2026-08-16,scripts/apply_empty_lang_backfill_20260816.py
34436895,出花园,2019,China,潮汕方言,空语言补回方言口径v2,用户人工复核（2026-08-16）：潮汕方言电影,2026-08-16,v4.1 方言定义,已处理,2026-08-16,scripts/apply_empty_lang_backfill_20260816.py
34847185,阿紫,2020,China,闽南语/普通话,空语言补回方言口径v2,用户人工复核（2026-08-16）：台语=闽南语属闽语分支；国台语混合,2026-08-16,v4.1 方言定义,已处理,2026-08-16,scripts/apply_empty_lang_backfill_20260816.py
34953763,巴依尔的春节,2020,China,普通话,空语言撤销方言判定,用户人工复核（2026-08-16）：撤销方言判定，搜狗百科标注对白语言=普通话,2026-08-16,v4.1 方言定义,已处理,2026-08-16,scripts/apply_empty_lang_backfill_20260816.py
4133310,惊梦魂,1995,China,粤语/普通话,空语言补回方言口径v3-Tier修正,用户复核20260816：百度百科'普通话/粤语'、抖音百科'粤语/汉语'，粤语现场收音香港片、粤语为主要对白语言 → Tier 2a,2026-08-16,v4.1 方言定义 Tier 分层,已处理,2026-08-16,scripts/apply_empty_lang_tier_fix_20260816.py
34436895,出花园,2019,China,普通话/潮汕方言,空语言补回方言口径v3-Tier修正,用户复核20260816：中国网标注语言'中文/潮汕方言'（中文排首）→ Tier 2b，经人工复核证据补回计方言,2026-08-16,v4.1 方言定义 Tier 分层,已处理,2026-08-16,scripts/apply_empty_lang_tier_fix_20260816.py
26752088,我不是药神,2018,,汉语普通话 / 英语 / 上海话 / 印地语,tier2b默认排除,LLM_JUDGE 判定 no(conf=0.85): 上海话仅点缀的普通话商业片,2026-08-15,v4.1 Tier2b 证据漏斗（score_tier2b.py + llm_judge_tier2b.py）,,,scripts/llm_judge_tier2b.py
900072,让子弹飞,2010,,汉语普通话 / 四川话 / 山西话,tier2b补回,BENCHMARK 判定 yes(conf=0.95): 川渝方言贯穿全程的标杆片,2026-08-15,v4.1 Tier2b 证据漏斗（score_tier2b.py + llm_judge_tier2b.py）,,,scripts/llm_judge_tier2b.py
26861685,红海行动,2018,,汉语普通话 / 阿拉伯语 / 英语 / 索马里语 / 粤语,tier2b默认排除,LLM_JUDGE 判定 no(conf=0.9): 军事行动片粤语仅配角语言,2026-08-15,v4.1 Tier2b 证据漏斗（score_tier2b.py + llm_judge_tier2b.py）,,,scripts/llm_judge_tier2b.py
27110296,无名之辈,2018,,汉语普通话 / 贵州方言,tier2b补回,LLM_JUDGE 判定 yes(conf=0.95): 全程贵州方言黑色喜剧,2026-08-15,v4.1 Tier2b 证据漏斗（score_tier2b.py + llm_judge_tier2b.py）,,,scripts/llm_judge_tier2b.py
26425063,无双,2018,,汉语普通话 / 粤语 / 英语 / 泰语 / 波兰语,tier2b默认排除,LLM_JUDGE 判定 no(conf=0.85): 跨国伪钞案多语港片方言非主体,2026-08-15,v4.1 Tier2b 证据漏斗（score_tier2b.py + llm_judge_tier2b.py）,,,scripts/llm_judge_tier2b.py
26698897,唐人街探案2,2018,,汉语普通话 / 英语 / 日语 / 粤语,tier2b默认排除,LLM_JUDGE 判定 no(conf=0.9): 纽约探案喜剧普通话主导,2026-08-15,v4.1 Tier2b 证据漏斗（score_tier2b.py + llm_judge_tier2b.py）,,,scripts/llm_judge_tier2b.py
900225,疯狂的石头,2006,,汉语普通话 / 重庆话,tier2b补回,BENCHMARK 判定 yes(conf=0.95): 重庆话多线叙事标杆片,2026-08-15,v4.1 Tier2b 证据漏斗（score_tier2b.py + llm_judge_tier2b.py）,,,scripts/llm_judge_tier2b.py
25815034,湄公河行动,2016,,汉语普通话 / 粤语 / 泰语 / 缅甸语 / 英语,tier2b默认排除,LLM_JUDGE 判定 no(conf=0.9): 跨境缉毒动作片,2026-08-15,v4.1 Tier2b 证据漏斗（score_tier2b.py + llm_judge_tier2b.py）,,,scripts/llm_judge_tier2b.py
26277313,西游记之大圣归来,2015,,汉语普通话 / 粤语,tier2b默认排除,LLM_JUDGE 判定 no(conf=0.9): 粤语仅为发行配音版本,2026-08-15,v4.1 Tier2b 证据漏斗（score_tier2b.py + llm_judge_tier2b.py）,,,scripts/llm_judge_tier2b.py
3649049,金陵十三钗,2011,,汉语普通话 / 英语 / 日语 / 南京话 / 上海话,tier2b补回,LLM_JUDGE 判定 yes(conf=0.9): 南京话上海话对白成规模,2026-08-15,v4.1 Tier2b 证据漏斗（score_tier2b.py + llm_judge_tier2b.py）,,,scripts/llm_judge_tier2b.py
25805741,后会无期,2014,,汉语普通话 / 手语 / 粤语,tier2b默认排除,LLM_JUDGE 判定 no(conf=0.8): 普通话公路片方言点缀,2026-08-15,v4.1 Tier2b 证据漏斗（score_tier2b.py + llm_judge_tier2b.py）,,,scripts/llm_judge_tier2b.py
3077412,寻龙诀,2015,,汉语普通话 / 英语 / 蒙古语 / 日语,tier2b默认排除,LLM_JUDGE 判定 no(conf=0.85): 蒙古语仅草原段落点缀,2026-08-15,v4.1 Tier2b 证据漏斗（score_tier2b.py + llm_judge_tier2b.py）,,,scripts/llm_judge_tier2b.py
4237879,人在囧途,2010,,汉语普通话 / 武汉话,tier2b补回,LLM_JUDGE 判定 yes(conf=0.85): 湖南武汉方言公路喜剧,2026-08-15,v4.1 Tier2b 证据漏斗（score_tier2b.py + llm_judge_tier2b.py）,,,scripts/llm_judge_tier2b.py
10574468,北京遇上西雅图,2013,,汉语普通话 / 英语 / 闽南语,tier2b默认排除,LLM_JUDGE 判定 no(conf=0.85): 西雅图背景闽南语点缀,2026-08-15,v4.1 Tier2b 证据漏斗（score_tier2b.py + llm_judge_tier2b.py）,,,scripts/llm_judge_tier2b.py
900030,鬼子来了,2000,,汉语普通话 / 日语 / 唐山话,tier2b补回,LLM_JUDGE 判定 yes(conf=0.95): 全程唐山话的姜文经典,2026-08-15,v4.1 Tier2b 证据漏斗（score_tier2b.py + llm_judge_tier2b.py）,,,scripts/llm_judge_tier2b.py
3821067,一代宗师,2013,,汉语普通话 / 粤语 / 日语,tier2b补回,LLM_JUDGE 判定 yes(conf=0.8): 粤语武林对白成规模,2026-08-15,v4.1 Tier2b 证据漏斗（score_tier2b.py + llm_judge_tier2b.py）,,,scripts/llm_judge_tier2b.py
30171424,拆弹专家2,2020,,汉语普通话 / 粤语 / 英语,tier2b补回,LLM_JUDGE 判定 yes(conf=0.85): 港产粤语原声警匪片,2026-08-15,v4.1 Tier2b 证据漏斗（score_tier2b.py + llm_judge_tier2b.py）,,,scripts/llm_judge_tier2b.py
25717233,心花路放,2014,,汉语普通话 / 粤语 / 云南方言,tier2b补回,BENCHMARK 判定 yes(conf=0.9): 云南方言段落成规模标杆片,2026-08-15,v4.1 Tier2b 证据漏斗（score_tier2b.py + llm_judge_tier2b.py）,,,scripts/llm_judge_tier2b.py
25798222,亲爱的,2014,,汉语普通话 / 安徽方言 / 粤语 / 陕西方言,tier2b补回,BENCHMARK 判定 yes(conf=0.95): 多方言寻子题材标杆片,2026-08-15,v4.1 Tier2b 证据漏斗（score_tier2b.py + llm_judge_tier2b.py）,,,scripts/llm_judge_tier2b.py
25716096,狗十三,2018,,汉语普通话 / 西安话,tier2b补回,LLM_JUDGE 判定 yes(conf=0.95): 全程西安话成长片,2026-08-15,v4.1 Tier2b 证据漏斗（score_tier2b.py + llm_judge_tier2b.py）,,,scripts/llm_judge_tier2b.py
3596502,唐山大地震,2010,,汉语普通话 / 唐山话,tier2b补回,LLM_JUDGE 判定 yes(conf=0.8): 唐山话家庭戏贯穿,2026-08-15,v4.1 Tier2b 证据漏斗（score_tier2b.py + llm_judge_tier2b.py）,,,scripts/llm_judge_tier2b.py
24745500,绣春刀,2014,,汉语普通话 / 蒙古语,tier2b默认排除,LLM_JUDGE 判定 no(conf=0.85): 普通话武侠片蒙古语点缀,2026-08-15,v4.1 Tier2b 证据漏斗（score_tier2b.py + llm_judge_tier2b.py）,,,scripts/llm_judge_tier2b.py
3824672,听说,2015,,汉语普通话 / 台湾手语 / 闽南语,tier2b默认排除,LLM_JUDGE 判定 no(conf=0.8): 手语主导闽南语少量,2026-08-15,v4.1 Tier2b 证据漏斗（score_tier2b.py + llm_judge_tier2b.py）,,,scripts/llm_judge_tier2b.py
25710912,港囧,2015,,汉语普通话 / 粤语,tier2b默认排除,LLM_JUDGE 判定 no(conf=0.9): 内地喜剧普通话主导,2026-08-15,v4.1 Tier2b 证据漏斗（score_tier2b.py + llm_judge_tier2b.py）,,,scripts/llm_judge_tier2b.py
26728669,风中有朵雨做的云,2019,,汉语普通话 / 粤语,tier2b补回,LLM_JUDGE 判定 yes(conf=0.85): 广州背景粤语对白贯穿,2026-08-15,v4.1 Tier2b 证据漏斗（score_tier2b.py + llm_judge_tier2b.py）,,,scripts/llm_judge_tier2b.py
25895276,煎饼侠,2015,,汉语普通话 / 英语 / 粤语,tier2b默认排除,LLM_JUDGE 判定 no(conf=0.9): 普通话喜剧粤语点缀,2026-08-15,v4.1 Tier2b 证据漏斗（score_tier2b.py + llm_judge_tier2b.py）,,,scripts/llm_judge_tier2b.py
25662327,火锅英雄,2016,,汉语普通话 / 重庆话,tier2b补回,LLM_JUDGE 判定 yes(conf=0.95): 全程重庆话劫案片,2026-08-15,v4.1 Tier2b 证据漏斗（score_tier2b.py + llm_judge_tier2b.py）,,,scripts/llm_judge_tier2b.py
2124703,疯狂的赛车,2009,,汉语普通话 / 青岛话 / 闽南语 / 陕西话 / 武汉话 / 四川话,tier2b补回,BENCHMARK 判定 yes(conf=0.95): 多方言混响标杆片,2026-08-15,v4.1 Tier2b 证据漏斗（score_tier2b.py + llm_judge_tier2b.py）,,,scripts/llm_judge_tier2b.py
1292434,一一,2017,,汉语普通话 / 闽南语 / 英语 / 日语,tier2b补回,LLM_JUDGE 判定 yes(conf=0.85): 台北家庭闽南语穿插,2026-08-15,v4.1 Tier2b 证据漏斗（score_tier2b.py + llm_judge_tier2b.py）,,,scripts/llm_judge_tier2b.py
24879858,分手大师,2014,,汉语普通话 / 克里奥尔语 / 英语 / 日语 / 上海话,tier2b默认排除,LLM_JUDGE 判定 no(conf=0.85): 普通话喜剧方言点缀,2026-08-15,v4.1 Tier2b 证据漏斗（score_tier2b.py + llm_judge_tier2b.py）,,,scripts/llm_judge_tier2b.py
3626416,十月围城,2009,,汉语普通话 / 粤语 / 英语,tier2b补回,LLM_JUDGE 判定 yes(conf=0.85): 1905香港市井粤语贯穿,2026-08-15,v4.1 Tier2b 证据漏斗（score_tier2b.py + llm_judge_tier2b.py）,,,scripts/llm_judge_tier2b.py
30413052,攀登者,2019,,汉语普通话 / 藏语,tier2b默认排除,LLM_JUDGE 判定 no(conf=0.85): 登山主旋律藏语点缀,2026-08-15,v4.1 Tier2b 证据漏斗（score_tier2b.py + llm_judge_tier2b.py）,,,scripts/llm_judge_tier2b.py
27191431,过春天,2019,,汉语普通话 / 粤语,tier2b补回,LLM_JUDGE 判定 yes(conf=0.9): 深港双城粤语青春片,2026-08-15,v4.1 Tier2b 证据漏斗（score_tier2b.py + llm_judge_tier2b.py）,,,scripts/llm_judge_tier2b.py
30292777,阳光普照,2019,,汉语普通话 / 闽南语,tier2b补回,LLM_JUDGE 判定 yes(conf=0.9): 家庭闽南语对白贯穿,2026-08-15,v4.1 Tier2b 证据漏斗（score_tier2b.py + llm_judge_tier2b.py）,,,scripts/llm_judge_tier2b.py
26972258,江湖儿女,2018,,汉语普通话 / 山西方言 / 湖北方言 / 重庆方言,tier2b补回,BENCHMARK 判定 yes(conf=0.95): 山西方言贯穿标杆片,2026-08-15,v4.1 Tier2b 证据漏斗（score_tier2b.py + llm_judge_tier2b.py）,,,scripts/llm_judge_tier2b.py
900180,可可西里,2004,,汉语普通话 / 藏语,tier2b补回,LLM_JUDGE 判定 yes(conf=0.9): 藏语巡山队对白成规模,2026-08-15,v4.1 Tier2b 证据漏斗（score_tier2b.py + llm_judge_tier2b.py）,,,scripts/llm_judge_tier2b.py
10763164,扫毒,2013,,汉语普通话 / 粤语 / 泰语 / 英语,tier2b补回,LLM_JUDGE 判定 yes(conf=0.8): 港产警匪粤语原声,2026-08-15,v4.1 Tier2b 证据漏斗（score_tier2b.py + llm_judge_tier2b.py）,,,scripts/llm_judge_tier2b.py
26322792,北京遇上西雅图之不二情书,2016,,汉语普通话 / 英语 / 粤语,tier2b默认排除,LLM_JUDGE 判定 no(conf=0.85): 跨国爱情片普通话主导,2026-08-15,v4.1 Tier2b 证据漏斗（score_tier2b.py + llm_judge_tier2b.py）,,,scripts/llm_judge_tier2b.py
1418070,如果·爱,2005,,汉语普通话 / 粤语 / 英语,tier2b默认排除,LLM_JUDGE 判定 no(conf=0.85): 歌舞片普通话主导,2026-08-15,v4.1 Tier2b 证据漏斗（score_tier2b.py + llm_judge_tier2b.py）,,,scripts/llm_judge_tier2b.py
6080775,黄金大劫案,2012,,汉语普通话 / 东北话,tier2b补回,LLM_JUDGE 判定 yes(conf=0.9): 全程东北话伪满喜剧,2026-08-15,v4.1 Tier2b 证据漏斗（score_tier2b.py + llm_judge_tier2b.py）,,,scripts/llm_judge_tier2b.py
4176542,杀生,2012,,汉语普通话 / 四川话,tier2b补回,LLM_JUDGE 判定 yes(conf=0.95): 川西寨子四川话贯穿,2026-08-15,v4.1 Tier2b 证据漏斗（score_tier2b.py + llm_judge_tier2b.py）,,,scripts/llm_judge_tier2b.py
10537853,万箭穿心,2012,,汉语普通话 / 武汉方言,tier2b补回,LLM_JUDGE 判定 yes(conf=0.95): 武汉方言版市井家庭片,2026-08-15,v4.1 Tier2b 证据漏斗（score_tier2b.py + llm_judge_tier2b.py）,,,scripts/llm_judge_tier2b.py
3993588,狼图腾,2015,,汉语普通话 / 蒙古语,tier2b默认排除,LLM_JUDGE 判定 no(conf=0.8): 知青片普通话主导蒙古语点缀,2026-08-15,v4.1 Tier2b 证据漏斗（score_tier2b.py + llm_judge_tier2b.py）,,,scripts/llm_judge_tier2b.py
23788440,杀破狼2,2015,,汉语普通话 / 粤语 / 英语 / 泰语 / 韩语,tier2b默认排除,LLM_JUDGE 判定 no(conf=0.85): 跨国动作合拍片,2026-08-15,v4.1 Tier2b 证据漏斗（score_tier2b.py + llm_judge_tier2b.py）,,,scripts/llm_judge_tier2b.py
26748673,拆弹专家,2017,,汉语普通话 / 粤语 / 英语,tier2b默认排除,LLM_JUDGE 判定 no(conf=0.8): 合拍警匪片普通话版主导,2026-08-15,v4.1 Tier2b 证据漏斗（score_tier2b.py + llm_judge_tier2b.py）,,,scripts/llm_judge_tier2b.py
11600078,目击者之追凶,2017,,汉语普通话 / 闽南语,tier2b补回,LLM_JUDGE 判定 yes(conf=0.85): 台片闽南语对白贯穿,2026-08-15,v4.1 Tier2b 证据漏斗（score_tier2b.py + llm_judge_tier2b.py）,,,scripts/llm_judge_tier2b.py
11625097,澳门风云 賭城風雲,2014,,汉语普通话 / 粤语 / 英语 / 葡萄牙语 / 泰语 / 韩语 / 日语,tier2b默认排除,LLM_JUDGE 判定 no(conf=0.9): 合拍赌片普通话主导,2026-08-15,v4.1 Tier2b 证据漏斗（score_tier2b.py + llm_judge_tier2b.py）,,,scripts/llm_judge_tier2b.py
11598977,叶问3,2016,,汉语普通话 / 粤语 / 英语,tier2b补回,LLM_JUDGE 判定 yes(conf=0.75): 叶问系列粤语对白成规模,2026-08-15,v4.1 Tier2b 证据漏斗（score_tier2b.py + llm_judge_tier2b.py）,,,scripts/llm_judge_tier2b.py
10604486,不二神探,2013,,汉语普通话 / 粤语 / 英语,tier2b默认排除,LLM_JUDGE 判定 no(conf=0.9): 合拍探案喜剧,2026-08-15,v4.1 Tier2b 证据漏斗（score_tier2b.py + llm_judge_tier2b.py）,,,scripts/llm_judge_tier2b.py
3230462,女人不坏,2008,,汉语普通话 / 韩语 / 乌兹别克语,tier2b默认排除,LLM_JUDGE 判定 no(conf=0.9): 无中国方言语言标签,2026-08-15,v4.1 Tier2b 证据漏斗（score_tier2b.py + llm_judge_tier2b.py）,,,scripts/llm_judge_tier2b.py
1306939,推手,1991,,汉语普通话 / 英语 / 粤语,tier2b默认排除,LLM_JUDGE 判定 no(conf=0.85): 台北美家庭粤语点缀,2026-08-15,v4.1 Tier2b 证据漏斗（score_tier2b.py + llm_judge_tier2b.py）,,,scripts/llm_judge_tier2b.py
25755645,老男孩猛龙过江,2014,,汉语普通话 / 英语 / 韩语 / 山东方言 / 意大利语,tier2b默认排除,LLM_JUDGE 判定 no(conf=0.85): 山东方言仅个别人物点缀,2026-08-15,v4.1 Tier2b 证据漏斗（score_tier2b.py + llm_judge_tier2b.py）,,,scripts/llm_judge_tier2b.py
1309004,孔雀,2005,,汉语普通话 / 晋语,tier2b补回,LLM_JUDGE 判定 yes(conf=0.85): 安阳晋语背景对白,2026-08-15,v4.1 Tier2b 证据漏斗（score_tier2b.py + llm_judge_tier2b.py）,,,scripts/llm_judge_tier2b.py
4718369,白鹿原,2012,,汉语普通话 / 陕西话,tier2b补回,LLM_JUDGE 判定 yes(conf=0.9): 关中陕西话史诗片,2026-08-15,v4.1 Tier2b 证据漏斗（score_tier2b.py + llm_judge_tier2b.py）,,,scripts/llm_judge_tier2b.py
1891179,梅兰芳,2008,,汉语普通话 / 北京话 / 日语,tier2b默认排除,LLM_JUDGE 判定 no(conf=0.8): 北京话仅梨园点缀,2026-08-15,v4.1 Tier2b 证据漏斗（score_tier2b.py + llm_judge_tier2b.py）,,,scripts/llm_judge_tier2b.py
1308587,向左走·向右走,2003,,汉语普通话 / 粤语 / 波兰语,tier2b默认排除,LLM_JUDGE 判定 no(conf=0.85): 都市爱情片普通话主导,2026-08-15,v4.1 Tier2b 证据漏斗（score_tier2b.py + llm_judge_tier2b.py）,,,scripts/llm_judge_tier2b.py
3690289,春风沉醉的夜晚,2009,,汉语普通话 / 粤语,tier2b补回,LLM_JUDGE 判定 yes(conf=0.75): 南京背景方言粤语穿插,2026-08-15,v4.1 Tier2b 证据漏斗（score_tier2b.py + llm_judge_tier2b.py）,,,scripts/llm_judge_tier2b.py
4942778,白蛇传说,2011,,汉语普通话 / 粤语,tier2b默认排除,LLM_JUDGE 判定 no(conf=0.9): 合拍奇幻动作片,2026-08-15,v4.1 Tier2b 证据漏斗（score_tier2b.py + llm_judge_tier2b.py）,,,scripts/llm_judge_tier2b.py
24987018,赤道,2015,,汉语普通话 / 粤语 / 韩语 / 英语,tier2b默认排除,LLM_JUDGE 判定 no(conf=0.85): 跨国反恐合拍片,2026-08-15,v4.1 Tier2b 证据漏斗（score_tier2b.py + llm_judge_tier2b.py）,,,scripts/llm_judge_tier2b.py
1305046,双瞳,2002,,汉语普通话 / 台语 / 英语,tier2b补回,LLM_JUDGE 判定 yes(conf=0.85): 台片台语灵异惊悚,2026-08-15,v4.1 Tier2b 证据漏斗（score_tier2b.py + llm_judge_tier2b.py）,,,scripts/llm_judge_tier2b.py
11501396,边境风云,2012,,汉语普通话 / 四川话 / 缅甸语,tier2b补回,LLM_JUDGE 判定 yes(conf=0.9): 云南边陲四川话贯穿,2026-08-15,v4.1 Tier2b 证据漏斗（score_tier2b.py + llm_judge_tier2b.py）,,,scripts/llm_judge_tier2b.py
26235349,三人行,2016,,汉语普通话 / 粤语 / 英语,tier2b默认排除,LLM_JUDGE 判定 no(conf=0.85): 合拍医院警匪片,2026-08-15,v4.1 Tier2b 证据漏斗（score_tier2b.py + llm_judge_tier2b.py）,,,scripts/llm_judge_tier2b.py
33408026,刻在你心底的名字,2020,,汉语普通话 / 英语 / 闽南语,tier2b默认排除,LLM_JUDGE 判定 no(conf=0.75): 闽南语少量青春片,2026-08-15,v4.1 Tier2b 证据漏斗（score_tier2b.py + llm_judge_tier2b.py）,,,scripts/llm_judge_tier2b.py
1421809,最好的时光,2005,,汉语普通话 / 闽南语,tier2b补回,LLM_JUDGE 判定 yes(conf=0.85): 侯孝贤闽南语段落贯穿,2026-08-15,v4.1 Tier2b 证据漏斗（score_tier2b.py + llm_judge_tier2b.py）,,,scripts/llm_judge_tier2b.py
5244092,翻滚吧！阿信,2011,,汉语普通话 / 闽南语 Hokkien,tier2b补回,LLM_JUDGE 判定 yes(conf=0.9): 宜兰闽南语励志片,2026-08-15,v4.1 Tier2b 证据漏斗（score_tier2b.py + llm_judge_tier2b.py）,,,scripts/llm_judge_tier2b.py
5318669,转山,2011,,汉语普通话 / 藏语,tier2b补回,LLM_JUDGE 判定 yes(conf=0.8): 藏区骑行藏语对白,2026-08-15,v4.1 Tier2b 证据漏斗（score_tier2b.py + llm_judge_tier2b.py）,,,scripts/llm_judge_tier2b.py
25849475,新娘大作战,2015,,汉语普通话 / 上海话,tier2b默认排除,LLM_JUDGE 判定 no(conf=0.85): 普通话都市喜剧,2026-08-15,v4.1 Tier2b 证据漏斗（score_tier2b.py + llm_judge_tier2b.py）,,,scripts/llm_judge_tier2b.py
3217122,一页台北,2010,,汉语普通话 / 闽南语,tier2b补回,LLM_JUDGE 判定 yes(conf=0.85): 台北夜市闽南语小品,2026-08-15,v4.1 Tier2b 证据漏斗（score_tier2b.py + llm_judge_tier2b.py）,,,scripts/llm_judge_tier2b.py
23126901,特殊身份,2013,,汉语普通话 / 粤语,tier2b默认排除,LLM_JUDGE 判定 no(conf=0.9): 合拍卧底动作片,2026-08-15,v4.1 Tier2b 证据漏斗（score_tier2b.py + llm_judge_tier2b.py）,,,scripts/llm_judge_tier2b.py
6869395,低俗喜剧,2012,,汉语普通话 / 粤语,tier2b补回,LLM_JUDGE 判定 yes(conf=0.9): 彭浩翔纯粤语喜剧,2026-08-15,v4.1 Tier2b 证据漏斗（score_tier2b.py + llm_judge_tier2b.py）,,,scripts/llm_judge_tier2b.py
3732800,我们天上见,2010,,汉语普通话 / 蚌埠话,tier2b补回,LLM_JUDGE 判定 yes(conf=0.9): 蚌埠话自传体祖孙片,2026-08-15,v4.1 Tier2b 证据漏斗（score_tier2b.py + llm_judge_tier2b.py）,,,scripts/llm_judge_tier2b.py
6062731,亲密敌人,2011,,汉语普通话 / 英语 / 粤语,tier2b默认排除,LLM_JUDGE 判定 no(conf=0.9): 金融商战片普通话主导,2026-08-15,v4.1 Tier2b 证据漏斗（score_tier2b.py + llm_judge_tier2b.py）,,,scripts/llm_judge_tier2b.py
25757187,我不是王毛,2016,,汉语普通话 / 河南话,tier2b补回,LLM_JUDGE 判定 yes(conf=0.95): 全程河南话黑白抗战喜剧,2026-08-15,v4.1 Tier2b 证据漏斗（score_tier2b.py + llm_judge_tier2b.py）,,,scripts/llm_judge_tier2b.py
1401205,七剑,2005,,汉语普通话 / 韩语 / 粤语,tier2b默认排除,LLM_JUDGE 判定 no(conf=0.9): 合拍武侠片普通话主导,2026-08-15,v4.1 Tier2b 证据漏斗（score_tier2b.py + llm_judge_tier2b.py）,,,scripts/llm_judge_tier2b.py
1291850,站台,2000,,汉语普通话 / 晋语,tier2b补回,BENCHMARK 判定 yes(conf=0.95): 汾阳晋语标杆片,2026-08-15,v4.1 Tier2b 证据漏斗（score_tier2b.py + llm_judge_tier2b.py）,,,scripts/llm_judge_tier2b.py
30170833,荞麦疯长,2020,,汉语普通话 / 上海话,tier2b默认排除,LLM_JUDGE 判定 no(conf=0.8): 普通话青春片方言点缀,2026-08-15,v4.1 Tier2b 证据漏斗（score_tier2b.py + llm_judge_tier2b.py）,,,scripts/llm_judge_tier2b.py
1794435,姨妈的后现代生活,2007,,汉语普通话 / 上海话 / 武汉话 / 东北话,tier2b补回,BENCHMARK 判定 yes(conf=0.95): 上海话贯穿标杆片,2026-08-15,v4.1 Tier2b 证据漏斗（score_tier2b.py + llm_judge_tier2b.py）,,,scripts/llm_judge_tier2b.py
34805873,孤味,2020,,汉语普通话 / 闽南话,tier2b补回,LLM_JUDGE 判定 yes(conf=0.9): 台南闽南语家庭片,2026-08-15,v4.1 Tier2b 证据漏斗（score_tier2b.py + llm_judge_tier2b.py）,,,scripts/llm_judge_tier2b.py
1302795,茉莉花开,2006,,汉语普通话 / 上海话,tier2b默认排除,LLM_JUDGE 判定 no(conf=0.7): 普通话为主沪语点缀,2026-08-15,v4.1 Tier2b 证据漏斗（score_tier2b.py + llm_judge_tier2b.py）,,,scripts/llm_judge_tier2b.py
11776289,华丽上班族,2015,,汉语普通话 / 粤语 / 英语,tier2b默认排除,LLM_JUDGE 判定 no(conf=0.65): 歌舞职场片双版本非粤语主体,2026-08-15,v4.1 Tier2b 证据漏斗（score_tier2b.py + llm_judge_tier2b.py）,,,scripts/llm_judge_tier2b.py
2055017,练习曲,2007,,汉语普通话 / 闽南语 / 立陶宛语,tier2b补回,LLM_JUDGE 判定 yes(conf=0.85): 环岛闽南语风土片,2026-08-15,v4.1 Tier2b 证据漏斗（score_tier2b.py + llm_judge_tier2b.py）,,,scripts/llm_judge_tier2b.py
4860078,无间道(正序版),2006,,汉语普通话 / 粤语 / 英语 / 泰语,tier2b补回,LLM_JUDGE 判定 yes(conf=0.85): 经典港片粤语对白,2026-08-15,v4.1 Tier2b 证据漏斗（score_tier2b.py + llm_judge_tier2b.py）,,,scripts/llm_judge_tier2b.py
26796664,叶问外传：张天志,2018,,汉语普通话 / 粤语 / 英语,tier2b补回,LLM_JUDGE 判定 yes(conf=0.85): 粤语功夫片,2026-08-15,v4.1 Tier2b 证据漏斗（score_tier2b.py + llm_judge_tier2b.py）,,,scripts/llm_judge_tier2b.py
1322851,青红,2005,,汉语普通话 / 上海话,tier2b补回,LLM_JUDGE 判定 yes(conf=0.8): 三线贵州上海话家庭,2026-08-15,v4.1 Tier2b 证据漏斗（score_tier2b.py + llm_judge_tier2b.py）,,,scripts/llm_judge_tier2b.py
5364987,孤岛惊魂,2011,,汉语普通话 / 粤语 / 英语 / 日语,tier2b默认排除,LLM_JUDGE 判定 no(conf=0.9): 合拍恐怖片,2026-08-15,v4.1 Tier2b 证据漏斗（score_tier2b.py + llm_judge_tier2b.py）,,,scripts/llm_judge_tier2b.py
1305261,恐怖分子,1986,,汉语普通话 / 闽南语,tier2b补回,LLM_JUDGE 判定 yes(conf=0.9): 杨德昌台北闽南语片,2026-08-15,v4.1 Tier2b 证据漏斗（score_tier2b.py + llm_judge_tier2b.py）,,,scripts/llm_judge_tier2b.py
6973460,冰封：重生之门,2014,,汉语普通话 / 粤语,tier2b默认排除,LLM_JUDGE 判定 no(conf=0.9): 合拍奇幻动作片,2026-08-15,v4.1 Tier2b 证据漏斗（score_tier2b.py + llm_judge_tier2b.py）,,,scripts/llm_judge_tier2b.py
3607666,高兴,2009,,汉语普通话 / 陕西话,tier2b补回,LLM_JUDGE 判定 yes(conf=0.9): 陕西话音乐喜剧,2026-08-15,v4.1 Tier2b 证据漏斗（score_tier2b.py + llm_judge_tier2b.py）,,,scripts/llm_judge_tier2b.py
1761854,高三,2005,,汉语普通话 / 福建方言,tier2b补回,LLM_JUDGE 判定 yes(conf=0.9): 福建方言高三纪录片,2026-08-15,v4.1 Tier2b 证据漏斗（score_tier2b.py + llm_judge_tier2b.py）,,,scripts/llm_judge_tier2b.py
1306870,猛龙过江,1972,,汉语普通话 / 粤语 / 英语 / 意大利语,tier2b补回,LLM_JUDGE 判定 yes(conf=0.8): 李小龙港片粤语对白,2026-08-15,v4.1 Tier2b 证据漏斗（score_tier2b.py + llm_judge_tier2b.py）,,,scripts/llm_judge_tier2b.py
1299436,风柜来的人,1983,,汉语普通话 / 闽南语,tier2b补回,LLM_JUDGE 判定 yes(conf=0.9): 侯孝贤闽南语青春片,2026-08-15,v4.1 Tier2b 证据漏斗（score_tier2b.py + llm_judge_tier2b.py）,,,scripts/llm_judge_tier2b.py
26263443,恋爱中的城市,2015,,汉语普通话 / 法语 / 捷克语 / 日语 / 意大利语 / 英语 / 上海话,tier2b默认排除,LLM_JUDGE 判定 no(conf=0.85): 五城爱情拼盘,2026-08-15,v4.1 Tier2b 证据漏斗（score_tier2b.py + llm_judge_tier2b.py）,,,scripts/llm_judge_tier2b.py
1297418,麻将,1996,,汉语普通话 / 英语 / 法语 / 闽南语,tier2b补回,LLM_JUDGE 判定 yes(conf=0.8): 杨德昌台北闽南语群像,2026-08-15,v4.1 Tier2b 证据漏斗（score_tier2b.py + llm_judge_tier2b.py）,,,scripts/llm_judge_tier2b.py
1300678,没事偷着乐,1999,,汉语普通话 / 天津方言,tier2b补回,LLM_JUDGE 判定 yes(conf=0.9): 全程天津话市民喜剧,2026-08-15,v4.1 Tier2b 证据漏斗（score_tier2b.py + llm_judge_tier2b.py）,,,scripts/llm_judge_tier2b.py
4082101,喜羊羊与灰太狼之虎虎生威,2010,,汉语普通话 / 粤语,tier2b默认排除,LLM_JUDGE 判定 no(conf=0.9): 粤语仅为配音版本,2026-08-15,v4.1 Tier2b 证据漏斗（score_tier2b.py + llm_judge_tier2b.py）,,,scripts/llm_judge_tier2b.py
1304476,独立时代,1994,,汉语普通话 / 闽南话,tier2b补回,LLM_JUDGE 判定 yes(conf=0.9): 杨德昌台北闽南话群像,2026-08-15,v4.1 Tier2b 证据漏斗（score_tier2b.py + llm_judge_tier2b.py）,,,scripts/llm_judge_tier2b.py
1308130,少女小渔,1995,,汉语普通话 / 英语 / 粤语,tier2b默认排除,LLM_JUDGE 判定 no(conf=0.85): 纽约移民片粤语点缀,2026-08-15,v4.1 Tier2b 证据漏斗（score_tier2b.py + llm_judge_tier2b.py）,,,scripts/llm_judge_tier2b.py
6721670,秦时明月之龙腾万里,2014,,汉语普通话 / 陕西方言,tier2b默认排除,LLM_JUDGE 判定 no(conf=0.85): 动画普通话配音方言点缀,2026-08-15,v4.1 Tier2b 证据漏斗（score_tier2b.py + llm_judge_tier2b.py）,,,scripts/llm_judge_tier2b.py
1947270,天狗,2006,,汉语普通话 / 晋语,tier2b补回,LLM_JUDGE 判定 yes(conf=0.9): 晋语山村护林片,2026-08-15,v4.1 Tier2b 证据漏斗（score_tier2b.py + llm_judge_tier2b.py）,,,scripts/llm_judge_tier2b.py
1291876,黄土地,1984,,汉语普通话 / 陕西方言,tier2b补回,LLM_JUDGE 判定 yes(conf=0.9): 陕北方言民歌经典,2026-08-15,v4.1 Tier2b 证据漏斗（score_tier2b.py + llm_judge_tier2b.py）,,,scripts/llm_judge_tier2b.py
11443316,龙之谷：破晓奇兵,2014,,汉语普通话 / 粤语,tier2b默认排除,LLM_JUDGE 判定 no(conf=0.9): 动画配音版本标签,2026-08-15,v4.1 Tier2b 证据漏斗（score_tier2b.py + llm_judge_tier2b.py）,,,scripts/llm_judge_tier2b.py
4237863,一场风花雪月的事,2013,,汉语普通话 / 英语 / 韩语 / 日语 / 粤语 / 意大利语,tier2b默认排除,LLM_JUDGE 判定 no(conf=0.9): 合拍警匪爱情片,2026-08-15,v4.1 Tier2b 证据漏斗（score_tier2b.py + llm_judge_tier2b.py）,,,scripts/llm_judge_tier2b.py
3892449,熊猫大侠,2009,,汉语普通话 / 四川方言,tier2b补回,LLM_JUDGE 判定 yes(conf=0.75): 四川方言古装喜剧,2026-08-15,v4.1 Tier2b 证据漏斗（score_tier2b.py + llm_judge_tier2b.py）,,,scripts/llm_judge_tier2b.py
26957500,老兽,2017,,汉语普通话 / 晋语,tier2b补回,LLM_JUDGE 判定 yes(conf=0.85): 鄂尔多斯晋语家庭片,2026-08-15,v4.1 Tier2b 证据漏斗（score_tier2b.py + llm_judge_tier2b.py）,,,scripts/llm_judge_tier2b.py
3629232,带我去远方,2009,,汉语普通话 / 闽南语,tier2b补回,LLM_JUDGE 判定 yes(conf=0.85): 闽南语渔村少女片,2026-08-15,v4.1 Tier2b 证据漏斗（score_tier2b.py + llm_judge_tier2b.py）,,,scripts/llm_judge_tier2b.py
26324232,摇摇晃晃的人间,2017,,汉语普通话 / 湖北方言,tier2b补回,LLM_JUDGE 判定 yes(conf=0.9): 余秀华湖北方言纪录片,2026-08-15,v4.1 Tier2b 证据漏斗（score_tier2b.py + llm_judge_tier2b.py）,,,scripts/llm_judge_tier2b.py
1309087,世界,2005,,汉语普通话 / 晋语 / 俄语 / 英语,tier2b补回,LLM_JUDGE 判定 yes(conf=0.85): 贾樟柯晋语北漂片,2026-08-15,v4.1 Tier2b 证据漏斗（score_tier2b.py + llm_judge_tier2b.py）,,,scripts/llm_judge_tier2b.py
30419744,春江水暖,2020,,汉语普通话 / 杭州话,tier2b补回,LLM_JUDGE 判定 yes(conf=0.9): 富阳杭州话家族片,2026-08-15,v4.1 Tier2b 证据漏斗（score_tier2b.py + llm_judge_tier2b.py）,,,scripts/llm_judge_tier2b.py
35154957,消失的情人节,2020,,汉语普通话 / 闽南语,tier2b补回,LLM_JUDGE 判定 yes(conf=0.85): 陈玉勋闽南语奇幻爱情,2026-08-15,v4.1 Tier2b 证据漏斗（score_tier2b.py + llm_judge_tier2b.py）,,,scripts/llm_judge_tier2b.py
10833919,美姐,2013,,汉语普通话 / 晋语,tier2b补回,LLM_JUDGE 判定 yes(conf=0.9): 晋语二人台乡土片,2026-08-15,v4.1 Tier2b 证据漏斗（score_tier2b.py + llm_judge_tier2b.py）,,,scripts/llm_judge_tier2b.py
24751765,喜羊羊与灰太狼之飞马奇遇记,2014,,汉语普通话 / 粤语,tier2b默认排除,LLM_JUDGE 判定 no(conf=0.9): 动画配音版本,2026-08-15,v4.1 Tier2b 证据漏斗（score_tier2b.py + llm_judge_tier2b.py）,,,scripts/llm_judge_tier2b.py
4166487,肩上蝶,2011,,汉语普通话 / 粤语,tier2b默认排除,LLM_JUDGE 判定 no(conf=0.9): 合拍奇幻爱情片,2026-08-15,v4.1 Tier2b 证据漏斗（score_tier2b.py + llm_judge_tier2b.py）,,,scripts/llm_judge_tier2b.py
1307561,青少年哪吒,1992,,汉语普通话 / 台语,tier2b补回,LLM_JUDGE 判定 yes(conf=0.9): 蔡明亮西门町台语片,2026-08-15,v4.1 Tier2b 证据漏斗（score_tier2b.py + llm_judge_tier2b.py）,,,scripts/llm_judge_tier2b.py
2038365,十三棵泡桐,2007,,汉语普通话 / 四川话,tier2b补回,LLM_JUDGE 判定 yes(conf=0.85): 成都四川话青春片,2026-08-15,v4.1 Tier2b 证据漏斗（score_tier2b.py + llm_judge_tier2b.py）,,,scripts/llm_judge_tier2b.py
4291275,到阜阳六百里,2011,,汉语普通话 / 上海话,tier2b补回,LLM_JUDGE 判定 yes(conf=0.85): 沪语底层打工女性片,2026-08-15,v4.1 Tier2b 证据漏斗（score_tier2b.py + llm_judge_tier2b.py）,,,scripts/llm_judge_tier2b.py
24891524,5月天诺亚方舟,2013,,汉语普通话 / 英语 / 闽南语,tier2b默认排除,LLM_JUDGE 判定 no(conf=0.85): 演唱会电影,2026-08-15,v4.1 Tier2b 证据漏斗（score_tier2b.py + llm_judge_tier2b.py）,,,scripts/llm_judge_tier2b.py
26282530,再见，在也不见,2016,,汉语普通话 / 英语 / 泰语 / 粤语 / 闽南话,tier2b默认排除,LLM_JUDGE 判定 uncertain(conf=0.5): 多国别三段拼盘方言占比不明,2026-08-15,v4.1 Tier2b 证据漏斗（score_tier2b.py + llm_judge_tier2b.py）,,,scripts/llm_judge_tier2b.py
5294344,出轨的女人,2011,,普通话/国语 / 粤语,tier2b默认排除,LLM_JUDGE 判定 no(conf=0.7): 港产都市片默认排除,2026-08-15,v4.1 Tier2b 证据漏斗（score_tier2b.py + llm_judge_tier2b.py）,,,scripts/llm_judge_tier2b.py
3552301,爱到底,2011,,汉语普通话 / 台语,tier2b补回,LLM_JUDGE 判定 yes(conf=0.75): 台语三段式爱情片,2026-08-15,v4.1 Tier2b 证据漏斗（score_tier2b.py + llm_judge_tier2b.py）,,,scripts/llm_judge_tier2b.py
1298871,海滩的一天,1983,,汉语普通话 / 闽南话 / 日语 / 德语,tier2b补回,LLM_JUDGE 判定 yes(conf=0.9): 杨德昌南部闽南语片,2026-08-15,v4.1 Tier2b 证据漏斗（score_tier2b.py + llm_judge_tier2b.py）,,,scripts/llm_judge_tier2b.py
26263919,谋杀似水年华,2016,,汉语普通话 / 云南方言,tier2b默认排除,LLM_JUDGE 判定 no(conf=0.85): 合拍悬疑片方言点缀,2026-08-15,v4.1 Tier2b 证据漏斗（score_tier2b.py + llm_judge_tier2b.py）,,,scripts/llm_judge_tier2b.py
4253448,第四张画,2010,,国语 / 闽南语,tier2b补回,LLM_JUDGE 判定 yes(conf=0.85): 钟孟宏闽南语家庭片,2026-08-15,v4.1 Tier2b 证据漏斗（score_tier2b.py + llm_judge_tier2b.py）,,,scripts/llm_judge_tier2b.py
4307349,父后七日,2010,,汉语普通话 / 闽南语,tier2b补回,LLM_JUDGE 判定 yes(conf=0.9): 闽南语丧葬民俗喜剧,2026-08-15,v4.1 Tier2b 证据漏斗（score_tier2b.py + llm_judge_tier2b.py）,,,scripts/llm_judge_tier2b.py
26924141,低压槽：欲望之城,2018,,汉语普通话 / 粤语 / 英语 / 泰语,tier2b默认排除,LLM_JUDGE 判定 no(conf=0.85): 风格化警匪片,2026-08-15,v4.1 Tier2b 证据漏斗（score_tier2b.py + llm_judge_tier2b.py）,,,scripts/llm_judge_tier2b.py
26647876,地球：神奇的一天,2017,,汉语普通话 / 英语 / 粤语,tier2b默认排除,LLM_JUDGE 判定 no(conf=0.9): 自然纪录片,2026-08-15,v4.1 Tier2b 证据漏斗（score_tier2b.py + llm_judge_tier2b.py）,,,scripts/llm_judge_tier2b.py
25746414,暴走神探,2015,,汉语普通话 / 英语 / 上海话,tier2b补回,LLM_JUDGE 判定 yes(conf=0.75): 民国上海探案沪语对白,2026-08-15,v4.1 Tier2b 证据漏斗（score_tier2b.py + llm_judge_tier2b.py）,,,scripts/llm_judge_tier2b.py
1303458,南国再见，南国,1996,,汉语普通话 / 闽南语,tier2b补回,LLM_JUDGE 判定 yes(conf=0.9): 侯孝贤闽南语黑帮片,2026-08-15,v4.1 Tier2b 证据漏斗（score_tier2b.py + llm_judge_tier2b.py）,,,scripts/llm_judge_tier2b.py
1308228,鲁冰花,1989,,汉语普通话 / 闽南语,tier2b补回,LLM_JUDGE 判定 yes(conf=0.9): 闽南语乡土经典,2026-08-15,v4.1 Tier2b 证据漏斗（score_tier2b.py + llm_judge_tier2b.py）,,,scripts/llm_judge_tier2b.py
1302537,火烧岛,1991,,汉语普通话 / 粤语 / 英语 / 塔加路语,tier2b默认排除,LLM_JUDGE 判定 no(conf=0.85): 全明星监狱动作片,2026-08-15,v4.1 Tier2b 证据漏斗（score_tier2b.py + llm_judge_tier2b.py）,,,scripts/llm_judge_tier2b.py
6894068,宅男电台,2011,,汉语普通话 / 日语 / 上海话,tier2b补回,LLM_JUDGE 判定 yes(conf=0.8): 上海弄堂沪语小品,2026-08-15,v4.1 Tier2b 证据漏斗（score_tier2b.py + llm_judge_tier2b.py）,,,scripts/llm_judge_tier2b.py
5382848,鸡排英雄,2011,,汉语普通话 / 闽南语,tier2b补回,LLM_JUDGE 判定 yes(conf=0.85): 闽南语夜市喜剧,2026-08-15,v4.1 Tier2b 证据漏斗（score_tier2b.py + llm_judge_tier2b.py）,,,scripts/llm_judge_tier2b.py
2375763,漂浪青春,2008,,汉语普通话 / 台语,tier2b补回,LLM_JUDGE 判定 yes(conf=0.85): 台语三段式文艺片,2026-08-15,v4.1 Tier2b 证据漏斗（score_tier2b.py + llm_judge_tier2b.py）,,,scripts/llm_judge_tier2b.py
4728518,人山人海,2012,,汉语普通话 / 贵州话,tier2b补回,LLM_JUDGE 判定 yes(conf=0.85): 贵州方言千里追凶片,2026-08-15,v4.1 Tier2b 证据漏斗（score_tier2b.py + llm_judge_tier2b.py）,,,scripts/llm_judge_tier2b.py
26365631,冲天火,2016,,汉语普通话 / 粤语,tier2b默认排除,LLM_JUDGE 判定 no(conf=0.85): 港式灾难动作合拍片,2026-08-15,v4.1 Tier2b 证据漏斗（score_tier2b.py + llm_judge_tier2b.py）,,,scripts/llm_judge_tier2b.py
26586488,红衣小女孩,2015,,汉语普通话 / 台语,tier2b补回,LLM_JUDGE 判定 yes(conf=0.8): 台语民俗恐怖片,2026-08-15,v4.1 Tier2b 证据漏斗（score_tier2b.py + llm_judge_tier2b.py）,,,scripts/llm_judge_tier2b.py
25951720,寻找心中的你,2016,,汉语普通话 / 粤语 / 英语,tier2b补回,LLM_JUDGE 判定 yes(conf=0.75): 90年代港式粤语纯爱片,2026-08-15,v4.1 Tier2b 证据漏斗（score_tier2b.py + llm_judge_tier2b.py）,,,scripts/llm_judge_tier2b.py
1424582,红颜,2005,,汉语普通话 / 四川话,tier2b补回,LLM_JUDGE 判定 yes(conf=0.9): 四川方言县城女性片,2026-08-15,v4.1 Tier2b 证据漏斗（score_tier2b.py + llm_judge_tier2b.py）,,,scripts/llm_judge_tier2b.py
6858739,爱的面包魂,2012,,汉语普通话 / 闽南语 / 英语 / 法语,tier2b补回,LLM_JUDGE 判定 yes(conf=0.8): 闽南语面包店喜剧,2026-08-15,v4.1 Tier2b 证据漏斗（score_tier2b.py + llm_judge_tier2b.py）,,,scripts/llm_judge_tier2b.py
26306656,醉·生梦死,2015,,汉语普通话 / 闽南语,tier2b补回,LLM_JUDGE 判定 yes(conf=0.85): 张作骥闽南语边缘人片,2026-08-15,v4.1 Tier2b 证据漏斗（score_tier2b.py + llm_judge_tier2b.py）,,,scripts/llm_judge_tier2b.py
7056398,喜羊羊与灰太狼之开心闯龙年,2012,,汉语普通话 / 粤语,tier2b默认排除,LLM_JUDGE 判定 no(conf=0.9): 动画配音版本,2026-08-15,v4.1 Tier2b 证据漏斗（score_tier2b.py + llm_judge_tier2b.py）,,,scripts/llm_judge_tier2b.py
1302181,热带鱼,1995,,汉语普通话 / 闽南语,tier2b补回,LLM_JUDGE 判定 yes(conf=0.9): 陈玉勋闽南语绑架喜剧,2026-08-15,v4.1 Tier2b 证据漏斗（score_tier2b.py + llm_judge_tier2b.py）,,,scripts/llm_judge_tier2b.py
1300581,至尊无上,1989,,汉语普通话 / 英语 / 粤语 / 日语,tier2b默认排除,LLM_JUDGE 判定 no(conf=0.85): 港式赌片,2026-08-15,v4.1 Tier2b 证据漏斗（score_tier2b.py + llm_judge_tier2b.py）,,,scripts/llm_judge_tier2b.py
25832758,神笔马良,2014,,汉语普通话 / 山东方言,tier2b默认排除,LLM_JUDGE 判定 no(conf=0.85): 动画方言点缀,2026-08-15,v4.1 Tier2b 证据漏斗（score_tier2b.py + llm_judge_tier2b.py）,,,scripts/llm_judge_tier2b.py
2271640,天下第二,2007,,汉语普通话 / 日语 / 英语 / 陕西方言 / 四川方言,tier2b补回,LLM_JUDGE 判定 yes(conf=0.75): 陕川方言武侠喜剧,2026-08-15,v4.1 Tier2b 证据漏斗（score_tier2b.py + llm_judge_tier2b.py）,,,scripts/llm_judge_tier2b.py
26994321,角头2：王者再起,2018,,汉语普通话 / 闽南语,tier2b补回,LLM_JUDGE 判定 yes(conf=0.85): 闽南语黑帮片,2026-08-15,v4.1 Tier2b 证据漏斗（score_tier2b.py + llm_judge_tier2b.py）,,,scripts/llm_judge_tier2b.py
2148295,奇迹世界,2007,,汉语普通话 / 天津话,tier2b补回,LLM_JUDGE 判定 yes(conf=0.8): 宁浩天津话短片,2026-08-15,v4.1 Tier2b 证据漏斗（score_tier2b.py + llm_judge_tier2b.py）,,,scripts/llm_judge_tier2b.py
4304212,当爱来的时候,2010,,汉语普通话 / 闽南语,tier2b补回,LLM_JUDGE 判定 yes(conf=0.85): 张作骥闽南语家庭片,2026-08-15,v4.1 Tier2b 证据漏斗（score_tier2b.py + llm_judge_tier2b.py）,,,scripts/llm_judge_tier2b.py
1888671,鸡犬不宁,2006,,汉语普通话 / 河南话,tier2b补回,BENCHMARK 判定 yes(conf=0.9): 河南话豫剧艺人喜剧,2026-08-15,v4.1 Tier2b 证据漏斗（score_tier2b.py + llm_judge_tier2b.py）,,,scripts/llm_judge_tier2b.py
25756355,特工艾米拉,2014,,汉语普通话 / 粤语,tier2b默认排除,LLM_JUDGE 判定 no(conf=0.9): 动作片粤语点缀,2026-08-15,v4.1 Tier2b 证据漏斗（score_tier2b.py + llm_judge_tier2b.py）,,,scripts/llm_judge_tier2b.py
25715087,最佳嫌疑人,2014,,汉语普通话 / 粤语 / 日语 / 韩语,tier2b默认排除,LLM_JUDGE 判定 no(conf=0.85): 商战悬疑片,2026-08-15,v4.1 Tier2b 证据漏斗（score_tier2b.py + llm_judge_tier2b.py）,,,scripts/llm_judge_tier2b.py
11528251,告诉他们，我乘白鹤去了,2012,,汉语普通话 / 甘肃方言,tier2b补回,LLM_JUDGE 判定 yes(conf=0.9): 李睿珺甘肃方言棺材片,2026-08-15,v4.1 Tier2b 证据漏斗（score_tier2b.py + llm_judge_tier2b.py）,,,scripts/llm_judge_tier2b.py
4078592,上海王,2017,,汉语普通话 / 英语 / 上海话 / 日语,tier2b补回,LLM_JUDGE 判定 yes(conf=0.75): 上海滩黑帮沪语对白,2026-08-15,v4.1 Tier2b 证据漏斗（score_tier2b.py + llm_judge_tier2b.py）,,,scripts/llm_judge_tier2b.py
1302384,赵先生,1999,,汉语普通话 / 上海话,tier2b补回,LLM_JUDGE 判定 yes(conf=0.85): 吕乐上海沪语写实片,2026-08-15,v4.1 Tier2b 证据漏斗（score_tier2b.py + llm_judge_tier2b.py）,,,scripts/llm_judge_tier2b.py
27199913,灰猴,2019,,汉语普通话 / 山西方言,tier2b补回,LLM_JUDGE 判定 yes(conf=0.85): 山西方言犯罪喜剧,2026-08-15,v4.1 Tier2b 证据漏斗（score_tier2b.py + llm_judge_tier2b.py）,,,scripts/llm_judge_tier2b.py
10604851,恶战,2014,,汉语普通话 / 粤语 / 日语,tier2b默认排除,LLM_JUDGE 判定 no(conf=0.85): 上海滩动作片普通话主导,2026-08-15,v4.1 Tier2b 证据漏斗（score_tier2b.py + llm_judge_tier2b.py）,,,scripts/llm_judge_tier2b.py
4707237,我的野蛮女友2,2010,,汉语普通话 / 粤语,tier2b默认排除,LLM_JUDGE 判定 no(conf=0.9): 合拍爱情喜剧,2026-08-15,v4.1 Tier2b 证据漏斗（score_tier2b.py + llm_judge_tier2b.py）,,,scripts/llm_judge_tier2b.py
19962587,夜莺,2014,,汉语普通话 / 广西方言 / 法语,tier2b补回,LLM_JUDGE 判定 yes(conf=0.8): 广西方言祖孙公路片,2026-08-15,v4.1 Tier2b 证据漏斗（score_tier2b.py + llm_judge_tier2b.py）,,,scripts/llm_judge_tier2b.py
4275444,有一天,2010,,汉语普通话 / 闽南语,tier2b补回,LLM_JUDGE 判定 yes(conf=0.75): 高雄旗津闽南语奇幻,2026-08-15,v4.1 Tier2b 证据漏斗（score_tier2b.py + llm_judge_tier2b.py）,,,scripts/llm_judge_tier2b.py
33464837,蓝色防线,2020,,汉语普通话 / 英语 / 河南方言 / 努维尔语,tier2b补回,LLM_JUDGE 判定 yes(conf=0.75): 维和官兵河南方言纪实,2026-08-15,v4.1 Tier2b 证据漏斗（score_tier2b.py + llm_judge_tier2b.py）,,,scripts/llm_judge_tier2b.py
26061902,东北偏北,2015,,汉语普通话 / 东北方言,tier2b补回,LLM_JUDGE 判定 yes(conf=0.85): 东北方言破案喜剧,2026-08-15,v4.1 Tier2b 证据漏斗（score_tier2b.py + llm_judge_tier2b.py）,,,scripts/llm_judge_tier2b.py
1302941,戏梦人生,1994,,汉语普通话 / 日语 / 闽南语,tier2b补回,LLM_JUDGE 判定 yes(conf=0.9): 侯孝贤闽南语布袋戏传记,2026-08-15,v4.1 Tier2b 证据漏斗（score_tier2b.py + llm_judge_tier2b.py）,,,scripts/llm_judge_tier2b.py
20515031,总铺师,2013,,汉语普通话 / 闽南语,tier2b补回,LLM_JUDGE 判定 yes(conf=0.85): 陈玉勋闽南语办桌喜剧,2026-08-15,v4.1 Tier2b 证据漏斗（score_tier2b.py + llm_judge_tier2b.py）,,,scripts/llm_judge_tier2b.py
26961159,囚,2017,,汉语普通话 / 东北方言,tier2b补回,LLM_JUDGE 判定 yes(conf=0.9): 东北精神病院纪录片,2026-08-15,v4.1 Tier2b 证据漏斗（score_tier2b.py + llm_judge_tier2b.py）,,,scripts/llm_judge_tier2b.py
1299227,魔法阿妈,1998,,汉语普通话 / 闽南语,tier2b补回,LLM_JUDGE 判定 yes(conf=0.9): 闽南语动画经典,2026-08-15,v4.1 Tier2b 证据漏斗（score_tier2b.py + llm_judge_tier2b.py）,,,scripts/llm_judge_tier2b.py
26177735,皮绳上的魂,2017,,汉语普通话 / 藏语,tier2b补回,LLM_JUDGE 判定 yes(conf=0.85): 藏语魔幻公路片,2026-08-15,v4.1 Tier2b 证据漏斗（score_tier2b.py + llm_judge_tier2b.py）,,,scripts/llm_judge_tier2b.py
1424631,大李小李和老李,1962,,汉语普通话 / 沪语,tier2b补回,LLM_JUDGE 判定 yes(conf=0.9): 沪语滑稽戏体育喜剧经典,2026-08-15,v4.1 Tier2b 证据漏斗（score_tier2b.py + llm_judge_tier2b.py）,,,scripts/llm_judge_tier2b.py
2230890,无用,2007,,汉语普通话 / 粤语 / 英语 / 法语,tier2b补回,LLM_JUDGE 判定 yes(conf=0.7): 贾樟柯纪录片粤语汾阳段落,2026-08-15,v4.1 Tier2b 证据漏斗（score_tier2b.py + llm_judge_tier2b.py）,,,scripts/llm_judge_tier2b.py
1305441,人在纽约,1989,,汉语普通话 / 英语 / 粤语,tier2b默认排除,LLM_JUDGE 判定 no(conf=0.85): 纽约华人片普通话英语为主,2026-08-15,v4.1 Tier2b 证据漏斗（score_tier2b.py + llm_judge_tier2b.py）,,,scripts/llm_judge_tier2b.py
25727544,寻找罗麦,2018,,汉语普通话 / 英语 / 藏语 / 法语,tier2b默认排除,LLM_JUDGE 判定 no(conf=0.85): 藏语仅点缀,2026-08-15,v4.1 Tier2b 证据漏斗（score_tier2b.py + llm_judge_tier2b.py）,,,scripts/llm_judge_tier2b.py
11537964,有人赞美聪慧，有人则不,2012,,汉语普通话 / 汉语方言,tier2b补回,LLM_JUDGE 判定 yes(conf=0.8): 山西儿童片汉语方言,2026-08-15,v4.1 Tier2b 证据漏斗（score_tier2b.py + llm_judge_tier2b.py）,,,scripts/llm_judge_tier2b.py
1294139,似水流年,1984,,汉语普通话 / 粤语,tier2b补回,LLM_JUDGE 判定 yes(conf=0.8): 潮汕乡情片方言对白,2026-08-15,v4.1 Tier2b 证据漏斗（score_tier2b.py + llm_judge_tier2b.py）,,,scripts/llm_judge_tier2b.py
26968495,最后的诗句,2017,,汉语普通话 / 闽南语,tier2b补回,LLM_JUDGE 判定 yes(conf=0.8): 闽南语青年爱情片,2026-08-15,v4.1 Tier2b 证据漏斗（score_tier2b.py + llm_judge_tier2b.py）,,,scripts/llm_judge_tier2b.py
30208007,藏北秘岭-重返无人区,2018,,汉语普通话 / 藏语,tier2b补回,LLM_JUDGE 判定 yes(conf=0.8): 羌塘藏区藏语纪录片,2026-08-15,v4.1 Tier2b 证据漏斗（score_tier2b.py + llm_judge_tier2b.py）,,,scripts/llm_judge_tier2b.py
6989743,阵头,2012,,汉语普通话 / 闽南语,tier2b补回,LLM_JUDGE 判定 yes(conf=0.85): 闽南语阵头文化片,2026-08-15,v4.1 Tier2b 证据漏斗（score_tier2b.py + llm_judge_tier2b.py）,,,scripts/llm_judge_tier2b.py
26605028,幸福路上,2018,,汉语普通话 / 英语 / 闽南语,tier2b补回,LLM_JUDGE 判定 yes(conf=0.75): 闽南语手绘动画长片,2026-08-15,v4.1 Tier2b 证据漏斗（score_tier2b.py + llm_judge_tier2b.py）,,,scripts/llm_judge_tier2b.py
3212098,河上的爱情,2008,,汉语普通话 / 粤语,tier2b补回,LLM_JUDGE 判定 yes(conf=0.7): 贾樟柯短片粤语旧友重聚,2026-08-15,v4.1 Tier2b 证据漏斗（score_tier2b.py + llm_judge_tier2b.py）,,,scripts/llm_judge_tier2b.py
1305085,盗马贼,1986,,汉语普通话 / 藏语,tier2b补回,LLM_JUDGE 判定 yes(conf=0.9): 藏语宗教经典,2026-08-15,v4.1 Tier2b 证据漏斗（score_tier2b.py + llm_judge_tier2b.py）,,,scripts/llm_judge_tier2b.py
4707225,不是闹着玩的,2010,,普通话/国语 / 河南方言,tier2b补回,LLM_JUDGE 判定 yes(conf=0.85): 河南方言农民拍电影喜剧,2026-08-15,v4.1 Tier2b 证据漏斗（score_tier2b.py + llm_judge_tier2b.py）,,,scripts/llm_judge_tier2b.py
34925598,腿,2020,,汉语普通话 / 闽南话,tier2b补回,LLM_JUDGE 判定 yes(conf=0.8): 闽南语黑色幽默寻腿片,2026-08-15,v4.1 Tier2b 证据漏斗（score_tier2b.py + llm_judge_tier2b.py）,,,scripts/llm_judge_tier2b.py
11599151,大尾鲈鳗,2013,,汉语普通话 / 闽南语,tier2b补回,LLM_JUDGE 判定 yes(conf=0.85): 猪哥亮闽南语喜剧,2026-08-15,v4.1 Tier2b 证据漏斗（score_tier2b.py + llm_judge_tier2b.py）,,,scripts/llm_judge_tier2b.py
10864713,明天记得爱上我,2013,,汉语普通话 / 粤语,tier2b默认排除,LLM_JUDGE 判定 no(conf=0.6): 台北家庭片粤语点缀,2026-08-15,v4.1 Tier2b 证据漏斗（score_tier2b.py + llm_judge_tier2b.py）,,,scripts/llm_judge_tier2b.py
10864754,天津闲人,2012,,汉语普通话 / 天津话,tier2b补回,LLM_JUDGE 判定 yes(conf=0.9): 天津话民国市井片,2026-08-15,v4.1 Tier2b 证据漏斗（score_tier2b.py + llm_judge_tier2b.py）,,,scripts/llm_judge_tier2b.py
26275692,角头,2015,,汉语普通话 / 闽南语,tier2b补回,LLM_JUDGE 判定 yes(conf=0.85): 闽南语市场黑帮片,2026-08-15,v4.1 Tier2b 证据漏斗（score_tier2b.py + llm_judge_tier2b.py）,,,scripts/llm_judge_tier2b.py
6890737,光辉岁月,2013,,汉语普通话 / 粤语,tier2b默认排除,LLM_JUDGE 判定 no(conf=0.85): 清末动作片粤语点缀,2026-08-15,v4.1 Tier2b 证据漏斗（score_tier2b.py + llm_judge_tier2b.py）,,,scripts/llm_judge_tier2b.py
27069377,淡蓝琥珀,2018,,汉语普通话 / 重庆方言,tier2b补回,LLM_JUDGE 判定 yes(conf=0.85): 重庆方言女性文艺片,2026-08-15,v4.1 Tier2b 证据漏斗（score_tier2b.py + llm_judge_tier2b.py）,,,scripts/llm_judge_tier2b.py
25775642,嘿！小面,2013,,汉语普通话 / 重庆话,tier2b补回,LLM_JUDGE 判定 yes(conf=0.9): 重庆话美食纪录片,2026-08-15,v4.1 Tier2b 证据漏斗（score_tier2b.py + llm_judge_tier2b.py）,,,scripts/llm_judge_tier2b.py
3266406,筑梦2008,2008,,普通话 / 上海话 / 英语 / 法语,tier2b默认排除,LLM_JUDGE 判定 uncertain(conf=0.5): 奥运纪录片多语采访,2026-08-15,v4.1 Tier2b 证据漏斗（score_tier2b.py + llm_judge_tier2b.py）,,,scripts/llm_judge_tier2b.py
21264285,爱别离,2013,,汉语普通话 / 藏语,tier2b默认排除,LLM_JUDGE 判定 no(conf=0.75): 藏语仅单段点缀,2026-08-15,v4.1 Tier2b 证据漏斗（score_tier2b.py + llm_judge_tier2b.py）,,,scripts/llm_judge_tier2b.py
26732377,川流之岛,2016,,汉语普通话 / 闽南语,tier2b补回,LLM_JUDGE 判定 yes(conf=0.85): 闽南语收费员爱情片,2026-08-15,v4.1 Tier2b 证据漏斗（score_tier2b.py + llm_judge_tier2b.py）,,,scripts/llm_judge_tier2b.py
1871738,黑眼圈,2007,,汉语普通话 / 马来语 / 孟加拉语 / 台语,tier2b默认排除,LLM_JUDGE 判定 uncertain(conf=0.5): 蔡明亮吉隆坡片台语点缀,2026-08-15,v4.1 Tier2b 证据漏斗（score_tier2b.py + llm_judge_tier2b.py）,,,scripts/llm_judge_tier2b.py
4116937,西藏往事,2011,,汉语普通话 / 英语 / 藏语,tier2b补回,BENCHMARK 判定 yes(conf=0.9): 藏语部落跨国爱情标杆片,2026-08-15,v4.1 Tier2b 证据漏斗（score_tier2b.py + llm_judge_tier2b.py）,,,scripts/llm_judge_tier2b.py
1868857,大桥下面,1984,,汉语普通话 / 上海话,tier2b补回,LLM_JUDGE 判定 yes(conf=0.75): 沪语市民生活片,2026-08-15,v4.1 Tier2b 证据漏斗（score_tier2b.py + llm_judge_tier2b.py）,,,scripts/llm_judge_tier2b.py
30200085,如果早知道男生也会被性侵,2013,,汉语普通话 / 闽南语,tier2b补回,LLM_JUDGE 判定 yes(conf=0.7): 闽南语教育宣导片,2026-08-15,v4.1 Tier2b 证据漏斗（score_tier2b.py + llm_judge_tier2b.py）,,,scripts/llm_judge_tier2b.py
26429879,我不做大哥好多年,2017,,汉语普通话 / 闽南语,tier2b补回,LLM_JUDGE 判定 yes(conf=0.8): 猪哥亮闽南语喜剧续集,2026-08-15,v4.1 Tier2b 证据漏斗（score_tier2b.py + llm_judge_tier2b.py）,,,scripts/llm_judge_tier2b.py
26780534,52赫兹，我爱你,2017,,汉语普通话 / 闽南语,tier2b补回,LLM_JUDGE 判定 yes(conf=0.85): 魏德圣闽南语歌舞片,2026-08-15,v4.1 Tier2b 证据漏斗（score_tier2b.py + llm_judge_tier2b.py）,,,scripts/llm_judge_tier2b.py
3032434,一世好命,1991,,普通话/国语 / 粤语,tier2b默认排除,LLM_JUDGE 判定 no(conf=0.7): 港式鬼马喜剧默认排除,2026-08-15,v4.1 Tier2b 证据漏斗（score_tier2b.py + llm_judge_tier2b.py）,,,scripts/llm_judge_tier2b.py
21340768,急诊,2013,,汉语普通话 / 粤语,tier2b补回,LLM_JUDGE 判定 yes(conf=0.85): 广州急诊粤语纪录片,2026-08-15,v4.1 Tier2b 证据漏斗（score_tier2b.py + llm_judge_tier2b.py）,,,scripts/llm_judge_tier2b.py
1301098,黑暗之光,1999,,汉语普通话 / 闽南语,tier2b补回,LLM_JUDGE 判定 yes(conf=0.9): 张作骥基隆闽南语片,2026-08-15,v4.1 Tier2b 证据漏斗（score_tier2b.py + llm_judge_tier2b.py）,,,scripts/llm_judge_tier2b.py
20280082,人间蒸发,2013,,汉语普通话 / 粤语 / 日语,tier2b默认排除,LLM_JUDGE 判定 no(conf=0.9): 合拍惊悚片,2026-08-15,v4.1 Tier2b 证据漏斗（score_tier2b.py + llm_judge_tier2b.py）,,,scripts/llm_judge_tier2b.py
1304291,三个夏天,1993,,汉语普通话 / 闽南语,tier2b补回,LLM_JUDGE 判定 yes(conf=0.8): 离岛闽南语成长片,2026-08-15,v4.1 Tier2b 证据漏斗（score_tier2b.py + llm_judge_tier2b.py）,,,scripts/llm_judge_tier2b.py
4920572,茱丽叶,2010,,汉语普通话 / 闽南话,tier2b补回,LLM_JUDGE 判定 yes(conf=0.8): 三段式闽南语文艺片,2026-08-15,v4.1 Tier2b 证据漏斗（score_tier2b.py + llm_judge_tier2b.py）,,,scripts/llm_judge_tier2b.py
26665828,呼吸正常,2016,,汉语普通话 / 粤语,tier2b补回,LLM_JUDGE 判定 yes(conf=0.85): 广州即兴粤语城市片,2026-08-15,v4.1 Tier2b 证据漏斗（score_tier2b.py + llm_judge_tier2b.py）,,,scripts/llm_judge_tier2b.py
20443799,诡婴吉咪,2013,,汉语普通话 / 粤语,tier2b默认排除,LLM_JUDGE 判定 no(conf=0.85): 合拍恐怖片粤语点缀,2026-08-15,v4.1 Tier2b 证据漏斗（score_tier2b.py + llm_judge_tier2b.py）,,,scripts/llm_judge_tier2b.py
1485319,赖小子,2006,,汉语普通话 / 晋语,tier2b补回,LLM_JUDGE 判定 yes(conf=0.85): 晋语煤矿小镇青春片,2026-08-15,v4.1 Tier2b 证据漏斗（score_tier2b.py + llm_judge_tier2b.py）,,,scripts/llm_judge_tier2b.py
6013868,午夜凶梦,2011,,汉语普通话 / 粤语,tier2b默认排除,LLM_JUDGE 判定 no(conf=0.9): 惊悚片粤语点缀,2026-08-15,v4.1 Tier2b 证据漏斗（score_tier2b.py + llm_judge_tier2b.py）,,,scripts/llm_judge_tier2b.py
1306970,上海假期,1991,,汉语普通话 / 英语 / 上海话,tier2b补回,LLM_JUDGE 判定 yes(conf=0.85): 许鞍华弄堂沪语片,2026-08-15,v4.1 Tier2b 证据漏斗（score_tier2b.py + llm_judge_tier2b.py）,,,scripts/llm_judge_tier2b.py
4833562,碧罗雪山,2010,,汉语普通话 / 傈僳语,tier2b补回,LLM_JUDGE 判定 yes(conf=0.9): 傈僳语少数民族片,2026-08-15,v4.1 Tier2b 证据漏斗（score_tier2b.py + llm_judge_tier2b.py）,,,scripts/llm_judge_tier2b.py
1316559,美丽在唱歌,1997,,汉语普通话 / 闽南语,tier2b补回,LLM_JUDGE 判定 yes(conf=0.8): 林正盛闽南语青春片,2026-08-15,v4.1 Tier2b 证据漏斗（score_tier2b.py + llm_judge_tier2b.py）,,,scripts/llm_judge_tier2b.py
2256043,千钧。一发,2008,,汉语普通话 / 东北话,tier2b补回,LLM_JUDGE 判定 yes(conf=0.85): 齐齐哈尔东北话排爆片,2026-08-15,v4.1 Tier2b 证据漏斗（score_tier2b.py + llm_judge_tier2b.py）,,,scripts/llm_judge_tier2b.py
1903720,五女拜寿,1984,,汉语普通话 / 吴越方言,tier2b补回,LLM_JUDGE 判定 yes(conf=0.85): 越剧电影吴语唱白,2026-08-15,v4.1 Tier2b 证据漏斗（score_tier2b.py + llm_judge_tier2b.py）,,,scripts/llm_judge_tier2b.py
26306897,李文漫游东湖,2015,,汉语普通话 / 武汉方言,tier2b补回,LLM_JUDGE 判定 yes(conf=0.9): 武汉方言伪纪录片,2026-08-15,v4.1 Tier2b 证据漏斗（score_tier2b.py + llm_judge_tier2b.py）,,,scripts/llm_judge_tier2b.py
26005517,别有动机,2015,,汉语普通话 / 粤语,tier2b默认排除,LLM_JUDGE 判定 no(conf=0.85): 绑架悬疑片粤语点缀,2026-08-15,v4.1 Tier2b 证据漏斗（score_tier2b.py + llm_judge_tier2b.py）,,,scripts/llm_judge_tier2b.py
30337147,那年1987,2018,,汉语普通话 / 粤语,tier2b补回,LLM_JUDGE 判定 yes(conf=0.7): 广州改革年代粤语片,2026-08-15,v4.1 Tier2b 证据漏斗（score_tier2b.py + llm_judge_tier2b.py）,,,scripts/llm_judge_tier2b.py
30291548,捍战,2018,,汉语普通话 / 粤语,tier2b默认排除,LLM_JUDGE 判定 no(conf=0.7): 台北动作片普通话主导,2026-08-15,v4.1 Tier2b 证据漏斗（score_tier2b.py + llm_judge_tier2b.py）,,,scripts/llm_judge_tier2b.py
34940544,追龙番外篇之十亿探长,2020,,汉语普通话 / 粤语,tier2b默认排除,LLM_JUDGE 判定 no(conf=0.7): 网络电影保守排除,2026-08-15,v4.1 Tier2b 证据漏斗（score_tier2b.py + llm_judge_tier2b.py）,,,scripts/llm_judge_tier2b.py
30255216,您一定不要错过,2018,,汉语普通话 / 蒙语 / 日语 / 俄语,tier2b补回,LLM_JUDGE 判定 yes(conf=0.7): 蒙古族影像文献片,2026-08-15,v4.1 Tier2b 证据漏斗（score_tier2b.py + llm_judge_tier2b.py）,,,scripts/llm_judge_tier2b.py
26433965,告别,2015,,汉语普通话 / 蒙古语,tier2b补回,LLM_JUDGE 判定 yes(conf=0.85): 蒙古语家庭临终片,2026-08-15,v4.1 Tier2b 证据漏斗（score_tier2b.py + llm_judge_tier2b.py）,,,scripts/llm_judge_tier2b.py
1464171,孔繁森,1996,,汉语普通话 / 藏语,tier2b默认排除,LLM_JUDGE 判定 uncertain(conf=0.5): 援藏主旋律藏语穿插,2026-08-15,v4.1 Tier2b 证据漏斗（score_tier2b.py + llm_judge_tier2b.py）,,,scripts/llm_judge_tier2b.py
26271105,同流合乌,2016,,汉语普通话 / 粤语 / 日语 / 英语,tier2b补回,LLM_JUDGE 判定 yes(conf=0.7): 云翔粤语文艺片,2026-08-15,v4.1 Tier2b 证据漏斗（score_tier2b.py + llm_judge_tier2b.py）,,,scripts/llm_judge_tier2b.py
6224731,带一片风景走,2011,,汉语普通话 / 闽南语,tier2b补回,LLM_JUDGE 判定 yes(conf=0.8): 澎恰恰闽南语公路片,2026-08-15,v4.1 Tier2b 证据漏斗（score_tier2b.py + llm_judge_tier2b.py）,,,scripts/llm_judge_tier2b.py
26718797,上海王2,2020,,汉语普通话 / 英语 / 上海话 / 日语,tier2b默认排除,LLM_JUDGE 判定 uncertain(conf=0.55): 上海滩续集沪语占比不明,2026-08-15,v4.1 Tier2b 证据漏斗（score_tier2b.py + llm_judge_tier2b.py）,,,scripts/llm_judge_tier2b.py
4233892,老虎都要嫁,2010,,汉语普通话 / 粤语,tier2b补回,LLM_JUDGE 判定 yes(conf=0.7): 广州粤语都市喜剧,2026-08-15,v4.1 Tier2b 证据漏斗（score_tier2b.py + llm_judge_tier2b.py）,,,scripts/llm_judge_tier2b.py
24869508,斗争,2012,,汉语普通话 / 维吾尔语,tier2b补回,LLM_JUDGE 判定 yes(conf=0.85): 文牧野维语信仰短片,2026-08-15,v4.1 Tier2b 证据漏斗（score_tier2b.py + llm_judge_tier2b.py）,,,scripts/llm_judge_tier2b.py
25870074,第七谎言,2015,,汉语普通话 / 粤语 / 英语,tier2b默认排除,LLM_JUDGE 判定 no(conf=0.85): 港式悬疑片,2026-08-15,v4.1 Tier2b 证据漏斗（score_tier2b.py + llm_judge_tier2b.py）,,,scripts/llm_judge_tier2b.py
1459399,鲁迅,2005,,普通话 / 上海话 / 日语 / 英语,tier2b补回,LLM_JUDGE 判定 yes(conf=0.7): 上海晚年沪语穿插,2026-08-15,v4.1 Tier2b 证据漏斗（score_tier2b.py + llm_judge_tier2b.py）,,,scripts/llm_judge_tier2b.py
7163193,龙门飞甲纪录片,2011,,汉语普通话 / 粤语,tier2b默认排除,LLM_JUDGE 判定 uncertain(conf=0.5): 片场纪录片粤语,2026-08-15,v4.1 Tier2b 证据漏斗（score_tier2b.py + llm_judge_tier2b.py）,,,scripts/llm_judge_tier2b.py
25704408,花咒,2014,,汉语普通话 / 粤语,tier2b默认排除,LLM_JUDGE 判定 no(conf=0.9): 民国惊悚片粤语点缀,2026-08-15,v4.1 Tier2b 证据漏斗（score_tier2b.py + llm_judge_tier2b.py）,,,scripts/llm_judge_tier2b.py
1308729,我的美丽与哀愁,1995,,汉语普通话 / 台语,tier2b补回,LLM_JUDGE 判定 yes(conf=0.8): 陈国富台语奇幻片,2026-08-15,v4.1 Tier2b 证据漏斗（score_tier2b.py + llm_judge_tier2b.py）,,,scripts/llm_judge_tier2b.py
5997849,暑假作业,2013,,汉语普通话 / 闽南语,tier2b补回,LLM_JUDGE 判定 yes(conf=0.85): 张作骥乡间闽南语片,2026-08-15,v4.1 Tier2b 证据漏斗（score_tier2b.py + llm_judge_tier2b.py）,,,scripts/llm_judge_tier2b.py
3732860,多大事啊,2009,,汉语普通话 / 南京话,tier2b补回,LLM_JUDGE 判定 yes(conf=0.85): 南京话市井喜剧,2026-08-15,v4.1 Tier2b 证据漏斗（score_tier2b.py + llm_judge_tier2b.py）,,,scripts/llm_judge_tier2b.py
30214059,红毛皇帝,2018,,汉语普通话 / 河南话,tier2b补回,LLM_JUDGE 判定 yes(conf=0.85): 河南话尬舞直播纪录片,2026-08-15,v4.1 Tier2b 证据漏斗（score_tier2b.py + llm_judge_tier2b.py）,,,scripts/llm_judge_tier2b.py
4718232,无蝉的夏天,2010,,汉语普通话 / 四川话,tier2b补回,LLM_JUDGE 判定 yes(conf=0.85): 四川话温情小品,2026-08-15,v4.1 Tier2b 证据漏斗（score_tier2b.py + llm_judge_tier2b.py）,,,scripts/llm_judge_tier2b.py
3003092,冈拉梅朵,2008,,汉语普通话 / 藏语,tier2b补回,LLM_JUDGE 判定 yes(conf=0.8): 拉萨藏语爱情片,2026-08-15,v4.1 Tier2b 证据漏斗（score_tier2b.py + llm_judge_tier2b.py）,,,scripts/llm_judge_tier2b.py
1770510,蛇杀手,1974,,汉语普通话 / 英语 / 粤语,tier2b默认排除,LLM_JUDGE 判定 no(conf=0.7): 邵氏邪典默认排除,2026-08-15,v4.1 Tier2b 证据漏斗（score_tier2b.py + llm_judge_tier2b.py）,,,scripts/llm_judge_tier2b.py
10563119,恋爱三万英尺,2012,,汉语普通话 / 粤语,tier2b默认排除,LLM_JUDGE 判定 no(conf=0.9): 空校喜剧粤语点缀,2026-08-15,v4.1 Tier2b 证据漏斗（score_tier2b.py + llm_judge_tier2b.py）,,,scripts/llm_judge_tier2b.py
27621448,范保德,2018,,汉语普通话 / 闽南语,tier2b补回,LLM_JUDGE 判定 yes(conf=0.8): 萧雅全闽南语父子片,2026-08-15,v4.1 Tier2b 证据漏斗（score_tier2b.py + llm_judge_tier2b.py）,,,scripts/llm_judge_tier2b.py
1763100,深海,2005,,汉语普通话 / 闽南语,tier2b补回,LLM_JUDGE 判定 yes(conf=0.8): 郑文堂闽南语女性片,2026-08-15,v4.1 Tier2b 证据漏斗（score_tier2b.py + llm_judge_tier2b.py）,,,scripts/llm_judge_tier2b.py
6902345,潘多拉的宝剑,2012,,汉语普通话 / 河南方言,tier2b补回,LLM_JUDGE 判定 yes(conf=0.7): 河南方言土豪喜剧,2026-08-15,v4.1 Tier2b 证据漏斗（score_tier2b.py + llm_judge_tier2b.py）,,,scripts/llm_judge_tier2b.py
25896040,搏击迷城,2015,,汉语普通话 / 日语 / 粤语,tier2b默认排除,LLM_JUDGE 判定 no(conf=0.85): 摔跤片粤语点缀,2026-08-15,v4.1 Tier2b 证据漏斗（score_tier2b.py + llm_judge_tier2b.py）,,,scripts/llm_judge_tier2b.py
1308553,桂花巷,1987,,汉语普通话 / 台语,tier2b补回,LLM_JUDGE 判定 yes(conf=0.85): 陈坤厚台语女性史诗,2026-08-15,v4.1 Tier2b 证据漏斗（score_tier2b.py + llm_judge_tier2b.py）,,,scripts/llm_judge_tier2b.py
27177463,那个我最亲爱的陌生人,2019,,汉语普通话 / 闽南语,tier2b补回,LLM_JUDGE 判定 yes(conf=0.85): 张作骥闽南语家庭片,2026-08-15,v4.1 Tier2b 证据漏斗（score_tier2b.py + llm_judge_tier2b.py）,,,scripts/llm_judge_tier2b.py
2338323,请将我遗忘,2007,,汉语普通话 / 四川话,tier2b补回,LLM_JUDGE 判定 yes(conf=0.8): 成都四川话情感片,2026-08-15,v4.1 Tier2b 证据漏斗（score_tier2b.py + llm_judge_tier2b.py）,,,scripts/llm_judge_tier2b.py
1305146,一只鸟仔哮啾啾,1997,,汉语普通话 / 闽南语,tier2b补回,LLM_JUDGE 判定 yes(conf=0.85): 闽南语乌脚病乡土经典,2026-08-15,v4.1 Tier2b 证据漏斗（score_tier2b.py + llm_judge_tier2b.py）,,,scripts/llm_judge_tier2b.py
6386979,有一种静叫庄严,2011,,汉语普通话 / 湖南方言,tier2b补回,LLM_JUDGE 判定 yes(conf=0.85): 湖南方言伪纪录片,2026-08-15,v4.1 Tier2b 证据漏斗（score_tier2b.py + llm_judge_tier2b.py）,,,scripts/llm_judge_tier2b.py
10478122,平壤之约,2012,,汉语普通话 / 朝鲜语,tier2b默认排除,LLM_JUDGE 判定 uncertain(conf=0.5): 中朝合拍朝鲜语,2026-08-15,v4.1 Tier2b 证据漏斗（score_tier2b.py + llm_judge_tier2b.py）,,,scripts/llm_judge_tier2b.py
30378028,世外桃源,2018,,汉语普通话 / 四川方言,tier2b补回,LLM_JUDGE 判定 yes(conf=0.85): 四川方言乌托邦纪录片,2026-08-15,v4.1 Tier2b 证据漏斗（score_tier2b.py + llm_judge_tier2b.py）,,,scripts/llm_judge_tier2b.py
1301914,真心话,1999,,普通话 / 英语 / 粤语,tier2b补回,LLM_JUDGE 判定 yes(conf=0.7): 港新合拍粤语爱情片,2026-08-15,v4.1 Tier2b 证据漏斗（score_tier2b.py + llm_judge_tier2b.py）,,,scripts/llm_judge_tier2b.py
5268638,追踪章鱼保罗,2010,,汉语普通话 / 英语 / 德语 / 粤语,tier2b默认排除,LLM_JUDGE 判定 no(conf=0.9): 世界杯恶搞片,2026-08-15,v4.1 Tier2b 证据漏斗（score_tier2b.py + llm_judge_tier2b.py）,,,scripts/llm_judge_tier2b.py
26418005,我的“狐朋狗友”,2016,,汉语普通话 / 河南话,tier2b补回,LLM_JUDGE 判定 yes(conf=0.8): 霍猛河南话兄弟喜剧,2026-08-15,v4.1 Tier2b 证据漏斗（score_tier2b.py + llm_judge_tier2b.py）,,,scripts/llm_judge_tier2b.py
26769474,香港大营救,2018,,汉语普通话 / 粤语 / 日语,tier2b默认排除,LLM_JUDGE 判定 uncertain(conf=0.5): 港式主旋律粤语,2026-08-15,v4.1 Tier2b 证据漏斗（score_tier2b.py + llm_judge_tier2b.py）,,,scripts/llm_judge_tier2b.py
30491798,回南天,2020,,汉语普通话 / 粤语,tier2b补回,LLM_JUDGE 判定 yes(conf=0.7): 深圳城中村粤语文艺片,2026-08-15,v4.1 Tier2b 证据漏斗（score_tier2b.py + llm_judge_tier2b.py）,,,scripts/llm_judge_tier2b.py
3094278,驱魔童,1988,,汉语普通话 / 粤语,tier2b默认排除,LLM_JUDGE 判定 no(conf=0.7): 台产国语童话动作片,2026-08-15,v4.1 Tier2b 证据漏斗（score_tier2b.py + llm_judge_tier2b.py）,,,scripts/llm_judge_tier2b.py
4841184,古宝奇缘,2011,,汉语普通话 / 方言,tier2b默认排除,LLM_JUDGE 判定 uncertain(conf=0.5): 方言标签盗墓农村喜剧,2026-08-15,v4.1 Tier2b 证据漏斗（score_tier2b.py + llm_judge_tier2b.py）,,,scripts/llm_judge_tier2b.py
3113423,我最后的秘密,2007,,汉语普通话 / 吴语,tier2b补回,LLM_JUDGE 判定 yes(conf=0.85): 苏州吴语老人纪录片,2026-08-15,v4.1 Tier2b 证据漏斗（score_tier2b.py + llm_judge_tier2b.py）,,,scripts/llm_judge_tier2b.py
24530675,小胖妞4,2013,,汉语普通话 / 粤语,tier2b默认排除,LLM_JUDGE 判定 no(conf=0.8): 动画粤语配音点缀,2026-08-15,v4.1 Tier2b 证据漏斗（score_tier2b.py + llm_judge_tier2b.py）,,,scripts/llm_judge_tier2b.py
25982512,死亡之谜,2015,,汉语普通话 / 粤语,tier2b默认排除,LLM_JUDGE 判定 no(conf=0.9): 悬疑片粤语点缀,2026-08-15,v4.1 Tier2b 证据漏斗（score_tier2b.py + llm_judge_tier2b.py）,,,scripts/llm_judge_tier2b.py
11600922,暴躁天使,2013,,汉语普通话 / 粤语,tier2b默认排除,LLM_JUDGE 判定 uncertain(conf=0.5): 广州粤语小成本片,2026-08-15,v4.1 Tier2b 证据漏斗（score_tier2b.py + llm_judge_tier2b.py）,,,scripts/llm_judge_tier2b.py
25875053,基隆,2015,,汉语普通话 / 闽南语,tier2b补回,LLM_JUDGE 判定 yes(conf=0.8): 基隆港闽南语边缘人片,2026-08-15,v4.1 Tier2b 证据漏斗（score_tier2b.py + llm_judge_tier2b.py）,,,scripts/llm_judge_tier2b.py
27622779,人怕出名猪怕壮,2018,,汉语普通话 / 四川方言,tier2b补回,LLM_JUDGE 判定 yes(conf=0.8): 四川方言草根喜剧,2026-08-15,v4.1 Tier2b 证据漏斗（score_tier2b.py + llm_judge_tier2b.py）,,,scripts/llm_judge_tier2b.py
30140092,小美,2018,,汉语普通话 / 粤语,tier2b补回,LLM_JUDGE 判定 yes(conf=0.8): 粤语访谈体文艺片,2026-08-15,v4.1 Tier2b 证据漏斗（score_tier2b.py + llm_judge_tier2b.py）,,,scripts/llm_judge_tier2b.py
33459904,岐路父子,2019,,汉语普通话 / 西南官话,tier2b补回,LLM_JUDGE 判定 yes(conf=0.7): 西南官话公路短片,2026-08-15,v4.1 Tier2b 证据漏斗（score_tier2b.py + llm_judge_tier2b.py）,,,scripts/llm_judge_tier2b.py
1999745,少林僵尸,2004,,汉语普通话 / 粤语 / 粤语,tier2b默认排除,LLM_JUDGE 判定 no(conf=0.8): 港式僵尸片默认排除,2026-08-15,v4.1 Tier2b 证据漏斗（score_tier2b.py + llm_judge_tier2b.py）,,,scripts/llm_judge_tier2b.py
1306075,娃娃,1991,,汉语普通话 / 闽南语,tier2b补回,LLM_JUDGE 判定 yes(conf=0.8): 柯一正闽南语儿童片,2026-08-15,v4.1 Tier2b 证据漏斗（score_tier2b.py + llm_judge_tier2b.py）,,,scripts/llm_judge_tier2b.py
33447759,奔跑的少年,2019,,汉语普通话 / 维吾尔语,tier2b补回,LLM_JUDGE 判定 yes(conf=0.85): 新疆维吾尔语足球追梦片,2026-08-15,v4.1 Tier2b 证据漏斗（score_tier2b.py + llm_judge_tier2b.py）,,,scripts/llm_judge_tier2b.py
26676478,我们这样拍电影,2015,,汉语普通话 / 台语,tier2b默认排除,LLM_JUDGE 判定 uncertain(conf=0.55): 台影纪录片台语访谈,2026-08-15,v4.1 Tier2b 证据漏斗（score_tier2b.py + llm_judge_tier2b.py）,,,scripts/llm_judge_tier2b.py
1457410,黑狗来了,2003,,汉语普通话 / 台语,tier2b补回,LLM_JUDGE 判定 yes(conf=0.8): 蔡振南台语黑色喜剧,2026-08-15,v4.1 Tier2b 证据漏斗（score_tier2b.py + llm_judge_tier2b.py）,,,scripts/llm_judge_tier2b.py
26289140,灿烂这一刻,2017,,汉语普通话 / 粤语,tier2b补回,LLM_JUDGE 判定 yes(conf=0.7): 陈果广东粤语歌舞片,2026-08-15,v4.1 Tier2b 证据漏斗（score_tier2b.py + llm_judge_tier2b.py）,,,scripts/llm_judge_tier2b.py
27104373,神偷大师,2017,,汉语普通话 / 四川方言,tier2b补回,LLM_JUDGE 判定 yes(conf=0.7): 四川方言网络喜剧,2026-08-15,v4.1 Tier2b 证据漏斗（score_tier2b.py + llm_judge_tier2b.py）,,,scripts/llm_judge_tier2b.py
3056430,马戏学校,2007,,汉语普通话 / 上海话,tier2b补回,LLM_JUDGE 判定 yes(conf=0.85): 沪语马戏学校纪录片,2026-08-15,v4.1 Tier2b 证据漏斗（score_tier2b.py + llm_judge_tier2b.py）,,,scripts/llm_judge_tier2b.py
3632550,现实是过去的未来,2008,,普通话/国语 / 粤语,tier2b默认排除,LLM_JUDGE 判定 uncertain(conf=0.5): 城市拼贴纪录粤语,2026-08-15,v4.1 Tier2b 证据漏斗（score_tier2b.py + llm_judge_tier2b.py）,,,scripts/llm_judge_tier2b.py
30243293,初三四班,2018,,汉语普通话 / 四川话,tier2b补回,LLM_JUDGE 判定 yes(conf=0.85): 北川四川话震后纪录片,2026-08-15,v4.1 Tier2b 证据漏斗（score_tier2b.py + llm_judge_tier2b.py）,,,scripts/llm_judge_tier2b.py
30242177,饿死诗人,2018,,汉语普通话 / 南京话,tier2b补回,LLM_JUDGE 判定 yes(conf=0.8): 南京话独立诗人片,2026-08-15,v4.1 Tier2b 证据漏斗（score_tier2b.py + llm_judge_tier2b.py）,,,scripts/llm_judge_tier2b.py
34925392,拨浪鼓咚咚响,2020,,汉语普通话 / 陕北方言,tier2b补回,LLM_JUDGE 判定 yes(conf=0.85): 陕北方言寻父公路片,2026-08-15,v4.1 Tier2b 证据漏斗（score_tier2b.py + llm_judge_tier2b.py）,,,scripts/llm_judge_tier2b.py
10833882,危城之恋,2012,,汉语普通话 / 天津话,tier2b补回,LLM_JUDGE 判定 yes(conf=0.85): 天津话民国爱情片,2026-08-15,v4.1 Tier2b 证据漏斗（score_tier2b.py + llm_judge_tier2b.py）,,,scripts/llm_judge_tier2b.py
1298362,益西卓玛,2000,,汉语普通话 / 藏语,tier2b补回,LLM_JUDGE 判定 yes(conf=0.85): 谢飞藏语半世纪史诗,2026-08-15,v4.1 Tier2b 证据漏斗（score_tier2b.py + llm_judge_tier2b.py）,,,scripts/llm_judge_tier2b.py
26903988,越囧,2016,,汉语普通话 / 粤语 / 越南语 Vietnamese / 英语,tier2b默认排除,LLM_JUDGE 判定 no(conf=0.9): 越南公路喜剧粤语点缀,2026-08-15,v4.1 Tier2b 证据漏斗（score_tier2b.py + llm_judge_tier2b.py）,,,scripts/llm_judge_tier2b.py
1915311,缘起,2002,,汉语普通话 / 粤语,tier2b默认排除,LLM_JUDGE 判定 uncertain(conf=0.5): 英雄幕后纪录片粤语,2026-08-15,v4.1 Tier2b 证据漏斗（score_tier2b.py + llm_judge_tier2b.py）,,,scripts/llm_judge_tier2b.py
3047973,新天龙八部,1982,,普通话/国语 / 粤语,tier2b默认排除,LLM_JUDGE 判定 no(conf=0.7): 邵氏武侠默认排除,2026-08-15,v4.1 Tier2b 证据漏斗（score_tier2b.py + llm_judge_tier2b.py）,,,scripts/llm_judge_tier2b.py
35000216,武汉战疫纪,2020,,汉语普通话 / 英语 / 武汉话,tier2b补回,LLM_JUDGE 判定 yes(conf=0.7): 武汉话疫情纪录片,2026-08-15,v4.1 Tier2b 证据漏斗（score_tier2b.py + llm_judge_tier2b.py）,,,scripts/llm_judge_tier2b.py
3074682,大头仔,1988,,汉语普通话 / 闽南语,tier2b补回,LLM_JUDGE 判定 yes(conf=0.8): 万梓良闽南语黑帮片,2026-08-15,v4.1 Tier2b 证据漏斗（score_tier2b.py + llm_judge_tier2b.py）,,,scripts/llm_judge_tier2b.py
3444612,成龙的传奇,1998,,普通话/国语 / 粤语,tier2b默认排除,LLM_JUDGE 判定 uncertain(conf=0.5): 成龙自传纪录片粤语,2026-08-15,v4.1 Tier2b 证据漏斗（score_tier2b.py + llm_judge_tier2b.py）,,,scripts/llm_judge_tier2b.py
3993565,额吉,2010,,汉语普通话 / 蒙语,tier2b补回,LLM_JUDGE 判定 yes(conf=0.85): 草原蒙古语孤儿片,2026-08-15,v4.1 Tier2b 证据漏斗（score_tier2b.py + llm_judge_tier2b.py）,,,scripts/llm_judge_tier2b.py
1926445,喜马拉雅王子,2006,,汉语普通话 / 藏语,tier2b补回,LLM_JUDGE 判定 yes(conf=0.8): 藏语王子复仇片,2026-08-15,v4.1 Tier2b 证据漏斗（score_tier2b.py + llm_judge_tier2b.py）,,,scripts/llm_judge_tier2b.py
34332494,红暑,2019,,汉语普通话 / 四川方言,tier2b补回,LLM_JUDGE 判定 yes(conf=0.8): 四川方言童年短片,2026-08-15,v4.1 Tier2b 证据漏斗（score_tier2b.py + llm_judge_tier2b.py）,,,scripts/llm_judge_tier2b.py
26184568,奇人密码：古罗布之迷,2015,,汉语普通话 / 闽南语,tier2b补回,LLM_JUDGE 判定 yes(conf=0.75): 霹雳木偶闽南语电影,2026-08-15,v4.1 Tier2b 证据漏斗（score_tier2b.py + llm_judge_tier2b.py）,,,scripts/llm_judge_tier2b.py
1986783,芒种,2006,,汉语普通话 / 朝鲜语,tier2b补回,LLM_JUDGE 判定 yes(conf=0.85): 张律朝鲜语边缘女性片,2026-08-15,v4.1 Tier2b 证据漏斗（score_tier2b.py + llm_judge_tier2b.py）,,,scripts/llm_judge_tier2b.py
26731242,接线员,2017,,汉语普通话 / 英语 / 闽南语,tier2b补回,LLM_JUDGE 判定 yes(conf=0.7): 伦敦按摩院闽南语片,2026-08-15,v4.1 Tier2b 证据漏斗（score_tier2b.py + llm_judge_tier2b.py）,,,scripts/llm_judge_tier2b.py
1401754,老莫的第二个春天,1984,,汉语普通话 / 闽南语,tier2b补回,LLM_JUDGE 判定 yes(conf=0.85): 闽南语退伍老兵经典,2026-08-15,v4.1 Tier2b 证据漏斗（score_tier2b.py + llm_judge_tier2b.py）,,,scripts/llm_judge_tier2b.py
33451752,汉南夏日,2020,,汉语普通话 / 武汉话,tier2b补回,LLM_JUDGE 判定 yes(conf=0.85): 武汉话少女成长片,2026-08-15,v4.1 Tier2b 证据漏斗（score_tier2b.py + llm_judge_tier2b.py）,,,scripts/llm_judge_tier2b.py
35193163,夏风沉醉的晚上,2020,,汉语普通话 / 杭州话,tier2b补回,LLM_JUDGE 判定 yes(conf=0.8): 富阳杭州话短片,2026-08-15,v4.1 Tier2b 证据漏斗（score_tier2b.py + llm_judge_tier2b.py）,,,scripts/llm_judge_tier2b.py
30206417,好汉三条半,2019,,汉语普通话 / 粤语,tier2b默认排除,LLM_JUDGE 判定 no(conf=0.9): 港式闹剧粤语点缀,2026-08-15,v4.1 Tier2b 证据漏斗（score_tier2b.py + llm_judge_tier2b.py）,,,scripts/llm_judge_tier2b.py
4841182,云上太阳,2012,,汉语普通话 / 法语 / 少数民族语,tier2b补回,LLM_JUDGE 判定 yes(conf=0.75): 丹寨苗族语人文片,2026-08-15,v4.1 Tier2b 证据漏斗（score_tier2b.py + llm_judge_tier2b.py）,,,scripts/llm_judge_tier2b.py
1858095,一代天骄成吉思汗,2000,,汉语普通话 / 蒙古语,tier2b补回,LLM_JUDGE 判定 yes(conf=0.85): 蒙古语成吉思汗史诗片,2026-08-15,v4.1 Tier2b 证据漏斗（score_tier2b.py + llm_judge_tier2b.py）,,,scripts/llm_judge_tier2b.py
20254287,爱呦，阿斗,2013,,汉语普通话 / 大连话,tier2b补回,LLM_JUDGE 判定 yes(conf=0.8): 大连话毕业青春片,2026-08-15,v4.1 Tier2b 证据漏斗（score_tier2b.py + llm_judge_tier2b.py）,,,scripts/llm_judge_tier2b.py
1963953,月光下，我记得,2005,,汉语普通话 / 闽南语 / 日语,tier2b补回,LLM_JUDGE 判定 yes(conf=0.8): 林正盛闽南语母女片,2026-08-15,v4.1 Tier2b 证据漏斗（score_tier2b.py + llm_judge_tier2b.py）,,,scripts/llm_judge_tier2b.py
4258506,在那里,2007,,普通话/国语 / 粤语,tier2b默认排除,LLM_JUDGE 判定 uncertain(conf=0.4): 贾樟柯短片无简介可考,2026-08-15,v4.1 Tier2b 证据漏斗（score_tier2b.py + llm_judge_tier2b.py）,,,scripts/llm_judge_tier2b.py
26334947,空山异客,2017,,汉语普通话 / 湘西方言,tier2b补回,LLM_JUDGE 判定 yes(conf=0.8): 湘西方言还乡片,2026-08-15,v4.1 Tier2b 证据漏斗（score_tier2b.py + llm_judge_tier2b.py）,,,scripts/llm_judge_tier2b.py
3032884,风雪狼道,2007,,汉语普通话 / 西北方言,tier2b补回,LLM_JUDGE 判定 yes(conf=0.7): 西北方言新疆雪灾片,2026-08-15,v4.1 Tier2b 证据漏斗（score_tier2b.py + llm_judge_tier2b.py）,,,scripts/llm_judge_tier2b.py
26352419,飞地,2016,,汉语普通话 / 彝语 Yi,tier2b补回,LLM_JUDGE 判定 yes(conf=0.85): 大凉山彝语纪录片,2026-08-15,v4.1 Tier2b 证据漏斗（score_tier2b.py + llm_judge_tier2b.py）,,,scripts/llm_judge_tier2b.py
24867829,杠上开花,2016,,汉语普通话 / 武汉话,tier2b补回,LLM_JUDGE 判定 yes(conf=0.7): 武汉话麻将喜剧,2026-08-15,v4.1 Tier2b 证据漏斗（score_tier2b.py + llm_judge_tier2b.py）,,,scripts/llm_judge_tier2b.py
26335565,河对岸是山,2017,,汉语普通话 / 甘肃方言,tier2b补回,LLM_JUDGE 判定 yes(conf=0.8): 甘肃方言黄河捞尸片,2026-08-15,v4.1 Tier2b 证据漏斗（score_tier2b.py + llm_judge_tier2b.py）,,,scripts/llm_judge_tier2b.py
3224840,芳草碧连天,1987,,汉语普通话 / 闽南语,tier2b补回,LLM_JUDGE 判定 yes(conf=0.8): 闽南语农村爱情片,2026-08-15,v4.1 Tier2b 证据漏斗（score_tier2b.py + llm_judge_tier2b.py）,,,scripts/llm_judge_tier2b.py
1790412,乡愁,2006,,汉语普通话 / 上海话,tier2b补回,LLM_JUDGE 判定 yes(conf=0.85): 舒浩仑沪语私纪录片,2026-08-15,v4.1 Tier2b 证据漏斗（score_tier2b.py + llm_judge_tier2b.py）,,,scripts/llm_judge_tier2b.py
11226123,生活而已2,2012,,汉语普通话 / 山东话,tier2b补回,LLM_JUDGE 判定 yes(conf=0.8): 山东话私纪录片,2026-08-15,v4.1 Tier2b 证据漏斗（score_tier2b.py + llm_judge_tier2b.py）,,,scripts/llm_judge_tier2b.py
33420933,南方少女,2019,,汉语普通话 / 常州话,tier2b补回,LLM_JUDGE 判定 yes(conf=0.8): 邱阳常州话短片,2026-08-15,v4.1 Tier2b 证据漏斗（score_tier2b.py + llm_judge_tier2b.py）,,,scripts/llm_judge_tier2b.py
1868567,南北一家亲,1962,,汉语普通话 / 粵語,tier2b默认排除,LLM_JUDGE 判定 uncertain(conf=0.5): 电懋国粤语喜剧,2026-08-15,v4.1 Tier2b 证据漏斗（score_tier2b.py + llm_judge_tier2b.py）,,,scripts/llm_judge_tier2b.py
1962448,灵幻童子,1986,,汉语普通话 / 英语 / 粤语,tier2b默认排除,LLM_JUDGE 判定 no(conf=0.7): 台港合拍国语版,2026-08-15,v4.1 Tier2b 证据漏斗（score_tier2b.py + llm_judge_tier2b.py）,,,scripts/llm_judge_tier2b.py
35230673,太阳底下,2020,,汉语普通话 / 陕西方言,tier2b补回,LLM_JUDGE 判定 yes(conf=0.8): 陕西方言乡村复仇短片,2026-08-15,v4.1 Tier2b 证据漏斗（score_tier2b.py + llm_judge_tier2b.py）,,,scripts/llm_judge_tier2b.py
27003499,生化药尸,2017,,汉语普通话 / 粤语,tier2b默认排除,LLM_JUDGE 判定 no(conf=0.9): 网络僵尸片粤语点缀,2026-08-15,v4.1 Tier2b 证据漏斗（score_tier2b.py + llm_judge_tier2b.py）,,,scripts/llm_judge_tier2b.py
30162995,沿海出发,2018,,汉语普通话 / 胶辽官话,tier2b补回,LLM_JUDGE 判定 yes(conf=0.8): 胶辽官话渔村家庭片,2026-08-15,v4.1 Tier2b 证据漏斗（score_tier2b.py + llm_judge_tier2b.py）,,,scripts/llm_judge_tier2b.py
10580093,操场,2012,,汉语普通话 / 上海话Shanghainese,tier2b补回,LLM_JUDGE 判定 yes(conf=0.75): 上海话童年短片,2026-08-15,v4.1 Tier2b 证据漏斗（score_tier2b.py + llm_judge_tier2b.py）,,,scripts/llm_judge_tier2b.py
3113757,爆肚张和老吉家,2005,,汉语普通话 / 北京话,tier2b补回,LLM_JUDGE 判定 yes(conf=0.85): 北京话什刹海拆迁纪录片,2026-08-15,v4.1 Tier2b 证据漏斗（score_tier2b.py + llm_judge_tier2b.py）,,,scripts/llm_judge_tier2b.py
2252377,咸豆浆,2002,,汉语普通话 / 闽南语,tier2b补回,LLM_JUDGE 判定 yes(conf=0.8): 闽南语补习班青春片,2026-08-15,v4.1 Tier2b 证据漏斗（score_tier2b.py + llm_judge_tier2b.py）,,,scripts/llm_judge_tier2b.py
3017916,马大夫的诊所,2007,,汉语普通话 / 甘肃方言,tier2b补回,LLM_JUDGE 判定 yes(conf=0.85): 甘肃方言乡村长纪录片,2026-08-15,v4.1 Tier2b 证据漏斗（score_tier2b.py + llm_judge_tier2b.py）,,,scripts/llm_judge_tier2b.py
26658552,送别,2015,,汉语普通话 / 东北官话,tier2b补回,LLM_JUDGE 判定 yes(conf=0.7): 东北官话下岗年代短片,2026-08-15,v4.1 Tier2b 证据漏斗（score_tier2b.py + llm_judge_tier2b.py）,,,scripts/llm_judge_tier2b.py
4917689,读·豆瓣,2010,,汉语普通话 / 粤语,tier2b补回,LLM_JUDGE 判定 yes(conf=0.7): 广州粤语读书访谈片,2026-08-15,v4.1 Tier2b 证据漏斗（score_tier2b.py + llm_judge_tier2b.py）,,,scripts/llm_judge_tier2b.py
1306351,给我一支猫,2003,,汉语普通话 / 日语 / 粤语,tier2b补回,LLM_JUDGE 判定 yes(conf=0.7): 吴米森台北台语荒诞片,2026-08-15,v4.1 Tier2b 证据漏斗（score_tier2b.py + llm_judge_tier2b.py）,,,scripts/llm_judge_tier2b.py
20470278,世界第一麦方,2013,,汉语普通话 / 闽南语,tier2b补回,LLM_JUDGE 判定 yes(conf=0.8): 林正盛闽南语面包传记,2026-08-15,v4.1 Tier2b 证据漏斗（score_tier2b.py + llm_judge_tier2b.py）,,,scripts/llm_judge_tier2b.py
26752087,拉姆与嘎贝,2019,,汉语普通话 / 藏语,tier2b补回,LLM_JUDGE 判定 yes(conf=0.85): 松太加藏语婚约片,2026-08-15,v4.1 Tier2b 证据漏斗（score_tier2b.py + llm_judge_tier2b.py）,,,scripts/llm_judge_tier2b.py
3091050,爱情狗,2009,,汉语普通话 / 重庆话,tier2b补回,LLM_JUDGE 判定 yes(conf=0.75): 章明重庆话轻喜剧,2026-08-15,v4.1 Tier2b 证据漏斗（score_tier2b.py + llm_judge_tier2b.py）,,,scripts/llm_judge_tier2b.py
4914628,斗鸡人,2010,,汉语普通话 / 河南方言,tier2b补回,LLM_JUDGE 判定 yes(conf=0.8): 河南方言斗鸡片,2026-08-15,v4.1 Tier2b 证据漏斗（score_tier2b.py + llm_judge_tier2b.py）,,,scripts/llm_judge_tier2b.py
27062663,塬上,2017,,汉语普通话 / 陕西方言,tier2b补回,LLM_JUDGE 判定 yes(conf=0.8): 乔梁陕西方言朱鹮片,2026-08-15,v4.1 Tier2b 证据漏斗（score_tier2b.py + llm_judge_tier2b.py）,,,scripts/llm_judge_tier2b.py
26200601,钱在路上跑,2014,,汉语普通话 / 维吾尔语 Uyghur,tier2b补回,LLM_JUDGE 判定 yes(conf=0.85): 维吾尔语农民喜剧,2026-08-15,v4.1 Tier2b 证据漏斗（score_tier2b.py + llm_judge_tier2b.py）,,,scripts/llm_judge_tier2b.py
11604171,致敬青春,2012,,汉语普通话 / 山西太谷方言,tier2b补回,LLM_JUDGE 判定 yes(conf=0.7): 山西太谷方言校园片,2026-08-15,v4.1 Tier2b 证据漏斗（score_tier2b.py + llm_judge_tier2b.py）,,,scripts/llm_judge_tier2b.py
26720391,大显神威,2016,,汉语普通话 / 闽南语,tier2b补回,LLM_JUDGE 判定 yes(conf=0.8): 猪哥亮闽南语奇幻喜剧,2026-08-15,v4.1 Tier2b 证据漏斗（score_tier2b.py + llm_judge_tier2b.py）,,,scripts/llm_judge_tier2b.py
2330657,凤冠情事,2003,,普通话/国语 / 苏州话,tier2b补回,LLM_JUDGE 判定 yes(conf=0.75): 昆曲苏白半纪录片,2026-08-15,v4.1 Tier2b 证据漏斗（score_tier2b.py + llm_judge_tier2b.py）,,,scripts/llm_judge_tier2b.py
6428116,胆小鬼,2011,,汉语普通话 / 汕尾话,tier2b补回,LLM_JUDGE 判定 yes(conf=0.7): 汕尾话童年短片,2026-08-15,v4.1 Tier2b 证据漏斗（score_tier2b.py + llm_judge_tier2b.py）,,,scripts/llm_judge_tier2b.py
25772420,爸爸的晚餐,2015,,汉语普通话 / 重庆话,tier2b补回,LLM_JUDGE 判定 yes(conf=0.8): 重庆话空巢老人片,2026-08-15,v4.1 Tier2b 证据漏斗（score_tier2b.py + llm_judge_tier2b.py）,,,scripts/llm_judge_tier2b.py
4154643,天生绝配,2009,,汉语普通话 / 粤语,tier2b默认排除,LLM_JUDGE 判定 no(conf=0.7): 台产诈骗喜剧粤语点缀,2026-08-15,v4.1 Tier2b 证据漏斗（score_tier2b.py + llm_judge_tier2b.py）,,,scripts/llm_judge_tier2b.py
26831256,2015湖南卫视跨年演唱会,2014,,汉语普通话 / 英语 / 粤语 / 韩语,tier2b默认排除,LLM_JUDGE 判定 no(conf=0.95): 跨年演唱会综艺,2026-08-15,v4.1 Tier2b 证据漏斗（score_tier2b.py + llm_judge_tier2b.py）,,,scripts/llm_judge_tier2b.py
1484900,季风中的马,2005,,汉语普通话 / Mongolian,tier2b补回,LLM_JUDGE 判定 yes(conf=0.85): 宁才蒙古语草原片,2026-08-15,v4.1 Tier2b 证据漏斗（score_tier2b.py + llm_judge_tier2b.py）,,,scripts/llm_judge_tier2b.py
26392401,裸山,2010,,汉语普通话 / 贵州方言,tier2b补回,LLM_JUDGE 判定 yes(conf=0.8): 贵州方言农村爱情片,2026-08-15,v4.1 Tier2b 证据漏斗（score_tier2b.py + llm_judge_tier2b.py）,,,scripts/llm_judge_tier2b.py
24867840,甘南情歌,2014,,汉语普通话 / 藏语,tier2b补回,LLM_JUDGE 判定 yes(conf=0.75): 藏区援医爱情藏语片,2026-08-15,v4.1 Tier2b 证据漏斗（score_tier2b.py + llm_judge_tier2b.py）,,,scripts/llm_judge_tier2b.py
3403153,豫菜皇后,2008,,汉语普通话 / 河南话,tier2b补回,LLM_JUDGE 判定 yes(conf=0.7): 河南话美食励志片,2026-08-15,v4.1 Tier2b 证据漏斗（score_tier2b.py + llm_judge_tier2b.py）,,,scripts/llm_judge_tier2b.py
5382857,晓光,2001,,汉语普通话 / 闽南语,tier2b补回,LLM_JUDGE 判定 yes(conf=0.7): 钮承泽闽南语童星片,2026-08-15,v4.1 Tier2b 证据漏斗（score_tier2b.py + llm_judge_tier2b.py）,,,scripts/llm_judge_tier2b.py
26779536,血战铜锣湾,2016,,汉语普通话 / 粤语,tier2b默认排除,LLM_JUDGE 判定 no(conf=0.9): 大陆恶搞港片,2026-08-15,v4.1 Tier2b 证据漏斗（score_tier2b.py + llm_judge_tier2b.py）,,,scripts/llm_judge_tier2b.py
5179821,心锁,1986,,普通话/国语 / 粤语,tier2b默认排除,LLM_JUDGE 判定 no(conf=0.8): 台产伦理片,2026-08-15,v4.1 Tier2b 证据漏斗（score_tier2b.py + llm_judge_tier2b.py）,,,scripts/llm_judge_tier2b.py
2153250,夜·明,2007,,汉语普通话 / 粤语 / 日语 / 英语,tier2b默认排除,LLM_JUDGE 判定 uncertain(conf=0.5): 孙中山庇能时期粤语,2026-08-15,v4.1 Tier2b 证据漏斗（score_tier2b.py + llm_judge_tier2b.py）,,,scripts/llm_judge_tier2b.py
3098844,长假,2008,,汉语普通话 / 闽南话,tier2b补回,LLM_JUDGE 判定 yes(conf=0.8): 郑芬芬闽南语电视片,2026-08-15,v4.1 Tier2b 证据漏斗（score_tier2b.py + llm_judge_tier2b.py）,,,scripts/llm_judge_tier2b.py
30372078,小郭南方漫游记,2019,,汉语普通话 / 粤语,tier2b补回,LLM_JUDGE 判定 yes(conf=0.8): 徒步回顺德粤语纪录片,2026-08-15,v4.1 Tier2b 证据漏斗（score_tier2b.py + llm_judge_tier2b.py）,,,scripts/llm_judge_tier2b.py
26948510,爱上女蒲团2,2017,,汉语普通话 / 粤语,tier2b默认排除,LLM_JUDGE 判定 no(conf=0.9): 网络情色喜剧,2026-08-15,v4.1 Tier2b 证据漏斗（score_tier2b.py + llm_judge_tier2b.py）,,,scripts/llm_judge_tier2b.py
27075252,夜以继夜,2019,,汉语普通话 / 重庆方言,tier2b补回,LLM_JUDGE 判定 yes(conf=0.8): 重庆方言家庭文艺片,2026-08-15,v4.1 Tier2b 证据漏斗（score_tier2b.py + llm_judge_tier2b.py）,,,scripts/llm_judge_tier2b.py
4896301,母大虫顾大嫂,2009,,汉语普通话 / 山东方言,tier2b补回,LLM_JUDGE 判定 yes(conf=0.7): 水浒系列山东方言片,2026-08-15,v4.1 Tier2b 证据漏斗（score_tier2b.py + llm_judge_tier2b.py）,,,scripts/llm_judge_tier2b.py
5268683,黑白照片,2010,,汉语普通话 / 上海方言,tier2b补回,LLM_JUDGE 判定 yes(conf=0.8): 舒浩仑沪语怀旧片,2026-08-15,v4.1 Tier2b 证据漏斗（score_tier2b.py + llm_judge_tier2b.py）,,,scripts/llm_judge_tier2b.py
3075903,好猫,2008,,汉语普通话 / 自贡方言,tier2b补回,LLM_JUDGE 判定 yes(conf=0.85): 应亮自贡方言地产片,2026-08-15,v4.1 Tier2b 证据漏斗（score_tier2b.py + llm_judge_tier2b.py）,,,scripts/llm_judge_tier2b.py
6432145,博弈,2011,,汉语普通话 / 河北方言,tier2b补回,LLM_JUDGE 判定 yes(conf=0.85): 河北方言拆迁纪录片,2026-08-15,v4.1 Tier2b 证据漏斗（score_tier2b.py + llm_judge_tier2b.py）,,,scripts/llm_judge_tier2b.py
24860303,门巴将军,2013,,汉语普通话 / 藏语,tier2b默认排除,LLM_JUDGE 判定 uncertain(conf=0.5): 西藏军医片藏语穿插,2026-08-15,v4.1 Tier2b 证据漏斗（score_tier2b.py + llm_judge_tier2b.py）,,,scripts/llm_judge_tier2b.py
6110557,乌鲁木齐的天空,2011,,汉语普通话 / 维语,tier2b补回,LLM_JUDGE 判定 yes(conf=0.8): 新疆多民族维语年代片,2026-08-15,v4.1 Tier2b 证据漏斗（score_tier2b.py + llm_judge_tier2b.py）,,,scripts/llm_judge_tier2b.py
35191327,秘密基地,2020,,汉语普通话 / 潮汕话,tier2b补回,BENCHMARK 判定 yes(conf=0.9): 潮汕话童年标杆片,2026-08-15,v4.1 Tier2b 证据漏斗（score_tier2b.py + llm_judge_tier2b.py）,,,scripts/llm_judge_tier2b.py
3736057,邪魔,1981,,汉语普通话 / 英语 / 粤语,tier2b默认排除,LLM_JUDGE 判定 uncertain(conf=0.4): 台产鬼片信息不足,2026-08-15,v4.1 Tier2b 证据漏斗（score_tier2b.py + llm_judge_tier2b.py）,,,scripts/llm_judge_tier2b.py
27063404,壬午渝汐,2017,,汉语普通话 / 德语 / 重庆方言 / 日语,tier2b补回,LLM_JUDGE 判定 yes(conf=0.7): 重庆方言抗战网络片,2026-08-15,v4.1 Tier2b 证据漏斗（score_tier2b.py + llm_judge_tier2b.py）,,,scripts/llm_judge_tier2b.py
26335498,狼踪,2015,,汉语普通话 / 英语 / 法语 / 蒙古语,tier2b默认排除,LLM_JUDGE 判定 no(conf=0.85): 狼图腾幕后纪录片,2026-08-15,v4.1 Tier2b 证据漏斗（score_tier2b.py + llm_judge_tier2b.py）,,,scripts/llm_judge_tier2b.py
5322605,消失的村庄,2011,,汉语普通话 / 云南方言,tier2b补回,LLM_JUDGE 判定 yes(conf=0.7): 云南方言护鹤村庄片,2026-08-15,v4.1 Tier2b 证据漏斗（score_tier2b.py + llm_judge_tier2b.py）,,,scripts/llm_judge_tier2b.py
26729320,笑侃三十年,2008,,汉语普通话 / 中国上海话,tier2b补回,LLM_JUDGE 判定 yes(conf=0.9): 周立波上海话海派清口,2026-08-15,v4.1 Tier2b 证据漏斗（score_tier2b.py + llm_judge_tier2b.py）,,,scripts/llm_judge_tier2b.py
4830901,胶带,2010,,汉语普通话 / 山东方言,tier2b补回,LLM_JUDGE 判定 yes(conf=0.7): 李凝山东方言行为纪录,2026-08-15,v4.1 Tier2b 证据漏斗（score_tier2b.py + llm_judge_tier2b.py）,,,scripts/llm_judge_tier2b.py
5977833,大太阳,2011,,汉语普通话 / 四川方言,tier2b补回,LLM_JUDGE 判定 yes(conf=0.7): 四川方言震后重建片,2026-08-15,v4.1 Tier2b 证据漏斗（score_tier2b.py + llm_judge_tier2b.py）,,,scripts/llm_judge_tier2b.py
33713078,浊风浪游,2019,,汉语普通话 / 武汉话,tier2b补回,LLM_JUDGE 判定 yes(conf=0.8): 张新阳武汉话诗人片,2026-08-15,v4.1 Tier2b 证据漏斗（score_tier2b.py + llm_judge_tier2b.py）,,,scripts/llm_judge_tier2b.py
3558647,可爱的中国,2009,,汉语普通话 / 方言,tier2b默认排除,LLM_JUDGE 判定 uncertain(conf=0.4): 方志敏传记方言点缀,2026-08-15,v4.1 Tier2b 证据漏斗（score_tier2b.py + llm_judge_tier2b.py）,,,scripts/llm_judge_tier2b.py
1307707,一生一台戏,1998,,汉语普通话 / 闽南语,tier2b补回,LLM_JUDGE 判定 yes(conf=0.85): 方育平歌仔戏闽南语片,2026-08-15,v4.1 Tier2b 证据漏斗（score_tier2b.py + llm_judge_tier2b.py）,,,scripts/llm_judge_tier2b.py
34970312,枝栖,2020,,汉语普通话 / 重庆话,tier2b补回,LLM_JUDGE 判定 yes(conf=0.75): 重庆话老年买墓片,2026-08-15,v4.1 Tier2b 证据漏斗（score_tier2b.py + llm_judge_tier2b.py）,,,scripts/llm_judge_tier2b.py
30234465,寻鳞,2018,,汉语普通话 / 粤语,tier2b补回,LLM_JUDGE 判定 yes(conf=0.7): 粤语野保纪录片,2026-08-15,v4.1 Tier2b 证据漏斗（score_tier2b.py + llm_judge_tier2b.py）,,,scripts/llm_judge_tier2b.py
26795054,乘客,2019,,汉语普通话 / 重庆话,tier2b补回,LLM_JUDGE 判定 yes(conf=0.75): 重庆话出租车文艺片,2026-08-15,v4.1 Tier2b 证据漏斗（score_tier2b.py + llm_judge_tier2b.py）,,,scripts/llm_judge_tier2b.py
30272101,我私人的赫尔佐格,2018,,汉语普通话 / 粤语,tier2b补回,LLM_JUDGE 判定 yes(conf=0.7): 郭泽权粤语行走纪录片,2026-08-15,v4.1 Tier2b 证据漏斗（score_tier2b.py + llm_judge_tier2b.py）,,,scripts/llm_judge_tier2b.py
4323370,寻欢作乐,2010,,普通话/国语 / 粤语,tier2b补回,LLM_JUDGE 判定 yes(conf=0.7): 赵大勇广州粤语独立片,2026-08-15,v4.1 Tier2b 证据漏斗（score_tier2b.py + llm_judge_tier2b.py）,,,scripts/llm_judge_tier2b.py
3732547,我不要你管,2001,,普通话/国语 / 方言,tier2b默认排除,LLM_JUDGE 判定 uncertain(conf=0.4): 纪录片方言占比不明,2026-08-15,v4.1 Tier2b 证据漏斗（score_tier2b.py + llm_judge_tier2b.py）,,,scripts/llm_judge_tier2b.py
3732806,羊肉泡馍麻辣烫,2009,,普通话/国语 / 四川话,tier2b补回,LLM_JUDGE 判定 yes(conf=0.7): 川陕方言多线喜剧,2026-08-15,v4.1 Tier2b 证据漏斗（score_tier2b.py + llm_judge_tier2b.py）,,,scripts/llm_judge_tier2b.py
26773954,大风水师,2016,,汉语普通话 / 粤语,tier2b默认排除,LLM_JUDGE 判定 no(conf=0.9): 网络风水片粤语点缀,2026-08-15,v4.1 Tier2b 证据漏斗（score_tier2b.py + llm_judge_tier2b.py）,,,scripts/llm_judge_tier2b.py
20645076,迷失,2013,,汉语普通话 / 武汉话,tier2b补回,LLM_JUDGE 判定 yes(conf=0.7): 武汉话地铁学生短片,2026-08-15,v4.1 Tier2b 证据漏斗（score_tier2b.py + llm_judge_tier2b.py）,,,scripts/llm_judge_tier2b.py
2029107,心跳墨脱,2003,,汉语普通话 / 藏语,tier2b默认排除,LLM_JUDGE 判定 uncertain(conf=0.5): 墨脱公路片藏语穿插,2026-08-15,v4.1 Tier2b 证据漏斗（score_tier2b.py + llm_judge_tier2b.py）,,,scripts/llm_judge_tier2b.py
26801581,动植物大战,2016,,汉语普通话 / 粤语,tier2b默认排除,LLM_JUDGE 判定 no(conf=0.85): 动画粤语配音点缀,2026-08-15,v4.1 Tier2b 证据漏斗（score_tier2b.py + llm_judge_tier2b.py）,,,scripts/llm_judge_tier2b.py
25928812,龟兔再跑,2014,,汉语普通话 / 粤语,tier2b默认排除,LLM_JUDGE 判定 no(conf=0.85): 动画粤语配音点缀,2026-08-15,v4.1 Tier2b 证据漏斗（score_tier2b.py + llm_judge_tier2b.py）,,,scripts/llm_judge_tier2b.py
3773973,移动之外,2007,,普通话/国语 / 粤语，台语，四川话,tier2b补回,LLM_JUDGE 判定 yes(conf=0.75): 四城出租车方言纪录片,2026-08-15,v4.1 Tier2b 证据漏斗（score_tier2b.py + llm_judge_tier2b.py）,,,scripts/llm_judge_tier2b.py
6905209,归去来,2011,,汉语普通话 / 汉语普通话 汉语方言,tier2b补回,LLM_JUDGE 判定 yes(conf=0.7): 终南山村陕西方言片,2026-08-15,v4.1 Tier2b 证据漏斗（score_tier2b.py + llm_judge_tier2b.py）,,,scripts/llm_judge_tier2b.py
34968943,幸福选择题五部曲 - 孤鸟还乡,2020,,汉语普通话 / 闽南语 / 日语,tier2b补回,LLM_JUDGE 判定 yes(conf=0.75): 闽南语秀场纪录片,2026-08-15,v4.1 Tier2b 证据漏斗（score_tier2b.py + llm_judge_tier2b.py）,,,scripts/llm_judge_tier2b.py
34452977,船,2019,,汉语普通话 / 粤语,tier2b补回,LLM_JUDGE 判定 yes(conf=0.7): 海滨家庭粤语文艺片,2026-08-15,v4.1 Tier2b 证据漏斗（score_tier2b.py + llm_judge_tier2b.py）,,,scripts/llm_judge_tier2b.py
2330117,龙眼粥,2005,,汉语普通话 / 英语 / 粤语,tier2b默认排除,LLM_JUDGE 判定 uncertain(conf=0.5): 时空爱情片粤语点缀,2026-08-15,v4.1 Tier2b 证据漏斗（score_tier2b.py + llm_judge_tier2b.py）,,,scripts/llm_judge_tier2b.py
1298203,国道封闭,1997,,汉语普通话 / Min Nan,tier2b补回,LLM_JUDGE 判定 yes(conf=0.8): 何平闽南语公路片,2026-08-15,v4.1 Tier2b 证据漏斗（score_tier2b.py + llm_judge_tier2b.py）,,,scripts/llm_judge_tier2b.py
6900614,风铃,2011,,汉语普通话 / 四川话,tier2b补回,LLM_JUDGE 判定 yes(conf=0.7): 四川话震后生活片,2026-08-15,v4.1 Tier2b 证据漏斗（score_tier2b.py + llm_judge_tier2b.py）,,,scripts/llm_judge_tier2b.py
25851736,陈仓已冬,2011,,汉语普通话 / 地方方言,tier2b补回,LLM_JUDGE 判定 yes(conf=0.7): 地方方言祖孙生活片,2026-08-15,v4.1 Tier2b 证据漏斗（score_tier2b.py + llm_judge_tier2b.py）,,,scripts/llm_judge_tier2b.py
20645007,美好2013,2013,,汉语普通话 / 粤语 / 日语,tier2b补回,LLM_JUDGE 判定 yes(conf=0.7): 四段短片含粤语闽南语,2026-08-15,v4.1 Tier2b 证据漏斗（score_tier2b.py + llm_judge_tier2b.py）,,,scripts/llm_judge_tier2b.py
26331811,新西兰打工旅行2013-2014,2015,,汉语普通话 / 粤语 / 英语,tier2b默认排除,LLM_JUDGE 判定 uncertain(conf=0.5): 打工旅行纪录粤语采访,2026-08-15,v4.1 Tier2b 证据漏斗（score_tier2b.py + llm_judge_tier2b.py）,,,scripts/llm_judge_tier2b.py
25732105,鄂尔多斯骑士,2015,,汉语普通话 / 蒙语,tier2b补回,LLM_JUDGE 判定 yes(conf=0.7): 草原蒙古语三段片,2026-08-15,v4.1 Tier2b 证据漏斗（score_tier2b.py + llm_judge_tier2b.py）,,,scripts/llm_judge_tier2b.py
7163765,龙飞凤舞,2012,,汉语普通话 / 闽南语,tier2b补回,LLM_JUDGE 判定 yes(conf=0.8): 王育麟歌仔戏闽南语片,2026-08-15,v4.1 Tier2b 证据漏斗（score_tier2b.py + llm_judge_tier2b.py）,,,scripts/llm_judge_tier2b.py
6432156,龙船,2011,,汉语普通话 / 粤语,tier2b补回,LLM_JUDGE 判定 yes(conf=0.7): 练溪村粤语龙舟纪录片,2026-08-15,v4.1 Tier2b 证据漏斗（score_tier2b.py + llm_judge_tier2b.py）,,,scripts/llm_judge_tier2b.py
5279627,胡辣汤,2010,,普通话/国语 / 河南周口话,tier2b补回,LLM_JUDGE 判定 yes(conf=0.7): 河南周口话美食片,2026-08-15,v4.1 Tier2b 证据漏斗（score_tier2b.py + llm_judge_tier2b.py）,,,scripts/llm_judge_tier2b.py
6796784,四年一梦,2011,,汉语普通话 / 山东方言,tier2b补回,LLM_JUDGE 判定 yes(conf=0.7): 山东方言毕业校园片,2026-08-15,v4.1 Tier2b 证据漏斗（score_tier2b.py + llm_judge_tier2b.py）,,,scripts/llm_judge_tier2b.py
25773293,守望天湖,2014,,汉语普通话 / 藏语,tier2b默认排除,LLM_JUDGE 判定 no(conf=0.65): 援藏主旋律普通话为主,2026-08-15,v4.1 Tier2b 证据漏斗（score_tier2b.py + llm_judge_tier2b.py）,,,scripts/llm_judge_tier2b.py
3773977,卡到了！,2007,,汉语普通话 / 闽南语,tier2b补回,LLM_JUDGE 判定 yes(conf=0.7): 闽南语卡债纪录片,2026-08-15,v4.1 Tier2b 证据漏斗（score_tier2b.py + llm_judge_tier2b.py）,,,scripts/llm_judge_tier2b.py
3032852,黑道之无悔今生,2008,,普通话/国语 / 粤语,tier2b补回,LLM_JUDGE 判定 yes(conf=0.7): 港式真实黑帮粤语片,2026-08-15,v4.1 Tier2b 证据漏斗（score_tier2b.py + llm_judge_tier2b.py）,,,scripts/llm_judge_tier2b.py
3189968,生命列车,2001,,汉语普通话 / 河南话,tier2b补回,LLM_JUDGE 判定 yes(conf=0.7): 河南话列车生产电视片,2026-08-15,v4.1 Tier2b 证据漏斗（score_tier2b.py + llm_judge_tier2b.py）,,,scripts/llm_judge_tier2b.py
3993255,香平丽,2005,,汉语普通话 / 粤语,tier2b补回,LLM_JUDGE 判定 yes(conf=0.7): 蒋志深圳粤语纪录剧情片,2026-08-15,v4.1 Tier2b 证据漏斗（score_tier2b.py + llm_judge_tier2b.py）,,,scripts/llm_judge_tier2b.py
27124931,陈冲·上海：梅雨季节的城市穿行,2017,,汉语普通话 / 上海话,tier2b补回,LLM_JUDGE 判定 yes(conf=0.7): 沪语城市人文短片,2026-08-15,v4.1 Tier2b 证据漏斗（score_tier2b.py + llm_judge_tier2b.py）,,,scripts/llm_judge_tier2b.py
4323362,坑,2007,,汉语普通话 / 日语 / 唐山方言,tier2b补回,LLM_JUDGE 判定 yes(conf=0.7): 唐山方言抗战短片,2026-08-15,v4.1 Tier2b 证据漏斗（score_tier2b.py + llm_judge_tier2b.py）,,,scripts/llm_judge_tier2b.py
3339284,茅山斗僵尸,1999,,普通话/国语 / 粤语,tier2b默认排除,LLM_JUDGE 判定 no(conf=0.7): 港式僵尸片默认排除,2026-08-15,v4.1 Tier2b 证据漏斗（score_tier2b.py + llm_judge_tier2b.py）,,,scripts/llm_judge_tier2b.py
3737125,报告典狱长,1988,,汉语普通话 / 闽南话,tier2b默认排除,LLM_JUDGE 判定 uncertain(conf=0.5): 朱延平监狱喜剧闽南话,2026-08-15,v4.1 Tier2b 证据漏斗（score_tier2b.py + llm_judge_tier2b.py）,,,scripts/llm_judge_tier2b.py
2990256,天降横财心惊惊,2004,,普通话/国语 / 粤语,tier2b默认排除,LLM_JUDGE 判定 no(conf=0.7): 港式电视电影默认排除,2026-08-15,v4.1 Tier2b 证据漏斗（score_tier2b.py + llm_judge_tier2b.py）,,,scripts/llm_judge_tier2b.py
24752295,青春小说,2013,,汉语普通话 / 河南方言,tier2b补回,LLM_JUDGE 判定 yes(conf=0.7): 河南方言乡村公路片,2026-08-15,v4.1 Tier2b 证据漏斗（score_tier2b.py + llm_judge_tier2b.py）,,,scripts/llm_judge_tier2b.py
26325651,逃学英雄,2015,,汉语普通话 / 粤语,tier2b默认排除,LLM_JUDGE 判定 no(conf=0.9): 致敬港片网络喜剧,2026-08-15,v4.1 Tier2b 证据漏斗（score_tier2b.py + llm_judge_tier2b.py）,,,scripts/llm_judge_tier2b.py
3732179,卡布奇诺,2005,,普通话/国语 / 粤语,tier2b默认排除,LLM_JUDGE 判定 no(conf=0.7): 港式爱情片默认排除,2026-08-15,v4.1 Tier2b 证据漏斗（score_tier2b.py + llm_judge_tier2b.py）,,,scripts/llm_judge_tier2b.py
3024212,阿妹的诺言,2007,,汉语普通话 / 陕西话,tier2b补回,LLM_JUDGE 判定 yes(conf=0.7): 陕西话高考励志片,2026-08-15,v4.1 Tier2b 证据漏斗（score_tier2b.py + llm_judge_tier2b.py）,,,scripts/llm_judge_tier2b.py
34997942,小春与猪排,2020,,台湾国语 / 闽南语,tier2b补回,LLM_JUDGE 判定 yes(conf=0.7): 闽南语城乡代沟片,2026-08-15,v4.1 Tier2b 证据漏斗（score_tier2b.py + llm_judge_tier2b.py）,,,scripts/llm_judge_tier2b.py
3193464,爱的面包魂,2007,,普通话/国语 / 閩南語,tier2b补回,LLM_JUDGE 判定 yes(conf=0.7): 台客闽南语面包喜剧,2026-08-15,v4.1 Tier2b 证据漏斗（score_tier2b.py + llm_judge_tier2b.py）,,,scripts/llm_judge_tier2b.py
4043852,我的潭子湾小学,1999,,普通话/国语 / 上海话,tier2b默认排除,LLM_JUDGE 判定 uncertain(conf=0.5): 沪语动迁儿童片,2026-08-15,v4.1 Tier2b 证据漏斗（score_tier2b.py + llm_judge_tier2b.py）,,,scripts/llm_judge_tier2b.py
3531098,庙街公主,2003,,普通话/国语 / 粤语,tier2b默认排除,LLM_JUDGE 判定 no(conf=0.7): 港式爱情片默认排除,2026-08-15,v4.1 Tier2b 证据漏斗（score_tier2b.py + llm_judge_tier2b.py）,,,scripts/llm_judge_tier2b.py
26324974,钱，这东西......,1985,,汉语普通话 / 维吾尔语,tier2b补回,LLM_JUDGE 判定 yes(conf=0.8): 天山厂维吾尔语喜剧,2026-08-15,v4.1 Tier2b 证据漏斗（score_tier2b.py + llm_judge_tier2b.py）,,,scripts/llm_judge_tier2b.py
2353977,鬼马神偷,1982,,汉语普通话 / 粤语 / 英语,tier2b默认排除,LLM_JUDGE 判定 uncertain(conf=0.5): 邵氏偷宝喜剧粤语,2026-08-15,v4.1 Tier2b 证据漏斗（score_tier2b.py + llm_judge_tier2b.py）,,,scripts/llm_judge_tier2b.py
1915881,一百年的歌声,2004,,汉语普通话 / 上海话,tier2b补回,LLM_JUDGE 判定 yes(conf=0.7): 沪语流行歌曲纪录片,2026-08-15,v4.1 Tier2b 证据漏斗（score_tier2b.py + llm_judge_tier2b.py）,,,scripts/llm_judge_tier2b.py
3999733,白领日志,2007,,汉语普通话 / 上海话,tier2b补回,LLM_JUDGE 判定 yes(conf=0.7): 沪语实习医生独立片,2026-08-15,v4.1 Tier2b 证据漏斗（score_tier2b.py + llm_judge_tier2b.py）,,,scripts/llm_judge_tier2b.py
26317308,我要上迷笛,2015,,汉语普通话 / 粤语,tier2b默认排除,LLM_JUDGE 判定 uncertain(conf=0.5): 摇滚纪录片粤语采访,2026-08-15,v4.1 Tier2b 证据漏斗（score_tier2b.py + llm_judge_tier2b.py）,,,scripts/llm_judge_tier2b.py
4135765,那时年纪小,2009,,普通话/国语 / 山东方言,tier2b补回,LLM_JUDGE 判定 yes(conf=0.7): 山东方言计划生育短片,2026-08-15,v4.1 Tier2b 证据漏斗（score_tier2b.py + llm_judge_tier2b.py）,,,scripts/llm_judge_tier2b.py
10776186,飞机,2012,,汉语普通话 / 东北话,tier2b补回,LLM_JUDGE 判定 yes(conf=0.7): 耿军东北话荒诞短片,2026-08-15,v4.1 Tier2b 证据漏斗（score_tier2b.py + llm_judge_tier2b.py）,,,scripts/llm_judge_tier2b.py
26703380,再见318,2015,,汉语普通话 / 藏语 Tibetan,tier2b默认排除,LLM_JUDGE 判定 uncertain(conf=0.5): 川西藏区藏语点缀,2026-08-15,v4.1 Tier2b 证据漏斗（score_tier2b.py + llm_judge_tier2b.py）,,,scripts/llm_judge_tier2b.py
3337623,岁月情真,1995,,普通话/国语 / 粤语,tier2b默认排除,LLM_JUDGE 判定 no(conf=0.7): 港式剧集电影默认排除,2026-08-15,v4.1 Tier2b 证据漏斗（score_tier2b.py + llm_judge_tier2b.py）,,,scripts/llm_judge_tier2b.py
4899555,我的麻烦老友,2003,,普通话/国语 / 粤语,tier2b默认排除,LLM_JUDGE 判定 no(conf=0.7): 港式喜剧默认排除,2026-08-15,v4.1 Tier2b 证据漏斗（score_tier2b.py + llm_judge_tier2b.py）,,,scripts/llm_judge_tier2b.py
26831254,2013年江苏卫视跨年演唱会,2013,,汉语普通话 / 粤语 / 韩语,tier2b默认排除,LLM_JUDGE 判定 no(conf=0.95): 跨年演唱会综艺,2026-08-15,v4.1 Tier2b 证据漏斗（score_tier2b.py + llm_judge_tier2b.py）,,,scripts/llm_judge_tier2b.py
34852806,狂飙一梦,2019,,汉语普通话 / 台语 Taiwanese,tier2b补回,LLM_JUDGE 判定 yes(conf=0.7): 台语社运纪录片,2026-08-15,v4.1 Tier2b 证据漏斗（score_tier2b.py + llm_judge_tier2b.py）,,,scripts/llm_judge_tier2b.py
26732252,师生畸恋,1993,,汉语普通话 / 粤语,tier2b默认排除,LLM_JUDGE 判定 no(conf=0.7): 台产情色片默认排除,2026-08-15,v4.1 Tier2b 证据漏斗（score_tier2b.py + llm_judge_tier2b.py）,,,scripts/llm_judge_tier2b.py
20444574,不耻,2012,,汉语普通话 / 象山方言,tier2b补回,LLM_JUDGE 判定 yes(conf=0.7): 象山方言酒店拆迁片,2026-08-15,v4.1 Tier2b 证据漏斗（score_tier2b.py + llm_judge_tier2b.py）,,,scripts/llm_judge_tier2b.py
25790210,爱琳娜,2015,,汉语普通话 / 台語,tier2b补回,LLM_JUDGE 判定 yes(conf=0.8): 林靖杰台语草根爱情片,2026-08-15,v4.1 Tier2b 证据漏斗（score_tier2b.py + llm_judge_tier2b.py）,,,scripts/llm_judge_tier2b.py
3130172,恋人路上,2008,,普通话/国语 / 粤语,tier2b默认排除,LLM_JUDGE 判定 no(conf=0.7): 港式爱情短片默认排除,2026-08-15,v4.1 Tier2b 证据漏斗（score_tier2b.py + llm_judge_tier2b.py）,,,scripts/llm_judge_tier2b.py
3773980,红谷子,2007,,普通话/国语 / 云南方言,tier2b补回,LLM_JUDGE 判定 yes(conf=0.7): 云南方言有机农耕纪录片,2026-08-15,v4.1 Tier2b 证据漏斗（score_tier2b.py + llm_judge_tier2b.py）,,,scripts/llm_judge_tier2b.py
25802582,希望有个如你一般的人,2014,,汉语普通话 / 南京话,tier2b补回,LLM_JUDGE 判定 yes(conf=0.7): 南京话青春短片,2026-08-15,v4.1 Tier2b 证据漏斗（score_tier2b.py + llm_judge_tier2b.py）,,,scripts/llm_judge_tier2b.py
25849506,热带,2014,,汉语普通话 / 粤语,tier2b补回,LLM_JUDGE 判定 yes(conf=0.7): 穆肃粤语寻子纪录片,2026-08-15,v4.1 Tier2b 证据漏斗（score_tier2b.py + llm_judge_tier2b.py）,,,scripts/llm_judge_tier2b.py
21327875,台湾人在满洲国,2013,,汉语普通话 / 台语 Taiwanese,tier2b补回,LLM_JUDGE 判定 yes(conf=0.7): 台语历史纪录片,2026-08-15,v4.1 Tier2b 证据漏斗（score_tier2b.py + llm_judge_tier2b.py）,,,scripts/llm_judge_tier2b.py
37116446,给阿嬷的情书,2026,China,潮汕话 / 汉语普通话 / 泰语 / 英语,语言字段修正补收,delivery_20260817 不含语言列，空语言回填默认普通话致假阴性；豆瓣现页语言字段为 潮汕话/汉语普通话/泰语/英语（潮汕话排首），按现页修正补收,2026-08-19,v4.1 白名单增删流程：数据源事实修正须留痕；潮汕话在 dialect_defs.py 闽南语组白名单内,已处理,2026-08-19,scripts/apply_ama_lang_fix_20260819.py
35131346,隐入尘烟,2022,China,甘肃方言 / 汉语普通话,语言字段修正补收,delivery_20260817 不含语言列，空语言回填默认普通话后 Wikidata P364 写成汉语普通话/Mandarin；豆瓣现页为 甘肃方言/汉语普通话（甘肃方言排首），按现页修正补收为 Tier 2a 方言片,2026-08-30,v4.1 白名单增删流程：数据源事实修正须留痕；甘肃方言在 dialect_defs.py 中原/兰银官话组白名单内,已处理,2026-08-30,scripts/apply_yinruchenyan_lang_fix_20260830.py
27305997,椒麻堂会,2021,China,四川乐山话,语言字段修正补收,豆瓣语言为四川乐山话，白名单仅有四川话导致子串无法命中，被误判 Language_Code=5 并戳 EMPTY_LANG_DEFAULTED；增补乐山话/四川乐山话后按现页补收为 Tier 1 方言片,2026-08-30,v4.1 白名单增删流程：下位方言变体须显式列入；全表仅 1 行命中,已处理,2026-08-30,scripts/apply_jiaoma_leshan_lang_fix_20260830.py
