片名,年份,语言,第一语言,筛选原因,导演,类型,制片国家/地区,豆瓣评分,评价人数,剧情简介,Gemini评价,Region,Language_Category,Decade,Is_Dialect,来源URL
四万万人民,1939,英语 / 汉语普通话,英语,外语为第一语言,尤里斯·伊文思,纪录片 / 历史 / 战争,美国 / 中国大陆,8.3,2562,简介：在世界电影史上，尤里斯·伊文思被称为纪录电影的先驱，与美国的罗伯特·弗拉哈迪、英国的约翰·格里尔逊和苏联的吉加·维尔托夫并称为四大纪录电影之父，与其他三位不同的是，伊文思的创作生涯最长，在长达60余年的创作生涯中拍摄了60余部影片，一部寻找失落青春的诗意纪录《塞纳河》曾使他获得1957年的戛纳金棕榈大奖。中国的抗战不仅掀起了中国电影人的创作热情，也吸引了国外电影大师的镜头。上世纪30年代末，多位国外记录片导演来华摄制影片，他们中最杰出的代表就是尤里斯·伊文思。伊文思1938年在中国拍摄的《四万万人民》不仅是他电影生涯的代表作，也是他与中国维持50年的情谊的开端。从抗战开始，在不同的年代，他用自己的镜头纪录下了不同的中国。外国人来华拍纪录片的历史，最早大约可以追溯到电影诞生的那几年。1896年，卢米艾尔兄弟派出了数百名摄影师奔赴世界各地拍片，其中一些摄影师就曾来华拍片。此后，美国人、意大利人、苏联人、瑞典人都曾经把镜头对准过中国，但多是风光片及风土人情、文物考古、民居民俗的纪录，直到战争的悄然到来。1935年，在燕京大学任教的美国记者埃德加·斯诺用一台十六毫米手摇摄影机拍下了“一二·九”学生运动的场面，今天已成为珍贵的历史资料。1938年，尤里斯·伊文思来了，这个“飞翔的荷兰人”飞到了中国，与他同行的还有我最崇拜的战地摄影师罗伯特·卡帕。在1936年，两个勇敢的人在西班牙内战爆发之际，把摄影机和照相机的镜头对准了这片燃烧的土地，伊文思拍摄了广受赞誉的纪录片《西班牙土地》，而卡帕也因拍摄《共和军之死》的照片一举成名。 “纪录”拥有了出生入死的刚毅血性。从此，“什么地方燃烧，就去什么地方拍摄”被奉为摄影师的职责。西班牙内战是西方前线，而中国战场则被称为是反法西斯斗争的东方前线，从西方前线远涉到东方前线，伊文思和卡帕在中国拍摄的珍贵图像仿佛西班牙影像的回音。1938年4月初，在抵达中国不久，二人便拍摄了“台儿庄战役”，那是值得庆贺的第一场正面击溃日军的胜利，伊文思和卡帕要求上前线拍摄，最终未能拍到决战的场面，因为他们是外国人，没人敢为他们的生命承担风险，但他们还是抓住机会在台儿庄附近的小树林中拍摄了这场战斗。伊文思回忆说：“我不是一个作家，我通过画面能够更好地表达自己，我一定要表达死亡对我意味着什么，不仅仅是拍几个尸体，而是拍摄整个一段，死亡牵连到的往往是许多人。我触到了中国，中国也触到了我，我拍了战争，拍了一个在战争中瓦解，又在战火中形成的国家，我看到了勇敢！”纪录这场战争的《四万万人民》成为了关于中国抗日战争的真实写照，并且起到了声援中国人民的抗日战争的积极作用，这些影像成为后来中国抗战影片的重要素材。而卡帕生平最有力度的照片，就是他拍摄的遭日军空袭后的劫难场面。正如卡帕那句永远的名言：“如果你照片拍得不够好，因为你离得不够近”。1954年，卡帕在越南战场触雷身亡，如一个不参与杀戮的斗牛士般身着光彩耀目的斗牛士装束轰然倒下，而伊文思继续潜行在战火中。伊文思的冒险不是赌徒的博彩，也不是亡命徒般的轻生，而是为激情所贯注，为信仰所战斗的勇气。在中国抗日战场上，在越南抗美的丛林中，在古巴剿匪的追击中，甚至在70岁高龄，依然在战火中拍摄。这个“飞翔的荷兰人”被祖国放逐，却四次来中国，他称中国是收养他的“第二故乡”，他爱这里的人民。红色电影的开端——延安电影团伊文思在临走之前，秘密地把一台埃摩摄影机交给了一位左翼影人吴印咸，这位吴印咸后来被称为共和国摄影艺术的拓荒者。1938年秋，吴印咸和袁牧之两人带着这台摄影机和从香港购得的全套电影器材到达延安，在八路军总政治部下成立了“延安电影团”。最初电影团只有6个人，有电影工作经验的仅有3个。1938年10月1日，电影团开拍了自己的第一部作品，记录片《延安与八路军》。1940年袁牧之将完成的影片底片带到苏联，没想到正好苏德战争爆发，没能在苏联印出拷贝送回国内放映。进入40年代后，电影团拍摄了多部新闻短片，在根据地露天放映。,纪录片大师伊文思以坚定的反法西斯视角与写实的战争镜头，展现了中国人民抗日战争的坚韧与力量。,North_America,Chinese,Pre-1990s,1,https://movie.douban.com/subject/1429068/
春江遗恨,1944,汉语普通话 / 日语 / 英语,汉语普通话,外语为主(外语2/中文1),稻垣浩 / 岳枫 / 胡心灵,剧情 / 历史 / 战争,日本 / 中国,6.6,126,清朝同治元年（1862年），日本武士高杉晋作（坂东妻三郎饰）搭乘幕府首航的交易船，来华了解大清国现状。船抵上海，高杉与同伴在旅馆主人的侄女玉瑛（李丽华饰）的陪同下，看到了被英国统治的租界，吴淞要塞炮台，以及成千上万吸食鸦片的民众，看清了英美帝国主义的居心。这时，忠王李秀成（严俊饰）率领太平军进逼上海，派遣部将沈翼周（梅熹饰）秘密潜入城内，与英国领事接洽太平军进城事宜。英国领事表示同意太平军入城。一次偶然机会，高杉晋作帮助沈翼周躲过清兵的追逐，二人由此相识并推心置腹交谈，然而在关于英美是否东亚人的朋友这一问题上，二人发生分歧并引起争论。高杉列举事实论证英美对中国有掠夺野心，沈翼周则认为这都是清廷的过错，眼前英国领事答应太平军入城是一种值得信任的友好态度。太平军进城后，李秀成首先下令禁烟。不久，英国领事即背信弃义答应清廷的求援，大举进攻太平军。沈翼周的老父被英军枪杀，妹妹桃花（王丹凤饰）险遭英军蹂躏。桃花的未婚夫周文祥（吕玉堃饰）愤而加入太平军。与此同时，日本国内爆发了反英美的攘夷运动。高杉晋作归国前，特地赶到战场，与沈翼周话别。,,East_Asia,Chinese,Pre-1990s,1,https://movie.douban.com/subject/1547171/
座头市与独臂刀,1971,日语 / 汉语普通话,日语,外语为第一语言,安田公义,剧情 / 动作 / 冒险,日本 / 中国香港,6.0,529,影片讲述独臂刀王刚赴日访友，路遇中国遗孤，并与座头市结识，两人之间因言语不通闹出许多笑话，最后更因误会难解，不得不性命相搏。瞎子座头市以闪电般的拔刀术著称，而独臂大侠王刚则以独门金刀刀法和轻功与之对抗。最后误会消除，王刚不禁慨叹“你是个好人，如果言语能通……”有趣的是，因为要兼顾双方影迷的情绪，影片上映时有两个版本，日本版名为《盲侠大破唐人剑》，结局是座头市要了王刚的命，而香港版则名为《独臂刀大战盲侠》，结局是独臂刀击败了盲侠。,,East_Asia,Chinese,Pre-1990s,1,https://movie.douban.com/subject/1308572/
亚洲秘密警察,1972,日语 / 汉语普通话 / 英语,日语,外语为第一语言,松尾昭典,剧情,中国香港 / 日本,5.3,165,本片乃邵氏与日本日活公司合作拍摄的占士邦式动作片。走私黄金的犯罪组织首领乔治伊顿(宾户锭 饰)潜逃香港，亚洲秘密警察日本支部探员杨明轩(王羽饰)远赴香港缉凶，期间结识香港密探赖雨田(王侠 饰)，更周旋于美女杏子(浅丘琉璃子 饰)、春子(滨川智子 饰)及杨明华(方盈 饰)之间……,,China,Chinese,Pre-1990s,1,https://movie.douban.com/subject/2355478/
龙争虎斗,1973,英语 / 粤语,英语,外语为第一语言,罗伯特·高洛斯,动作 / 犯罪,美国 / 中国香港,8.3,24606,少林叛徒韩先生（石坚 饰）背叛少林后，斥资买下一座小岛将其改造成私人王国，韩先生及一干手下在岛上制贩毒品，强迫女性卖淫，警方欲将其绳之以法却苦无证据。少林高徒李（李小龙 饰）的功夫已经超越有形境界，他受师傅与政府请托，准备参加三年一度由韩先生主办的比武大会。比武大会期间，是登陆孤岛搜集证据的唯一机会。同时韩先生的私人保镖熬加达曾经杀害了李的姐姐，是李恨之入骨的仇人。比武大会的邀请发出，世界各地选手纷纷聚集，有债务缠身的鲁柏、勇于对抗不公的威廉士等人与李一同登岛决一雌雄。李找到了政府在岛上安插的情报员美玲，在后者的帮助下，李与各路选手以及韩先生展开了一场龙争虎斗。,影片融合了中国功夫与西方特工类型范式，以李小龙刚猛凌厉的实战动作，展现了武术哲学的深邃魅力，风靡全球。,North_America,Chinese,Pre-1990s,1,https://movie.douban.com/subject/1293118/
七金尸,1974,英语 / 汉语普通话,英语,外语为第一语言,罗伊·沃德·贝克 / 张彻,动作 / 奇幻 / 恐怖,英国 / 中国香港,5.2,580,邵氏公司和英国咸马公司合作拍摄的这部结合了西方的吸血鬼故事和中国的“湘西赶尸”传说的影片是香港的僵尸片之祖。在中国湘西，七金尸古庙的大法师借由吸血鬼Dracula的力量使七金尸复活，以便再次控制湘西村落。想不到Dracula却杀了法师，附上他的尸体上回到中国，将七金尸复活。为了解救家乡，Hsi Ching（姜大卫）跟随他的老师星相学家Van Helsing教授及其子还有一位富有的女寡妇Buren太太一起回乡捉僵尸...这部片子土洋结合，但由于片中揉杂的东西太多，当时的观众接受不了，导致票房惨败。香港电影界在其后的十年都不敢再碰僵尸题材。,,Europe,Chinese,Pre-1990s,1,https://movie.douban.com/subject/1292782/
洋妓,1974,英语 / 德语 / 汉语普通话,英语,外语为第一语言,桂治洪 / 恩斯特·霍夫鲍尔,动作 / 喜剧,中国香港 / 西德,5.3,266,五个西方女孩是由中国海盗绑架并卖到妓院。而他们被训练成为妓女，一对夫妇当地居民采取怜悯他们，并教他们功夫绘出他们逃跑。这五个衣着暴露的女孩，用他们的新发现的武术技能，然后....,,China,Chinese,Pre-1990s,1,https://movie.douban.com/subject/1307479/
八百壮士,1976,汉语普通话 / 日语 / 英语,汉语普通话,外语为主(外语2/中文1),丁善玺,剧情 / 历史 / 战争,中国台湾,7.3,2996,丁善玺编导的本片，继《英烈千秋》后，叙述1937年8月13日日寇侵略上海，中国88师524团团长谢晋元，为牵制日军，掩护中国军队后撤，率领480青年军官，号称八百壮士，固守四行仓库，达三个月之久。军人英勇杀敌，女童子军冒着生命危险给守军输送食物、医药，当牵制任务完成，守军越过苏州桥后撤。本片的格局手法与《英烈千秋》完全不同，只限于几成孤岛上海的苏州河畔的四行仓库，数百中国军人与包围的日军进行阵地战。导演根据史实，利用四行仓库周围有英法租界，苏州河对面又是国统区，苏州河两岸战争与和平不同环境造成的戏剧冲突，表现了爱国军队抗击侵略者英勇无畏的精神，和上海人民声援国民党守军的时代气氛。导演把握住双方冲突的因素，安排丛生的险象，利用国军在枪林弹雨下游过苏州河，民众都为军人担心的正反打镜头蒙太奇剪接手法，形成扣人心弦的场面，把剧情推向高潮。本事件曾于1938年搬上银幕，是默片，由阳翰笙编剧，应云卫导演，袁牧之、陈波儿主演，是抗战时期“大后方电影”中较为著名的一部，其中女童子军冒死为壮士们送国旗的细节，具有极为悲壮的感染力。影片在当时的大后方及香港极为轰动，而且在东南亚甚至西欧都得到热烈反响。,影片以宏大的战争场面和悲壮的群像塑造，讴歌了抗战先烈以身殉国的浩然正气，场面催人泪下。,China,Chinese,Pre-1990s,1,https://movie.douban.com/subject/1876476/
俏探女娇娃,1977,英语 / 汉语普通话,英语,外语为第一语言,鲍学礼,动作 / 剧情,中国香港,5.3,118,走私集團主腦沙福天利用少女偷運鑽石， 事成後由飛刀手方風殺人滅口. 蘇格蘭場警官伊芙蓮受命來港成立特別調查小組， 港日韓三地女幹探楊潔新、呂冰和高真真應邀加入. 新男友李浩的父親在一宗珠寶劫案中被風殺死， 浩誓報此仇. 新混入天的夜總會當飛刀女郎， 藉以接近風及天的情婦柔姬 ; 冰假扮按摩女郎， 順利博得天的歡心 ; 真則喬裝夜總會歌女， 訛稱欠下巨債， 獲天指派走私鑽石往漢城. 真與漢城警方裡應外合， 成功搗破行動. 風懷疑新是內奸， 乘她與浩會面時， 把二人逮住. 天亦識破冰身份， 欲把她姦污， 真及時趕來， 但寡不敵眾， 一同被擒. 危急之際， 蓮偕警察驅快艇趕至， 把企圖逃走的天和風射殺.,,China,Chinese,Pre-1990s,1,https://movie.douban.com/subject/3041656/
卖身契,1978,英语 / 粤语,英语,外语为第一语言,许冠文,喜剧,中国香港,7.8,6017,志文（许冠文 饰）是电视台一名跑龙套，自认为很有才华，所以一直郁郁不得志。志文的弟弟志新（许冠英 饰）是一个天才发明家，最近他发明了一部笑弹机，能让人大笑不止。正当志文得过且过之时，另外一家电视台请他去客窜一回主持，志文信心十足、带着弟弟的新发明前往晚会现场，志文的卖力 表演和笑弹机的威力令在场的所有人都大笑不已，节目的效果超过了预期。于是，这家电视台许诺高薪想挖志文过来。志文也十分想走，无奈自己和原来的电视台签了8年的卖身契，如果违约将承担巨额赔款。一个晚上，兄弟俩一起潜入了电视台的保险库，想将卖身契偷回来……,经典电影暂无评价,China,Chinese,Pre-1990s,1,https://movie.douban.com/subject/1462467/
死亡游戏,1978,英语 / 汉语普通话 / 粤语,英语,外语为第一语言,罗伯特·高洛斯,动作 / 犯罪 / 剧情,中国香港 / 美国,7.8,14386,动作片明星比利（李小龙&唐龙 饰）最近频频遭遇骚扰，原来邪恶集团头领兰德博士有意掌控在澳门举办的国际搏击大赛，希望比利能够入伙，然而比利的拒绝令他们怒火中烧。比利与歌星女友安一同出行，被兰德一伙截路殴打，比利决定奋起反抗，由于担心女友的安危只得忍耐。不久，比利在片场遭暗算，面部受创，随即将计就计放出死亡消息麻痹兰德。在搏击比赛期间，比利潜入澳门，将兰德的选手击溃，使其计划破产。随后比利孤身一人前往兰德团伙核心大楼，在层层挑战中讨伐仇敌……本片在李小龙去世后用他生前拍摄的片段补拍而成，大部分镜头中比利这一角色由唐龙扮演。,影片作为李小龙的遗作，尽管带有拼接遗憾，但其标志性的黄色战衣与哲学格斗，依然具有不朽的图腾意义。,China,Chinese,Pre-1990s,1,https://movie.douban.com/subject/1308456/
炮弹飞车,1981,英语 / 粤语 / 日语 / 阿拉伯语,英语,外语为第一语言,哈尔·尼达姆,动作 / 喜剧,美国 / 中国香港,5.7,957,一群来自世界各地的赛车手，参加一场由美国东岸横跨至西岸的非法赛车，各选手勾心斗角力求得胜。因其中有反对此项赛车的人掳走政客助理为人质，导致警方追查，全体选手乃合力突破警方路障。,经典电影暂无评价,North_America,Chinese,Pre-1990s,1,https://movie.douban.com/subject/1295948/
一盘没有下完的棋,1982,日语 / 汉语普通话,日语,外语为第一语言,佐藤纯弥 / 段吉顺,剧情,日本 / 中国大陆,7.5,1217,1920年代，北平。在一次军阀寿宴棋会上，日本围棋高手松波（三国连太郎 饰）与江南棋王况易山（孙道临 饰）相遇。无意中松波发现况子阿明（沈冠初 饰）天资聪慧，有意收其为徒，松波刚在“天元”位摆下一子，不料，况易山被突然登门的警察抓走。松波救出况易山后，自己归期已到，留下那 盘没下完的残棋。几年后，况易山变卖家业，送子赴日。临行前，他将写有“奋飞”二字的折扇交给儿子，嘱其学好棋艺，日后振兴祖国棋坛。1937年，日寇进行全面侵华战争，已取得“天圣位”的阿明拒绝日当局要他加入日籍的要求，在决定逃回国时被日军杀害。在无锡的况易山，也因拒绝与日军大佐对弈，遭受巨大不幸和屈辱......,中日合拍的史诗巨制，以方寸棋盘的对决折射出时代与国家的动荡浩劫，在节制深沉的情感中令人动容。,East_Asia,Chinese,Pre-1990s,1,https://movie.douban.com/subject/1313473/
投奔怒海,1982,粤语 / 日语 / 法语 / 越南语,粤语,外语为主(外语3/中文1),许鞍华,剧情,中国香港,8.5,16202,日本摄影记者芥川（林子祥）三年后重返刚刚解放的越南采访，遍地的生机令他心生欢喜，但当他无意间走进城市的另一隅结识当地女孩琴娘（马斯晨）后，方知之前所见不过是越共政府特意为他这样的外国记者安排的粉饰太平的假像。在琴娘并非刻意的“导游”下，越南平民百姓正处于水深火热中的悲惨生活逐渐被芥川尽收眼底。琴娘一家人、战后唯一留下来的某酒吧的老板娘（缪骞人）及她的正想方设法逃离越南的情人祖明（刘德华）等人的被越共任意践踏的自尊强烈地触动着芥川敏感善良的心，尽管他并无彻底改变他们命运的能力，却仍是尽力给予帮助。,许鞍华以极其写实、冷峻的镜头语言，还原了越战后越南民生的凄凉惨状，在冷漠的历史洪流中拷问了人道精神。,China,Chinese,Pre-1990s,1,https://movie.douban.com/subject/1296557/
龙之忍者,1982,英语 / 粤语,英语,外语为第一语言,元奎,动作 / 喜剧,中国香港,7.0,203,1977年，吳思遠和袁和平合作拍《蛇形刁手》，找到一個成龍，再拍《醉拳》成龍從此飛黃騰達，然後袁和平再找，要為影壇再創出一個成龍式的動作巨星，袁和平金睛火眼的全 先找來一個美國華裔大隻仔李元霸，再請日本巨星級的千葉真一，「極真派」空手道徒弟真田廣之，合演《龍之忍者》，全港台亞洲大賣，李元霸一舉成名人人說「新一代成龍」誕生。李元霸也飄飄然到台灣擅自簽片約給別人，還說一句「你們搞掂吳思遠我就替你們拍片」，結果令致吳思遠在台灣被黑社會襲擊，打至重傷，吳思遠和袁和平就拿住他的合約「永不起用」，李元霸就此一片玩完。,,China,Chinese,Pre-1990s,1,https://movie.douban.com/subject/1295964/
两只老虎,1985,英语 / 粤语,英语,外语为第一语言,吴宇森,家庭 / 喜剧 / 奇幻,中国台湾 / 中国香港 / 美国,6.3,729,亿万富翁范进宾（徐克 饰）的儿子和儿媳在一场车祸中双双身亡，只留下可怜的孙子小宝贝（温兆宇 饰）陪在身旁，范因此对孙子格外关爱，养成了他任性骄傲的坏毛病。新来的家庭女教师玛丽（潘迎紫 饰）与小宝贝一番大战之后，成为了亲密无间的好朋友。范的侄子（许圣武 饰）贪婪凶狠，为谋夺财产不惜整死叔父。然而却发现遗嘱中已规定小宝贝成为亿万家财的唯一继承人。唯恐遭到毒手，小宝贝逃出家门。表叔的爪牙们阴差阳错将与小宝贝长的一模一样的彬彬（温兆宇 饰）及其叔叔泰迪（泰迪罗宾 饰）抓了回来。由此引发一连串爆笑刺激的精彩好戏……,,China,Chinese,Pre-1990s,1,https://movie.douban.com/subject/1298235/
威龙猛探,1985,英语 / 粤语,英语,外语为第一语言,詹姆斯·格利肯豪斯,剧情 / 动作 / 犯罪,中国香港 / 美国,6.3,4253,当夜色笼罩纽约，这里又变成了一座犯罪猖獗的城市。华人警察黄比利（成龙 饰）和同事来到酒吧庆祝来美十周年，不料同事却被一群闯入的劫匪杀死，愤怒的比利将凶手正法，因此激怒了上司，被惩罚性质的派到大亨沙比路的时装展上维持治安，表演期间，沙比路的女儿罗娜被一群人劫走，而沙比路的保镖宾尼事发前曾向香港打过多个电话，种种迹象表明，沙比路和香港头号毒枭高伟洛（乔宏 饰）有过合作，而二人产生争执可能导致这次的绑架。比利和搭档丹尼（丹尼·埃洛 Danny Aiello 饰）前往香港，在这里找到了高伟洛昔日两名合作伙伴李兴以及何天的女儿何美芳（叶倩文 饰），希望对方能够提供线索。高伟洛迅速派人追杀比利和丹尼，以及昔日的合作伙伴。比利冲破重重阻碍，查清了高伟洛的巢穴，带领搭档向高发起了猛攻……,经典电影暂无评价,China,Chinese,Pre-1990s,1,https://movie.douban.com/subject/1304199/
中华英雄,1986,英语 / 粤语,英语,外语为第一语言,李连杰,动作 / 战争,中国香港 / 中国大陆,6.4,5628,国军的抗日战士小杰（李连杰 饰）经浴血奋战终于迎来抗战胜利，但是英雄的荣誉却属于美国军人。小杰赶到青岛投奔自己在军中的救命恩人张大哥（赵尔康 饰），其时张大哥刚把做陪酒女郎的女儿小蕊（宋佳 饰）赶出家门，小杰与张二人靠拉黄包车度日。在中国的美军飞扬跋扈，撞伤路人，小杰与美国军官汉斯对峙，引发群众将美军车辆烧毁。小杰在混乱的酒吧中响应美军挑战，登上拳台将对方击败。张大哥不堪女儿被美国兵调戏，却被对方殴打重伤。小杰为了给张大哥治伤筹钱，落入了美国兵的圈套，登上拳台做了人肉靶子。汉斯趁机再次向小杰挑战，二人混战之后张大哥和小蕊父女团聚，然而美国人的报复却仍然没有终止……,影片以硬朗朴实的武打风格与激昂的爱国主义情怀，生动呈现了二十世纪初华工在异国他乡的奋斗与抗争。,China,Chinese,Pre-1990s,1,https://movie.douban.com/subject/1305595/
北京故事,1986,英语 / 汉语普通话,英语,外语为第一语言,王正方,剧情 / 喜剧 / 家庭,美国 / 中国大陆,7.6,1355,一转眼，方立群（王正方 饰）在美国已经生活了快三十年了，虽然生活已经全盘西化，但在朋友和上司的眼里，方立群始终都是“异类”。因为老板对华人的歧视，方立群一怒之下辞了职，带着老婆格蕾丝（沙龙·艾瓦伊 Sharon Iwai 饰）和儿子保罗（余朝汉 饰）回到了北京投奔姐姐方立敏（慎广兰 饰）和姐夫老赵（胡晓光 饰），两家人住在四合院里。方莉莉（李勤勤 饰）是方立敏的女儿，和男友刘一达（王霄 饰）交往多时，两人正在备考英语，准备报考同一所大学。保罗和他们的年纪差不多，所以三人很快就玩到了一起，结下了深厚的友谊。那边厢，方立群和方立敏两家人，虽然有着迥异的个性和截然不同的生活习惯，却依旧相处得其乐融融。,经典电影暂无评价,North_America,Chinese,Pre-1990s,1,https://movie.douban.com/subject/1308369/
火龙,1986,英语 / 汉语普通话,英语,外语为第一语言,李翰祥,剧情 / 传记 / 历史,中国大陆 / 中国香港,7.4,1456,朝代更迭，沧桑巨变。当年高高在上的大清帝国宣统皇帝——爱新觉罗·溥仪（梁家辉 饰）有心重铸辉煌，无奈历史的车轮滚滚向前，无可阻拦。在中国的大地上，清朝、民国、辫子军、军阀、日本侵略者、共产党，你方唱罢我登场，昔日的皇帝沦为阶下囚，不复当年辉煌。经过新中国的改造，溥仪脱胎换过，决心做一个好公民。昔日的皇后、嫔妃或死或离，几无生活自理能力的溥仪晚景凄凉。在周总理（王铁成 饰）的授意下，政府为他安排与医院护士李淑贤（潘虹 饰）结成夫妇。婚后生活平淡幸福，却也诸多劳苦。这位曾经万人之上的皇帝，还将经受更多时代的磨砺……本片根据李淑贤口述改编而成。,李翰祥以细腻写实的宫廷画卷与平视的历史视角，深沉书写了末代皇帝溥仪后半生的平民化转型。,China,Chinese,Pre-1990s,1,https://movie.douban.com/subject/1303503/
黑炮事件,1986,汉语普通话 / 德语 / 英语,汉语普通话,外语为主(外语2/中文1),黄建新,剧情 / 喜剧,中国大陆,8.5,22105,赵书信（刘子枫 饰）是某矿山公司的工程师，为人忠厚，工作勤勉。下棋是赵书信为数不多的爱好之一，他对自己那副棋子也格外珍惜，却于一次出差归来时发现丢失了一枚，情急之下冒雨前往邮局，发了一封“黑炮丢失301找赵”的电报给旅馆，寻找棋子。岂料这封电报招致邮局方面的怀疑，上报 公安局立案侦查，上升成了所谓的“黑炮事件”。 受此事件影响，赵书信被调离原来岗位，更阻止其参与正在进行的德国合作项目。公司将精通德语的专家赵书信换成了旅游翻译冯良才，工程进度和质量受到重大影响。不久，邮局送来一个寄给赵书信的邮包，矿山公司高层领导秘密将其打开，发现里面竟是一颗棋子…… 电影《黑炮事件》获广播电影电视部优秀故事片奖 、第6届中国电影金鸡奖最佳男演员奖（刘子枫）。,荒诞冷静的黑幽默叙事与充满形式感的几何摄影，极其辛辣地讽刺了官僚主义的荒诞与偏见。,China,Chinese,Pre-1990s,1,https://movie.douban.com/subject/1434269/
末代皇帝,1987,英语 / 汉语普通话 / 日语,英语,外语为第一语言,贝纳尔多·贝托鲁奇 Bernardo Bertolucci,剧情 / 传记 / 历史,意大利 / 中国大陆 / 英国 / 法国,9.0,726866,经典电影暂无简介。,《末代皇帝》：关于溥仪悲惨一生的跨国史诗巨作，贝托鲁奇在紫禁城捕捉的金色余晖与夕阳追逐，将清朝废帝的落寞刻画得入木三分。,Europe,Chinese,Pre-1990s,1,https://movie.douban.com/subject/1293172/
秋天的童话,1987,粤语 / 英语 / 日语,粤语,外语为主(外语2/中文1),张婉婷,剧情 / 爱情,中国香港,8.5,81053,留学生李琪（钟楚红 饰）独自一人从香港到纽约读书，满心以为接机的会是自己的男友（陈百强 饰），来到却是一位远方亲戚和一位在唐人街打工的船头尺（周润发 饰）。原来自己的男友已经移情别恋了，令李琪伤心不已，把自己关在房内。船头尺不放心前往询问，闻到煤气味便以为李琪自杀，原来只是煤气泄漏。船头尺鼓励李琪就算一个人也要好好生活读书，李琪得到了他的鼓励及帮助，便开始专心读书和工作。当中船头尺也屡遭不顺，两人互相帮助之余，船头尺也爱上了李琪……,影片以诗意克制的镜头语言，将异国他乡的孤独男女之间的纯真爱意娓娓道来，克制而悠长。,China,Chinese,Pre-1990s,1,https://movie.douban.com/subject/1301912/
义胆红唇,1988,粤语 / 英语 / 日语,粤语,外语为主(外语2/中文1),孙仲,动作,中国香港 / 美国,6.6,2412,李志超（周润发）与周强（狄龙）乃一对任职警界多年的好朋友。十年前，强与搭档将毒贩姚达（徐少强）绳之于法。达甫出狱即向强之拍档下毒手，强也不能幸免，先是遭受纪律处分，后更被杀手伏击。强虽然侥幸逃脱，但家人却难逃厄运。超本替强出头，向达提出希望二人之间可以大事化小。但经此一 役，加上发现自己爱上的女人Penny（恬妞）原来是达的女朋友。超体会到一定要因人而仁，因人而暴，绝不可墨守成规，遂决定与强一起找达报仇...,经典电影暂无评价,China,Chinese,Pre-1990s,1,https://movie.douban.com/subject/1823501/
最后的贵族,1989,英语 / 汉语普通话,英语,外语为第一语言,谢晋,剧情 / 爱情,中国大陆,7.4,3306,1940年代后期，出身望族的李彤（潘虹 饰）、黄惠芬（李克纯 饰）、雷芷苓（肖雄 饰）和张嘉行（卢玲 饰）四姐妹远渡重洋，来到美国留学。49年元旦，她们在学校联谊会上，用歌声抒发对祖国亲人的思念和祝福。不久，李彤因家中巨大变故离开三个女友，谁也不知她去了哪里。李彤的男友陈寅（濮存昕 饰）苦等无着，与惠芬和其他一对新人准备结婚。李彤突然出现在了婚宴上，她近乎疯狂的装扮和举止令朋友们惊诧，原来她已和一个已婚男人同居。时光荏苒，李彤后来又和一个南美商人混在一起，并因酒后滋事关进拘留所，保释出来后，她在惠芬女儿莉莉生日后不久，又不知飘向何方去了......,谢晋导演以宏大的历史视野，悲悯地书写了乱世中名门闺秀的命运沉浮，时代感厚重，情感深沉哀婉。,China,Chinese,Pre-1990s,1,https://movie.douban.com/subject/1304669/
秦始皇,1989,英语 / 汉语普通话,英语,外语为第一语言,托尼·安齐洛 / 刘浩学,纪录片 / 短片,加拿大 / 中国大陆,5.8,172,揭开秦始皇不为人知的秘密，耗资700万美元，拍摄五个月，难得一见。其中有真实的纪录部分，观众可以亲眼目睹1947年西安秦始皇兵马俑地下陵墓及其发掘情形，7000个面貌不同、栩栩如生的陪葬品的兵马俑一一搬上镜头。,,North_America,Chinese,Pre-1990s,1,https://movie.douban.com/subject/1859835/
赌神,1989,粤语 / 日语 / 英语,粤语,外语为主(外语2/中文1),王晶,喜剧 / 剧情,中国香港,8.4,212127,高进（周润发 饰）前来香港与赌魔决斗，怎料刚抵港，便被南哥（杨泽霖 饰）追杀，结果堕入陷阱而失忆。幸得刀仔（刘德华 饰）和其女友珍（王祖贤 饰）相救，他们把高进带回家中疗养，发现高进精通赌术后，兴奋不已，想利用他来挣大钱，却反而因为高进发挥不稳亏了钱。高进妻子遭其堂弟高义醉酒后污辱杀害。高义进而联手南哥，设计谋害高进，四处搜罗进的藏身地点，前往追杀。逃亡之时，高进翻车受伤，竟恢复了记忆——但是却怎样也记不起失忆期间的事情。刀仔提醒进，高义并非好人，但进却毅然蒙在鼓里，不知危难当头。,影片将传奇的赌坛风云与无厘头幽默、豪迈兄弟情完美融合，掀起了华语黑帮赌片的长青风潮。,China,Chinese,Pre-1990s,1,https://movie.douban.com/subject/1300883/
咖喱辣椒,1990,粤语 / 英语 / 马来语,粤语,外语为主(外语2/中文1),柯受良,犯罪 / 动作 / 爱情,中国香港,7.3,53403,咖喱（张学友 饰）与辣椒（周星驰 饰）从小就是一对好友，后来又一起加入了警队。两人看起来吊儿郎当的，可是他们的工作表现突出，生活上工作上都是彼此的好搭档。但主播祖儿（柏安妮 饰）的出现让两人的友情遇到了考验。祖儿到警局为咖喱与辣椒做专访，而他们同时爱上了这名美丽的女孩。即使两人心中都有了芥蒂，工作时候也是心绪不宁。他们无意间破坏了警方正在侦查的毒品案，他们的线人更因为身份暴露而被杀害了。他们都感到十分沮丧，于是两人放下心中芥蒂，再次合力侦破案件……,周星驰与张学友联袂的港式双雄警匪喜剧，将兄弟情义与三角恋爱的尴尬完美结合，尽显早期港片的市井活力。,China,Chinese,1990s,1,https://movie.douban.com/subject/1301865/
喋血街头,1990,粤语 / 英语 / 越南语 / 法语,粤语,外语为主(外语3/中文1),吴宇森,剧情 / 动作 / 犯罪,中国香港,8.2,43322,细荣(李子雄饰）、阿B（梁朝伟饰），辉仔（张学友饰）在石殎尾陡置区一同成长，三人情同手足，虽然各人家境贫困，年轻的心从没有失去对将来的幻想与憧憬。阿B因要与女友小珍（袁洁莹饰）结婚，众人各出奇谋为阿B筹钱。辉仔借来高利贷途中被劫，辉仔负伤往婚礼。及后，阿B与辉仔往复仇而误杀废强，细荣众人遂到越南逃亡。其时西贡市长外弛内张，对众人来说便是炼狱，更遇上越共刺杀越南政要，细荣遂决定要拼死捞一笔钱才离开越南。细荣远亲中、法混血儿阿乐（任达华饰）是职业杀手，阿乐得悉越南恶霸梁源盛在夜总会有黄金交易，遂与一众里应外合，激战后把黄金抢走，阿B为拯救一位香港女歌星陈秀青而险丧命……吴宇森巅峰时期的野心力作，对情与义的探讨有其深邃之处，动作场面火爆亮眼。是港片不可多得的佳作。,《喋血街头》通过雄浑大气的节唆把控，彰显了正义勧气的力量，动作设计拳拳到肉，是一部热血沸腾的商业大片。,China,Chinese,1990s,1,https://movie.douban.com/subject/1295344/
圣战风云,1990,粤语 / 英语 / 波兰语,粤语,外语为主(外语2/中文1),林岭东,动作 / 犯罪 / 惊悚,中国香港,5.8,516,波兰华沙的解放同盟军其实是个打着革命旗号的恐怖组织，为了显示自己的力量，他们准备在美国商务代表团访问香港时制造爆炸事件，借此达到他们的政治目的。美国中央情报局掌握这一线索后派干探域拿赴港阻止这场阴谋，由于事关政治因素，故香港政治部亦派出李督察（李修贤）协助域拿行动。 两个来自不同环境的探员刚开始水火不容，渐渐产生深厚友谊，同心协力粉碎了恐怖组织的爆炸企图，还击伤这个组织的首领。 可是事情并没有结束，死里逃生的恐怖组织头目孤身闯入电视台新闻部，劫持了所有工作人员，其中包括李督察的女友Annie（关之琳），他准备在此制造流血事件，并向全世界转播，此时李督察与域拿双双赶到，不料李的得力助手小邓（黄光亮）已被恐怖分子收买，李督察与域拿落入了恐怖组织手中，在危急关头，他们两人如何救己救人？,,China,Chinese,1990s,1,https://movie.douban.com/subject/1298048/
太阳之子,1990,英语 / 粤语,英语,外语为第一语言,钱升玮 / 华山,动作,中国香港,6.2,1067,大限将至，老宗主向徒弟格弄（林正英 饰）和格西讲述天地世间正邪交替的道理，随后圆寂。肉身焚化后的舍利子，心术不正的格西抢夺舍利子，打伤格弄。受伤的格弄与徒儿班卓（罗芙洛 饰）逃走，在一家孤儿院找到宗主转世的小活佛，欲将其护送回布达拉宫。格西得知消息派出鹰犬追杀二人，格弄自知命不久矣，用通灵术向小活佛托付身后之事。小活佛在通往香港的火车上，遇到欲偷渡香港的小吉。班卓通过铸镜法与师傅通话，决定前往香港迎回小活佛，并消灭修炼邪法的格西……,经典电影暂无评价,China,Chinese,1990s,1,https://movie.douban.com/subject/2567692/
安乐战场,1990,粤语 / 英语 / 塔加路语 / 菲律宾语,粤语,外语为主(外语3/中文1),曾志伟,剧情 / 动作 / 恐怖,中国香港,6.6,2510,某年夏天，来自香港各个阶层的一群人组成了一支菲律宾旅游团。在美丽女孩Candy（温碧霞 饰）的带队下，他们来到了这个温暖的热带国度。当地导游阿卜（曾志伟 饰）带领香港游客们四处游玩购物，度过了愉快的一天。入夜，游客们在一家餐厅欣赏了别开生面的演出后，准备返回宾馆休息。就在这时，对面的商铺传来剧烈的爆炸声和密集的枪声。原来数名菲共游击队员在其中进行枪火交易，结果遭遇闻讯赶来的警察，双方爆发激烈的枪战。走投无路之际，游击队员劫持了香港游客的客车。他们以人质的性命作要挟，要求政府释放菲共的领袖。生死存亡之时，每个人都面临着命运与人性的巨大考验……,经典电影暂无评价,China,Chinese,1990s,1,https://movie.douban.com/subject/1863361/
客途秋恨,1990,英语 / 汉语普通话 / 粤语 / 日语,英语,外语为第一语言,许鞍华,剧情 / 家庭,中国香港 / 中国台湾,8.5,16068,晓恩（张曼玉 饰）留学归来参加妹妹的婚礼，期间发觉与母亲葵子（陆小芬 饰）的隔阂与矛盾只增不减。直到陪母亲回日本探亲时，她才真正开始了解自己的母亲。原来在抗日期间到满洲投靠哥哥的母亲，结识了当时身为军官的父亲（李子雄 饰），并与其结婚，战后决定随丈夫一起搬到澳门生活。因 生活习惯和文化等各方面的差异，令母亲与公婆同女儿之间的隔阂与误解不断。然而在母女俩终于取得了沟通与谅解之时，却从大陆传来了从小带大晓恩的祖父中风不良于行的消息， 向来和他们不和的母亲却要求忙拍戏的女儿一定要去......,影片以细腻的女性视角与纪实镜头，在母女关系的流变中，深情吟诵了一曲关于家国认同与历史漂泊的挽歌。,China,Chinese,1990s,1,https://movie.douban.com/subject/1308304/
浪漫杀手自由人,1990,粤语 / 英语 / 日语,粤语,外语为主(外语2/中文1),高飞,动作,中国香港 / 英国,6.2,573,留学英国的珍，过着平静快乐的校园生活，因一次无意间目击山口组杀手自由人枪杀一老者，卷入黑社会仇杀的旋涡中，而改变了她的一生。当自由人再杀唐人街头号首领大窿时，再次巧遇珍，警方发觉珍似乎认识自由人，便将珍带回警署问话。同时大窿之助手二窿也派手也跟踪珍，以求找出自由人下落。自由人欲杀珍灭口，但见珍故意为其隐瞒，并被珍之气质吸引，反而约定再会之期……,,China,Chinese,1990s,1,https://movie.douban.com/subject/2334129/
老虎出更2,1990,英语 / 粤语,英语,外语为第一语言,刘家良,剧情 / 喜剧 / 动作,中国香港,5.9,2241,林益当年差多年，仍是散仔一名，心有不甘，时欲“发围”。此时林的外甥水牛从美国回来渡假，因帮助在酒吧邂逅的席梦思。因而令林、思及自己卷入一宗侵吞军火交易的罪行之中……,经典电影暂无评价,China,Chinese,1990s,1,https://movie.douban.com/subject/1304618/
阿修罗,1990,日语 / 粤语,日语,外语为第一语言,蓝乃才 / 刘仕裕,动作 / 冒险 / 奇幻,中国香港 / 日本,6.3,3422,神魔之争绵延千年，地狱圣女阿修罗（叶蕴仪 饰）被卷入两界相争，但是她爱上了明媚快乐的人界，恳请慈空大师（胜新太郎 饰）给予她滞留人间的机会，慈空慈悲为怀，遂派出徒弟吉祥果（阿部宽 饰）和孔雀（元彪 饰）在一周时间内护卫阿修罗，直到他重返魔界。阿修罗与两名“保镖”找到了自己在魔界的爱宠兼伙伴戏鬼，但此时，魔界中的鬼妃为了吸取阿修罗的真气取而代之其在魔界的位置，令座下鬼众袭击阿修罗，戏鬼惨遭石化，而孔雀为了搭救戏鬼亦被冰冻。阿修罗与吉祥果结识了发明家和他的妹妹（李丽珍 饰），在戏鬼回复期间，他们暂住发明家家中，此时距离阿修罗返回魔界的日期临近，而鬼妃仍不放弃取代阿修罗的计划……,经典电影暂无评价,China,Chinese,1990s,1,https://movie.douban.com/subject/1299373/
上海1920,1991,英语 / 汉语普通话 / 粤语,英语,外语为第一语言,梁普智,剧情,中国香港,7.1,454,故事发生在1910年的上海，美国富家子弟高道生（亚德里安·帕斯达 Adrian Pasdar 饰）结识了名为方林（尊龙 饰）的流浪儿，两人之间建立起了非常坚实的友谊。一次偶然中，两人在误打误撞之下发现了大毒枭藏匿毒品的地窖，因而引来了杀身之祸，在枪战中，道生的父亲不幸遇难，而方林则因为给高道生报仇打死了毒枭而遭到了警方的逮捕。一晃眼二十五年过去了，高道生再度回到了上海想要寻找音信全无的方林，发现此时的方林已经成为了上海滩上有头有脸的人物。时间改变了两人的性格，最终导致了他们的决裂。抗日战争打响了，方林虽然带着妻子离开了上海，但他最放不下的，还是高道生。,,China,Chinese,1990s,1,https://movie.douban.com/subject/1296556/
惊天12小时,1991,粤语 / 英语 / 汉语普通话 / 日语 / 泰语,粤语,外语为主(外语3/中文2),王晶,动作 / 喜剧,中国香港,6.7,1647,8月8日新加坡25周年国庆之际，国际知名的达卡喇嘛访新，日本赤军方面则计划暗杀达卡。香港国际刑警雷泰（谭咏麟 饰）奉命卫护达卡，将赤军领导北岛三郎支部歼灭。在达卡所乘坐飞往新加坡的客机上，黑道人物大B（刘德华 饰）与女友阿玲（罗美薇 饰）偶然结识达卡，达卡推算出自己与阿玲八字相同，他们的命运面临同样的一次挑战。飞机刚一降落，机场的赤军份子突袭达卡，将达卡和阿玲打伤，而这两人的血型居然都是罕见的P型血，全新加坡此时只有三名P型血公民，如果不能在8小时内找到血液，两人都将有性命之虞。潜藏在新加坡的北岛余部迅速展开对P型血人士的追杀，雷泰等人始终落后一步，大B担心女友安危，强迫雷泰与自己合作，而此时，P型血人士只剩最后一名肥波（曾志伟 饰）……,经典电影暂无评价,China,Chinese,1990s,1,https://movie.douban.com/subject/1464814/
秋月,1992,粤语 / 日语 / 英语,粤语,外语为主(外语2/中文1),罗卓瑶,喜剧 / 剧情,中国香港 / 日本,7.7,516,日本青年时夫暂时抛开刻板的工作，独自来到香港，企图在美食与美色中找出人生的真谛。直至遇上天真俏皮的中学生慧后，才真正找到自己所希望了解的东西，两人虽碍于言语隔膜，却发展出一段纯真的友情。慧的父母带其兄移居加拿大，留下慧与祖母同住，在与慧的祖母的相处中，时夫感受到了来自于老一辈人对于故土的理解，深受启发的他最终回到了故乡。,,China,Chinese,1990s,1,https://movie.douban.com/subject/1295745/
警察故事3：超级警察,1992,粤语 / 英语 / 汉语普通话 / 马来语 / 泰语,粤语,外语为主(外语3/中文2),唐季礼,喜剧 / 动作 / 犯罪,中国香港,7.8,54595,这集，神勇干探陈家驹（成龙 饰）将远赴大陆，化身囚犯打入国际军火毒品走私集团的内部。在大陆美女公安杨建华（杨紫琼 饰）的帮助下，家驹顺利接近了正在服刑的集团成员豹强（元华 饰）。豹强视家驹为心腹，和他策划越狱行动。为了放长线，家驹爽快应承了。他们越狱后，豹强主张到家驹随口编出来的家乡躲避，幸得杨建华提前安排，才没有漏出马脚，杨建华自称家驹妹妹，与他们同行。他们来到香港见到了集团的老大猜霸，顺利成为集团的一员。猜霸带着手下前往吉隆坡营救被绑架的妻子，遇到了家驹的女友阿美（张曼玉 饰）。阿美不知家驹正在执行任务，以为他和杨建华在偷情。阿美的举动引起了集团成员的怀疑，连场大战一触即发！,唐季礼执导的港式警匪动作巅峰，成龙的亡命特技与杨紫琼的极佳身手相得益善，带来惊心动魄的视觉盛宴。,China,Chinese,1990s,1,https://movie.douban.com/subject/1296203/
多桑,1994,日语 / 闽南语 / 汉语普通话,日语,外语为第一语言,Nien-Jen Wu,剧情,中国台湾,8.6,4257,故事发生在1929年的台湾，那一年，多桑（蔡振南 饰）来到了这个世界。成年之后，多桑结婚成家，并有了三个可爱的孩子。然而，生活对于多桑来说是贫困而艰苦的，他在金矿场工作所得根本无法承担起家中巨大的开支，为此，多桑的妻子不得不外出做木工，以补贴家用。屋漏偏逢连夜雨，金矿场倒闭了，家中失去了最大的经济来源。五年过去，多桑重回职场，当上了一名煤矿工人，并渐渐向上发展，最终成为了山中矿场的村长。人到中年，多桑终于患上了几乎所有煤矿工人都会患上的气喘病，不堪忍受病痛的折磨，多桑只能退休，没过多久，他便被送入了医院，只能依靠器械维生。,吴念真以极其写实、饱含深情的镜头，记录了父亲那一代台湾人在历史变迁中的复杂情怀与生活轨迹。,China,Chinese,1990s,1,https://movie.douban.com/subject/1295285/
精武英雄,1994,英语 / 粤语 / 日语 / 汉语普通话,英语,外语为第一语言,陈嘉上,动作 / 剧情,中国香港 / 中国大陆,8.5,114625,20年代末，为完成师父的志愿，陈真（李连杰 饰）到东洋学先进技术，他喜欢着日本女孩山田光子（中山忍 饰）。因为师父霍元甲之死，陈真回到中国，协助师父之子霍廷恩（钱小豪 饰）主持精武门的业务，不料却引起了他的妒忌，师兄弟之间引发权力之争。另一方面，陈真追查师父死因，怀疑是日军 军官藤田刚（周比利 饰）暗中使用慢性毒药杀死霍元甲。陈真请医生验尸，证实师父确系中毒而死。藤田刚恐阴谋败露，杀人嫁祸，展开了连场恶斗。不久，藤田刚挑战精武门，他诱使日本黑龙会总教头船越文夫向精武馆挑战。比武之日，双方开展了一场惊心动魄的决战。,影片以独特的艺术视角和流畅的叙事，精妙刻画了复杂多变的人物内心，展现了深邃的人性与艺术魅力。,China,Chinese,1990s,1,https://movie.douban.com/subject/1292895/
绝境逢生,1994,英语 / 汉语普通话,英语,外语为第一语言,张建亚,喜剧 / 战争,中国大陆,7.4,4302,二次大战期间，一艘美国潜艇遭到日本军舰伏击，部分美国官兵为中国渔家女莲妹子和铁匠陈正救下，藏匿村中。另一方面，渔民老万（魏宗万 饰）带领的游击部队与日军发生冲突，虽然并未成功，却偶然救下服役美军的日裔女子春子。她是一个密码专家，掌握着日军的最高军事机密。为了抓到美军情报人员，西原少佐带领精锐部队冲进小村庄。老万带领游击队和美军士兵联合，与凶残的敌人展开巧妙的周旋和精彩的对抗。最终的胜利将归属于谁呢？,经典电影暂无评价,China,Chinese,1990s,1,https://movie.douban.com/subject/1482698/
香港沦陷,1994,粤语 / 日语 / 英语,粤语,外语为主(外语2/中文1),钱文锜,剧情 / 战争,中国香港,6.4,2377,故事发生在1941年，香港上下被战争的阴影笼罩着，唯利是图的商人开叔（罗家英 饰）有三个女儿信弟（叶玉卿 饰），望弟（邱淑贞 饰）和爱弟（陈少霞），穷凶极恶的继母不喜欢信弟和望弟，因为她们并非她所生。思想开放的望弟喜欢隔壁的先进青年沈放（庹宗华 饰）多年，当她发现姐姐信弟也对沈放情有独钟时，在亲情和爱情之间，她陷入了两难的境地。十二月二十五日那一天，香港沦陷了，日军的铁蹄蹂躏着港内的每一寸土地，也蹂躏着每一个港人的心。社会陷入混乱，银粮分外短缺，为了自保，开叔做了汉奸，他甚至亲手将信弟送往了日本人的手中，以此博得信任。,经典电影暂无评价,China,Chinese,1990s,1,https://movie.douban.com/subject/1786332/
南京1937,1995,汉语普通话 / 日语 / 英语 / 德语,汉语普通话,外语为主(外语3/中文1),吴子牛,剧情 / 历史 / 战争,中国大陆,7.5,3839,1937年深秋，为躲避战乱，中国医生成贤（秦汉 饰）携带怀有身孕的日本妻子理惠子（早乙女爱 饰）和孩子从上海逃到南京老家，他没想到南京也差不多快被侵华日军夷为废墟。被告知可以进入欧美列强势力保护的安全区避难时，成贤认为自己与难民身份不同没做理会，投靠了老朋友继续行医。以小学教师刘天琴（刘若英 饰）为代表的同胞的悲剧令他震惊愤怒，但他认为自己首要任务不是反抗暴敌而是尽职做好一名医生。同年冬天12月13日，南京全面沦陷，日军开始在南京疯狂烧杀淫掠，成贤终于意识到日军的残酷麻木，让妻子先行一步去安全区躲避，自己则留下来继续救死扶伤，他不知道的是，安全区早已名存实亡，而要反抗时，他发现已无可能。,影片以宏大而沉痛的史诗笔触还原历史惨剧，在废墟与硝烟中刻画人性的坚韧与生命的尊严。,China,Chinese,1990s,1,https://movie.douban.com/subject/1297607/
妖街皇后,1995,英语 / 汉语普通话 / 粤语,英语,外语为第一语言,杨凡,剧情,新加坡 / 中国香港,7.3,1389,17岁的莲本是马来西亚一个富家女仆，天真无邪。然而无忧无虑的生活很快便被打了个粉碎，莲被送到了紧挨着新加坡的Bugis街上的一家小酒店做工。在这条住满了人妖的街上，莲从各人的生存打拼中开始慢慢懂得了生活的含义。本片透过一个天真无邪的十六岁女孩的眼睛去看这个光怪陆离悲与欢的地方。她未曾见过世面，纯情且天真，为着生活，只好到一间破落的酒店做下人，给她遇上各式各样的人， 其中不乏美男女.....,影片以绚丽夺目的色彩和细腻的悲悯情怀，真实还原了新加坡底层红灯区的边缘群像与爱恨。,Other,Chinese,1990s,1,https://movie.douban.com/subject/1302621/
怒海威龙,1995,菲律宾语 / 汉语普通话 / 塔加路语,菲律宾语,外语为第一语言,元彬 / 徐忠信,动作,中国大陆 / 菲律宾,5.7,248,广东省公安厅女刑警杨向东在深圳缉查香港黑帮时，缴获巨额假人民币。据分析，这些假币来自菲律宾，是用来购买毒品的。杨向东奉命化装成一个到菲律宾投亲的中国女孩，被海关查出携毒关进监狱，得以接近涉嫌贩毒的小祺。向东设法携小祺越狱，并找到小祺的男友黑帮成员张阳，从而打入黑帮内部。在菲律宾警官Santos的帮助配合下，向东和香港卧底警察小李几经考验，终于见到了黑帮真正的老大——菲律宾的高官Reyts，并查清了黑帮印制假人民币的大本营。在执行接货任务中，向东和小李的身份暴露，小李身上的窃听器失灵，危急关头，他们视死如归，与群匪展开一场殊死搏斗……,,China,Chinese,1990s,1,https://movie.douban.com/subject/1300022/
旺角的天空,1995,英语 / 粤语,英语,外语为第一语言,陈木胜 / 郑伟文,犯罪 / 动作 / 剧情,中国香港,6.6,990,帮派分子乐文华（任达华 饰）与大哥陆乘风（于荣光 饰）纵横香港，风头正盛。是日，陆、乐二人于码头接货，不想被警察团团包围。乐文华亮明卧底身份要求陆乘风投降，后者却冲入大海不知死所……一年后，经历了复职、受伤、升职的乐文华已经习惯了警队生活，然而却在一次抓捕中偶遇了陆乘风的情人蓉蓉（钟丽缇 饰），出于对蓉蓉的愧疚和同情，乐文华答应随时陪在她左右，这使得他与女友的关系出现裂痕。而大难不死的陆乘风此时又突然出现，请求乐文华帮自己最后一个忙，以讨回应得安度余生。乐文华一念之差卷入了陆乘风的犯罪计划，在陆乘风的复仇与警方的抓捕中苦苦挣扎……,经典电影暂无评价,China,Chinese,1990s,1,https://movie.douban.com/subject/1300540/
虎猛威龙,1995,英语 / 粤语,英语,外语为第一语言,袁和平,动作,中国香港,5.8,1142,新游轮“白鲸号”豪富云集，正举行除夕联欢会，热闹非凡。女侍应Chrisy于客人中穿梭往来，船上保安由不苟言笑的红狼负责。突然一艘快艇靠近游轮，匪徒迅速登船与早在船上乔装的汤臣里应外合。凭借先进的武器和狠毒的令人心寒的手段，匪徒们很快就取得了全船的控制权，其目的是要夺取船上偷运的生产核弹的坏元素……,经典电影暂无评价,China,Chinese,1990s,1,https://movie.douban.com/subject/2132732/
霹雳火,1995,粤语 / 英语 / 日语,粤语,外语为主(外语2/中文1),陈嘉上,动作,中国香港,7.0,29192,车房修理工阿火(成龙 饰)脾气火爆，他不仅身手敏捷，而且开车技术一流，只因家中贫穷才一直没有实现当赛车手梦想。这天，警方找到他希望他能帮忙逮捕偷车集团的首脑库克。因为库克开车技术一流，警方多次设路障追截都一无所获。阿火欣然答应。在阿火的帮助下，警方费了九牛二虎之力终于捉到了库克。但是库克在拘留期间，被集团同伙救走了。偷车集团还袭击了阿火的车房，阿火侥幸逃过一劫，两个妹妹却深受重伤。随后库克加入了日本某车队，并约阿火在日本赛道上一决高下。为了报仇，阿火毅然参赛!,经典电影暂无评价,China,Chinese,1990s,1,https://movie.douban.com/subject/1299502/
太平天国,1996,汉语普通话 / 英语 / 日语,汉语普通话,外语为主(外语2/中文1),Nien-Jen Wu,喜剧,中国台湾,8.2,660,在一个台湾小村庄，美国军队将举行军事演习。虽然这会对农田造成破坏，但政府答应给予一定的赔偿，村民需要钱所以最终接受了。林文是村里的教师，他的弟弟因日本人的工厂里的操作事故而失去了两个手指，他们把手指浸腌在罐子里。林文和弟弟希望美国军队里的外科医生能接上这两根手指，但未达到目的。与此同时，村民大肆偷盗军用物品，妻子也怪林文无能，没去偷东西。一气之下，林文和弟弟偷来两个大家伙，揭开一看才知道是两具棺材。林文的弟弟失望之余掩埋了自己的两根手指。美国人也走了，但留下了一堆垃圾。小村庄真的会恢复以往的朴素吗？,,China,Chinese,1990s,1,https://movie.douban.com/subject/1448824/
红樱桃,1996,俄语 / 德语 / 汉语普通话,俄语,外语为第一语言,叶大鹰,剧情 / 战争,中国大陆,7.5,31441,1940年的冬天，中国孤儿楚楚（郭柯宇）和罗小蛮（徐啸力）被送入莫斯科近郊的伊万诺夫国际儿童院学习。课堂上，当楚楚讲述自己亲眼目睹父亲惨遭法西斯刽子手杀害的情景时，老师和同学都震惊不已，随后，她和罗小蛮过上一段相对平静的日子，两人后来因夏令营分头去了不同城市。德军入侵莫斯科令楚楚又一次亲眼目睹死亡，而她自己也被德军抓住，落入一个有在女性人体上纹身作画癖好的德国将军之手，噩梦自此不断，罗小蛮则在后方当上了递送阵亡通知的“黑色信使”。,影片以极其残酷、血腥的纪实笔触，展现了二战时期中国孤儿在欧洲的悲惨遭遇，震撼人心。,China,Chinese,1990s,1,https://movie.douban.com/subject/1305034/
警察故事4：简单任务,1996,英语 / 粤语 / 汉语普通话 / 俄语 / 乌克兰语,英语,外语为第一语言,唐季礼,喜剧 / 动作 / 犯罪,中国香港,7.5,35261,这次，国际警察陈家驹（成龙 饰）受到美国中央情报局的委托，调查一个国际核子武器的贩卖集团。上司与家驹开始都以为是天荒夜谈，他们根本不相信有什么组织能从黑市里搞来核子武器，认为调查的只是一群乌合之众。然而，当家驹跟踪疑犯徐杰进行交易，进而意外发现了乌克兰的核弹基地，他才意 识到事态严重。交易的双方发现了家驹，他逃走时失足掉入了冰湖，幸得俄军相救才侥幸活命。家驹恢复后俄军上校格里格派往澳洲追查徐杰的妹妹安妮（吴辰君 饰）。但家驹刚抵达澳洲，就遭到了当地黑帮的追杀，家驹隐隐感到事件背后不简单。,《警察故事4：简单任务》将震撼宏大的视觉特效与深刻独到的科幻哲思完美融合，以极具张力的叙事结构，呈献出无与伦比的视听盛宴。,China,Chinese,1990s,1,https://movie.douban.com/subject/1296947/
飞虎,1996,粤语 / 英语 / 泰语,粤语,外语为主(外语2/中文1),陈嘉上,动作,中国香港,6.6,1754,米妮（梁咏琪 饰）是海关督察，近日里，她获得消息，得知大量毒品即将抵达香港，于是决心调查此案，然而却遭到了毒贩“冰后”强大的火力抵抗，败下阵来。飞虎队队长王东（王敏德 饰）带领队员们进驻海关，王东更是坦言海关方面根本不是毒贩的对手，这让米妮感到十分愤怒。米妮卯足了劲想要攻破此案，然而对手阴险狡诈冷酷无情，米妮带领的队伍屡屡遭受重创，米妮的莽撞举动令上司大为不满，然而将这一切都看在眼里的王东却对她的胆识和毅力十分敬佩，在飞虎队的帮助下，众人攻破了毒贩藏身的仓库，却遭到了另一波神秘人马的伏击，一向所向披靡的飞虎队受到了灭顶的打击。,影片以高度写实的纪实风格和利落的动作编排，展现了飞虎队的反恐日常，节奏紧凑硬朗。,China,Chinese,1990s,1,https://movie.douban.com/subject/1294159/
一个好人,1997,英语 / 汉语普通话 / 粤语,英语,外语为第一语言,洪金宝,动作 / 喜剧 / 犯罪,中国香港,7.2,30645,澳大利亚墨尔本，华裔厨师积奇（成龙 饰）是当地小有名气的人物，定期在电视上主持烹饪节目。毒枭金·卡洛（Richard Norton 饰）集团颇有势力，金·卡洛本人残暴冷酷，清除了敌对帮派的卧底之后率众和对方在仓库大打出手，而枪战全过程被记者戴安娜（Gabrielle Fitzpatrick 饰）用摄影机记录。在躲避贩毒集团追逐的路上，戴安娜巧遇积奇，后者仗义出手为她引开歹徒，孰料两人分手时戴安娜错将积奇的节目录像带当做证据带走。戴安娜的住处很快被贩毒集团找到，遍搜不获的歹徒们开始将目标转向积奇。积奇女友美琪（李婷宜 饰）远道来访，特意参加了积奇的节目录制，贩毒集团在录制现场围捕积奇，经过一番街头苦战，积奇终于脱险。黄雀在后的金·卡洛敌对帮派带走了美琪，要挟积奇用录像带换人，一时间，围绕着录像带，积奇、警方、以及两个犯罪集团陷入了混乱的争夺战。,影片以成龙标志性的杂耍般动作喜剧设计和火爆的爆破场面，在澳洲街头奉献了一场纯粹动作狂欢。,China,Chinese,1990s,1,https://movie.douban.com/subject/1295547/
五行战士,1997,英语 / 粤语,英语,外语为第一语言,于仁泰,动作 / 奇幻 / 冒险,美国 / 中国大陆,6.6,262,,,North_America,Chinese,1990s,1,https://movie.douban.com/subject/1300559/
侯孝贤画像,1997,法语 / 汉语普通话,法语,外语为第一语言,奥利维耶·阿萨亚斯,纪录片,法国 / 中国台湾,8.5,2190,阿萨亚斯八十年代曾到达台湾，在那里结识了杨德昌、侯孝贤等“刚出学校校门”的新导演。那一时期也正是大陆陈凯歌、张艺谋等年轻导演登上影坛之际。同是一代青年艺术家，心灵有许多共通之处。阿萨亚斯曾经拍过一部纪录片《侯孝贤画像》，用来向侯孝贤致敬。他看过侯孝贤的所有电影，但 这部纪录片他只用了5天拍摄，却花了两个月剪辑。在片中他跟随侯孝贤导演回乡的脚步，纪录了这位当代华人电影大师的心路历程。,经典电影暂无评价,Europe,Chinese,1990s,1,https://movie.douban.com/subject/1419557/
98古惑仔之龙争虎斗,1998,粤语 / 英语 / 马来语,粤语,外语为主(外语2/中文1),刘伟强,动作,中国香港,7.3,54471,1998年，香港回归后发生了天翻地覆的变化。而此时的铜锣湾亦发生了天翻地覆的变化，这个洪兴设陈浩南（郑伊健 饰）揸Fit的地盘来了两个新人物，一个是东升社的司徒浩南（郑浩南 饰），一个是湾仔区的新任高级督察李Sir( 李修贤 饰) 。 司徒浩南野心勃勃，一直意欲取代陈浩南在铜锣湾的位置，将其赶出铜锣湾。马来西亚一拿督（秦沛 饰）要搞赌船，主动找到陈浩南要求合作，其实暗中勾结司徒浩南，整蛊陈浩南。另一方面，李Sir在追查陈浩南的过程中，生出了少许英雄识英雄的感情。 一山不能容二虎，两个浩南最终的决斗开始了！,古惑仔系列的宿命收官之作，在铜锣湾的话事人之争中探讨江湖转型，将英雄迟暮与兄弟情义融入现代秩序。,China,Chinese,1990s,1,https://movie.douban.com/subject/1308290/
B计划,1998,粤语 / 英语 / 日语,粤语,外语为主(外语2/中文1),罗礼贤,动作,中国香港,6.4,1699,日本第一通缉犯、恐怖组织“圣众之道”头脑吉永英明在香港被扣留，香港督察Ken（张智霖 饰）与女友Anita（舒淇 饰）在回家路程中偶遇吉永英明手下盗取化学品后遗弃的卡车在路面失控，Ken因此而卷入这次国际犯罪事件。为了引渡吉永，曾经在吉永手下吃过大亏的鹰见探员（泽田谦也 饰）一行通过领事馆试图与香港警方沟通，然而吉永的手下同时抵港，为了搭救吉永，恐怖分子用沙林毒气来威胁香港警方，为了保证香港作为金融中心的声誉，程督察（李绮红 饰）等警员尝试低调平息此事，并通缉擅自追踪圣众之道的Ken与鹰见。为了惩治罪犯，Ken二人却决定不惜一切代价……,经典电影暂无评价,China,Chinese,1990s,1,https://movie.douban.com/subject/1304302/
不夜城,1998,日语 / 普通话,日语,外语为第一语言,李志毅,剧情 / 爱情,中国香港 / 日本,8.2,23881,刘健一（金城武饰）是新宿歌舞伎町的混混，身为台湾与日本人的残留孤儿，混血的他被叫作半唐番，不为社会所容纳。歌舞伎町有着上海帮、福建帮、北京帮、台湾帮等，各方力量形成复杂的角力形势。年关将至，似乎是因为健一的前度拍档吴富春（椎名桔平饰）返回歌舞伎町，他因杀死元成贵（曾志伟饰）的手下而逃亡，元成贵遂限令健一在三日内交出富春，否则二人便只有死路一条。此时左藤夏美（山本未来饰）出现，她称与有过节，为了活命甘愿出卖一切，健一被她吸引。富春终于现身，偷袭元成贵的情妇黄秀红的夜总会“上海滩”，令健一陷入绝境。所有人都劝他离开歌舞伎町，但真相并不是那么简单，命运并没有眷顾二人……,经典电影暂无评价,China,Chinese,1990s,1,https://movie.douban.com/subject/1307679/
我是谁,1998,英语 / 粤语 / 荷兰语,英语,外语为第一语言,陈木胜 / 成龙,喜剧 / 动作 / 科幻,中国香港,7.7,130264,三名科学家在非洲大陆发现了一种神秘的矿石，这种矿石具有极强的杀伤力。就在这三名科学家携带矿石返回的途中，美国中央情报局派出了由11名来自不同国家的特种兵组成的特别行动小队将科学家和他们成果劫持了。情报局内部出现了内鬼，想把这一成果据为己有。于是，他命令负责接应的飞行员制造了一次空难，以此来杀人灭口和掩饰其已夺取了成果。特别行动小队几乎全军覆灭，只有队员杰克（成龙 饰）侥幸逃生。当杰克被当地的土著救活时，他因剧烈的碰撞而丧失了所有记忆，自己的名字、来历通通都一无所知。他逢人只会问“我是谁”。为了查明自己的身世，杰克回到了纽约……,成龙以极其硬核的特技动作与横跨全球的公路冒险，延续了经典动作喜剧美学，高空速降镜头令人叹为观止。,China,Chinese,1990s,1,https://movie.douban.com/subject/1300303/
新恋爱世纪,1998,粤语 / 英语 / 日语,粤语,外语为主(外语2/中文1),王晶 / 叶伟民,爱情,中国香港,6.5,1984,气质不俗的美穗（刘嘉玲）虽只是一名普通的化妆品销售员，却有满怀抱负，当生活中遭遇不顺心的事时，一想起一表人才将来定会出人头地的男友比尔（黎明）就会重拾信心。但比尔空有经济头脑始终寻不到机遇，辛苦多年仍是普通小职员一名，终令美穗彻底失望离他而去。数年后，比尔功成名就，也有了名叫雪儿（舒淇）的影星女友寄放感情。比尔和美穗又在东京相遇时，比尔发现自己仍深深爱着美穗，但此时美穗即将与江湖老大“和平哥”结婚。为了不让遗憾再次发生，比尔放下雪儿开始与“和平哥”展开爱情竞争，却也没能将美穗挽留。比尔伤心之际，发现真爱（ANN LEE）其实一直在身边。,经典电影暂无评价,China,Chinese,1990s,1,https://movie.douban.com/subject/1468903/
玻璃之城,1998,英语 / 汉语普通话 / 粤语,英语,外语为第一语言,张婉婷,剧情 / 爱情,中国香港,7.9,63918,在1997年的除夕夜，英国伦敦的人们都在准备迎接新年的到来，为新年的到来欢呼庆祝。此时一辆汽车失事撞毁了，港生（黎明 饰）和韵文（舒淇 饰）是车上的一对中年男女，他们在人们的欢呼声中逝去。经调查发现，原来他们是一对偷情的爱侣，由于各自都有家室，家中亲人大怒，只派了他们各 人的儿子及女儿处理后事。刚开始这两个年轻人都认为对方的父母破坏了自己的家庭幸福，各有怨恨。当他们翻查警方交给他们有关父母的资料的时候，才从照片、书信、日记等东西中，看到了他们父母当年美好的爱情故事……,影片用唯美深情的声画配合，将爱恨纠葛与时代变迁完美交织，展现了如玻璃般脆弱而又璀璨的浪漫。,China,Chinese,1990s,1,https://movie.douban.com/subject/1303590/
红色恋人,1998,英语 / 汉语普通话,英语,外语为第一语言,叶大鹰,剧情 / 爱情 / 战争,中国大陆,7.2,13521,佩恩（泰德·巴勃考克 Todd Babcock 饰）是生活在上海租界里的一名美国医生，一次偶尔的机会，他认识了国民党特务皓明（陶泽如 饰）。皓明年轻时受十月革命的感召也曾有过伟大的红色理想，但白色恐怖的残酷却让他改变初衷，拿起了屠杀共产党的屠刀。皓明的妻子自杀前把女儿秋秋送进了教会学校，秋秋（梅婷 饰）长大后在共产党人靳（张国荣 饰）的影响下加入共产党并且与靳假扮夫妻隐匿在上海为身患重病的靳治病。秋秋出现在佩恩面前时，佩恩对这个美丽的中国女人一见钟情。然而当他得知秋秋和靳的故事之后，在决定不顾一切的帮助他们的同时，还见证了那段浪漫又凄美的红色之恋。,影片以宏大的史诗视角和细腻的角色刻画，重现了那段烽火连天的战争岁月与人性的光辉。,China,Chinese,1990s,1,https://movie.douban.com/subject/1298207/
顾城别恋,1998,英语 / 汉语普通话 / 德语 / 粤语,英语,外语为第一语言,陈丽英,传记 / 剧情 / 爱情,中国香港,5.5,1705,风景如画的新西兰威克岛，像孩子一样天真又像孩子一样疯狂的诗人古城（冯德伦 饰），在山顶以特有的韵律吟诵着生命的诗歌，他在学校的铁栏外急切地呼唤着儿子的名字，却在冷酷的法律面前败退下来。古城生长在被狂热运动席卷的新中国，作为坏分子被批斗的父母给他留下难以磨灭的印象。他在激昂的红色革命歌曲声中结识了超凡脱俗的雷米（李绮红 饰），在平凡的四合院中邂逅了天使一般的清儿（森野文子 饰）。诗歌连缀起三个青年男女的生命，任性的孩子在命运中最重要的两名女子的陪伴下纵情玩耍。只可惜他们没有在那座小岛构筑梦中的天国花园，一切相遇都只是悲剧的开始……,经典电影暂无评价,China,Chinese,1990s,1,https://movie.douban.com/subject/1400123/
三条人,1999,英语 / 日语 / 粤语,英语,外语为第一语言,杜可风,,美国 / 日本 / 中国香港 / 新加坡,7.3,789,浅野在冲绳。他有著异于常人的忆，对他来说，每个字有生命、有触觉、有味觉和颜色，他决定带著这些负载过重的回忆逃向大海。恍惚间，漂浮到一座「闻起来不坏」的城市－－香港。 凯文在香港有一家酒吧，他用go-to-hell的心情迎接每一天，虽然，总随中原标准时间一般准时喝醉，虽然，永远都不记得发生过什么事。他的生活格言就是「记不得的事永远要比记得的多」无论如何，他还是个理楼情人，忠实好友，有著热情好客的性格。最后，再加上一个充满异想的魅幻女子，舒西。 一日，在记得与不记得之间，他们相遇了.....,经典电影暂无评价,North_America,Chinese,1990s,1,https://movie.douban.com/subject/1301950/
化骨龙与千年虫,1999,英语 / 粤语,英语,外语为第一语言,张敏,喜剧 / 犯罪,中国香港,6.0,2733,小混混“化骨龙”（张家辉 饰）与母亲（罗兰 饰）相依为命，因一次撞车，化骨龙被老差骨“千年虫”（李修贤 饰）扣下，所幸龙母的装傻技巧助其脱身。四处欠下高利贷的化骨龙母子二人为了躲债不得不时常做戏躲避追债，这日龙母赌马命中，收利的化骨龙却遇上债主被仇家所杀，无意中发现了债主藏钱所在的化骨龙侥幸逃出，又被千年虫作为该命案的重要征人予以全天候的“保护”，只见过凶手屁股的化骨龙思忖脱身后盗走凶案现场的藏金，无奈千年虫的女儿清纯可人，他终不忍离去。另一方面，凶手按照千年虫公布的信息，找到了化骨龙母子，引发龙、虫二人携手对抗凶徒。,经典电影暂无评价,China,Chinese,1990s,1,https://movie.douban.com/subject/1434049/
我的1919,1999,英语 / 法语 / 汉语普通话,英语,外语为第一语言,黄健中,剧情 / 传记 / 历史,中国大陆,8.5,35712,1919年，随着第一次世界大战结束，被战火蹂躏的欧洲尚未恢复元气，旨在解决战争遗留问题和奠定和平基础的巴黎和会准备召开，中国作为战胜国之一，派出了时任驻美公使、全权代表顾维钧（陈道明 饰）等五人组成的代表团参加和会。然而在欧美各国以及日本等列强意欲重新划分势力范围的大环境下，中国代表团人数遭到削减、德国在山东的利益眼看也要落入日本之手。顾维钧在会议上慷慨陈词，驳斥日方无理要求，然而公理在利益面前显得多么脆弱。顾维钧好友肖克俭（何政军 饰）之妻梅（许晴 饰）专程赶赴巴黎，寻找投身爱国工人运动的克俭。克俭在法国的活动、以及国内浩大的群众呼声令和会中的顾维钧等感受到责任重大。,《我的1919》以细腻写实的镜头笔触与深邃饱满的情感表达，生动展现了日常琐碎背后的生活真谛。,China,Chinese,1990s,1,https://movie.douban.com/subject/1316511/
无问题,1999,日语 / 粤语 / 英语,日语,外语为第一语言,张坚庭 (Alfred Cheung),喜剧 / 爱情,日本 / 中国香港,5.3,184,大二郎(冈村隆史饰)是个个子矮小丶不起眼的男人，某天被身为功夫迷的漂亮女朋友玲子(佐藤康惠饰)留书分手并前往香港工作。伤心欲绝的大二郎下定决心，要到香港找回玲子。到了香港，透过朋友健一的介绍到摄影棚工作，建一并且告诉完全不会说广东话的大二郎：『不管人家对你说什麽，你只要回答【MO MEN TAI】准没错。』但是粗心的健一却忘记告诉他这句话是『没问题』的意思。心中充满期待的大二郎，努力地工作着，并被委托作替身，即使接受洪金宝使尽全力的回旋一踢，如子弹般横飞出去，痛得快要无法呼吸的大二郎，口中只说出三个字：『MO MEN TAI』…。无论如何被踢被打，大二郎也只说：『MO MAN TAI』，也因此片厂的人都对他另眼相看，逐渐地变成了有名的替身。在一次机会中遇到了玲子却受到如陌生人般的冷眼相待。有一天，大二郎遇到一个同为寻找爱人的大陆偷渡少女流青(宋欣妮饰)，男性的纯情性格让大二郎觉得非帮助她不可，於是约定帮她找到男友明，在没有玲子的情况下，大二郎与流青两人渐渐习惯彼此的存在，等到终於找到明在香港居住的地方时，两个人兴奋的拥抱在一起，就在这相拥的瞬间，两人也意识到可能再也无法在这样相处，虽然高兴，心情却跟着变得复杂起来。在流青即将离开前，大二郎拜托流青将他对玲子的思念，转达给玲子知道，可是玲子始终无动於衷，将流青送到明的住处後，大二郎流下男人的纯情泪。可是事情并不是就此为止，大二郎收到一封信，流青的男友明要求大二郎付十万元的分手费，否则流青将遭遇不测。原来明是个流氓，流青落入恶人之手，为了她的安危，这笔钱是非付不可了，大二郎决心接受谁都无法预知的危险替身，一次把十万元赚到。可是这一次大二郎真的会『MO MEN TAI / 没问题』地笑着完成任务吗？,,East_Asia,Chinese,1990s,1,https://movie.douban.com/subject/1302289/
疯狂英语,1999,英语 / 汉语普通话,英语,外语为第一语言,张元,纪录片,中国大陆,6.6,854,,经典电影暂无评价,China,Chinese,1990s,1,https://movie.douban.com/subject/1308344/
红河谷,1999,英语 / 汉语普通话,英语,外语为第一语言,冯小宁,剧情 / 历史 / 爱情,中国大陆,7.8,52501,一个男子（邵兵饰）救下了被乡民准备供奉给雨神的女子（应真饰），两个人一起流落到了一个藏族部落，开始了他们新的生活。在这里，他们认识了美丽的藏族公主（宁静饰）。后来，英国探险队在雪山遇险，琼斯（尼克饰）和罗克曼（波尔饰）也被藏民救下，留在西藏修养。在这段时间的相处中， 他们跨越了民族和肤色，培养除了深厚的感情。不久，伤养好后，英国人也离开了。没想到再一次重逢居然这么快，而且，是以这么一种残酷的方式。为了各自的信仰和立场，曾经的朋友站在了对立的两边，只有巍巍的雪山默默的见证着这一切。,冯小宁执导的国产历史悲歌，以藏地壮丽的风光与藏民反抗侵略的英勇，谱写了一曲可歌可泣的人道主义赞歌。,China,Chinese,1990s,1,https://movie.douban.com/subject/1305182/
上海正午,2000,英语 / 汉语普通话 / 西班牙语,英语,外语为第一语言,汤姆·戴伊,动作 / 冒险 / 喜剧,美国 / 中国香港,6.4,27706,故事发生在清朝，蓓蓓公主（刘玉玲 饰）由皇帝主婚，必须嫁给皇族亲王，公主心里十万分的不愿意。这时，不怀好意的英文教师安德鲁看出了公主心意，怂恿她出逃美国。公主出逃后，安德鲁留下了一封勒索信给皇帝，所要赎金十万金条。这下皇帝慌了神，马上派出三名大内高手带上赎金前往美国营救公主。大内侍卫黄强（成龙 饰）在公主出逃时曾见过她，不过并没能拦下她，对公主一直不能忘怀。于是，他请求当翻译的叔叔为他说请，让他参与营救行动。侍卫队长批准了他的请求，一行人正式踏上了美国。,经典电影暂无评价,North_America,Chinese,2000s,1,https://movie.douban.com/subject/1297866/
东京攻略,2000,粤语 / 日语 / 英语,粤语,外语为主(外语2/中文1),马楚成,动作 / 喜剧 / 剧情,中国香港,6.4,63180,Maise（陈慧琳 饰）与男友高桥裕二（仲村亨 饰）相恋多时，高桥却在结婚当天突然失踪了。Maise决定前往东京寻找高桥，同时装修师父毕大勇（郑伊健 饰）为了追逃Maise欠下的装修费用，便决定跟着她前往东京。互相不信任的二人到了高桥在东京的家，遇到了一直跟踪高桥的私家侦探林贵仁（梁朝伟 饰），原来高桥与黑帮伊藤（阿部宽 饰）的妻子有奸情，于是失踪了。三人最后联手起来，决定一定要找到失踪的高桥，与黑帮抗争。随着追踪的层层深入，Maise也知道了高桥、毕大勇还有林贵仁的真实身份。,影片融合了东京的都市风情与轻松的特工打斗，梁朝伟的雅痞气质给港式动作喜剧增添了独特魅力。,China,Chinese,2000s,1,https://movie.douban.com/subject/1307043/
公元2000 AD,2000,英语 / 粤语 / 汉语普通话,英语,外语为第一语言,陈嘉上,动作 / 惊悚,中国香港 / 新加坡,5.4,3078,皮特（郭富城 饰）自幼失去了父母，和哥哥格瑞高（黄文永 饰）过着相依为命的生活。皮特一直生活在哥哥无微不至的照顾之下，从来不用为生计苦恼。格瑞高的真实身份，是专攻网络的黑客特工，让皮特没有想到的是，哥哥竟然因为参与了攻击国防安全系统，出卖情报而惹来了杀生之祸。皮特失去了哥哥的庇护，坚信哥哥的清白，亦知道相信哥哥的只有自己。他联手好友班尼（吴彦祖 饰）和珍妮特，来到了新加坡，开始着手调查事件的真相。随着时间的推移，调查的深入，一个关系到国防安危的阴谋渐渐浮出了水面。皮特和警方合作，决心找出幕后黑手，替哥哥报仇。,经典电影暂无评价,China,Chinese,2000s,1,https://movie.douban.com/subject/1307875/
有时跳舞,2000,英语 / 汉语普通话 / 日语 / 粤语,英语,外语为第一语言,关锦鹏,剧情,日本 / 中国香港 / 中国大陆,6.7,904,五个不同城市不同身份的人各怀目的抵达一个叫浮游州的小岛。Haruki（大泽隆夫）原是日本某杂志的撰稿人，因患上肺病，来到小岛休养生息。Sharon（李嘉欣）是美国银行界的女强人，偕好友Marianne（桃井熏）到小岛只为游玩，偶尔那段不愿回忆的童年生活会蹦到其眼前。美玲（舒琪）是谎话精，为跟新男友约会来的小岛。阿汉（张智霖）则是刚拍完一套情欲片的新偶像，来小岛是想在没完没了的档期夹缝里喘一口气。小岛正蔓延一种叫“Stone”的致命病毒的消息被政府宣布后，这五个陌生人的命运被连在了一起，面对可能马上就会到来的死亡，五人做出了表面看来不同的反应。然而无论是将生命纵放，还是恐惧不安或泰然处之，均缘自特殊时空里猛然发现自己生命的空洞无物。,经典电影暂无评价,East_Asia,Chinese,2000s,1,https://movie.douban.com/subject/1308239/
李小龙：勇士的旅程,2000,英语 / 粤语,英语,外语为第一语言,李小龙 / 约翰·利特尔,纪录片,美国 / 英国 / 中国香港,9.1,1656,李小龙的遗作《死亡游戏》于一九七八年公映，当中只有约十一分钟的片断有他亲自拍摄。一九九四年一次偶然的机会下，约翰。力图先生与李小龙遗孀李莲达女士在李氏爱达荷州的故居中，发现李小龙筹拍《死亡游戏》的武术设计手稿及剧本等，其中部分片段，并没有在公映的《死亡游戏》中出现。这个发现激发他致力寻找有关片段的决心。力图先生是唯一一位 获授权使用李小龙的文字手稿 、照片、及其其他影像资料的人。他于同年飞抵香港，与嘉禾高层商量寻找这些片段的在事宜。在李莲达女士和功夫片研究者龙比意先生的协助下，他终于从嘉禾片仓中找到《死亡游戏》弃片。之后他根据李小龙原来的剧本剪接成《死亡游戏之旅 》这部长九十分钟的记录片，当中包括约二十五分钟李小龙原为《死亡游戏》所拍，而从未曝光的珍贵片段。,极其珍贵的李小龙纪录片，完整还原了死亡游戏的武学理念，见证了一代宗师的截拳道哲学。,North_America,Chinese,2000s,1,https://movie.douban.com/subject/1305710/
死亡的游戏,2000,英语 / 粤语,英语,外语为第一语言,大串利一,动作,日本 / 中国香港,8.6,4507,李小龙真正的遗作：《死亡的游戏》（比《死亡游戏》多了个“的”字，主角叫“海天”，而不是“卢比利”）《死亡的游戏》于2000年发布，收录于《勇士的旅程》当中。《勇》是一部半纪录片半电影片。数十年来流传的“李小龙的最后之作”《死亡游戏》，其实真正的主演是唐龙，李小龙本人的原创镜头只有十几分钟，其余皆为唐龙替身演出，只是片尾的CAST表依然署上李小龙的名字，唐龙也因此成为了不是主演的主演。这部补拍的影片与李小龙原来的构思完全不同，原故事讲一班绝世高手到一座五层塔夺取一件宝物，塔内每层都由一位高手把关。当日除了李小龙还有其余两个演员（补拍版中两人的戏份被删除）一齐上塔闯关，而李氏在戏内一边打斗一边说出他的武学理论，在七九年上映的版本中却全部删剪了。唐龙原名金泰中，韩国功夫影星，主演过《死亡游戏》和《死亡塔》。在这里还要指出一点的就是《死亡塔》里根本就没有李小龙，里面的片段都是他身前所排的几部电影里的一些剪接片段，和唐龙（替身）的背影。在这部《死亡游戏》里面讲述的故事是：巨星奴彼力被黑帮追上杀而上演了一幕瞒天过海的死亡游戏，在暗中复仇。最后一举直捅了黑帮的老巢……很可惜的是，被修改过后的1978版《死亡游戏》根本不是李小龙当年的原始构思。剧中只保留了部分的打斗场面（李小龙当年所拍的原始片段），其中还删节掉了将近12分钟的李小龙对韩国合气道高手（豹殿）的精彩打斗（在香港上映的版本则有补上），还有在虎殿里对依鲁山度大师的二节棍打斗、以及对黑人贾巴尔的也有删节。所以我们看见的叫《死亡游戏》的根本不是真正的《死亡游戏》，也不是李小龙当年的原始构思。李小龙当年的原始构思是： 李小龙是一名少林弟子，与其他两位武术家一起去闯一个五层的高塔来得到塔顶上面的宝藏。塔外是由50人镇守的。他们三人顺利通过。塔外，是一群功夫武士把守； 第一层，由池汉载的武打影星弟子黄仁植（曾在《猛龙过江》中扮演日本空手道武士）把守； 第二层“豹殿”，由螳螂派高手把守；第三层“虎殿”，由“菲律宾棍王”丹·伊鲁山度把守； 第四层“龙殿”，由韩国合气道金带宗师池汉载把守；第五层无名殿，也是最难的一关，由身高2.18米的NBA“天勾”、黑巨人贾巴尔把守。当李小龙一人闯完全部的关数后上到第五层。终于看到了自己辛苦打拼的宝藏箱。但当他打开后没有看到一个金银珠宝只看到一张纸条上面写着：“生就是一个等待死亡的过程”最后电影给人一个这样具有禅理的结局。这才是李小龙当年的原始构思。但当时他只拍了自己跟合气道高手、伊鲁山度、贾巴尔的一些完整的片段，是完整的。还有《死亡游戏》并不是当年李小龙所想要的片名虽然电影的英文片名叫《game ofdead》表面翻译来看的确是《死亡游戏》。但在当年拍电影的花絮上NG片段上都有一块标有什么电影第几场的开排牌（现在拍电影也有），上面用中文很清楚的写着《死亡的游戏》。1994年一次偶然机会下，John Little 与 Linda Cadwell(小龙妻)在故居中发现小龙筹拍《死亡游戏》的武术设计手稿及剧本，其中有40分钟由小龙自己拍摄而未曝光的珍贵片段。后来John Little 与 BeyLogan 在嘉禾片仓中寻得这些片段，再根据小龙原来的剧本剪接成约90多分钟的纪录片，命名为《死亡游戏之旅》(Bruce Lee - A Warrior'sJourney)。此片在2000年11月于香港电影资料馆作全球首映。,经典电影暂无评价,East_Asia,Chinese,2000s,1,https://movie.douban.com/subject/5401681/
西洋镜,2000,英语 / 汉语普通话,英语,外语为第一语言,胡安,剧情 / 历史 / 爱情,中国大陆 / 德国 / 中国台湾 / 美国,7.5,4863,喜欢捣鼓新鲜玩意的刘京伦（夏雨 饰）是丰泰照相馆的伙计，偶然一次机会认识了来北京放影戏的英国人雷门，银幕上的会动的影像使让这个年轻人着了迷，于是他便背着掌柜和亲人跟着雷门一起拍影戏放影戏。影戏的放映抢了伶界大王“谭贝勒”的热闹，不过他依然对这种洋人的玩意嗤之以鼻。一次进宫给慈禧太后祝寿时放映机意外爆炸，雷门因此被赶出中国，刘京伦心灰意冷之时只能重回丰泰照相馆当伙计。然而雷门从英国寄来的一些胶片，胶片里记录着他们当初在街头巷尾拍摄的北京城日常生活，刘京伦对于影戏的热情又重新被燃起。后来，便有了中国的第一部电影《定军山》。 影片取材于真实历史事件，讲述了中国电影诞生的历史。此片在第三十七届台湾金马影展上获得最佳改编剧本奖。,影片以温情细腻的笔触，讲述了电影传入中国之初的文化碰撞与融合，京腔京韵十足，时代感极其浓厚。,China,Chinese,2000s,1,https://movie.douban.com/subject/1304489/
黄连.厚朴,2000,英语 / 汉语普通话,英语,外语为第一语言,丁荫楠 Yinnan Ding,剧情,中国大陆,8.1,834,老北京四合院中，住着世代名医龚老太爷（朱旭 饰）一家。虽说儿媳于莲舫（王之夏 饰）与儿子离了婚，但碍于师徒关系他仍象以前一样对待她。一天，老爷子正在座诊，女婿任大伟带自己的老总来瞧病，把完脉，老爷子面无表情地仍出一句吓人的话：不用开药了，回去准备后事吧。张悦当年插队时就 爱着于莲舫，如今她已离婚，可张悦面临升职，不敢对妻子提离婚的事。龚晓默与于莲舫离婚后去了国外，如今带了个洋媳妇珍妮回来，龚家小院一片喜气。珍妮研究中国历史，也热爱中国文化，她敬佩于莲舫的医术，很快赢得于莲舫和女儿珠珠的好感。任大伟的老总果然死了，大家十分惊叹老爷子的眼力，纷纷讨教......,经典电影暂无评价,China,Chinese,2000s,1,https://movie.douban.com/subject/1422907/
龙火,2000,粤语 / 英语 / 日语,粤语,外语为主(外语2/中文1),葛民辉,剧情,中国香港,6.1,121,讲述一男一女的故事：男的来自香港——中国的南部，说广东话；女的来自札幌——日本的北部，说日本语。虽然两人来自不同的角落，却在东京邂逅相识，并且因为同一个念头：“希望可以在天安门前拍摄一张照片,,China,Chinese,2000s,1,https://movie.douban.com/subject/1300255/
不死情谜,2001,粤语 / 英语 / 日语,粤语,外语为主(外语2/中文1),刘伟强,剧情 / 爱情 / 犯罪,中国香港,6.4,893,香港重案组督察Sam（黎明）率众捣毁了某跨国犯罪组织的巢穴，并把该组织首脑之一Night（尹子维）捸捕归案，但他没想到的是， Night会在其花重金聘请的能言善辩的律师团的帮助下仅以协助偷运人蛇罪被判3年监禁，对此Sam虽很失望，但仍暂时舒了口气，携妻子Ann来到巴黎游玩散心。谁料Night的哥哥Day派的杀手早在巴黎埋伏。在巴黎购物中心，Ann不幸被杀手暗杀，Sam虽侥幸逃脱，却无法安然接受事实。回到香港后，Sam 辞掉了督察职务，开始了隐居生活，可是在无意间结识来自日本的漂亮女记者（濑户朝香）后，他对生活又有了新的理解。,经典电影暂无评价,China,Chinese,2000s,1,https://movie.douban.com/subject/1308558/
与查理斯午餐,2001,英语 / 粤语,英语,外语为第一语言,迈克尔·帕克,剧情 / 喜剧 / 爱情,加拿大/中国香港,7.1,166,阿唐与爱宝结婚三年了，两人却因为工作原因分居香港和加拿大两地。爱宝为了让阿唐移民过去陪她，谎称自己正在与一个白种人约会，让阿唐坐立不安，只能前往语言不通的加拿大寻找爱宝。,,North_America,Chinese,2000s,1,https://movie.douban.com/subject/1297381/
买凶拍人,2001,粤语 / 法语 / 日语,粤语,外语为主(外语2/中文1),彭浩翔,犯罪 / 动作 / 喜剧,中国香港,8.2,131422,职业杀手Bart（葛民辉饰）技艺高超，雇主很多，收入不俗。他与妻子阿玲（方子璇饰）居于高级住宅区，小日子过的非常滋润。可惜好景不长，金融风暴后夫妻二人陷入经济危机。Bart迫于无奈，便为有钱太太杀人服务，不想有钱太太要求苛刻，要Bart在杀人之余还得拍下杀人过程，方泄心头之恨。Bart深明顾客至上的道理，决定找一个拍档合作。凑巧Bart在酒吧见到导演阿全（张达明饰），二人一拍即合，成为了杀手导演二人组，一时间生意大增，一连串的“买凶拍人”行动随即展开。后来江湖大佬标哥听闻，决定聘Bart及阿全代劳，杀死社团叛徒大雄，并要拍下影带，好让他有真凭实据能向社团交代，稳坐执事人一职。这次买凶拍人行动能否成功呢？,彭浩翔以极具黑色荒诞的无厘头解构，将电影创作与职业杀手融合，讽刺了当时香港电影业的萧条与困境。,China,Chinese,2000s,1,https://movie.douban.com/subject/1300616/
你那边几点,2001,英语 / 法语 / 汉语普通话 / 台语,英语,外语为第一语言,蔡明亮,剧情 / 爱情,法国 / 中国台湾,7.9,10873,父亲离世后，来到天桥摆摊卖手表的小康（李康生）同母亲一样，虽自觉与其并无多少情感，却无法摆脱其在精神上的无处不在。因为一块可以显示出巴黎与台北时差的手表，小康结识要去巴黎的湘琪（陈湘琪 饰），自此，精神抑压的他以为同巴黎（湘琪 饰）取得了某种形式的关联，获得某种虚空的安慰。当小康通过把时钟调快7小时、观看电影《四百击》等形式来表达他对湘琪暧昧的思念时，远在巴黎的湘琪也并没能从生活中找到多少积极的意义。无论同性（叶童）还是异性，她均无法从他们身上得到想要的温暖。,经典电影暂无评价,Europe,Chinese,2000s,1,https://movie.douban.com/subject/1294540/
候鸟,2001,英语 / 汉语普通话,英语,外语为第一语言,丁亚民,剧情 / 爱情,中国台湾,7.0,1688,方宁（刘若英 饰）带着五岁的儿子和丈夫郭文亮（黄品源 饰）移民来到了加拿大，为了维持生计，郭文亮整日在外工作，被忽视的方宁则同许多和她有着一样遭遇的“移民太太”们待在一起打发着时间。郭文亮的父母也来到了加拿大，没想到两人却成为了矛盾的导火索。郭文亮口袋里的陌生口红仿佛在向方宁示威，怎么也想不到丈夫竟然有外遇的方宁一时间陷入了不知所措之中，就在这个节骨眼上，一个名叫西恩（Michael Telgen 饰）的英俊男人走进了方宁的生活，想要和丈夫感同身受的方宁决定在西恩的身上体验一下外遇的感觉。人那么强大，却无法控制自己的感情，方宁感到整个事件都在走向失控的边缘。,经典电影暂无评价,China,Chinese,2000s,1,https://movie.douban.com/subject/1307217/
刮痧,2001,英语 / 汉语普通话,英语,外语为第一语言,郑晓龙,剧情 / 家庭,中国大陆,7.5,32341,电脑游戏设计师许大同（梁家辉 饰）与妻子简宁（蒋雯丽 饰）在美国奋斗了8年，事业有成。一次意外却令美好的家庭变得愁云惨雾：5岁的儿子生病了，老父亲（朱旭 饰）用传统的中国民间刮痧帮孙子治病。大同夫妻继而被控告虐待儿童，一个又一个物证人证令夫妻俩百口莫辩，西医根本无法了解这种传统中国疗法。因为这件事，父子与夫妻都不得已的分开了。大同伤心欲绝，面对儿子与妻子，他能做什么为自己伸冤呢？事情又能否得到圆满的解决呢？,影片通过一个刮痧事件，深刻展现了中美文化背景的剧烈冲突，对跨文化理解进行了引人深思的探讨。,China,Chinese,2000s,1,https://movie.douban.com/subject/1297187/
千禧曼波,2001,汉语普通话 / 日语 / 英语,汉语普通话,外语为主(外语2/中文1),侯孝贤,剧情 / 爱情,中国台湾 / 法国,7.2,24625,年轻生命的消耗像是一首风驰电掣的摇滚乐，以热情洋溢的节奏，疯狂起始，然後又在某个浑然忘我的时刻，曳然而止。电音感官的放纵、暗夜生涯的浪荡、过渡爱情的沈沦、江湖义气的不归路，都是多少热血灵魂曾经走过的无悔无憾。一个年轻女孩活在她自己的异世界里，写着虚幻颠簸的年轻故事。迷幻的时序，跳跃的空间，所有事件都在若有似无的混沌里进行。女孩名叫Vicky(舒淇 饰)，带着五十万存款，跟小她两岁的双鱼座男小豪(段钧豪 饰)拍拖。小豪是无业游民，以极度自私的方式爱着Vicky。他精准计算着她下班回家的时间，检查她的各种帐单与手机通话记录，并且嗅窥她身上的气味，然後在发现不寻常的蛛丝马迹之後，歇斯底里地发怒，让猜疑迷惑了年轻冲动的心智。两人这样互相折磨着，不平衡的恋情难以长久。Vicky为了养小豪而在酒店当公关，她有一群玩伴，带她在PUB里认识了捷哥。捷哥年长而成熟，他们在一起像是大哥骄纵着小妹。Vicky开始觉得她需要到另一个世界，於是在一个苍白的日子里，她想要离开，离开小豪，离开这个岛屿的不安，她想要逃得远远的...,影片以极具沉醉感的长镜头和摇曳迷离的霓虹光影，捕捉了世纪之交年轻人的虚无与迷惘，展现出朦胧慵懒的诗意美学。,China,Chinese,2000s,1,https://movie.douban.com/subject/1873535/
庭院里的女人,2001,英语 / 汉语普通话,英语,外语为第一语言,严浩,冒险 / 剧情 / 爱情,中国大陆 / 美国,6.8,1237,1938年，日军的铁蹄蹂躏中华大地，而江南水乡的吴府却宛如立身桃花之源，过着与世隔绝的安逸生活。吴府女主人吴太太（罗燕 饰）40岁寿宴那天，其好友康太太难产，命悬一线。吴太太匆匆赶往好友处，在此偶遇孤儿院的洋人医生安德鲁（Willem Dafoe 威廉•达福 饰）。安 德鲁不顾中国传统观念的偏见，用西洋艺术将康太太从死神手中夺回。不久吴府请安德鲁为少爷吴凤慕（赵耀翰 饰）传授西学。凤慕同情爱慕父亲的小妾秋明（丁艺 饰），但父亲已经为其定下康家的小姐为妻。凤慕每天闷闷不乐，而吴太太却和安德鲁在授课中逐渐为对方所吸引。这两对人的恋情将何去何从……,经典电影暂无评价,China,Chinese,2000s,1,https://movie.douban.com/subject/1306346/
新十字街头,2001,英语 / 汉语普通话,英语,外语为第一语言,蒋晓真,剧情,中国台湾 / 中国大陆,5.7,194,杨少（刘若英 饰）是一个在美奋斗多年、事业成功的设计师，纽约律师史蒂夫（爱伦·希克 饰）一直被她的才艺所倾倒。父亲离世，杨少回沪奔丧，巧遇老赵的儿子赵铭（赵劲 饰），对人生地不熟的杨少赵铭给予了诸多帮助，杨少十分感激。赵铭与好友黄毛（蔡满寿 饰）准备开一间新型娱乐场，杨少母亲的祖宅位置很合适，但杨少想把房子卖掉重返美国，赵铭一时难以张口。杨父生前好友的女儿玲玲（黄奕 饰）是赵铭的女友，她托杨少帮她办理出国手续，而此时史蒂夫专程从大洋彼岸飞来求婚，杨少的心中已被赵铭占据，她处在了一个新的“十字街头”......,,China,Chinese,2000s,1,https://movie.douban.com/subject/1305992/
特务迷城,2001,粤语 / 普通话 / 英语 / 法语 / 土耳其语 / 韩语,粤语,外语为主(外语4/中文2),陈德森,动作 / 喜剧 / 惊悚,中国香港,6.6,25940,从小习武的健身器材店营业员小北（成龙）有奇异的预感能力，梦想有天成为特务。凭借预感及身手，小北将打劫银行的劫匪当场逮捕，成为新闻人物，引来私家侦探的注意，怀疑他可能是其韩国客户朴元正失散多年的儿子，决定带他去见朴元正的律师。好奇心驱使，小北决定跟随律师到韩国寻找身世之谜，不想刚与朴元正见面对方就过世。从美国某周刊女记者福喜（金玫）口中，小北知晓朴氏夫妇本为著名的双重特务，遵循着朴元正的遗言，小北在福喜的帮助下又来到土耳其找到了一笔鉅款，并邂逅了神秘女子咏（徐若瑄）。得意忘形之际，小北开始遭遇一连串莫名其妙的袭击，令他意识到身边早已危机四伏。,经典电影暂无评价,China,Chinese,2000s,1,https://movie.douban.com/subject/1302242/
紫日,2001,汉语普通话 / 俄语 / 日语,汉语普通话,外语为主(外语2/中文1),冯小宁,剧情 / 战争,中国大陆,8.4,55875,二战即将结束时，忠厚老实的中国老百姓杨玉福（富大龙）被苏联红军从日本人的屠刀下救出。向后方转移的路上，苏军误入日军军营，一场激战过后，杨玉福和女军医娜佳（安娜•捷尼拉洛娃）逃进林区，碰上与日军失散的少女秋叶子（前田知惠）。由于一直被灌输军国主义思想，秋叶子一心要置杨玉福和娜佳于死地。几次险境过后，娜佳无法忍受秋叶子的作为，让杨玉福杀了她，但后者不忍下手。茫茫林区里，语言不通的三人经过一系列磨难，渐渐产生情谊，秋叶子意识到自己之前行为的荒谬，展露出纯真一面。然而，欢笑只是暂时，战争并没将他们遗忘，悲剧在不久后发生。,以诗意而残酷的镜头，将中日苏三个不同立场的个体置于宁静荒野中，在人性的苏醒中拷问战争与仇恨的虚无。,China,Chinese,2000s,1,https://movie.douban.com/subject/1308078/
三更,2002,韩语 / 英语 / 汉语普通话 / 泰语 / 粤语,韩语,外语为第一语言,金知云 / 朗斯·尼美毕达 / 陈可辛,爱情 / 悬疑 / 奇幻,中国香港 / 韩国 / 泰国,7.4,28748,该片由香港、韩国与泰国三位导演陈可辛、金知云与Nonzee Nimibutr的三部短片《回家》、《失忆》与《轮回》组成。《回家》讲于辉（黎明）鉴于以往经验，深信用中药泡澡能令自己死亡三年的妻子（原丽淇）复活，但因行为诡异致使警察邻居（曾志伟）警觉，引发悲剧。《失忆》讲妻子（金慧秀）死后的灵魂回忆其被丈夫（郑普硕）杀害的过程。《轮回》则是借泰国两种截然不同的传统艺术，通过街头艺人哥东（舒伟烈）的一系列离奇遭遇，讲述了“不是不报，时候未到”的因果报应。,经典电影暂无评价,China,Chinese,2000s,1,https://movie.douban.com/subject/1307488/
十分钟年华老去：小号篇,2002,英语 / 汉语普通话 / 西班牙语 / 芬兰语 / 巴西土著语,英语,外语为第一语言,陈凯歌 / 维克多·艾里斯 / 沃纳·赫尔佐格 / 吉姆·贾木许 / 阿基·考里斯马基 / 斯派克·李 / 维姆·文德斯,剧情,西班牙 / 英国 / 德国 / 芬兰 / 中国大陆 / 美国,8.5,25026,《十分钟年华老去 大提琴篇》的姊妹篇，由七位知名导演各自执导摄制而成，共同讲述发生在短暂十分钟里的人情冷暖。《狗没有地狱》里刑满出狱的男人带着女友一起远走故乡莫斯科，是坚贞的爱情与灵魂的回归；《生命线》中由呱呱坠地的新生儿讲起，平静安详；《几千年前》讲述的是现代文明带给原始部落的冲击跟入侵；《国际组织·拖车·夜晚》借休息的女演员视角，透视着大千世界里的形形色色；《距离托那12英里》是挣扎在生死线上的宝贵十分钟；《我们将被掠夺》发生在戈尔竞选总统失败的最后十分钟里；《百花深处》向我们讲述一段“模拟搬家”的荒唐闹剧。,影片由多位大师联手创作，以风格迥异的影像实验探讨时间的无情流逝，富有哲理诗意与极致的镜头美学表达。,Europe,Chinese,2000s,1,https://movie.douban.com/subject/1291563/
天脉传奇,2002,英语 / 普通话/国语,英语,外语为第一语言,鲍德熹,冒险 / 动作 / 爱情,中国 / 中国香港 / 中国台湾 / 日本,5.4,19094,早在十三世纪，西藏的能工巧匠制作了“敦煌之心”，它是能够打开保存玄奘舍利子之处的宝物。数百年来，当初在敦煌守卫舍利子的僧人们渐渐变成了一个杂技世家，延续着自己保护圣物的神圣使命。这个杂技世家的最新一代传人——白嫣飞（杨紫琼 饰）、白跃童姐弟正在青岛进行表演，而此时，白嫣飞的前任男友、父亲（赵文瑄 饰）的徒弟艾里克（本•卓别林 Ben Chaplin 饰）应大亨卡尔的要求，成功盗得了敦煌之心。艾里克获悉敦煌之心的秘密后，又再次从卡尔手中偷走了宝物。带着敦煌之心的艾里克找到白氏一家，白嫣飞怨恨艾里克三年来音信全无，但是家族的使命令她不能退缩，愤怒的卡尔派遣手下对白家袭击，双方在敦煌展开了一场宝物争夺之战……,经典电影暂无评价,China,Chinese,2000s,1,https://movie.douban.com/subject/1302786/
无问题2,2002,日语 / 粤语,日语,外语为第一语言,钱嘉乐,动作 / 喜剧 / 爱情,日本 / 中国香港,5.7,278,木村健介因为崇拜功夫来到香港，阴差阳错中和杀手----无影门的叛徒“无敌”发生冲突，他利用杀虫剂熏昏了这个武林高手，但却被某日本财团的副总裁误以为木村健介是无敌，要他杀掉自己的侄女太田由美子，以谋夺侄女的遗产。木村健介却爱上了由美子，由美子却被副总裁的手下催眠，木村健介被陷害，被警方追捕。无敌也在寻找木村健介，以图报复。无影门的高手从警察局中救出了木村健介，想利用木村健介抓获无敌，木村健介却希望无影门的高手帮他救出由美子。在复杂的事件中，一串串令人捧腹的笑料不停产生。 饰演木村健介的岗村隆史是日本著名谐星，有消息说，成龙有意与他合作拍摄《尖峰时刻3》,,East_Asia,Chinese,2000s,1,https://movie.douban.com/subject/2004250/
极地营救,2002,英语 / 汉语普通话,英语,外语为第一语言,张建亚,剧情,中国大陆,5.0,1562,飞行员格桑在新婚前执行最后的任务时飞机失事，特意从广州赶来的新娘项莉医生忍住巨大的悲伤，留在西藏工作。一年后，为了拯救县委书记生命，项莉前往古格王国，不料途中遭遇狂风暴雨，泥石流等一系列天灾。为了拯救车中人的生命，军方出动陆航直升机救助，因为当地情况复杂，决定请出当初与格桑共同执行任务却幸存的范康，而范康受到毁机刺激，已经多年未飞行。当听说这次救援的人中有当初未来得及成为新娘的项莉时，范康决定参加这次行动……,经典电影暂无评价,China,Chinese,2000s,1,https://movie.douban.com/subject/1827826/
爱情灵药,2002,英语 / 汉语普通话,英语,外语为第一语言,苏照彬 / 李丰博,冒险 / 喜剧 / 悬疑,中国台湾,7.5,3727,一家日本电视台筹划“台湾不良高生改变计划”节目，栏目组抵达台湾，由此与几个年轻人产生了互动……意外购得暗杀名刀“全丸”的断掌三兄弟筹划行劫，却一直被有道德洁癖的疯警察（戴立忍 饰）追索。而十七岁的高才生林祖状（光良 饰）自幼为自己过长的下体苦恼，所幸在十岁那年，贩卖黄书的书店郑老板（陈升 饰）收纳林祖状在店内帮手，亦用黄书使林摆脱自卑，得到女性的安慰，岂料林从此对真人失去兴趣，令暗恋他的女生谭小英（刘虹桦 饰）心碎。不久郑老板急病身亡，遗嘱林祖状拜访他暗恋多年的疯警察之妻，林在警察家里终于确定了自己的真爱，他带着郑老板的期许，去找寻那个心中的女孩……,经典电影暂无评价,China,Chinese,2000s,1,https://movie.douban.com/subject/1308533/
赤裸特工,2002,英语 / 粤语,英语,外语为第一语言,程小东,动作 / 剧情 / 爱情,中国香港,6.4,87051,本片是程小东于2002年导演的香港动作惊悚片，该片当年在香港上映第一周就获得了价值70000多美元的票房。Madame M集团在世界各地专门诱拐十二、三貌美少女，将她们软禁在荒岛上进行地狱式的特训，钻研各类型的战斗知识及暗杀技巧。从小训练她们成为既出色又性感的特工。通过六年非生即死的选拔最后只剩下三名非常出色的杀手Charlene（Maggie Q 饰）、Katt（安雅 饰）及Jing。CIA专案小组指挥Jack（吴彦祖 饰）一直致力捣破Madame M的杀人集团，在香港举行的一场龙舟竞渡中偶遇Charlene，两个大大出手，但在了解Charlene和进一步相处后这对兵贼渐渐互生情愫。Madame M拉拢日本赤军龙三郎（连凯 饰）合作更大的非法勾当。改邪归正的Charlene和Jack一起手刃敌人后在同一座庙里求到了同一只签……,经典电影暂无评价,China,Chinese,2000s,1,https://movie.douban.com/subject/1307762/
下一站…天后,2003,粤语 / 英语 / 日语,粤语,外语为主(外语2/中文1),马伟豪,剧情 / 喜剧 / 爱情,中国香港,6.5,31219,家中以卖鱼为生的金大喜（蔡卓妍饰），热爱唱歌的她从小便发明星梦。一个机会让她进入了Harry(陈小春饰)的唱片公司担任歌手Shadow的助手。加入了他们之后才发现，Harry与弟弟阿荣（余文乐饰）不和，Shadow的兴趣更不是在唱歌方面。金大喜极力为他们解围，令原本冷冷清清的一家人多了许多温暖。本来就互有好感的阿荣跟Shadow的撮合下成为恋人。Shadow被唱片公司任命灌录唱片，使五音不全的她十分为难，便开玩笑的要让金大喜帮她开腔，怎料Harry误让老板听到了那首歌，并扬言要大力宣传。Harry只好求金大喜扮演幕后代唱的位置。Hary知道金大喜的心意，并为她争取了一个出演的机会，不料被对头人陷害，最后还是要帮Shadow代唱，令大喜黯然，可是阴差阳错的事情又发生了……,影片是港式经典都市甜宠剧，在动听的主题曲中，轻松勾勒出追梦少女的成长与欢喜冤家的爱情。,China,Chinese,2000s,1,https://movie.douban.com/subject/1299649/
人民公厕,2003,韩语 / 粤语,韩语,外语为第一语言,陈果,剧情,韩国 / 中国香港 / 日本,6.4,4103,冬冬（阿部力）诞生并被抛弃于北京的某间公厕，今已长到18岁的他为了带大他的身患重病的婆婆漫游世界去找寻一种奇异灵药。从北京到香港、釜山、印度、纽约，随着寻药记的上演，浪漫杀手（李灿森）、一头金发的韩国人（张赫）、来自深海的奇女子、讲广东话的印度人等等各式奇怪人物逐次出场，与他发生碰撞，他们和冬冬一样，所做只为拯救所爱的人。而他们自己灵魂的孤独、无助与卑微，经过某些古老文化的滋润，似乎重又焕发了生机，因此可说，周游世界为拯救所爱的人努力的过程，亦是他们寻找自己的生命意义的过程。,陈果导演用手持DV的粗粝纪实镜头横跨多国，在荒诞奇诡的寻药行旅中完成对生死与救赎的哲思。,East_Asia,Chinese,2000s,1,https://movie.douban.com/subject/1307959/
双刀,2003,英语 / 汉语普通话,英语,外语为第一语言,陈奕利,短片 / 动作,中国台湾,7.8,591,美籍华人Alexi Tan导演，此片全以好莱坞制作模式及班底拍摄，摄影师Andrzej Sekula曾拍摄电影《落水狗》及《危险人物》，而女主角则是曾参演电影《3X反恐暴族》的黑人女演员Leila Arcieri，至于两名奸角Noel Gugliemi和Danny Trejo，则分别曾参演《笑神无敌》及《非常小特务》等。,,China,Chinese,2000s,1,https://movie.douban.com/subject/1866480/
双雄,2003,英语 / 汉语普通话 / 粤语,英语,外语为第一语言,陈木胜,惊悚,中国香港,6.4,37357,自负能干的“保护要员组”警员李文健（郑伊健 饰）因性格问题与女友Brenda（林嘉欣 饰）的感情亮起红灯。因为一起棘手案件，他与正在监狱服役的原警方心理组的催眠师黎尚正（黎明 饰）打上交道。尽管知晓黎尚正厉害的李文健表现得异常谨慎，却仍被黎尚正神不知鬼不觉的催眠，助其盗 走了要保护的南非宝钻。在寻回宝钻的过程中，李文健发现黎尚正盗钻实属无奈，他其实是一个正直、善良、忍辱负重的真男儿，决意协助他来共同对抗拿其妻子（徐静蕾 饰）和好友一双儿女的性命进行威胁的黑帮大枭欧阳锐（吴镇宇 饰），并在此过程中回归了与Brenda的感情。,经典电影暂无评价,China,Chinese,2000s,1,https://movie.douban.com/subject/1308482/
古墓丽影2,2003,英语 / 汉语普通话,英语,外语为第一语言,扬·德·邦特,动作 / 冒险,美国 / 德国 / 日本 / 英国 / 中国香港,6.6,56466,罗拉•克劳福特（安吉丽娜•朱莉 饰）这名勇于挑战的探险家继续她的探索之路。这次是寻找早已沉入大海的月神庙。根据资料显示，月神庙内埋藏了传说中的“潘朵拉魔盒”。而一股巨大的能量正存在与这个魔盒当中，同时间邪恶的势力也对这个股力量虎视眈眈。因为这股力量的巨大能足以摧毁整个人类世界，邪恶的势力企图利用的话后果不堪设想。罗拉一边寻找这股传说中的神奇力量，一边与香港黑帮的头目斗智斗勇。到底罗拉能不能顺利获得这股力量，保卫整个人类世界的安全呢？,爆米花娱乐大作的延续，在世界各地遗迹展开冒险，以安吉丽娜·朱莉的飒爽英姿与动作戏码为核心看点。,North_America,Chinese,2000s,1,https://movie.douban.com/subject/1307657/
大块头有大智慧,2003,粤语 / 英语 / 印地语,粤语,外语为主(外语2/中文1),杜琪峰 / 韦家辉,动作 / 剧情 / 惊悚,中国香港 / 中国大陆,6.7,73024,大隻佬（刘德华 饰）在跳艳舞时与前来扫黄的警花李凤仪（张柏芝 饰）相遇，同时，重案组亦在附近调查一起印度人杀人案。大隻佬逃跑时与逃走的印度逃犯不期而遇，最后逃犯逃走了，大隻佬被当成了嫌犯抓回了警局。其实大隻佬以前是大陆一名武僧，因好友小翠惨死，悲伤过度在树下不慎打死小鸟，对着小鸟坐禅7天7夜因而获得能看到因果的能力——看到结果时，便能看到因由。他看到了小翠的死是因果，他打死小鸟是因果，因无法平静接受这一切，他还俗了。这次，他看到了李凤仪，看到了日军在杀人，便知她罪业太重，会遭遇横祸。为了帮助这位心地善良的警花，他开始暗中帮助她，帮她屡破奇案，救她于危难，希望能帮她洗刷罪业……,影片融合了悬疑惊悚与佛学因果哲学，以港式警匪片的类型外壳探讨了缘起缘灭的深邃禅意。,China,Chinese,2000s,1,https://movie.douban.com/subject/1300359/
电影香江：刀光剑影,2003,英语 / 粤语,英语,外语为第一语言,伊恩·泰勒,纪录片,中国香港 / 美国,7.7,573,大导演吴宇森、刘家辉，女侠郑佩佩，亚洲影帝姜大卫、洪金宝，邵氏四大导演楚原，武打女影后惠英红一同回顾华语武侠片发展！此特辑收录了由最初中国上海制作的武侠电影片段，至近年扬威海外由李安执导的《卧虎藏龙》，通过重温不同年代制作的武侠片，带领观众纵横5000年中国历史及腥风血雨的武林真相；此外，多位知名武侠片巨星珍贵的访问片段，包括闻名中外的大导演吴宇森、武打巨星刘家辉，“邵氏四大导演”之一楚原，武打女影后惠英红，亚洲影帝姜大卫，一代功夫片大师刘家良师傅，著名武术指导兼导演,,China,Chinese,2000s,1,https://movie.douban.com/subject/1900006/
紫蝴蝶,2003,汉语普通话 / 日语 / 越南语,汉语普通话,外语为主(外语2/中文1),娄烨,剧情 / 历史 / 爱情,中国大陆 / 法国,6.8,11616,1928年，伪满洲国的日本翻译伊丹英彦（仲村亨）离开中国情人丁慧（章子怡）返回日本，数年后他再回中国来到上海时，变身高级特务。而此时丁慧已成为地下抗日组织的成员，并与该组织首领谢明（冯远征）相爱。抗日组织去火车站接从外地聘请的暗杀日本情报人员山本的杀手时，误认其为小职员司徒（刘烨），混乱中，丁慧杀死司徒女友依玲（李冰冰），司徒则被伊丹英彦抓获。对一系列遭遇无比迷惑的司徒被释放后，发誓要为依玲报仇。丁慧与伊丹英彦重逢，成为两股势力互相设局要利用的重要棋子，她本人正为误杀无辜饱受内心折磨。某个日本会所举办的舞会上，伊丹英彦告诉丁慧山本与谢明均已死，丁慧震惊想刺杀伊丹英彦之际，司徒持枪闯进舞会。,影片以摇晃的镜头、迷蒙的影调和压抑的叙事，表现了抗日时期特工个体的命运沉浮与情感挣扎。,China,Chinese,2000s,1,https://movie.douban.com/subject/1303217/
鬼子死了,2003,日语 / 汉语普通话,日语,外语为第一语言,蒋钦民,剧情 / 战争,中国大陆,7.2,129,1944年，我国东北一个孤独的铁路小站上只有三个人，站长和他的妻子，还有一个扳道工人大崔。他们被迫为日本人工作。 一天，火车送来了一个负伤的日本上尉浩太郎和他的小马夫、中国孤儿大头辫。 不知什么原因，这个日本军官酷爱种植向日葵，他在小站周围种下了满山的向日葵，精心培育、侍弄着。 为了显示他是日本英雄，他强迫强健的大崔与他比武，大崔在站长的暗示下故意输给浩太郎，被他发觉，浩太郎认为受了屈辱，开枪打伤了大崔。大崔发誓要亲手杀死这个日本人。 小马夫的辫子不小心碰掉了浩太郎的乐器，浩太郎剪掉了他那代表家庭血骨的辫子，仇恨使小马夫愤怒，在为浩太郎洗澡时企图用开水烫死他。 在一个葵花盛开的日子，浩太郎发疯似的用刀乱砍葵花，站长妻子碰巧看到，上前劝说，却险遭强暴，她拼命挣扎才逃脱，老实本分的站长被激怒了，他拿起菜刀奔向鬼子的住处…… 秋天，站上惟一的日本军人死在浴盆里，日本宪兵队派人来调查死因。在审讯过程中，查明是由于他渴望和平安静的生活，对现实绝望而自杀。 为遮掩不光彩的事实，宪兵队严刑拷打、恐吓、逼供、引诱这四个中国人招认杀人，将他们推到了死亡的边缘。 直到半个世纪后，审讯过这四个人的宪兵队长为自己在中国犯下的罪行忏悔。,,China,Chinese,2000s,1,https://movie.douban.com/subject/1451361/
台北二一,2004,日语 / 汉语普通话,日语,外语为第一语言,杨顺清,剧情,中国台湾,6.7,379,阿宏（蔡信弘 饰）和小瑾（林孟瑾 饰）是一对交往七年的恋人，这七年里，两人的感情从最初的亲密浓烈逐渐转向稳定平淡，虽然失去了往日的激情，但两人依然将彼此视为生命中最重要的人。阿宏二十七岁的生日即将到来，为了替阿宏庆祝生日，小瑾偷偷的定了一间酒店套房，谁知道阿宏得知此消息并没有觉得高兴，反而向女朋友发了一大通脾气。在这一瞬间，小瑾突然醒悟，也许阿宏并不是那个能够满足自己对爱情的幻想的男人，而他们之间的感情，也许早已经在某一个不知名的夜晚就走到了尽头。小瑾决定和阿宏分手，但他们可是相依为命了七年的恋人啊。,,China,Chinese,2000s,1,https://movie.douban.com/subject/1400265/
哥斯拉之终极战役,2004,粤语 / 英语 / 日语,粤语,外语为主(外语2/中文1),北村龙平,动作 / 冒险 / 奇幻,日本 / 澳大利亚 / 美国 / 中国大陆,6.6,1773,数年前，人类以超级战舰“轰天号”，在南极击溃“哥吉拉”，并且将“哥吉拉”封印在地底下。但是地球除了“哥吉拉”以外，还有许许多多的怪兽，对各大人类都市虎视眈眈。于是，人类成立了“地球防卫部”，专门对付各种怪兽的入侵。而地球防卫部最强大的成员，就是当年封印哥吉拉的“轰天号”以及其舰长“道格拉斯·戈登上校”。此外，为了应付怪兽对人类造成的困扰，地球防卫部特别甄选了有特殊能力的人类，这些“超人类”拥有普通人类所没有的“M染色体”，让这些人类拥有比普通人更强大的体能跟敏捷性，以应付怪兽的攻击，其中的佼佼者就是“尾崎真一少尉”。就在不久之前，人们挖到一个巨大怪物的遗骸，而且怪物拥有机械跟生物的本质，怀疑能够将生物跟机械结合起来的怪物应该来自于外太空。不久，尾崎真一收到来自婴儿岛“小美人”的警告，这个怪物是当年被“魔斯拉”给封印的“盖刚”，盖刚的出现代表着人类的危机。就在盖刚出土不久，世界各地突然在同一时间，遭受到了各大怪物的攻击，一时之间让地球防卫部忙的焦头烂额。但是突然出现的神秘飞行器，却将这些怪物全部都带走。这些自称“X星人”的外星来访客，声明自己是人类的朋友，要跟人类建立起同盟关系，更声称有一个巨大的星球即将撞上地球。但是在尾崎真一还有道格拉斯等人的调查之下，发现根本就没有神秘星球要撞击地球。而那些怪兽根本就是外星人侵略地球所释放的，X星人根本是要把人类当作粮食来利用。虽然外星人的真面目被揭穿，但是外星人拥有不可思议的超能力，还有手下听命于外星人的巨大怪物。地球防卫军最后被歼灭，只剩下轰天号还苟延残喘著。此时，道格拉斯想出一个大胆的计策，就是解开南极哥吉拉的封印，让代表地球最强大怪物的哥吉拉，去面对这些外星来的侵略者....,导演以极具个人风格的暴力美学和快速剪辑，将怪兽乱斗演化为一场极度狂热的亚文化盛宴。,East_Asia,Chinese,2000s,1,https://movie.douban.com/subject/1422931/
地铁光影：侯孝贤与小津安二郎,2004,法语 / 中文,法语,外语为第一语言,哈罗德·曼宁,纪录片,法国 / 中国台湾 / 日本,7.7,150,,,Europe,Chinese,2000s,1,https://movie.douban.com/subject/2060793/
大事件,2004,英语 / 汉语普通话 / 粤语,英语,外语为第一语言,杜琪峰,动作 / 犯罪 / 剧情,中国大陆 / 中国香港,6.8,50408,香港警队被元（任贤齐 饰）率领的悍匪打得无力还击的一幕被电视摄制队拍了下来，全港市民哗然。为了声誉，全港3万多的警员都投入到缉拿重犯的行动中。重案组督察恒（张家辉 饰）跟踪元到了一栋大厦，在他们正想行动时，副指挥官Rebecca（陈慧琳 饰）却打算把整个过程通过电视现场直播。恒与其他队员都带上了微型摄影机冲入了现场，大厦内早已躲着另一班劫匪，形势凶险，Rebecca却想剪掉此片断。在大厦内挟持人质的元把在闭路电视上录到的警匪搏击片段发给了传媒，警方更加尴尬了。元挟持人质对抗警察，恒救出了人质，逃跑了的元遇到了Rebecca，Rebecca从未见过恒跟元，便误以为元是警察恒，元将计就计，想借此脱身。,经典电影《大事件》是一部极具艺术深度的杰作，深刻探讨了人性的复杂与救赎，值得细细品味。,China,Chinese,2000s,1,https://movie.douban.com/subject/1308855/
少年阿虎,2004,粤语 / 韩语 / 英语,粤语,外语为主(外语2/中文1),李仁港,动作 / 剧情 / 爱情,中国香港 / 韩国,6.0,6383,温柔美丽的韩藉华侨金美娇（金贤珠饰）为逃避感情创伤，只身来到香港。希望过一段安静生活的美娇，碰巧受到前大学同学的邀请，当上大学暑假班韩文教师。第一堂课上，她便遇上了反叛不羁的学生于建邦（吴建豪饰）。这个沉默寡言、在课堂上一直打瞌睡的学生，并没有给美娇留下好印象，两人互相敌对对方。慢慢地，美娇开始对这个执着并倔强的男孩有了好感，建邦对于拳击的热爱也深深感染了美娇，两人竟渐渐产生了微妙的爱的感觉。建邦一直梦想能与顶级拳手阿TANK（安志杰饰）在擂台上一决高下，便开始努力争取出赛资格。然而一波三折，建邦圆梦无望。与此同时，美娇的旧情人来到香港，她竟要重回旧情人的怀抱。,经典电影暂无评价,China,Chinese,2000s,1,https://movie.douban.com/subject/1301562/
新警察故事,2004,英语 / 汉语普通话 / 粤语,英语,外语为第一语言,陈木胜,动作 / 犯罪 / 剧情,中国大陆 / 中国香港,7.7,280892,陈国荣（成龙 饰）的所在那一组警察是警队精英，破案无数。阿祖（吴彦祖 饰）是总警师的儿子，却勾结了几个高官子弟( 蒋怡丶尹子维丶安志杰丶叶山豪)挑战警方。他们到银行抢劫，警钟敲响警察赶到时，就把阿荣及队员带进了一个早已设计好的空旷仓库里。警员都陷进了匪徒早已设计好的游戏程序里，残忍的被杀害，连阿荣女朋友可颐 （杨采妮 饰）的弟弟也被无法幸免。阿荣就此被停职，出于内疚也跟可颐分手了。 终日喝得烂醉的阿荣在酒吧遇到了阿锋（谢霆锋 饰），阿锋为了使阿荣振作起来，决定假扮警察告诉阿荣自己是上司派来要求得到阿荣协助翻案的新警员。 阿荣又遇到那群狠狠打击他的罪犯，与他们斗志斗勇，在警花莎莎（蔡卓妍 饰）的协助下知道匪徒当年的事件被编成了一部游戏，同时也知道了当年为何情报被泄漏的原因。,经典电影暂无评价,China,Chinese,2000s,1,https://movie.douban.com/subject/1306160/
时差7小时,2004,英语 / 汉语普通话,英语,外语为第一语言,刘晓光,喜剧 / 爱情,英国 / 中国大陆,4.3,6903,16岁的中国女孩珍（妞妞 饰）独身赴英国留学，当她在伦敦机场徘徊之际，校方派来接站的香港留学生DJ（陈冠希 饰）心不在焉的出现了，DJ索要了珍的小费之后带她参观校园，珍的土气举动让DJ啼笑皆非。因为自己的音乐梦想，DJ被负责任的钢琴教师盯住不放，昔日的橄榄球队友汤姆看着DJ远去的背影只能徒呼奈何。珍在周围同学的捉弄中渐渐适应着留学生活，阴差阳错又接下橄榄球队后勤经理的苦差，但珍用自己的乐观勤勉打动同学们并最终扭转了他们的态度。橄榄球队成绩不佳，珍出面招募新队员的同时DJ和汤姆为争夺珍暗中较劲。校际橄榄球比赛开始了，曾经是球队主力的DJ无法在琴房中安心练琴，他最终还是奔向了心爱的球场……,经典电影暂无评价,Europe,Chinese,2000s,1,https://movie.douban.com/subject/1308973/
最后的爱，最初的爱,2004,英语 / 日语 / 汉语普通话,英语,外语为第一语言,当摩寿史,爱情,中国大陆 / 日本,6.3,3618,因为遭遇到友情与爱情的背叛而心受重创的日本男子——早濑(渡部笃郎 饰)被日本的一家汽车公司派到上海分公司任职。郁郁寡欢的他结识了上海一对姐妹花。姐姐方敏（徐静蕾 饰）美丽大方，聪慧善良；妹妹方琳（董洁 饰）活泼可爱，青春洋气。姐姐方敏对这个忧郁的绅士产生了好感，同时妹妹方琳也爱上了这个来自异国的英俊男子，她向早濑热情示好，全然忽视与自己青梅竹马的阿德（陈柏霖 饰）的一片痴心真情。心如死水的早濑渐渐被善解人意、温柔善良的方敏所打动，同时拒绝了方琳。而方敏在知道自己身患绝症后，一次又一次地拒绝了早濑的示爱。但最终还是被这个深情的男子感动，两人紧紧相拥。方琳在得知姐姐与早濑的恋情之后，痛斥方敏，让方敏伤心欲绝。方敏的病渐渐恶化，得知真相的方琳向姐姐忏悔。有着深爱自己的男人陪在身旁，方敏露出安静的笑容，躺在爱人怀里静静地离开了人世。,经典电影暂无评价,China,Chinese,2000s,1,https://movie.douban.com/subject/1451413/
海南鸡饭,2004,英语 / 汉语普通话 / 法语,英语,外语为第一语言,毕国智,剧情 / 喜剧 / 同性,新加坡 / 中国香港 / 澳大利亚,7.1,11402,珍（张艾嘉 饰）早年被丈夫抛弃，勤劳持家的她在新加坡开了一家海南鸡饭餐馆，生意兴隆，亦有好友照顾陪伴，然而三个儿子却让她操心不已。得知大儿子和二儿子都是同性恋者之后，思想保守的珍把全部希望寄托在小儿子Leo（LePham Tan 饰）身上，盼望他能够成家生子。然而敏感的母亲却从Leo和同性好友的交往中看出了不妙的势头。于是珍灵机一动，请来漂亮青春的法国女孩（梅拉尼·罗兰 Mélanie Laurent 饰）住进家里，盼望她和儿子可以擦出火花。西方女孩活泼开朗，为这个东方家庭注入不少新鲜活力，也和Leo建立了不错的感情。母亲大为宽慰之时，Leo却因为同性好友的离去而黯然伤神，他开始明白自己无法喜欢面前这个法国女孩，珍的用心良苦付诸东流。同时生意上的挫折，让珍陷入了心情的低谷……,影片以极具温情幽默的家常喜剧风格，探讨了中华传统家庭伦理在大都市下的冲突、包容与和解。,Other,Chinese,2000s,1,https://movie.douban.com/subject/1309013/
电影香江之功夫世家,2004,英语 / 汉语普通话 / 粤语,英语,外语为第一语言,Ian Taylor,纪录片,美国 / 中国香港,7.6,663,素材多取自天映娱乐数字修复邵氏老片，资料方面不仅有内地影迷难得一见的《侠女十三妹》、《如来神掌》、关德兴“黄飞鸿”电影等超级古董重现天日给大家补过基础课程，还有吴宇森、成龙、李连杰、郑佩佩、姜大卫、刘家良、刘家辉、楚原等知名影人侃侃而谈、回忆过往，从多个角度呈现了邵氏电影王国的昔日辉煌。纪录片以回顾邵氏武侠、功夫影片为主，所以在讲到由竞争对手嘉禾制造的另一个功夫电影高峰李小龙作品时语言相当节制，但个人以为宣扬邵氏至上并没有错，该片集的意义所在就是让那些走过录像厅时代的人重温美丽时光：当久经沙场的我们再次捡起被我们视做“老土”而遗忘多年的老电影，会惊讶的发现，真正老了的是我们，电影永远是新的！,,North_America,Chinese,2000s,1,https://movie.douban.com/subject/1481732/
飞鹰,2004,英语 / 粤语,英语,外语为第一语言,马楚成,动作 / 冒险,中国香港,5.2,19607,2009年，好打抱不平的女侠飞鹰（杨紫琼）时常有惩奸除恶之举，深受市民爱戴，她的表面身份是名媛淑女鹭鹭。警察局长认为飞鹰的气焰有损警队威严，找来神探文仁（任贤齐）捉拿飞鹰。行动中，文仁巧遇师妹鹭鹭，因久未见面不知对方生活，两人重逢时他没立即将鹭鹭与飞鹰联系在一起。某日，鹭鹭的一名追求者何聪博士遭女贼（李冰冰）绑架，鹭鹭穷追不舍，终没抵过对手，她的举动引来文仁的怀疑。文仁从何聪助手身上探究线索，断定此案与太阳国的夏木集团主席夏木俊有关。解救何聪的行动中，鹭鹭又一次显露非凡身手，文仁开始将飞鹰与她作更为丰富的一体联想，双方关系亦变得十分微妙。,经典电影暂无评价,China,Chinese,2000s,1,https://movie.douban.com/subject/1307186/
伯爵夫人,2005,英语 / 法语 / 中文,英语,外语为第一语言,詹姆斯·伊沃里,剧情 / 历史 / 爱情,英国 / 美国 / 德国 / 中国,6.8,2494,故事发生在20世纪30年代的上海，托德（拉尔夫·费因斯 Ralph Fiennes 饰）是一位生活和事业都陷入了瓶颈的外交官，整日混迹于欢场和酒馆之间。刚刚来到这里的时候，托德也有过宏大和高远的理想，但渐渐失去的视力和复杂的权谋争斗让他无法再在职业的道路上前进下去。在一家夜总会里，托德结识了名叫索菲亚（娜塔莎·理查德森 Natasha Richardson 饰）女子。索菲亚曾是声名显赫的伯爵夫人，如今却沦为艳舞女郎，为了抚养十岁的女儿，她甚至不得不出卖自己的肉体。就是这样境遇相同的两人，不断的相互吸引着。不久之后，日侵华战争全面爆发，而此时，托德才发现了自己压抑已久的对于索菲亚的强烈爱意，这对心心相印的男女最终能否终成眷属呢？,经典电影暂无评价,Europe,Chinese,2000s,1,https://movie.douban.com/subject/1458237/
太行山上,2005,英语 / 德语 / 粤语 / 汉语普通话 / 日语 / 俄语,英语,外语为第一语言,韦廉 / 沈东 / 陈健,历史 / 战争,中国大陆,6.7,8145,1937年日军全面侵华后，华北危急。国共合作的背景下，红军改编为八路军，在总司令朱德（王伍福 饰）率领下东渡黄河奔赴前线抗战。山西实权人物阎锡山面对“国、共、日”三股力量颇为头疼，提出“守土抗日”口号，在民族大义的影响下，于形式上支持八路军抗日。朱德筹划于日军进犯山西的必经险地平型关截击，115师师长林彪临战指挥出色，成功击败板垣师团，史称“平型关大捷”。同时八路军用灵活的战术亦减轻了国军战场的压力。不久日军以优势兵力、装备围攻太原一线，蒋、阎战略判断失误，正面战场接连失败，八路军转入敌后根据地建设，自此拉开了军民抗击日寇的伟大事业……,经典电影暂无评价,China,Chinese,2000s,1,https://movie.douban.com/subject/2006172/
恋爱地图,2005,日语 / 汉语普通话,日语,外语为第一语言,下山天 / 易智言 / 张一白,爱情,中国台湾 / 中国大陆 / 日本,7.3,36783,东京尧远（陈柏林饰）从台湾来到东京深造，梦想是成为电脑动画师。但是苦于没有灵感，创作枯燥。一天在大街上偶遇一个浑身散发着哀戚气息的女子，尧远对她一见倾心。女子是年轻的画家美智子，最近正在遭逢失恋的痛楚。而因为爱情的感染，尧远重新激发了创作的欲望，为美智子画下一张张画……台北阿苏（范晓萱饰）彻夜不眠，组装书架。厚重的零件让她招架不来，便找来好友阿铁。阿铁第一次来台北，不懂中文。本以为可以发展一夜情的他看见只是干粗活，不过善良的他也痛快地帮起忙来。天亮了，阿苏请求他去跟前男友传个信，可是等来的回复从一句中文也不懂的阿铁嘴里说出来，已经支离破碎。阿苏哭了。坐在阿铁的摩托车背后穿越长长的隧道时，她紧紧抱住了他。上海云（李小璐饰）是一个爱打瞌睡的女孩子，和母亲相依为命。自从日本美少年修平来到上海并租了他们家一间房间后，云的感情就起了变化。她开始关注他，可是他对日本的恋人还念念不忘……,经典电影暂无评价,China,Chinese,2000s,1,https://movie.douban.com/subject/1396313/
无米乐,2005,日语 / 汉语普通话 / 闽南语,日语,外语为第一语言,颜兰权 / 庄益增,纪录片,中国台湾,8.6,707,75歲種稻的阿伯說，種田對他來說，是一種修行，風吹、日曬...有時候颱風來襲，農人是無法抵抗的，禪--就是不讓你反抗，你甘心忍受，農人都是如此忍受，像和尚修禪...靜靜的坐、靜靜的修，農人的勞動就是默默地修禪。一季望過一季，好壞冬望著好壞冬，靜待收成的到來，就像以前的人抓魚，這池子沒抓到魚，就換別的池子，總是有會抓到幾隻大魚，如此期待著，農人是如此期待著...。無米樂、無米樂，心情放輕鬆，不要煩惱太多，這叫做....無米樂啦！,,China,Chinese,2000s,1,https://movie.douban.com/subject/2000675/
爱神,2005,汉语普通话 / 意大利语 / 英语,汉语普通话,外语为主(外语2/中文1),王家卫 / 米开朗基罗·安东尼奥尼 / 史蒂文·索德伯格,剧情 / 爱情 / 情色,意大利 / 中国香港 / 美国 / 法国 / 卢森堡 / 英国,7.7,44362,该片是一部三段式主题（爱和性）电影，由米开朗基罗•安东尼奥尼（《危险临界点》）、史蒂文•索德伯格（《平衡》）和王家卫（《手》）三位导演联合执导。《手》讲的是1960年代的香港，年轻的裁缝（张震）多年不计回报地爱着交际花华小姐（巩俐）的故事，影像华丽，充满了质感又略带伤感。《平衡》的故事发生在1950年代的纽约，广告人尼克•彭罗斯（罗伯特•唐尼）总是被春梦困扰，只得向他的心理医生珀尔（阿兰•阿金）求助，基调虽荒谬反常，却也可看成颇有自嘲意味的幽默喜剧。《危险临界线》则仍是安东尼奥尼一向关注的现代社会中的男女关系主题，哲学味道浓烈。,《爱神》通过真切动人的叙事手法，剖析了人际的恕感纽带，音乐画面相得彰彰，是一部乙音绕梁的恕感力作。,Europe,Chinese,2000s,1,https://movie.douban.com/subject/1309029/
神话,2005,英语 / 汉语普通话 / 粤语 / 韩语,英语,外语为第一语言,唐季礼,动作 / 冒险 / 喜剧,中国大陆 / 中国香港,6.8,233552,骁勇善战的秦朝大将军蒙毅（成龙饰）受秦始皇所命，负责护送玉漱公主（金喜善饰）入秦为妃，一路上彼此情愫暗生，可蒙毅还是选择了效忠君主。秦始皇病危，蒙毅去拿长生不老药并战死沙场。而公主试药成功，在秦王死后被禁在秦王陵中……几千年后，梦中的神秘白衣女子缠绕考古学家Jack（成龙饰）多年，一次好友William（梁家辉饰）邀他一同前往印度探险，高僧告诉Jack他被一段前世缘分困扰，Jack来到古都，开始了寻梦之旅。Jack乘直升机到郦山上空，冒险跃入瀑布，情景一如梦境。但与此同时，却有歹人一直尾随。在秦王陵中又会有什么情景？千古神话能够延续吗？,影片以史诗般的秦代悲歌与现代探险交织，细腻谱写了一曲跨越千年的凄美浪漫爱情神话。,China,Chinese,2000s,1,https://movie.douban.com/subject/1307023/
经过,2005,日语 / 汉语普通话,日语,外语为第一语言,郑文堂,剧情,中国台湾,6.9,7212,2004年，故宫书画处助理研究员阿静（桂纶镁饰），自小听着资深员工阿超伯（田丰饰）的故宫往事长大，对故宫的山洞库房有着诸多想像。东横（戴立忍饰）是名自由作家，帮故宫撰写故事，一段失恋境遇让他相信残缺只是人生必经过程。退休的阿超伯一生的故事，成为东横写作的题材，更是阿静童年的最深记忆。阿静学姐的前男友东横情愫暗生她，渐渐冷漠的东横因她有了改变。一日，阿静在故宫遇见了日本人岛英一郎（荫山征彦饰），原来他是汽车公司的设计师，在公司的斗争中心灰意冷，想来寻找苏东坡的“寒食帖”，解开爷爷回忆的谜底……,经典电影暂无评价,China,Chinese,2000s,1,https://movie.douban.com/subject/1452109/
见鬼十法,2005,粤语 / 泰语 / 英语,粤语,外语为主(外语2/中文1),彭发 / 彭顺,喜剧 / 恐怖 / 惊悚,中国香港,6.5,19213,某泰国小青年乘车夜归，结果坐错公车，在一个陌生的地方下车。将错就错，他逛进一家书店，发现一本名为《见鬼10法》的书，书中罗列了换死人角膜、怀孕自杀、杯仙、十字路鬼、捉鬼迷藏、涂尸泥、屋内打伞、午夜对镜梳头、倒栽头和去死等十种见鬼方法，恐怖惊险却又引人入胜。在好奇心的驱使下，青年将书买回家中。不久，他和另外四个朋友聚在一起，这几个年轻气盛且胆大妄为的年轻人按照书中的指示玩起了见鬼游戏。然而，见鬼10法的恐怖之处在于，一旦开始便要进行到底，即使因此失去了性命……,经典电影暂无评价,China,Chinese,2000s,1,https://movie.douban.com/subject/1309217/
韩城攻略,2005,粤语 / 韩语 / 汉语普通话 / 英语 / 日语,粤语,外语为主(外语3/中文2),马楚成,剧情 / 喜剧 / 动作,中国香港 / 韩国,6.1,72731,刑警林贵仁（梁朝伟饰），隶属日本国防外务科特别侦缉组。美国政府悬红三千万美元追查号称“复仇者”的美金伪钞电版，林获知电版到了香港，便孤身深入黑帮内部盗取，却碰上美艳动人的女飞贼JJ（舒淇饰）。二人合力偷出电版，在最后关头JJ却出卖林，挟着电版逃脱。JJ得手后喜悦地打开铁箱一看，里面却早已被掉包。贵仁持着真的电版送往美国领事馆领赏，接待他的是领事馆职员Owen（任贤齐饰）。Owen带走电版称找专家验收，林却突然醉酒昏倒，醒来才知电版竟被Owen设计骗走。林贵仁于是追踪Owen到韩国，展开一场斗智斗勇的追逐战。其后不但引来JJ的介入，林贵仁更要面对伪钞集团龙头“北极熊”的连番狙击。,经典电影暂无评价,China,Chinese,2000s,1,https://movie.douban.com/subject/1393479/
龙刀奇缘,2005,英语 / 汉语普通话 / 粤语,英语,外语为第一语言,司徒永华,动画 / 动作 / 冒险,中国香港 / 中国大陆,6.3,359,传说可令持者所向披靡的潜龙刀，是一柄只能被心存正义之士运用的神兵利器，任何人若本着私心而求注定失败。一天，桃源镇正受着野猪王及神秘的夜行女飞贼的袭击破坏，为了对付怪兽与飞贼，拯救镇民，洪亮决定去寻这柄传说中的绝世兵器，途中遇自称知道潜龙刀的藏处，来自桃源仙境的仙鸟，面对潜龙刀藏处中不为人知的无穷危机，洪亮一心只希望尽力取得宝刀回来，打败野猪王救回他的一众朋友……,,China,Chinese,2000s,1,https://movie.douban.com/subject/1455769/
龙咁威2,2005,粤语 / 英语 / 法语 / 日语,粤语,外语为主(外语3/中文1),谷德昭,动作 / 喜剧 / 剧情,中国香港,6.3,3798,龙威（郑中基 饰）及好兄弟吴树喜（李灿森 饰）、黄金舟（张达明 饰）已成为警察2年了，但仍然沉迷游乐。他们几个来到了皇母瑶池村泡温泉，竟然破坏了飞虎队的围捕计划，原来是该村村民猫屎强偷走了镇村之宝的皇母娘娘像。为了平息民愤，警队决定把龙威几个派到该村当警长。村民们都觉得他们是瘟神，处处为难他们。龙威喜欢上了村中女孩小柔（杨爱瑾 饰），小柔父亲见龙威的骨骼精奇，便决定教会龙威咏春。龙威学有所成，打败了临村恶霸。因为龙威等人的善良，村民们也消除了对他们的成见。一年一度的皇母娘娘诞又来了，警方认为猫屎强会再次回到该村偷另一尊佛像，决定这次要将他绳之于法，但龙威却觉得猫屎强的到来是另有原因……,经典电影暂无评价,China,Chinese,2000s,1,https://movie.douban.com/subject/1419584/
东京审判,2006,英语 / 日语 / 汉语普通话,英语,外语为第一语言,高群书,犯罪 / 剧情 / 历史,中国大陆,7.4,81529,1946年，远东国际军事法庭在东京审判日本战犯，当时法庭由11个国家的11名法官组成，受中国国民政府的委任，以梅汝璈（刘松仁 饰）为首的中国法官在3月20日飞抵东京。《大公报》记者肖南（朱孝天 饰）负责远东国际军事法庭的全程跟踪报道，战前相爱的恋人和田芳子（林熙蕾 饰）与他相 会。在宴会上，肖南目睹了梅汝璈的激动和欢欣，却预感到此行必定多艰难。审判终于开庭了，中国代表团遭受到了种种困难和挫折，整个法庭不赞成死刑的人居然占多数。面对各国法官们的偏见与刁难，中国法官和检察官们与他们斗智斗勇，克服了对美国法律不了解的种种不利因素，在庭审辩论中取得了上风。最终法庭是否能将东条英机等臭名昭著的战犯送上绞刑架呢？,影片以庄重严谨的纪实法庭辩论张力，真实再现了正义对侵略战争的审判，传递了崇高的家国情怀。,China,Chinese,2000s,1,https://movie.douban.com/subject/1949812/
幻游传,2006,日语 / 汉语普通话,日语,外语为第一语言,陈以文,动作 / 喜剧 / 奇幻,日本 / 中国台湾,5.5,356,一个台湾日侨现代娇娇女，看不起家中的学徒，一次意外闯进时空隧道，才发觉古代里劫富济贫、行侠仗义的学徒曾为了救她而受伤，两人发展出一段情，随后、两人跟随道士，破除朝廷与邪教勾結的阴谋……「神遊情人」由台灣龍祥公司、日本角川集團、波麗佳音集團、OMEGA PROJECT集團及台日合組的NEW WAVE公司共同製作，耗資8000萬元拍攝，在台灣嘉義、大陸無錫等地取景，劇情描述田中麗奈演移民台灣的日本少女，意外墜入時光隧道，返回古代被認為是武功高強的俠女，和俠士陳柏霖、趕屍道士李立群展開驚異大冒險。田中麗奈片中時而潑辣時而溫柔，陳柏霖演的現代中藥店學徒個性憨厚，但搖身成古代俠士則豪邁瀟灑。兩人片中對手戲錯綜複雜，既多打鬧，又有親熱，還有勁爆的出浴戲。,,East_Asia,Chinese,2000s,1,https://movie.douban.com/subject/1840465/
我的老婆是大佬3,2006,韩语 / 粤语 / 法语,韩语,外语为第一语言,赵真奎,动作 / 喜剧 / 剧情,韩国 / 中国大陆,5.9,12491,香港最大黑道组织“华百联”的大哥林会长（狄龙 饰）因为社团斗争复杂，将家里的千金小姐阿玲（舒淇 饰）送到韩国来藏身。他拜托交好的韩国黑道大哥杨社长为他照顾女儿。杨社长为了保护好阿玲，没有向部下公开她的身份，只是让手下的基哲（李凡秀 饰好好保护阿玲。但基哲很不喜欢这个过于简单的任务，与阿玲一接触，双方都觉得对方很不顺眼。为了和阿玲做好沟通，基哲请了一个来自中国延边的女孩燕熙做翻译。但燕熙的口音和她的翻译方式并没有真正帮上忙。预想不到的是，阿玲和负责保护她的基哲随着接触增加，两人居然坠入了情网，难道黑社会家庭的暴力因子还不够，还要从国外“引进”吗？,影片在荒诞夸张的黑帮喜剧外壳下，借舒淇独特的东方野性柔情，展现了一段温馨幽默的跨国羁绊。,East_Asia,Chinese,2000s,1,https://movie.douban.com/subject/1870118/
无间道风云,2006,英语 / 粤语,英语,外语为第一语言,马丁·斯科塞斯,剧情 / 犯罪 / 惊悚,美国 / 中国香港,7.3,118006,波士顿南部的马萨诸塞州黑社会势力极为猖獗，其中最大的团伙要数弗兰克（杰克•尼科尔森 Jack Nicholson 饰）执掌的爱尔兰黑帮。警方为了剿灭他们，决定派警校毕业生比利（莱昂纳多•迪卡普里奥 Leonardo DiCaprio 饰）潜伏其中做卧底。警官的冷嘲热讽，让曾有过底层生活的比利甚为不爽，他曾希望做堂堂正正的警察，但是在强压之下也只得服从命令，在经过烧杀抢掠的洗礼后，他赢得了弗兰克的信任。与此同时，同是毕业生的科林（马特•达蒙 Matt Damon饰）因为缉私有功，获得了上级的嘉奖，并且正在跟心仪女友筹备婚事。而实际上，他是弗兰克安插到警队的一枚棋子，两人勾结牟取私利。警匪先后发现存在内鬼，一场猫鼠博弈由此展开……本片获得第79届奥斯卡金像奖最佳影片、马丁•斯科塞斯摘得最佳导演奖。,影片以宏大且富有张力的叙事风格，深入剖析欲望、权力和人性的博弈，彰显出大师级的视听掌控力。,North_America,Chinese,2000s,1,https://movie.douban.com/subject/1315316/
狗咬狗,2006,英语 / 汉语普通话 / 粤语 / 泰语,英语,外语为第一语言,郑保瑞,动作 / 犯罪 / 剧情,中国香港,8.1,78687,暗黑、摇晃的船舱，来自柬埔寨的杀手鹏（陈冠希 饰），狗一般在抢食已经洒在地上的残羹冷炙。甚至，在杀人前，还不忘点了满满一桌的食物，风卷残云之后再冷静杀人施然离去。因身为警察的父亲涉毒而大受的打击的重案组探员伟（李灿森 饰），冷漠，行事不按指令，孤僻暴躁。在追捕鹏的过程中屡屡失败而令他愈来愈走向极端，以暴制暴的手段充满了血腥。鹏在逃亡途中遇上了轻微智障女子（裴唯莹 饰），互生情愫，最终二人一起逃回柬埔寨。伟死心不惜，追到了柬埔寨。二人狗咬狗般的追捕和互相角力又开始了！,影片以极度压抑、脏乱的废土暴力美学，讲述了野兽般底层杀手在冷酷现实中的人性温情微光。,China,Chinese,2000s,1,https://movie.douban.com/subject/1853160/
玉战士,2006,芬兰语 / 汉语普通话,芬兰语,外语为第一语言,安蒂·朱西·安妮拉,动作 / 冒险 / 剧情,芬兰 / 荷兰 / 中国 / 爱沙尼亚,4.3,3086,千年之前的古代中国，只有一位身为铁匠儿子的剑侠（托米·艾昂 Tommi Eronen饰）可以杀死祸害世人的恶魔（成泰燊 Taishen Cheng饰）。他在杀死恶魔后便可以得到永生。在与恶魔决斗前，剑侠爱上了一位美丽的女子（张静初饰）。剑侠为爱对抗自己的命运，放弃了杀死恶魔的机会，希望能够重生和他深爱的人再次重逢。千年之后的现代芬兰，剑侠终于实现了他的愿望。然而当得知自己千年之前的使命后，他有该何去何从。首部中芬合拍史诗爱情电影《玉战士》，改编自极富神话色彩和抒情意味的芬兰民族史诗《卡勒瓦拉》。影片分别在芬兰、爱沙尼亚和中国浙江横店影视基地进行拍摄。如史诗般壮阔的中国古代场景配合冷峻的现代芬兰，使得芬兰异域的神秘美感和中国古城的悠然质感发挥得淋漓尽致。而本片的动作场面更是为情感故事设定了节奏，千年之恋壮美上演。,经典电影暂无评价,Europe,Chinese,2000s,1,https://movie.douban.com/subject/1851480/
碟中谍3,2006,英语 / 意大利语 / 汉语普通话 / 粤语 / 德语 / 捷克语,英语,外语为第一语言,J·J·艾布拉姆斯,动作 / 冒险 / 惊悚,美国 / 德国 / 中国大陆 / 意大利,7.6,172588,伊森（汤姆·克鲁斯 Tom Cruise 饰）曾是任职于特殊部门的秘密特工，自从一位名叫茱莉亚（米歇尔·莫娜汉 Michelle Monaghan 饰）的美丽女子出现在他的生命里后，伊森决定金盆洗手，卸甲归田。遗憾的是，好景不长，幸福的生活还没过多久，伊森便接到了徒弟林德赛（凯丽·拉塞尔 Keri Russell 饰）被死对头戴维恩（菲利普·塞默·霍夫曼 Philip Seymour Hoffman 饰）掳走的消息。戴维恩冷酷又凶残，林德赛落入他的手中可谓是凶多吉少。为了解救林德赛，伊森重操旧业，他组织了一支精干的特工小组，向着目标人物发起了进攻。让伊森没有想到的是，戴维恩的真正目标并不是林德赛，而是茱莉亚，当爱妻落入敌手之时，伊森会做出怎样的反击？,影片以宏大的视觉叙事与精湛的视听语言，深刻探讨了科技、人性与生存的终极命题，极具震撼力。,North_America,Chinese,2000s,1,https://movie.douban.com/subject/1401533/
终极忍者,2006,日语 / 粤语,日语,外语为第一语言,邱礼涛,动作,中国大陆 / 中国香港,4.8,625,白赖仁（李子雄 饰）野心勃勃，一心想控制人类，差仁者领袖虎大介杀死了菊池博士，抢走了万能的“赤盒”，伹他却打不开。得知音乐家高比（黄子华 饰）能打开盒子，他遂派人将其生擒。与此同时，菊池的学生女忍者香也在追杀高比，而令一面，芭蕉先生派爱徒小灵（黄圣依 饰）则暗中保护高比。三路人马狭路相逢，展开龙争虎斗，最终小灵杀出重围。芭蕉夜入白府盗赤盒不成，反被虎大介取走性命，并连累村民惨遭屠杀，于心不忍的高比以自刎相威胁，总算中止了白赖仁的屠夫行径。高比以乐曲为钥匙打开了赤盒，白赖仁惊喜万分，以为掌握了控制人类的秘笈。但小灵、女忍者香能就此罢手吗......,,China,Chinese,2000s,1,https://movie.douban.com/subject/1875312/
诡丝,2006,英语 / 日语 / 汉语普通话 / 闽南语,英语,外语为第一语言,苏照彬,剧情 / 恐怖 / 悬疑,中国台湾,7.2,29690,腿有残障的科学家黄三太（江口洋介）率领科学小组（大S、陈柏霖等）发明“孟结海绵”，捕获囚禁了一个十三岁男孩的鬼魂，为了查出该男孩的死因，以便自己死后也能变成类似的鬼，黄三太找来有超常能力的探员叶起东（张震），令其跟踪被放出去的男孩。最终，叶起东发现男孩是被他的亲生母亲杀害。其后，叶起东从男孩的双眼间看到一条细丝，它似乎连接着某种神秘的力量。科学小组成员因为害怕男孩伤害他们，再次将他隔绝拘禁，不想因此扰动了细丝的另一端，更为恐怖凶残的力量被释放出，小组人员先后一一离奇死亡，叶起东与女友（林嘉欣）也受到该力量的追踪。,经典电影暂无评价,China,Chinese,2000s,1,https://movie.douban.com/subject/1780168/
雏菊,2006,韩语 / 英语 / 汉语普通话,韩语,外语为第一语言,刘伟强,剧情 / 爱情,韩国 / 中国香港,8.1,242559,阿姆斯特丹，两个男人爱上了同一个女人，注定了一段纠缠的故事。惠瑛（全智贤饰）是画家，每天到广场帮路人画肖像，而像她一样风雨不改的，还有某人送来的一盘雏菊。每天雏菊总是准时送到，让她心里悸动而好奇。一天，匆匆而过的正佑(李成宰 饰)遇上了画家。他本是国际警察，来这个城市追捕杀手，然而却迷上了温婉动人的惠瑛，他让惠瑛帮他描肖像，他们的爱情在萌发盛开。这些情景，送花人看在眼里，痛在心里。他的身份注定了他必须给正佑让出位置，对惠瑛默默付出。因为，他就是正佑所寻找的杀手朴义(郑宇成 饰)。但是，强烈的爱终究让他不再躲在暗处，他决心争取幸福。二人在法律上，感情上的鲜明对立，注定了不能完满的结局，鲜血在惠瑛描有雏菊的花布上蔓延开来……,电影以唯美凄伤的画面与诗意的爱恋，描绘了杀手、警察与画家的纠葛，极具韩式浪漫美学。,East_Asia,Chinese,2000s,1,https://movie.douban.com/subject/1433360/
霍元甲,2006,汉语普通话 / 日语 / 英语,汉语普通话,外语为主(外语2/中文1),于仁泰,剧情 / 传记 / 动作,美国 / 中国大陆 / 中国香港,7.0,149933,霍元甲（李连杰 饰）年少时以稚嫩的霍家拳打败向他挑衅的小恶霸后习武信心大增，凭着对武术的悟性及热情，他的武艺根基日益深厚，成为天津赫赫有名的武师，可是其性情也渐变得浮躁傲慢，越来越好勇斗狠。得知徒弟被天津另一高手秦爷重创后，霍元甲不问原由闯入秦爷的寿宴，威逼其当场签生死状 与他比武，虽然最后他取得了胜利，但却因此赔上了他一生最爱的母亲及女儿的性命。大错铸成后，痛不欲生的霍元甲神志昏乱远走他方。后得某偏远村落的村民孙婆婆及其失明孙女月慈（孙俪 饰）的悉心照料，霍元甲复原了精神气，并开始领悟武学的真谛。,影片在凌厉精彩的武打之余，更深层探讨了武术的最高境界与自强不息的民族精神，极具情怀与力量。,North_America,Chinese,2000s,1,https://movie.douban.com/subject/1441602/
面纱,2006,英语 / 汉语普通话 / 法语,英语,外语为第一语言,约翰·卡兰,剧情 / 爱情,美国 / 中国大陆 / 加拿大,8.3,147372,电影讲述了20年代一对年轻的英国夫妇来到中国乡村生活的故事，在这美丽却凶险的环境中，他们经历了在其英国家乡舒适生活中绝对无法想象和体验的情感波澜，并领悟到了爱与奉献的真谛。故事以女主角吉蒂开篇，为了逃离20年代伦敦浮华却又空虚的社交圈，也为了防止自己变成一位老姑娘，吉蒂接受了沉默寡言的医生沃特·费恩的求婚。费恩在把吉蒂带到上海后，便迅速地投入到了他的细菌学研究中去。孤独的吉蒂和迷人的已婚男子查理·唐森发生了婚外情，当费恩发现时，他羞恨交加。为了报复，也为了重整自己的生活，费恩决定孤注一掷，带着吉蒂远走霍乱肆虐的偏远城镇。沃特从一尘不染的研究室走向了瘟疫流行的最前线，他慢慢地协助控制了当地的疫情。吉蒂则开始在一家由法国修女住持的修道院兼医院中做义工，并逐渐找回了生活的勇气和意义。沃特和吉蒂终于可以互相敞开心扉，但就在他们日渐亲密的同时，沃特染上了霍乱。沃特的生死决定了他们新近迸发出来的激情能否转化为永恒的爱情……,影片以唯美如画的中国山水为背景，细腻展现了夫妻在霍乱危机中的宽恕与自我救赎，情感真挚动人。,North_America,Chinese,2000s,1,https://movie.douban.com/subject/1441238/
007大战黑衣人,2007,英语 / 汉语普通话,英语,外语为第一语言,胡戈,喜剧 / 动作 / 短片,中国大陆,8.0,233,短片开始对故事背景做了介绍，“在很久很久以前，基斯里巴王国长期遭受欺压，为了反抗霸权，在国王的英明领导下，他们发明了震撼世界的大型团体操，在一次十万人排练时，由于人数过多，引发了地震波。周围国家均有震感。然而，万恶的美帝却硬要说他们在搞核试验，并以此为借口，悍然对他们实施禁运制裁和封锁。在封锁之下，他们的物资极度匮乏。然而在国王的英明领导下，英勇的基斯里巴人不畏强权，奋起反抗，展开了前仆后继艰苦卓绝的反封锁斗争......”故事讲的是在这样的背景下，王国派去很多特种兵去中国购买秘密物资，但都遭遇黑衣人的暗杀，最后派最强悍的007前去执行任务。原来任务是获得一瓶XO，司令给007一大笔钱，让他去购买XO。007来到中国，但买不到，因为安理会禁止中国把酒卖给基斯里巴王国，最后黑帮要007带10万块钱买她的XO。007来到交易地点，黑帮声称自己也是被逼的。交易完毕，没想到钱是假币，黑帮与007展开激烈的对战，结果007打败黑帮，带着XO逃往边境，这时遇到一直跟踪他的黑衣人，黑衣人要夺走007的XO，两个人展开争斗。黑衣人露出真面目，竟然是美帝的总统小布什。他用夺取007印有国王的荣誉徽章并当众弄坏的方法使007精神崩溃。原来007是在国王的帮助下才从一个无家可归的流浪汉成为特种兵的。在危急时刻，围观的中国人看不下去了，于是集体帮助007对抗小布什。在集体的力量下，小布什被打飞到地球之外。007终于获得了胜利。但当人们看=见到名贵的XO后，争相抢着看，结果XO摔碎在地，人群一哄而散，007失声痛哭。就在这时，黑帮老大走过来，他被007感动了，把一瓶XO无偿的赠送给007。007拿着XO去见国王，没想到这是一瓶有毒的XO，国王喝下后当场死亡.......不久，造假酒的工厂被公安部门查封，但造假者口口声声的说是被逼的，原来幕后黑手是一个叫“胡戈”的人。警察机关很快抓住了正在公寓数钱的胡戈，一顿暴打后，胡戈死活不说，于是警察开始了对胡戈的群殴......,,China,Chinese,2000s,1,https://movie.douban.com/subject/27604310/
上海红美丽,2007,英语 / 汉语普通话,英语,外语为第一语言,奥斯卡·L·科斯托,悬疑,美国 / 中国大陆,5.2,1256,故事发生在车水马龙的大都市上海，红美丽（邬君梅 饰）有一个幸福的家庭，但这个家庭在一场意外之后开始分崩离析。红美丽知道，丈夫的死并非意外，而是被奸人所害，愤怒和痛苦之中，一个手无寸铁事事逆来顺受的弱女子决定复仇。在他人的帮助之下，红美丽得到了手枪亦找到了凶手，她冷酷的扣动了扳机，也亲手拨动了命运的齿轮。令红美丽没有想到的是，自己的举动让儿子陷入了险境之中，为了保护儿子，她不得不再次举起枪。红美丽决定回归平静的生活，之后，一个名为麦克（理查德·布基 Richard Burgi 饰）的男人出现在了她的身边。麦克的英俊和温柔抚慰了红美丽疲惫的内心，但随后，她却发现，麦克的出现绝非偶然。,影片以冷艳压抑的摩登上海为底色，在充满悬疑的情感博弈中剖析现代女性在物欲与家庭间的失衡。,North_America,Chinese,2000s,1,https://movie.douban.com/subject/1499153/
唐卡迷踪,2007,英语 / 汉语普通话,英语,外语为第一语言,希门·多安 / 杜夫·龙格尔,动作 / 冒险,加拿大 / 中国大陆,3.5,341,前美军特种兵兰森被美国人张伯伦雇用，带领一支由张伯伦、张伯伦的养女阿妮卡、大学教授萧安以及几个保镖组成的探险队，再危险偏僻的蒙古寻找一件无价之宝——由金银丝线织成，上面镶嵌着钻石珠宝的唐卡。这个唐卡不仅是当地的圣物，而且价值连城。这个无价之宝也让贪婪凶残的前俄罗斯军官朱柯夫垂涎。他一直跟踪着张伯伦等人。探险寻宝的过程中险象环生，探险队里的人一个一个地神秘死去，具有良知正义的兰森最后把唐卡留在了当地寺院，消失在血红的落日的余辉之中⋯⋯,,North_America,Chinese,2000s,1,https://movie.douban.com/subject/1950480/
天堂口,2007,英语 / 汉语普通话,英语,外语为第一语言,陈奕利,动作 / 剧情 / 爱情,中国大陆 / 中国香港 / 中国台湾,5.7,43517,阿峰（吴彦祖饰），小虎（杨佑宁饰）和大刚（刘烨饰）是在乡下从小一起长大的好兄弟，好朋友。大刚为了出人头地的梦想，说服他们，一起来到了传说中黄金遍地的上海，准备大干一场。到了上海一段时间后，小虎和阿峰来到了天堂口歌舞厅，在那里遇到了美丽的歌女露露（舒淇饰），还有当时在上海声名显赫的实力人物，也就是天堂口的主人洪哥（孙红雷饰）。在歌舞厅的侧面路口，阿峰偶遇了受伤倒地的马克（张震饰），并把他带回家救治。从此，这几个好朋友的人生围绕着醉生梦死的天堂口歌舞厅开始发生变化……时间是永不回头的箭，当他们开始怀疑自己的时候，会否后悔当初来到是上海的决定呢？这里，真的是天堂吗？,《天堂口》通过深刻雨永的视听语言，诐释了爱与陪伴的睟谛，基调沉稳引人共鸣，是一部温润人心的文艺精品。,China,Chinese,2000s,1,https://movie.douban.com/subject/1926007/
松鼠自杀事件,2007,汉语普通话 / 日语 / 英语 / 西班牙语,汉语普通话,外语为主(外语3/中文1),吴米森,悬疑 / 爱情,中国台湾 / 日本,6.3,714,男子和May是公司裡的同事。他們都有美滿幸福的婚姻，各自的配偶April和Tom也因為彼此有好的關係，相互認識。然而，男子和May 卻因為工作的經常往來，發生感情，而在基於不破壞對方婚姻的共識下， 000005DC 發生了一段外遇。他們經常利用公司中午休息的時間，固定到公司附近某間旅館的七○四號房間，一同進餐，然後休息，也彼此透過電子郵件通信。很不巧的，這段出軌的感情，卻被 May的老公發現了，並且派徵信社跟蹤，拍照，把種種證據寄給他們任職的公司，甚至寄給男子的老婆April。男子和May只好被迫離職。Tom和April都無法接受他們的行為，提出離婚的要求。男子和 May遂雙雙陷入一種無奈的狀態中，他們並不想要這種結局，可是顯然的，情勢的發展，遠非他們所能掌控。於是在失去家庭和工作的雙重打擊下， May提出一同去旅行的建議。他們旅行的地點是一個南美洲附近的小島──拉邦克查島，這個島嶼鮮為人知，一年的觀光客不到十個人。它曾經是西班牙的殖民地，在二十世紀獲得獨立。然而，這個島之所以被某些人注意，則是因為它特殊的地理環境。在小島的東南方，是經年不化的雪山，其餘的部分則是肥沃的平原。但奇怪的是，這三、四十年來，原本肥沃的平原，卻以驚人的速度沙漠化，就像是土地有強大的意志力在自我毀滅一樣，迫使得島上的年輕人不得不紛紛出走，向海外尋覓新天地。May很喜歡旅行，嫻熟西班牙文，而男子則是從來沒有出國的經驗，所以他一切聽任 May的安排和建議。他們在機場租了車，準備越過沙漠，經過島中央的首都，然後到達雪山。但是，在橫越沙漠的途中，他們下車休息時，May卻不小心把車門關上，? 000005DC S想到車子就自動上鎖，而鑰匙還留在車子中。在想盡辦法，都無法打開車門之後。May要男子獨自在車旁等候，而May則攔下一輛賓士車，前去警察局求救。沒想到，May這一去，就沒有回頭。男子獨自在路邊等候，等了將近四個多小時， May都沒有回來。他充滿了疑惑與不安。這時，出現了另一名台灣女子CoCo，宣稱她在島上長大，她幫男子把車鎖打開，並且陪同男子去警察局報案。但這時，他們卻意外發現，May把男子的護照和信用卡拿去了，而且May放在車廂中的行李箱，竟然是空的，裡面只有放著一疊地圖和行程表。 May的目的何在？她故意設計，把男子帶到這個島上嗎？她的目的又是什麼？於是男子和CoCo，決定依照May規劃的路線，去尋找這個答案。但May究竟在哪裡？在旅程的終點雪山嗎？還是May根本早就已經悄悄地回到了台灣？這段充滿疑問的旅程，於此展開。他們在一路上遇見了這個島的國王和王后，以及這個島的居民，體認到他們的愛與記憶，生與死，以及內心最深層的歡樂與悲哀………。,,China,Chinese,2000s,1,https://movie.douban.com/subject/1793121/
红气球之旅,2007,法语 / 汉语普通话,法语,外语为第一语言,侯孝贤,剧情 / 家庭,法国 / 中国台湾,7.4,8621,本片为侯孝贤向法国导演艾尔伯特•拉摩里斯（Albert Lamorisse）拍摄于1956年的短片、在电影史上有重要地位的《红气球（Le Ballon Rouge）》的致敬之作，也是他继《咖啡时光》之后拍摄的第二部致敬外语片。Suzanne（朱丽叶•比诺什 Juliette Binoche）每日为一出筹备中的改编自中国元曲的木偶剧《求妻煮海人》中角色的声音演出以及其它琐事忙得焦头烂额，加上丈夫Pierre远在加拿大蒙特利尔写小说，儿子Simon（Simon Iteanu）成了“累赘”，无奈，她请了在巴黎念电影的中国女孩Song（宋芳 Song Fang）照料Simon。与Simon在一起时，Song双手始终不离摄影机，并向好奇她在拍什么的Simon提及《红气球》。Suzanne的房客Marc（Hippolyte GirardotLouise）仗着是Pierre的朋友，时常做出一些令她愤怒的事，而房租更是借口生活贫困已经好几个月未交。Suzanne有心接在布鲁塞尔的女儿Louise（Louise Margolin）回巴黎念书，决定赶走Marc，却不得Pierre理解。将一切看在眼里的Song没有参与类似琐事，她与Suzanne保持着淡然的朋友关系，多数时间想的只是她的电影：Simon发现一个无人理会的大红气球，拉着它穿越巴黎的大街小巷的过程，被她记录在摄影机里，成了一部电影中的电影。之后，该红气球也似有生命般，始终在Simon出现的地点上空飘来荡去。,导演以舒缓诗意的长镜头与温暖柔和的光影，勾勒出巴黎都市中的寂寞青春与童真，温情而迷人。,Europe,Chinese,2000s,1,https://movie.douban.com/subject/1856436/
2008年第29届北京奥运会开幕式,2008,汉语普通话 / 英语 / 法语,汉语普通话,外语为主(外语2/中文1),张艺谋 / 张继钢 / 陈维亚,运动,中国大陆,9.2,41156,1. 北京奥运会开幕式欢迎仪式篇（倒计时最后10秒、欢迎焰火、29个焰火历史足迹、梦幻五环、国旗入场、1名儿童演唱《歌唱祖国》、56个民族的儿童簇拥着国旗走来、升中华人民共和国国旗，唱中华人民共和国国歌）2. 北京奥运会开幕式文艺演出篇（上篇：灿烂文明，画卷、文字、戏曲、丝路、礼乐；下篇：星光、自然、梦想、刘欢和莎拉·布莱曼演唱主题歌《我和你》）3. 北京奥运会开幕式运动员入场篇（204个国家代表团入场、胡锦涛宣布第29届奥运会开幕、刘淇致辞、罗格致辞、运动员及裁判员代表宣誓）4. 北京奥运会开幕式点燃圣火篇（首棒许海峰、第二棒高敏、第三棒李小双、第四棒占旭刚、第五棒张军、第六棒陈中、第七棒孙晋芳、第八棒李宁举火炬凌空绕场一周，点燃主火炬塔）,《北京奥运会开幕式》通过真实客观的叙事视角，重现了波澜壮阔的瞬间，闡头极具历史厚重，是一部格局宏大的史诗巨作。,China,Chinese,2000s,1,https://movie.douban.com/subject/3173528/
一个人的奥林匹克,2008,英语 / 汉语普通话 / 日语 / 德语,英语,外语为第一语言,侯咏,喜剧 / 剧情 / 运动,中国大陆,7.4,1390,“九一八”事变前夕，刘长春（李兆林 饰）是东北大学的学生，在德籍教练指导下练习短跑，事变后，他回到了家乡大连。刘长春目睹了山河破碎的祖国现状，伹他从未放弃训练，决心有一天能为国争光，他的做法得到了妻子姜秀珍（马镜 饰）的支持。日寇控制下的伪满要他代表“满洲国”参加奥运会，誓死不当汉奸的刘长春躲过追捕逃至北平，他要代表中国参加奥运会。但国民政府以“资金不足”为由拒绝了他的请求，无奈之下他求助原东北大学校长张学良（胡军 饰），张资助他八千大洋以资鼓励，怀惴强国梦想的刘长春远赴美国参加第十届夏季奥运会。入场式上，代表四万万同胞出征的刘长春走来了......,经典电影暂无评价,China,Chinese,2000s,1,https://movie.douban.com/subject/2144584/
上海公园,2008,汉语普通话 / 英语 / 韩语,汉语普通话,外语为主(外语2/中文1),黄凯,剧情 / 爱情,中国大陆,6.7,573,即将前往南方工作的吴正冬（魏云 饰），临走前的那一晚，在多年后的同学聚会上，与已婚的昔日恋人杜蕊蕊（褚颖颖 饰）重逢。此时的两人，早已不再意气风发执着于梦想。吴正冬变得不再骄傲，杜蕊蕊变得不再天真。生活，正改变着他们。唯一没有变化的，是彼此心中的深爱。过去情感上的创伤并没有因时间流逝而得以平复，这段校园恋的后遗症还在延续……面对曾经失去的那份爱那个人，生活轨迹早已不同的两人，是选择逃避？克制？还是隐忍？这段旧情在现实之下将如何发展？,,China,Chinese,2000s,1,https://movie.douban.com/subject/3337829/
中国月亮,2008,英语 / 汉语普通话,英语,外语为第一语言,Ron Berrett,喜剧 / 剧情 / 爱情,中国大陆 / 美国,5.3,146,Aimlessly cruising through his first post-Stanford University summer， 22 year old David Braddock finds himself in China where he meets Mei， an ambitious young girl who urges him to find his life's direction.(From IMDb),,China,Chinese,2000s,1,https://movie.douban.com/subject/1890554/
功夫之王,2008,英语 / 汉语普通话,英语,外语为第一语言,罗伯·明可夫,动作 / 奇幻 / 冒险,美国 / 中国大陆,5.7,167761,杰森（Michael Angarano 饰）是一个疯狂迷恋港台功夫片的美国少年，然而现实中的他却饱受坏孩子的欺负，不敢反抗。偶然机会，节森从某中国古董店得到一根如意金箍棒，借着金箍棒的力量，他竟然回到了几千年前的中国。此时，邪恶的玉疆战神（邹兆龙 饰）凭借降伏齐天大圣孙悟空（李连杰 饰）的威名篡夺天界，靠武力鱼肉百姓，民不聊生。杰森先后邂逅了嗜酒的游侠鲁彦（成龙 饰）、沉默寡言的默僧（李连杰 饰）以及轻盈美丽的金燕子（刘亦菲 饰）。他们为解救被困的齐天大圣朝着天界进发……,影片以宏大悲壮的战争史诗与凌厉的动作美学，深刻探讨了家国情怀、江湖道义与人性抉择。,North_America,Chinese,2000s,1,https://movie.douban.com/subject/1939414/
功夫小子,2008,日语 / 汉语普通话,日语,外语为第一语言,小田一生,动作 / 儿童,日本 / 中国大陆,4.6,1891,小和尚功夫（张壮 饰）年纪虽小但武功高强，为了能够继承武林绝学“南平拳”，功夫整日勤学苦练，师兄们纷纷成为他的手下败将。然而，师傅告诉功夫，想要获得继承权，他还需要打败一个神秘人物，功夫手上的铃铛会引导他找到这位和功夫素未谋面的宿敌。功夫来到了日本，被经营中国餐馆的阿泉（泉品子 饰）收留了。一次偶然中，功夫救下了阿泉的孙女丽子（藤本七海 饰），之后，功夫假扮成丽子的弟弟，跟随丽子来到了她就读的学校。学校里的女老师（佐田真由美 饰），其真实身份是黑暗文部省派来的间谍，她正在暗中秘密筹划一个邪恶的阴谋，而丽子则成为了她的人质。,经典电影暂无评价,East_Asia,Chinese,2000s,1,https://movie.douban.com/subject/2567628/
北京等待,2008,英语 / 汉语普通话,英语,外语为第一语言,张伦,剧情,中国大陆,3.7,717,George（Kelly Nyks 饰）与Judy（宋琇萱 Steph Song 饰）在北京偶遇，George对北京的文化古迹很感兴趣。Judy被老板以无理理由炒鱿鱼，却意外发现美国公司总部在寻找George，为求复工的她在带领George游玩时让老板连连扑空，当最后一次她准备把Geogre交出来时却听到了George的故事。George在法国出差时和一个伊拉克女孩儿莉迪亚相爱，但由于伊拉克战争即将爆发，莉迪亚被召回巴格达，她留下纸条约他在北京见面。伤心的George一人来到北京痴痴等待，然而现在美国对伊拉克的战争已经开始，他为心上人的生死揪心。Judy被George的深情打动，带他脱离险境。二人开始真正的一段友情之旅，但Judy发现自己已经爱上了他，正在这时，找到莉迪亚的消息传来……,,China,Chinese,2000s,1,https://movie.douban.com/subject/2124750/
女人不坏,2008,汉语普通话 / 韩语 / 乌兹别克语,汉语普通话,外语为主(外语2/中文1),徐克,喜剧,中国大陆 / 中国香港,6.0,129121,泛泛（周迅 饰）天资聪慧，却局限于实验室内。她不善于与男人交流，甚至被男人碰一下都会立时僵硬。精于专研人体科学的她发明了一样秘密武器——费洛蒙，只要把这种东西装在身上，就可以让异性趋之若鹜。铁菱（桂纶镁 饰）是个另类摇滚少女，爱好打拳击，副业写网络小说。从小迷恋天皇巨 星X，并渐渐把他想象成自己的男友，每天形影不离。唐露（张雨绮 饰）才貌双全，是大广场投资公司的执行总裁。她所遇到的男人，没有一个不对她顶礼膜拜，视她为梦中情人。从不对男人动心的唐露只希望人们明白，她得到的一切是靠她的才华，不是她的外表。生活在一个城市的三个女人，各怀梦想，各怀绝技。一场即将到来的拍卖会，一个即将被拆迁的音乐村，悄悄的把她们的命运交织在一起。,经典电影暂无评价,China,Chinese,2000s,1,https://movie.douban.com/subject/3230462/
少林少女,2008,日语 / 汉语普通话 / 粤语,日语,外语为第一语言,本广克行,动作 / 喜剧 / 运动,日本 / 中国香港,3.8,1846,天下武功出少林，盛名之下，奔赴少林习武的年轻人至今不绝。日本女孩樱泽凛（柴崎幸 饰）完成了3000天的少林修行，下山返日。而她回到家乡的第一件事就是四处央人学习少林拳，以完成自己光大少林拳的梦想，但无奈不被人理解，当年自己习武的武道场此时也已经荒废，樱泽凛在一家中餐馆中找到了昔日的师父岩井（江口洋介 饰），而后者已经放弃了武学之道。餐馆服务生敏敏（张雨绮 饰）对凛的身手颇为敬服，并介绍她加入了国际星馆大学的手网球队。凛武功虽高，但缺乏团队协作和控制力道的能力，赶来担任手网球队教练的岩井循循善诱令凛领悟少林拳的奥义。另一方面，星馆大学校长大尾（仲村亨 饰）在等待与凛较量的机会……,《少林少女》以荒诞喜剧解构传统功夫，内核却是少女成长的真实质变，虽节奏凌乱但活力盈溢。,East_Asia,Chinese,2000s,1,https://movie.douban.com/subject/2417346/
张纯如 南京大屠杀,2008,英语 / 汉语普通话,英语,外语为第一语言,Anne Pick / Bill Spahic,纪录片,中国香港 / 加拿大,8.7,3718,美籍华裔作家张纯如（Iris Chang 1968.3.28—2004.11.9），在完成自己第一部作品《蚕丝》后，开始将目光着眼于发生在20世纪30年代末的那场惨绝人寰的大屠杀。1937年，日本侵华战争爆发，短短几个月内，中华大地狼烟滚滚，生灵涂炭。日军长驱直入，攻陷时为国民政府首都的南京，并对这座城市和城中的军民进行了丧失人性的洗劫和杀戮。这场超过30万人丧生的大屠杀，却在战后因种种原因而鲜为人知，甚至日方一再否认大屠杀的存在。为了还原历史，还受害者与公道，张纯如一面收集大量第三方资料，一面前往南京、上海等地与屠杀幸存者进行面对面的取证交谈，前后历经三年时间，终于在1997年南京大屠杀60周年之际推出《南京暴行》一书，使这段“被遗忘了的大屠杀”的历史为世人所知。2004年，张纯如在筹备第四部作品期间饮弹自杀。本片由多伦多史维会和大地娱乐（香港）有限公司共同投资拍摄，由华裔郑启蕙扮演张纯如。,纪录片用沉重而充满力量的镜头，记录了张纯如探寻历史真相的过程，展现了文字与正义的尊严。,China,Chinese,2000s,1,https://movie.douban.com/subject/2305280/
狼牙,2008,粤语 / 日语 / 英语,粤语,外语为主(外语2/中文1),李忠志 / 吴京,动作 / 惊悚,中国香港,6.4,41648,台风过境，阴霾的天色不知会在闭港的小岛上空持续多久，陈旧的民宅内，几个帮派人物突遭袭击，来人身手矫健，斩去当家马天泰之首级后消失于夜色……次日，小岛女警晓禾（Celina Jade 饰）为救自家的猫坠树，一过路男子相救，他自称阿布（吴京 饰）。两人在食档与三名泰国悍匪狭路相逢，晓禾耿直但无法抵敌，阿布出手拼倒三人，随晓禾暂留警局。阿布令属意晓禾的警员泰山（森美 饰）大为吃味，同袍关公（许绍雄 饰）与靓宝（方力申 饰）冷语调笑，给这孤独的小岛警局凭添了不少温馨活气。马天泰遗孀佐佐木（青山伦子 饰）命手下肥荣（林雪 饰）带人登岛，寻回马爷头颅凑成全尸，孰料晓禾与泰山巡逻中发现藏尸处反将尸身也带走，肥荣等人冲入警局抢尸，混战中靓宝中枪殉职。港口重新开放，大批警员登岛，阿布因断头案的嫌疑被短暂扣留后释放，他虽然能瞒过警方，却无法摆脱佐佐木的追杀，晓禾被对方掳走以后，阿布再没有其他选择……,《狼牙》通过倾注深恕的细节刻画，讲述了命运的无常起伏，闡头运动极其考究，是一部乙音绕梁的文艺精品。,China,Chinese,2000s,1,https://movie.douban.com/subject/3082452/
荡寇,2008,葡萄牙语 / 汉语普通话 / 日语,葡萄牙语,外语为第一语言,余力为,惊悚,巴西 / 中国大陆 / 中国香港 / 日本,5.1,3901,《荡寇》以巴西圣保罗市区一处传统的东洋街区为背景，讲述了年轻冲动的纨绔子弟麒麟和他的父亲，一个带有传奇色彩的中国籍逃犯野良之间的恩恩怨怨。这对父子是南美最大的假货走私集团的首领。他们统治着东洋街区这个充斥着帮会势力、街头商贩、腐败政客和舞女的地方。然而，苦心经营多年的帝国仍会因一着不慎而难逃毁灭的命运。一个由政客和黑帮串通的阴谋正在逼近野良。他逐渐地失去了对生意的控制，陷入了颓废之中，最终锒铛入狱。剩下麒麟在这个街区战场中孤军奋战。但野良有感于年华已逝，厌倦了血雨腥风，便离开了儿子，制造了自己死亡的假象。搭乘军方安排的直升机被投进丛林，那是他生命的起点，如今是他作茧自缚、忏悔的迷宫。摆脱了暴力的困惑迷惘，麒麟开始寻找他的父亲。在神秘的森林中，父子俩将过往的恩仇一笔勾销。那刺出的一刀杀死了一个世界，万物在麒麟面前枯萎然后重生， 密林和大海一片寂静，生命还是自己在承担。,经典电影暂无评价,Other,Chinese,2000s,1,https://movie.douban.com/subject/2135982/
蝎子,2008,日语 / 粤语,日语,外语为第一语言,马伟豪,动作,日本 / 中国香港,4.6,855,熹泰（郭品超 饰）和妻子松岛奈美（水野美纪 饰）结婚不久，彼此之间十分恩爱。不幸的是，熹泰的父亲得罪了名为早夜的女人，狠毒的早夜派出了杀手赤城（梁小龙 饰）、苍狼（李灿森 饰）和星愁（黄伊汶 饰）等人取熹泰性命，哪知道一行人玩心大起，竟然声称如果松岛奈美杀死熹泰的妹妹，便可以饶熹泰一命，痛苦之中，松岛奈美做出了选择，并因此被关入了监狱。在狱中，单纯的松岛奈美历尽折辱，唯一支撑着她活下去的，就是复仇的信念。幸运的是，她结识了身世神秘的“收尸人”，习得了高超的武艺。终于，松岛奈美迎来了重获自由的那一天，而让她没有想到的是，自己最放不下的熹泰，竟然失去了和自己有关的记忆。,经典电影暂无评价,East_Asia,Chinese,2000s,1,https://movie.douban.com/subject/2330745/
长江七号,2008,英语 / 汉语普通话 / 粤语,英语,外语为第一语言,周星驰,喜剧 / 科幻,中国大陆 / 中国香港,7.0,408457,小狄（徐娇 饰）是一个在贵族学校念书的穷孩子。他诚实善良，却总是遭到富家子的欺负和嘲笑。小狄和爸爸（周星驰 饰）住在一所废弃的旧房子里，爸爸每天拼命的工作，就是为了让他念好书，将来出人头地。平日，小狄总是很乖，就算体育课因为没有运动鞋而被老师罚站，他也从不埋怨爸爸。可是这一次，为了一个大家都有的玩具，小狄跟爸爸发起脾气来。爸爸买不起，就在垃圾堆里捡了一个“球”给儿子玩。谁知，这个透明的小球却变成一只活泼可爱，拥有超能力的太空狗。小狄欣喜极若狂，给他取名叫“长江七号”。小狄梦想着用七仔的超能力考100分，却没想到七仔非但没有帮到他，却让他得了个零蛋。他偷偷修改了成绩单，跟爸爸说了一次谎。爸爸大怒，小狄离家出走，赌气要凭真本事考好成绩给爸爸看。谁知，正当小狄笑着，拿着成绩单的时候，工地发生事故，爸爸从楼上摔了下来……,在轻松诙谐的演绎中，传递出积极面对生活的乐观态度，具有独特的市井烟火气与感染力。,China,Chinese,2000s,1,https://movie.douban.com/subject/1961963/
靖国神社,2008,日语 / 汉语普通话,日语,外语为第一语言,李缨,纪录片,中国 / 日本,7.7,2276,靖国神社，这个在东亚近代史上占据着重要位置的建筑物，至今仍会引起无数争论。它坐落于东京都千代田区九段北，里面供奉着自戊辰战争以来为国捐躯的战士的英灵，其中包括二战期间东条英机等14名甲级战犯的牌位，这也成为日本和其余东亚国家长久以来矛盾的焦点所在。来自中国的李缨前后花费十几年的时间，记录下围绕靖国神社所发生的一切：小泉纯一郎在民众的欢呼和支持声中走入神社进行参拜；二战老兵穿着当年的军装，整齐划一前来祭拜亡灵；反对参拜的呼声从年轻人的口中响起，但他们却被固执的“长辈”驱逐出去；美国男人声援参拜，却有日本人拒绝美国国旗的出现；台湾原住民每年都要来日，强烈要求将祖先的牌位撤去带回台湾……这些事每天每年都在发生，围绕靖国神社引发的争论久久不能平息。,经典电影暂无评价,China,Chinese,2000s,1,https://movie.douban.com/subject/2154309/
黄石的孩子,2008,英语 / 汉语普通话 / 日语,英语,外语为第一语言,罗杰·斯波蒂斯伍德,剧情 / 战争,澳大利亚 / 中国大陆 / 德国,6.7,19086,英国记者乔治•何克（乔纳森•莱斯•梅耶斯 饰）潜入了南京，打算把日军在当地的暴行公诸于世。可是他被日军发现了，在即将被斩头之际，一名中国游击队员陈汉生（周润发 饰）救起了。何克还认识了战地外籍医生丽（拉达•米契尔 饰）。何克辗转到了黄石，与60多名孤儿一起居住。孩子们保饱受战争折磨，对外国人他们都有抵触心理，甚至不尊重。可是随着时间的过去，何克的热心与善良还是感动了孩子们，短短几个月他们的生活与周遭环境有了很大的改善。也幸得有好心人王太太（杨紫琼 饰）的帮助。生活日渐上了安稳的轨道，战争的步伐也逐渐逼近。何克与汉生还有丽决定带着孩子们到山丹，一个人迹罕至的地方。路途之艰辛，同伴的离世也无法阻挡他们的脚步。可是一场疾病，还是打击了汉克、丽与孩子们的生活……,经典电影暂无评价,Other,Chinese,2000s,1,https://movie.douban.com/subject/1923474/
何止爱,2009,英语 / 汉语普通话,英语,外语为第一语言,陈奕甫,剧情 / 爱情,中国台湾,6.9,247,故事的主人公是一个外表平平的男子，他穿着黑色西装，带着黑框眼镜，虽然是职场人士模样，但周身散发着颓废疲劳的消极气息。他讨厌坐电梯，电梯门打开后对面墙的话让他心烦不已；他也讨厌和一群人共享电梯，零距离的感觉让他焦躁不安。唯一让男人感到些许开心的，是不久前刚刚乘坐电梯的女孩子留下的香气。特殊的香气让男人心驰神往，不觉多了一份渴望与期待。某天，男人终于见到那个香气的主人，女孩的美丽容颜和独特气质似乎满足了他此前的想象，他久久凝望女孩，猜测关于女孩的一切，并且鼓起勇气与女孩聊天。老旧的电梯内，复古气息和发霉的味道并存，这会是一个浪漫故事吗？,,China,Chinese,2000s,1,https://movie.douban.com/subject/5913005/
南京！南京！,2009,汉语普通话 / 日语 / 英语 / 德语,汉语普通话,外语为主(外语3/中文1),陆川,剧情 / 历史 / 战争,中国大陆 / 中国香港,7.5,163655,1937年12月13日，时为国民政府首都的南京城沦陷，部分官员弃城逃亡，但仍有许多官兵留守，誓死保卫这个大厦将倾的城池。宋锡濂部军官陆剑雄（刘烨 饰）协同战友与日军展开了激烈的巷战，他们微弱而顽强的抵抗最终被压制，数以万计的中国军民成为俘虏，在枪炮声中血染长江；金陵女子学院安全区，女教师姜淑云（高圆圆 饰）奔波往复，尽力帮助和拯救所有来此避难的同胞，但兽性大发的日军早已虎视眈眈盯上了藏身于此的妇女；拉贝的秘书唐先生（范伟 饰）小心应付，委曲求全，为了保护家人而做出错误的选择，他也为此付出代价；舞女小江（江一燕 饰）纵使逃亡避难也不愿抛却女性的柔媚，她在关键时刻的选择则在其女性的外壳下注入一份刚强；日本人角川（中泉英雄 饰）随部队进驻这个千疮百孔、破败不堪的城池，在这个人间炼狱，他的心灵感受到前所未有的巨大冲击。狼烟滚滚，血流成河，大时代的背景下，人们既要承受时代的无情给予，也要做出攸关命运的痛苦抉择……,影片以宏大悲壮的战争史诗与凌厉的动作美学，深刻探讨了家国情怀、江湖道义与人性抉择。,China,Chinese,2000s,1,https://movie.douban.com/subject/2294568/
复仇,2009,粤语 / 英语 / 法语,粤语,外语为主(外语2/中文1),杜琪峰,动作 / 犯罪 / 惊悚,中国香港 / 法国,6.9,25204,费兰斯•高德勒（约翰尼•哈里戴 Johnny Hallyday 饰）20年前曾是叱咤风云的杀手，收山后他在巴黎开了一家餐馆，过着平静安宁的日子。某天，他定居在澳门的女儿爱莲（Sylvie Testud 饰）一家遭到不明身份的杀手的袭击。女婿和两个外孙全部遇难，只有爱莲侥幸逃生。费兰斯得知消息后连忙从法国赶往澳门，在见到现场的惨状后，他决心不惜一切代价为女儿一家复仇。由于人生地不熟，费兰斯的调查毫无进展。偶然间，他在酒店遭遇一起暗杀事件，三个杀手阿鬼（黄秋生 饰）、阿柱（林家栋 饰）和肥乐（林雪 饰）给他留下极深的印象。经过短暂的试探和接触，费兰斯决定雇佣阿鬼三人作为帮手。凭借爱莲留下的线索和在凶案现场的勘查，众人逐渐缩小包围圈，一场复仇战随即悄悄地展开，而幕后的阴谋也慢慢浮出水面……,影片以冷酷凌厉的枪战美学，展现了宿命杀戮的悲壮仪式，探讨了记忆消逝与道义坚守的矛盾，极具杜氏动作风格。,China,Chinese,2000s,1,https://movie.douban.com/subject/3302627/
好雨时节,2009,汉语普通话 / 英语 / 韩语,汉语普通话,外语为主(外语2/中文1),许秦豪,剧情 / 爱情,韩国 / 中国,6.4,26039,韩国年轻帅气的小伙子东河（郑宇成 饰）来到中国四川成都出差，在游览杜甫草堂时偶遇留学时相识的中国同学五月（高圆圆 饰），后者目前在杜甫草堂从事讲解工作。这次相遇，让两人的心再次碰撞出爱情的火花。他们回忆着生日派对的誓言、彼此亲昵的举动，甚至是关于自行车的留恋，但是两人却给出了不同的版本。他们相约在雨夜，共同品尝中国的菜肴。然而，当他对她主动作出爱的表白时，她却左躲右闪。由于公司安排，东河要离开中国。在雨中，他挽着她的手翩翩起舞，但是气氛似乎显得过于沉静，以至于他开始怀疑自作动情。但是，一场机场送别却让两人重新敞开了心扉……,经典电影暂无评价,East_Asia,Chinese,2000s,1,https://movie.douban.com/subject/3401409/
拉贝日记,2009,粤语 / 汉语普通话 / 德语 / 日语 / 英语,粤语,外语为主(外语3/中文2),佛罗瑞·加仑伯格,传记 / 剧情 / 历史,法国 / 中国大陆 / 德国,7.4,29919,1937年，在中国南京生活多年的德国商人拉贝（乌尔里奇·图克尔 Ulrich Tukur 饰）与妻子多拉准备回国。他把在西门子中国分部担任的职务交给继承人，然而就在当天的欢送舞会上，日军开始轰炸南京城，到处烧伤抢劫，引起南京暴乱。恐慌的居民四处逃散，拉贝毅然打开公司大门 收留中国员工及其他难民。南京城的外国传教士、医生、商人们商议在南京建立一个“南京国际安全区”来保障无辜百姓的安全，拉贝被推举为主席。本来第二天决定回国的拉贝决定要留下来，去拯救无辜的老百姓。当他目睹日本帝国主义的军队对南京人民施加的惨无人道的暴行时，拉贝更加积极地与同伴们和日军斗智斗勇，试图挽救更多的生命。越来越多的难民涌入安全区，这完全超出了他们的想象。与之同时，日军的暴行更加疯狂，拉贝的人道救助引起他们的不满，安全区多次受到日军的冲击，补给变得越来越艰难。几十万的无辜百姓等待拉贝去拯救，巨大压力下拉贝怎样去完成这人性的使命？,影片通过宏大而沉重的历史笔触，真实还原了南京大屠杀期间的惨烈景象，歌颂了人性的光辉与伟大。,Europe,Chinese,2000s,1,https://movie.douban.com/subject/2294565/
无声风铃,2009,英语 / 粤语 / 汉语普通话 / 瑞士德语,英语,外语为第一语言,洪荣杰,剧情 / 同性,中国香港 / 瑞士 / 德国,7.5,6613,帕斯卡（Bernhard Bulling 饰）和永健（吕聿来 饰）是漂在香港的两个年轻人。帕斯卡来自瑞士，靠做街头艺人和小偷小摸维持生活；永健来自北京，是一家烧腊店的外卖伙计。两个陌生人在陌生的城市不期而遇，发展出一段心动的爱情。然而快乐却是短暂而伤感的，最终因为帕斯卡的一场意外而化做泡沫。很多年后永健单身前往瑞士去追寻爱人走过的足迹，却遇到有着和帕斯卡相似面容的男子。正如风铃破碎的旋律，这段诗意爱情的秘密将在静静的来回插叙中逐步揭示......在中国传统文化中， 当微风吹起风铃声响，代表有先人或魂魄到访。这是一个信号，告诉在世的人「我」回来了，亦是再次提醒他们至亲至爱已经永隔的事实。 《无声风铃》是一部关于放手的电影，它紧凑地展现了东西方在生活哲学、看待死亡与来世上的区别，同时也模糊了爱情与种族的界线、呈现不同文化的融合与一致。本片是香港导演洪荣杰的第一部剧情长片。,经典电影暂无评价,China,Chinese,2000s,1,https://movie.douban.com/subject/3439354/
暧昧,2009,英语 / 德语 / 汉语普通话,英语,外语为第一语言,Monika Treut,悬疑,德国 / 中国台湾,4.7,467,由德国女导演莫妮卡-楚特执导、台湾与德国两地公司联合制片的一部女同性恋题材新影片《暧昧》的剧组已经结束了在德国汉堡的拍摄，目前正在台湾摄制外景戏。《暧昧》是一部以台湾和德国两地为故事背景的剧情片，片中德国汉堡的女艺术家索菲的同性恋人爱玲被谋杀后，由胡婷婷出演的台湾女记者梅丽又与索菲之间有一段浪漫同性恋情，同时还交织着调查爱玲死因的悬疑故事。据莫妮卡-楚特的制片公司发布的消息，影片《暧昧》获得了汉堡市政府电影基金会、德国文化部以及台湾地区新闻局的资金支持。《暧昧》集浪漫、悬疑、惊悚于一炉，胡婷婷饰演记者，和德国艺术片女演员英嘉布什（Inga Busch）演的摄影师有激情戏，胡婷婷说：“我没裸露，但和英嘉布什有亲吻，感觉还不错，像吃棉花糖又甜又软，和亲男生没甚么不同，不是异性间刺激的吸引，但有说不出来的温柔，其实爱情是不分性别的。”导演莫妮卡-楚特多年以来在她的电影作品中将性别与性倾向话题作为关注内容之一。另据爱白网资料，这位在德国颇具名气的独立电影人曾在许多国际电影节上获奖，其中包括获得柏林电影节的泰迪熊奖、以及意大利都灵同性恋主题电影节的最佳影片奖。可說是德、台混寫兒的劇情長片【曖昧】移師20日在台北市國際藝術村取景，此片導演蒙妮卡楚特其實與台灣很有淵源，她過去曾多次來台，除了參加女性影展、更擔任金馬獎評審，她長期對台灣的一切充滿興趣也很熟悉。這回創作【曖昧】，故事跨越德國漢堡、台灣台北兩個城市，一西一東，藉由3個女性角色，寫下兩段複雜深刻的愛情故事。【曖昧】整個劇組之前已於德國拍攝月餘，包括柯奐如、胡婷婷等台灣演員都飛至漢堡拍片。而女主角蒙妮卡3天前帶著十多位德國劇組工作人員飛來台北，展開台北部份的拍攝，估計兩週之後殺青。【曖昧】預計年底後製完成，初步計畫將參加明年初的柏林影展，台灣則暫定明年3月左右上映。,,Europe,Chinese,2000s,1,https://movie.douban.com/subject/3241410/
李献计历险记,2009,汉语普通话 / 英语 / 日语,汉语普通话,外语为主(外语2/中文1),李阳,动画 / 短片,中国大陆,8.7,106481,李献计是一位患有差时症的病人，一直以来，他都坐在电脑前玩一款据说没有打通关过的游戏，为此李献计不惜以卖肾为代价。李献计在高人指点下得知要想打通关这款游戏，就要花50万元买一种兴奋剂，为此李献计经历了一段充满传奇的旅程，可是因为差时症的原因，那段旅程在他记忆里被奇迹般地缩短了。李献计不顾一切想玩通关这款游戏是因为传言只要打通这款游戏，就可以回到过去，李献计想要回到和王倩分手的时候。功夫不负有心人，李献计终于打通关了这款游戏，可是结果却并不是他最初想象的那般，可是李献计并没有放弃，直到慢慢老去……本片被网友盛赞为“2009年最牛的国产动画片”。,影片以充满想象力的画风与温情叙事，生动展现了爱与成长的奇妙旅程，传递出温暖人心的治愈力量。,China,Chinese,2000s,1,https://movie.douban.com/subject/4226741/
脸,2009,法语 / 汉语普通话 / 英语,法语,外语为第一语言,蔡明亮,喜剧 / 剧情,法国 / 中国台湾 / 比利时 / 荷兰,6.8,1801,一位台灣導演被邀請到羅浮宮，拍攝聖經故事「莎樂美」。他堅持邀請心儀已久卻傳聞精神狀況不佳的法國影帝尚皮耶李奧，演出劇中輾斷聖施洗約翰頭顱的希律王。這部低成本的製作為顧慮電影票房，硬著頭皮請來國際名模演出莎樂美。影片才剛開拍就狀況連連。牡鹿神秘失蹤、希律王撞斷鼻樑、莎樂美和聖施洗約翰在戲外交媾、羅浮宮內拿破崙廳導演小康在杜樂利花園的密林激情中，接到母親過世的電話通知，女製片也隨之飛往台北參加葬禮。陰沉的舊公寓裡，母親的鬼魂遲遲不肯離去。所有的工作人員，陷入一個漫長的等待。電影終於又要繼續拍攝，戲裡戲外的角色開始模糊，一群著莎樂美華麗古裝戲服的明星，在羅浮宮滿載藝術靈魂的廳廊、暗室、古道中穿梭，彼此尋找著每個人心中的莎樂美,蔡明亮的极致个人美学之作，将卢浮宫的古典空间化为梦幻剧场，以静态长镜头探寻艺术与欲望的真谛。,Europe,Chinese,2000s,1,https://movie.douban.com/subject/3148588/
霓虹心,2009,英语 / 瑞典语 / 汉语普通话 / 闽南话,英语,外语为第一语言,刘汉威,剧情 / 同性,瑞典 / 中国台湾,7.2,3951,从瑞典到台湾，奇奇（潘妮拉·奥古斯特 Pernilla August 饰）与16岁的儿子维特（路威·帕莫 Ludwig Parmell 饰）一路走来，满怀心事。已步入中年的母亲奇奇突发奇想，决定带着和自己几乎没有交流的儿子去台湾旅行。母子俩人住在台北的一家小旅馆里，白天，奇奇尝试着鼓起勇气去找和自己网恋已久的张先生（曾志伟 饰），维特则一个人在台北的大街小巷闲逛。奇奇几次三番前往张先生公司，可是都没有鼓志勇气走到张先生面前，维特在闲逛时认识了和自己年纪相仿的朋友弟弟（黄河 饰）。在弟弟的帮助下，奇奇最终见到张先生，却引来一场尴尬。之后，奇奇母子和弟弟三人结伴前往日月潭。在相处中，维特和弟弟的关系越来越好，可是和母亲的关系却一直没有缓和……本片2009年在釜山国际电影节和斯德哥尔摩电影节都有所斩获。,经典电影暂无评价,Europe,Chinese,2000s,1,https://movie.douban.com/subject/3285180/
音乐人生,2009,英语 / 粤语,英语,外语为第一语言,张经纬,纪录片,中国香港,8.9,9226,本片横跨六年时间记述挖掘了香港钢琴神童黄家正在音乐和人生上的成长历程。黄家正作为十一岁便赴捷克与专业交响乐团合作演出的天才神童，在香港本土更是获得无数赞誉。这样的成就在其他人看来已经非常圆满，可是天才的孤独和苦闷只有他自己知道。与兄弟姐妹的矛盾、与同校同学的隔阂、与父亲的分歧，本片在记述黄家正音乐生涯的同时也通过记述他亲人、恩师罗乃新等人之间的关系，侧面刻画了这一神童作为平凡的孩子的一面。六年的心路历程，让观众看到了黄家正从一个桀骜不驯的天才儿童向一个成熟少年蜕变的过程。本片在香港本土和台湾地区获得极大声誉。本片于2009年获得第46届金马奖最佳剪辑、最佳音效及最佳纪录片奖项，2010年获得第16届香港电影评论学会大奖最佳电影奖。,《音乐人生》通过对钢琴神童成长历程的多年纪实追踪，深刻探讨了艺术天赋对个体命运的沉重与非凡塑造。,China,Chinese,2000s,1,https://movie.douban.com/subject/3394878/
T婆工厂,2010,英语 / 汉语普通话,英语,外语为第一语言,陳素香,纪录片 / 同性,中国台湾,7.9,434,2004年底，位於台北縣三重市生產電腦零組件的「飛盟國際電子公司」，因老闆掏空資產逃往大陸，員工面臨關廠的命運。這個工廠有三百多個員工，其中125名是來自菲律賓的女性移工；她們因為三個月沒拿到薪水，憂心忡忡且無所適從，因此來到台灣國際勞工協會（TIWA）求助。移工在台灣遇到的問題多如牛毛，但大部分都個別化、零碎化，集體性的勞資爭議並不多見，TIWA作為一個移工運動的團體，當然盡力協助。我們一邊組織她們抗爭行動，也一邊記錄下難得的移工集體抗爭事件。但是拍著拍著，鏡頭裡出現雙雙對對的同志伴侶，互相依偎，溫馨甜蜜。於是這個紀錄意外發展成愛的故事。「T婆工廠」記錄了七對女同伴侶，包括她們的訪談紀錄、參與勞資抗爭的情形、工廠宿舍的集體生活；而本片的特殊之處，在於這些女同置身的時空環境：藍領移工、面臨勞資關係斷裂的關廠事件、勞工集體抗爭的過程，以及台灣移工政策中不得自由選擇及轉換雇主的非人性設計，呈現台灣移工政策中明顯的歧視性，同時使得雙宿雙飛的在同志伴侶們，面臨另人心碎的分離。「T婆工廠」是愛情的天堂，而當天堂崩落時，看她們以無比的勇氣，挑戰壓迫她們的國家政策，為愛勇往直前，也為愛共赴天涯……。,,China,Chinese,2010s,1,https://movie.douban.com/subject/4820104/
功夫梦,2010,英语 / 汉语普通话,英语,外语为第一语言,哈罗德·兹瓦特,动作 / 剧情 / 家庭,美国 / 中国大陆,6.4,91784,本片根据好莱坞1984年的同名电影翻拍而成。12岁的德瑞·帕克（贾登·史密斯 Jaden Smith 饰）随母亲（塔拉吉·P·汉森 Taraji P. Henson 饰）由底特律搬家至中国北京，认识了同校拉小提琴的中国女孩美莹（韩雯雯 饰）。德瑞与美莹的交往引起了学校以程（王振威 饰）为首的小团体的不满，在一次打斗中，处于劣势的德瑞被公寓管理员老韩（成龙 饰）所救，却得罪了程的武术老师李师傅（于荣光 饰）。老韩与李师傅约定，由徒弟们在比武大会上一较高下。从此，德瑞师承老韩开始学习中国功夫，从拳脚练习到个性修炼，一点点领会武术及人生的真谛，同时也与老韩建立了深厚的友谊。但只有短期训练的德瑞究竟能否在残酷的比武大赛上战胜程，取得最终胜利呢？,《功夫梦》通过细腻温婉的镜头语言与真挚的情感铺陈，呈现了异国少年在传统武术磨砺中的成长与救赎，极具情感感召力。,North_America,Chinese,2010s,1,https://movie.douban.com/subject/3074503/
台北星期天,2010,汉语普通话 / 塔加路语 / 英语,汉语普通话,外语为主(外语2/中文1),何蔚庭,剧情 / 喜剧,中国台湾 / 菲律宾,6.7,2643,聪明机灵的麦文（Epy Quizon 饰）和木讷朴实的达都（Bayani Agbayani 饰）是在台湾的菲律宾移工 。他们远离家乡，为了家乡亲人更好的生活在这个陌生的地方辛勤工作。工作之余，麦文总是向达都描述他最大的愿望，那就是能在宿舍的天台能有一张舒服的沙发，每日下班后能躺在上面看星星，而达都总是一笑置之。一个普通的星期天，菲律宾移工的假期。分别约会失败的麦文和达都无意间在路旁发现了一张被人遗弃的红色沙发。麦文成功说服达都一起将这件承载了梦想了家具搬回宿舍。可是回宿舍的路途并不容易，几次意外，几番争吵，麦文和达都究竟能否成功将沙发搬回宿舍？两人在台湾的打工生活又会发生什么变化呢？本片由日本放送协会（NHK）赞助拍摄。,经典电影暂无评价,China,Chinese,2010s,1,https://movie.douban.com/subject/4713990/
我爱高跟鞋,2010,英语 / 汉语普通话,英语,外语为第一语言,贺照缇,纪录片,中国台湾,7.4,308,紐約曼哈頓街頭一整排高級名牌店家與走起路來婀娜多姿的高跟鞋女郎，還有台北 101 大樓的夜晚，鎂光燈閃個不停地聚焦在女模及女明星們腳上那雙令人炫目的鞋，穿著美麗的鞋，臉上盡是自信跟迷人神采，也喚起了每個人都想要擁有一雙那樣的美麗高跟鞋的慾望！記錄片是個關於願望的故事，也是一個由美麗高跟鞋串起來的故事。售價美金 300~1000 元的奢華名牌高跟鞋，到底是誰做出來的呢？從取得皮料、製作、代工到套進一雙雙白皙的腳上，要經過多少人的手？這些養牛的農婦、工人、代工管理者和穿高跟鞋的紐約名媛，都有自己生活上的難處和小小的快樂。本片以他們的願望為主軸，呈現出美麗高跟鞋背後的故事。本片歷經兩年的拍攝，追著名牌高跟鞋的足跡，從中國和俄羅斯的邊境，一路拍到紐約的曼哈頓；從貧困的農村，殺牛取皮的血腥現場，到時尚奢華的大都會；春天，小牛的皮剛被割下，女工在生產線上，精心修飾每一個細節。到了那一年的冬天，那些細節就穿在紐約時尚女性的腳上。全球化對這個世界的影響，從這一雙雙高跟鞋中顯現。每個製作高跟鞋的環節，是一個小短片，裡面有不同的故事主角，透過攝影機，看到了主角腳上所穿的鞋，價格從人民幣 2 元到美金 600 元不等。片中有女工的喜怒哀樂，也有台商作為代工者，和國際客戶協商的現場；有紐約名媛的內心世界，也有屠牛場的殘酷實境，這些主角的願望，顯示了他們生活處境上的差異性。全片在平靜中潛伏巨大能量，猶如一首浩瀚浮於世事的詩篇。,,China,Chinese,2010s,1,https://movie.douban.com/subject/5397532/
谍海风云,2010,英语 / 汉语普通话 / 日语 / 德语 / 上海话,英语,外语为第一语言,米凯尔·哈弗斯特罗姆,剧情 / 爱情 / 悬疑,美国 / 中国大陆 / 泰国,5.8,19726,1941年，美国海军情报局特工索姆斯（约翰•库萨克 John Cusack 饰）奉命来到上海，负责调查好友康纳被暗杀的真相。他以德国先驱报驻上海记者的身份游走于社会名流的酒会。他借助同纳粹工程师穆勒太太的情人关系消除猜疑、获取情报。在一次赌局中，他结识了黑帮头目兰亭的夫人安娜（巩俐 饰），对方与手下的神秘暗语令他好奇。跟踪未果，他只得继续打探。为了调查康纳的死因，他秘密约见了康纳的线人。然而，两人的会面却因为日本军队追查地下党而破产。一次偶然的机会，索姆斯再次与安娜重逢，并且在她的引荐中结识了上海黑社会头目安东尼•兰亭（周润发 饰）及日本情报处田中大佐（渡边谦 饰）。在调查中，索姆斯渐渐发现康纳的死跟一个神秘的日本女人（菊地凛子 饰）有关……,经典电影暂无评价,North_America,Chinese,2010s,1,https://movie.douban.com/subject/2352630/
这个念头是爱,2010,英语 / 汉语普通话,英语,外语为第一语言,雷磊,动画 / 短片,中国大陆,7.7,768,布鲁斯风格的曼妙音乐响起，画面呈现出一座机场的紧张繁忙的场面。世界各地的红男绿女群集于此，满怀着希望和憧憬，心头早已飞翔他们的目的地。有一个青年听说法国人很浪漫，他决定坐飞机前往法国，见见那个从未谋面的恋人。他轻松地将行李丢了过去，拿到了登机牌，历经海关严格缜密的检查，终于坐上了飞机。飞机载着乘客降落机场，青年那单纯而美丽的恋人此刻早已等候多时。两人见面，一见如故，热情拥抱。而就在此时，青年低头发现了女孩的袜子破了一个洞。此时他的心里升起一个念头，“这就是爱~~”本片荣获渥太华国际动画节最佳叙事短片奖。,经典电影暂无评价,China,Chinese,2010s,1,https://movie.douban.com/subject/4899810/
香港机密,2010,英语 / 粤语 / 日语,英语,外语为第一语言,Maris Martinsons,喜剧 / 剧情 / 爱情,拉脱维亚 / 中国香港,6.4,145,在香港这个世界上最奇特最美丽的城市里，阿玛亚遇到了迷人的英国人保罗，保罗戏剧性地改变了阿玛亚的文化和身份认同。,,Europe,Chinese,2010s,1,https://movie.douban.com/subject/4822441/
黄海,2010,韩语 / 汉语普通话,韩语,外语为第一语言,罗泓轸,剧情 / 动作 / 犯罪,韩国 / 美国 / 中国香港,8.5,186356,为了能让妻子去韩国打工，出租车司机久南（河正宇 Jeong-woo Ha 饰）不惜借6万块钱的巨款。妻子已经有六个月没有消息了，久南每日只能用酒精和赌博来麻醉自己的神经。一天，在债主的介绍下，久南认识了绵先生。绵先生不仅愿意帮助他偷渡到韩国寻找妻子，而且愿意为他还掉所有 的债务，条件是让他在首尔杀一个人。几经波折，久南最终渡过茫茫黄海到达首尔，然而要杀死被严密保护的对象并不那么容易，久南一边开始周密的计划，一边开始到处打听妻子的下落。妻子就像从人间消失了一样音讯全无，而并没有杀人的久南却因出现在凶案现场而成为警方通缉的疑犯。此时，由于怕买凶杀人的事情暴露，从延边赶来的绵先生也极力致久南于死地，久南几乎陷入绝望的境地……河政宇凭借此片获得第47届百想艺术大赏颁奖礼最佳男演员奖。,影片以跌宕起伏的悬疑剧情与冷峻克制的镜头语言，层层剖析人性的阴暗与宿命的无常。,East_Asia,Chinese,2010s,1,https://movie.douban.com/subject/3743114/
不如归去,2011,英语 / 汉语普通话,英语,外语为第一语言,孙赞,剧情,美国 / 中国大陆,7.2,595,据美国《星岛日报》报道，一群来自纽约州立大学石溪分校的中国留学生，凭借对DV的热爱，走到了一起，成立了L.I.E。工作室，7年间共拍摄了三部与中国留学生、留美华人生活密切相关的影片。针对近年来许多留美华人在海归问题上仿徨徘徊，L.I.E。工作室的成员们自编自导影片《不如归去》，耗时一年完成，并将于2月4日在州立大学石溪分校举行首映礼。,,North_America,Chinese,2010s,1,https://movie.douban.com/subject/6004239/
寻龙夺宝,2011,英语 / 汉语普通话,英语,外语为第一语言,马里奥·安德鲁西奥,动作 / 奇幻 / 冒险,澳大利亚 / 中国大陆,3.8,5623,三千年前的中国北方，皇帝为抵御外敌入侵，借走了神龙的龙珠，应允胜利后还珠于龙。皇帝却在战斗中牺牲，龙珠不知所踪。时光转瞬，一个中澳联合考古队凭借当年流传下来的墓葬图发掘皇帝之墓。此时，男孩乔希与女孩林金无意中踏上了寻找龙珠的神秘旅途。盗墓集团的魔爪，就跟在他们身后。,经典电影暂无评价,Other,Chinese,2010s,1,https://movie.douban.com/subject/5355365/
巴黎宝贝,2011,英语 / 汉语普通话 / 法语,英语,外语为第一语言,王菁,剧情 / 喜剧 / 爱情,中国大陆,5.5,23139,6年前，富二代马小顺（邓超 饰）来到法国巴黎留学，这座以浪漫著称的城市，俨然成了花花公子马小顺寻欢作乐的天堂。某天他和朋友胡打乱闹跑到精英精子库捐精，他的种子阴差阳错进入了绝望的中年女诗人艾玛（珍·玛琪 Jane March 饰）的体内。原本渴望生出一个金发碧眼可爱小孩的艾玛，最终却生了一个黄皮肤黑头发的小女孩。艾玛一怒之下将精子库告上法庭，造成这一切的马小顺也被勒令遣返回国。这一变故不仅让小顺面临遣返，同时即将走入婚礼殿堂的女友艾米（Clémence saint-preux 饰）也决然离开。为了继续留在法国，小顺必须想法让艾玛的小孩承认他亲生父亲的身份。为此他展开了一连串的留守大作战……,经典电影暂无评价,China,Chinese,2010s,1,https://movie.douban.com/subject/5366708/
幸福卡片,2011,英语 / 汉语普通话,英语,外语为第一语言,陈宝玲,剧情 / 音乐,澳大利亚 / 中国大陆,5.9,840,从很小的时候起，妹妹（朱琳 饰）就被父母抛弃成为了孤儿，幸运的是，远在澳大利亚，有一个名叫兰德尔（盖·皮尔斯 Guy Pearce 饰）的绅士出手相助，妹妹才能在孤儿院过上衣食无忧的生活。妹妹从未见过她的救命恩人，她对兰德尔的所有了解都局限于后者寄给她的各种各样漂亮的卡片之中，在妹妹的印象里，兰德尔住在一幢大房子里，家庭幸福，富有又善良。一次意外的机会中，妹妹所在的孤儿院来到澳大利亚参加一个活动，妹妹偷偷的离开了队伍，独自踏上了寻找兰德尔的旅途。没想到，现实犹如一盆冷水浇在了妹妹的头上，兰德尔并不富有，甚至都失去了自由。兰德尔的落魄并没有改变妹妹对他的尊重，随着时间的流逝，一种类似于亲情的感情在两人之间产生了。,经典电影暂无评价,Other,Chinese,2010s,1,https://movie.douban.com/subject/5319823/
李献计历险记,2011,汉语普通话 / 日语 / 英语,汉语普通话,外语为主(外语2/中文1),郭帆 / 李阳,爱情 / 奇幻 / 冒险,中国大陆,6.4,35944,李献计（房祖名 饰）跟女友王倩（王子文 饰）分手之后，难以接受这个惨痛的现实，以至于重新回到了差时症的怪圈之中。他穿梭在自己的时空里，回忆着童年上学看课外书被老师罚站，对于父亲（姜武 饰）严厉批评的心不在焉，对于二叔（姚鲁 饰）精通电子维修的向往，对于视频游戏的痴迷，对于公司同事的冷漠厌恶，当然，还有对于他和女友恋爱的每个细节。他并不希望治愈差时症，因为他还对回到过去抱有幻想，甚至不惜卖肾、打造金属手臂来完成打通游戏的梦想，但是现实的残酷，却将他卷入了警察（白凯南 饰）、警察小殷（李响 饰）、马神医（范明 饰）、日本骗子（矢野浩二 饰）等各色人物的圈套之中……本片根据李阳2009年创作的著名网络动漫视频改编。,《李献计历险记》将震撼宏大的视觉特效与深刻独到的科幻哲思完美融合，以极具张力的叙事结构，呈献出无与伦比的视听盛宴。,China,Chinese,2010s,1,https://movie.douban.com/subject/5320233/
涉梦而行-电子音乐在中国,2011,英语 / 汉语普通话,英语,外语为第一语言,张艺馨,纪录片 / 传记,中国大陆,7.4,113,影片时长50分钟。采访中国国内业界专业人士。如音乐人士沈黎晖；音乐学者张有待；DJ DIO、翁嗡、Mikey_Zhang 、ELVIS_T、 孙大威、宠物同谋等。纪录了80年代改革开放电子音乐传入中国到今天的发展和状态。,,China,Chinese,2010s,1,https://movie.douban.com/subject/21946413/
爱回温,2011,英语 / 汉语普通话,英语,外语为第一语言,彭陌勰,剧情 / 爱情,中国大陆,5.4,137,中国大陆同志题材短片。一个关于三个以L为名字首字母的人之间发生的故事，Luc，Laurence，Liz为你送上一段具有悬疑色彩的浪漫爱情故事。Luc是一名在外企上班的青年人，他暗恋着自己的外籍老板Laurence，却发现他与Liz有着异常亲密的关系。伤心的Luc决定就此告别往事，然而就在此时，事情发生了转变。爱情将把他们带到哪里？三位主人公之间的关系到底如何变化？爱情的真相又是什么？影片将以三个章节，从不同的主角视角，为你讲述一段唯美可爱的故事。,,China,Chinese,2010s,1,https://movie.douban.com/subject/6110547/
爱封了,2011,德语 / 英语 / 汉语普通话 / 波兰语 / 土耳其语,德语,外语为第一语言,唐丹,喜剧 / 爱情,中国大陆 / 德国,5.2,4022,山城女孩凌玲（江一燕 饰）志愿成为一名空姐，为了这个目标她在重庆小丑鲜花店努力打工存钱。偶然的机缘，玲儿与德籍华人余广浩（吴大维 饰）有了一段露水姻缘。在此之后，两人经常通过余送来的手机谈情说爱，俨然一对热恋中的情侣。这个火辣的妹子无法忍受相思之苦，终于乘上飞往柏林的飞机前来寻找恋人。然而迎接她的不是余广浩，而是自称余的下属马克（弗罗里安·卢卡斯 Florian Lukas 饰）。马克对于玲儿与恋人见面的理由推三阻四，语焉不详。玲儿只得趁机跑掉，独自踏上寻找的旅途，却发现不仅恋人所说的住址有误，连他们看似美好的恋情也如空中花水中月，如幻似梦……,经典电影暂无评价,China,Chinese,2010s,1,https://movie.douban.com/subject/6313287/
花,2011,法语 / 汉语普通话,法语,外语为第一语言,娄烨,剧情 / 爱情 / 情色,法国 / 中国大陆,6.9,19661,一段绽放在北京的中法恋情凋谢后，花（任洁 饰）决定辞去在北京当老师的工作，前往巴黎寻回男友，但终究还是没能令其回心转意。在陌生的城市游荡，迷路的花偶遇了一位法国蓝领马修（塔哈·拉希姆 Tahar Rahim 饰），马修即刻向这位中国姑娘大放殷勤，并暴力地占有了她，而绝望的花也误打误撞地对马修萌生了情愫。虽然马修疯狂地爱着花，但他和他的朋友们却似乎一直把花当婊子看待，两人之间的裂缝渐渐判若鸿沟。在巴黎浑浑噩噩的度日以及与马修间的爱怨龃龉让花开始想家，她开始探寻，在性与爱之间，自由与乡愁之间，自己究竟想要的是什么……本片根据旅居巴黎的中国女作家刘捷的同名长篇小说改编。,影片以手持摄影的晃动镜头与阴郁潮湿的影调，极具肉欲与感性地呈现了异国恋情中的漂泊感与情感挣扎。,Europe,Chinese,2010s,1,https://movie.douban.com/subject/4883425/
赛德克·巴莱(上)：太阳旗,2011,日语 / 闽南语 / 赛德克语,日语,外语为第一语言,魏德圣,剧情 / 历史 / 战争,中国台湾,8.9,90976,本片根据雾社事件史实改编。1895年，《马关条约》割让台湾之后，日本遂即武力接收台湾，宝岛各地纷纷被攻破。而台湾山区因道路不通，原住民生活尚暂未受影响，雾社地区的赛德克人之中，马赫坡年轻一代的莫那鲁道（游大庆 饰）英勇过人，率族群与甘卓万人争斗不休。日人垂涎雾社地区的 丰富资源，试图染指但遭到赛德克人强烈抵抗，伤亡惨重，然终于借原住民族群之间的互相仇杀侵入了雾社。莫那鲁道只得忍辱投降，但心中的火苗从未熄灭。时间推至1930年，日本对于雾社原住民的“文明改造”历经多年，日语等所谓文明并未给予原住民平等的生活，日人的欺压和繁重劳作侵蚀着赛德克人的传统和尊严，多年的愤怒累积，终于在这一年全面喷发！,《赛德克·巴莱(上)：太阳旗》通过细腻温婉的镜头语言与真挚的情感铺陈，呈现了原住民守护家园与尊严的壮烈悲壮史诗，极具情感感召力。,China,Chinese,2010s,1,https://movie.douban.com/subject/10450409/
赛德克·巴莱(下)：彩虹桥,2011,日语 / 闽南语 / 赛德克语,日语,外语为第一语言,魏德圣,剧情 / 历史 / 战争,中国台湾,8.8,80937,莫那鲁道（林庆台 饰）率领族人在公学斩杀异族血祭祖灵后，拥有了通过彩虹桥的资格，剩下来的，就是在英勇战斗后从容赴死。在日本方面，雾社的消息很快传达各处，陆军少将镰田弥彦率军队与警察组成的联合部队，迅速发起讨伐。马赫坡等社分头行动，利用地形优势和灵活战术给予日军先头部队重大杀伤。山地警小岛（安藤政信 饰）利用个人威望和部族矛盾成功劝说铁木瓦力斯（马志翔 饰）连同部落加入日军阵营，协助围攻莫那鲁道。在开战初期，随部落向密林转移的妇孺为了不拖累战士们，纷纷自尽，在矛盾中痛苦的一郎亦选择了切腹。镰田弥彦对部队的缓慢推进大为光火，不惜使用糜烂性炸弹对付赛德克人。满山火光中，莫那鲁道迎来了最后决战的时刻……,影片以壮烈宏阔的战争悲歌，展现了原住民族群誓死捍卫信仰与灵魂自由的英雄气概与血性。,China,Chinese,2010s,1,https://movie.douban.com/subject/6393127/
雪花秘扇,2011,英语 / 汉语普通话 / 韩语,英语,外语为第一语言,王颖,剧情 / 历史,中国大陆 / 美国,5.7,73550,十九世纪初的中国，妇女还保留着裹小脚的复苏。在湖南的某个小镇，百合（李冰冰 饰）与雪花（全智贤 饰）按照当地风俗结为老同，自幼生活在一起，靠着女书交流彼此的心事，她们之间深厚的情感无 人能够取代。随着年龄的长大，百合与雪花必须嫁作人妇，从此开始了各自的苦难人生。21世纪 初，尼娜（李冰冰 饰）即将因公赴美，却在临行前夕得知好友索菲娅（全智贤 饰）车祸住院的消息。索菲娅是她自学生时代便在一起的好友，她们更按照古老的风俗结为老同。这场车祸，让久久失去联系的两人重新聚首……本片根据美籍华裔畅销作家邝丽莎所著小说《雪花与秘扇》改编。,经典电影暂无评价,China,Chinese,2010s,1,https://movie.douban.com/subject/4135434/
龙拳,2011,英语 / 汉语普通话 / 马来语,英语,外语为第一语言,蔡业翰,剧情 / 动作,中国大陆 / 新加坡 / 马来西亚,2.6,147,《龙拳》是一部以传统华人文化与现代华人文化的冲突为题材的电影。阿杰（蔡业翰饰）从中国到马来西亚投靠叔叔，发觉流氓在小镇收保护费，结果他团结小镇居民，击败流氓。故事是述说着一间咖啡厅老板陈叔叔面对着当地黑社会给他造成的麻烦。因为没能力缴交保护费给黑社会，陈叔叔就向他哥哥求救，然而他哥哥却派了他儿子阿杰来帮忙陈叔叔。当阿杰到达目的地时，他感觉当地文化有所不同，这里当地人民多关注于自家生意以及他们都不合作只为自己的安全着想，因此黑社会就手掌控着全城当地人民。相反的，一心想帮忙的阿杰来到了这裡却反而为陈叔叔带来了更多的麻烦，因为阿杰的举动招惹了当地黑社会也因此牵扯到了整个城市动乱。阿杰尝试说服当地人民必须团结一致打倒黑社会以避免再多的暴力和恐吓发生。可是却没有一个人敢站出来支持阿杰的提议。当黑社会空袭当地城市时，当地人民反而更害怕黑社会所做出的举动于是就责怪阿杰将全部责任都怪在阿杰身上。此外， 陈叔叔的女儿，莉莉也是当地黑社会的一分子也因此严重影响陈叔叔与当地人民和黑社会的对抗。,,China,Chinese,2010s,1,https://movie.douban.com/subject/10730048/
2032 我们期望的未来,2012,英语 / 汉语普通话,英语,外语为第一语言,杜家毅,短片,中国大陆,7.7,603,这部时长4分半、总投资30万元人民币的影片由联合国开发计划署（UNDP）中国代表处制作，32个中国人各用一句话描述自己对20年后未来的愿望。实际参与拍摄的共232人，演员周迅是唯一的公众人物。她是UNDP中国亲善大使，也是这部影片的资助者。“我们期望的未来”是“里约+20”峰会的主题，《2032》为此而拍。20年前，确定并推广“可持续发展”的全球环境首脑会议在巴西里约热内卢举行；2012年6月，全球二百多个国家的首脑及数千名来自各国政府、非政府机构的参与者再次汇聚里约，探讨在这个越来越拥挤的星球上，人类应如何减少贫困、促进社会公平、确保环境健康等议题。很多国家通过社交网络征集了本国民众对未来的期许，制作了宣传片或图文展板，联合国新闻部为此组织展览，在“里约+20”峰会期间向公众展示。《2032》代表中国人，向世界倾诉期望，事先虽然未必有明确的意图，但这部小小的影片实际上成为中国的另一种“形象片”。,,China,Chinese,2010s,1,https://movie.douban.com/subject/11533202/
一八九四·甲午大海战,2012,汉语普通话 / 日语 / 英语,汉语普通话,外语为主(外语2/中文1),冯小宁,剧情 / 历史 / 战争,中国大陆,5.6,9578,1867年，李鸿章（孙海英 饰）上书，清政府下令建立船政学堂，由洋人讲授西洋海军知识。邓世昌（陆毅 饰）前来报考，得刘步蟾兄妹相助，一鸣惊人。1877年，邓世昌送同学们赴英国皇家海军学院深造。4年之后，邓世昌代表朝廷迎接同学凯旋。他在伦敦街头偶遇刘步蟾妹妹（龚洁 饰），并教训了挑衅的洋人。毕业会上，邓世昌、刘步蟾与伊东佑亨（夏雨 饰）、东乡平八郎的对话，为日后两国海上交锋埋下伏笔。李鸿章组建北洋水师，向光绪帝（郭家铭 饰）启奏向英国定制的铁甲舰，得到了慈禧太后（吕丽萍 饰）准奏。与此同时，日本天皇号召朝野捐俸也购得了铁甲舰，伊藤博文还奉上了侵略的奏章。北洋水师提督丁汝昌（杨立新 饰）率刘步蟾、邓世昌等 “镇远”号、“致远”号将士出访日本，遭遇长崎事件，大战一触即发……,经典电影暂无评价,China,Chinese,2010s,1,https://movie.douban.com/subject/6080772/
人再囧途之泰囧,2012,汉语普通话 / 英语 / 泰语,汉语普通话,外语为主(外语2/中文1),徐峥,喜剧,中国大陆,7.5,708579,商业成功人士徐朗（徐峥 饰）用了五年时间发明了一种叫“油霸”的神奇产品——每次汽车加油只需加到三分之二，再滴入2滴“油霸”，油箱的汽油就会变成满满一箱。徐朗的同学，兼商业竞争对手高博（黄渤 饰）想把这个发明一次性卖给法国人。但徐朗坚决不同意，他希望深入开发研究， 把“油霸”发扬光大，得到更远的收益。两个人各抒己见，争论不休，一直无果。由于两人股份相同，唯有得到公司最大股东周扬的授权书，方可达到各自目的。当得知周扬在泰国后，徐朗立刻启程寻找。而高博获悉后将一枚跟踪器放在徐朗身上一起去了泰国。飞机上，徐朗遇到了王宝（王宝强 饰），别有心机地想利用他来摆脱对手高博的追赶，可他不仅没甩掉王宝，还成了他的“贴身保姆”……究竟徐朗和高博谁会最终拿到周扬的授权书？而三个各怀目的的人，又将带来一段如何爆笑的泰国神奇之旅？,以幽默温馨的基调与生动的情节，巧妙地展现了平凡生活中的温情与爱，令人笑中带泪。,China,Chinese,2010s,1,https://movie.douban.com/subject/10574622/
十二生肖,2012,英语 / 汉语普通话 / 粤语 / 法语 / 西班牙语,英语,外语为第一语言,成龙,喜剧 / 动作 / 冒险,中国大陆 / 中国香港,6.7,317091,当年英法联军火烧圆明园，致使大批珍贵文物流落海外，其中四尊十二生肖兽首最引人关注，不仅惹出国内外的广泛争论，更有收藏家开出天价竞拍这几尊珍品。当然，其间不乏奸邪的文物贩子，试图通过偷盗的手段获取宝贝。以此为契机，正在度假的国际大盗JC（成龙 饰）隆重登场。JC背后有一支 Simon（权相宇 饰）、David（廖凡 饰）、Bonnie（张蓝心 饰）等人共同组成的超专业团队，他们一同远赴巴黎，寻求国宝鉴定专家Coco（姚星彤 饰）的帮助。经过周密细致的准备，JC等人一步步逼近重兵把守的兽首，而围绕珍宝不可避免爆发连番惊险火爆的打斗与追逐。在这一过程中，JC似曾被利益和金钱泯灭的爱国之心渐渐苏醒……,影片回归传统港式动作喜剧的惊险搏杀与幽默桥段，生动讲述了一段追索流失国宝的跨国冒险。,China,Chinese,2010s,1,https://movie.douban.com/subject/4212172/
咆哮无声,2012,英语 / 汉语普通话 / 日语,英语,外语为第一语言,萧锋,历史 / 战争,中国大陆,3.4,439,中国女孩万云（刘芸 饰）在姑奶奶万静娴（汪裴 饰）去世以后看见了她当年的日记。日记里姑奶奶在青年时代的战争经历和情感以及当年800抗战壮士英勇投江的故事，深深打动了万云。她决定沿着当年姑奶奶的脚步，走上寻找真相之路。日本人中村一郎（涩谷天马 Tenma Shibuya 饰）由父亲老中村一手带大。老中村患有老年痴呆症，一直被自己的战争经历困扰着。为了让父亲有个平静的晚年，中村一郎踏上了去马家崖的旅途。两个不同国籍、不同文化、不同经历的年轻人在相同的地点相遇了……纪念碑、千人坑、革命纪念馆、老人杨镇江（李立群 饰）的回忆，记忆碎片渐渐拼合，一个尘封已久的抗战故事慢慢浮现在两人面前。,,China,Chinese,2010s,1,https://movie.douban.com/subject/19976099/
商战,2012,英语 / 汉语普通话,英语,外语为第一语言,西蒙·殷,惊悚,美国 / 中国香港,4.6,237,一名性格特立独行的纽约对冲基金交易员Conner Lee（丁温庆 饰）受到美国及亚洲两般金融恶势力的牵引，到香港展开了一场惊天动地的家族企业并购商战。为求达成这项市值数十亿元的世纪商业买卖，Conner不择手段，并甘愿以自己的生命以及一间公司的未来作赌注，决意在香港这个复杂的弹丸之地以身犯险。,,North_America,Chinese,2010s,1,https://movie.douban.com/subject/5319817/
大手啊大手，越大越好,2012,英语 / 汉语普通话,英语,外语为第一语言,雷磊,动画 / 短片 / 音乐,中国大陆,7.2,383,本部独具匠心的奇幻动画短片，用极具形式感的表现手法，向我们描画了一个神奇的“大手王国”。一双双蓝色的大手，跟随着节奏打着拍子。大手小人特别的勤劳，他们干活儿又快又好。成堆的苹果在流水工作线上被他们整理成箱，运往世界各地。这时，出现了一个爱说话的小男孩。他想要表达的东西如此之多，于是这些话就变成了一个个的气泡。可是忙碌的大手小人根本就分身乏术，小男孩只能捂上嘴巴不再说话。直到遇见回音壁的时候，呼出的气泡居然越变越大。越变越大的还有蓝色大手，他们不断膨胀好像要覆盖整个天空。最后，在漂浮的世界里，大手们变成了飞舞的翅膀。导演雷磊毕业于清华美院动画专业，是一个“以动画为语言”的新生代动画设计师。他同时还涉足平面设计、插图、短篇漫画、涂鸦和Hip Hop音乐等诸多领域，背景音乐中的小合唱由幼得爱幼儿园的小朋友演唱。,,China,Chinese,2010s,1,https://movie.douban.com/subject/20514424/
天使之城,2012,英语 / 汉语普通话,英语,外语为第一语言,陈家铮,剧情 / 爱情 / 短片,美国 / 中国大陆,6.7,106,大洋另一边的天使之城洛杉矶小洁、王鹏、杨一凡和晓曦等充满青春朝气的中国孩子来此求学。在温暖浪漫的加州海岸，曾经身体不适的一凡和晓曦相知相恋，他们的手紧紧相握，发誓永不分开，但是命运永远无法预测。出身平平的王鹏热爱电影，希望走入好莱坞拍摄心中的电影，毕业在即他宁愿放弃博士学位，也要朝着梦想再闯一步。毕业的日子一天天临近，一凡如愿得到心仪公司的offer，晓曦左思右想，决定暂时放下毕业回国当老师的设想，留在美国陪伴男友。而在另一边，一凡也做出了自己的决定。在那个夜晚，两位有情人紧紧相拥，可是可怕的命运突然降临……本片根据真实事件改编。,,North_America,Chinese,2010s,1,https://movie.douban.com/subject/20258961/
她，一个人的旅行,2012,英语 / 汉语普通话 / 法语,英语,外语为第一语言,余静萍,短片,中国台湾,6.0,462,ELLE首部微電影【她．一個人的旅行】7月6日於台北電影節全球首映。ELLE與妳一起旅行．邂逅巴黎。,,China,Chinese,2010s,1,https://movie.douban.com/subject/11589763/
妙之异境巴黎,2012,英语 / 汉语普通话 / 法语,英语,外语为第一语言,Stéphane Sednaoui,剧情 / 爱情,中国大陆 / 法国,5.8,330,巴黎早上八点，来自上海的女孩（周冬雨 饰）对着鱼缸里的金鱼自言自语，她许诺为鱼儿带回一个同伴，并希望今天能有好运气。过了一会儿，女孩走出沉淀着历史气息的公寓，畅言漫步在这座浪漫梦幻的城市街头。坐在学院的长凳上，女孩按照导师的指示绘画，而目光却时不时飘向坐在附近的青年（尼尔斯•施内德 Niels Schneider 饰）。她来这里留学已有一段时间，然而此时产生了疑惑，不知当初的决定是否正确。能看到别人看不到的事情，也许是一件好事，或许也是一个机遇。阳光明媚的日子里，女孩紧随着青年的脚步，谁知竟无意中失却了对方的身影。无处不艺术的巴黎，将她带入如梦如幻的世界和体验中……,,China,Chinese,2010s,1,https://movie.douban.com/subject/11525794/
形影不离,2012,英语 / 汉语普通话,英语,外语为第一语言,伍仕贤,剧情 / 悬疑,中国大陆,5.9,20582,《形影不离》讲述的是发生在中国某南方城市的一个多线索和情节曲折的另类故事，它兼具剧情、心理悬疑元素：吴彦祖扮演的李越是一个工作和家里遇到麻烦不断的年轻工程师。他的妻子阿胖（龚蓓苾饰）是个貌似很情绪化的暗访记者，而闫妮饰演的上司给李越带来了不少压力。故事的开始，李越因种种原因试图自杀，却巧被他的老外邻居老查（凯文·史派西 饰）救下，俩人因此成为了好朋友。于是“失控”的他们共同踏上了生命中的一个完全意外的旅途。但老查真的只是一个普通的邻居吗？,经典电影暂无评价,China,Chinese,2010s,1,https://movie.douban.com/subject/2124708/
心·方向,2012,英语 / 汉语普通话,英语,外语为第一语言,陈厦,剧情 / 短片,中国大陆,4.6,253,天秤座女孩李北北与苏岩青梅竹马，却因误会情缘未续。高帅却给了她平实窝心的爱。婚礼上，苏岩飞车抢亲。面对爱情走向，能决定北北归属的，必然是她的本心。观看完整影片：http://t.cn/zWxSqT2,,China,Chinese,2010s,1,https://movie.douban.com/subject/10745165/
我最后一次看见澳门,2012,葡萄牙语 / 粤语 / 英语,葡萄牙语,外语为第一语言,若昂·佩德罗·罗德里格斯 / 朱奥胡格拉达玛塔,剧情 / 犯罪 / 悬疑,葡萄牙 / 法国 / 中国澳门,5.9,137,影片导演Joao Rui Guerra da Mata年少的时候曾经在澳门生活。30多年之后，他用镜头记录下一个已然是陌生的澳门，记忆中的那个城市无处可寻。使用这些纪录素材，导演剪辑出了一部对于克里斯·马克尔的《日月无光》以及约瑟夫·范·斯特恩伯格《澳门》半致敬的作品，在经典的黑色犯罪类型和导演本人标志性的同志视角之间不受拘束地切换。这部以第一人称讲述的影片让观众看见了一个从未有过的澳门。,,Europe,Chinese,2010s,1,https://movie.douban.com/subject/5999375/
拯救第365天,2012,英语 / 汉语普通话,英语,外语为第一语言,亓梅晓 / 图兰·唐克 / 马克·皮涅罗 / 李山,动画 / 奇幻 / 冒险,中国大陆 / 新西兰 / 英国 / 美国,3.1,163,故事发生在远古的东方，人们生活在一片宁静祥和之中；然而，一个仇恨阴影却在黑暗之中步步紧逼，生活被瞬间摧毁！生命危在旦夕！那么，绝境之中，谁会是那个顶天立地的英雄？他就是“光”！一个不明身世的“另类”！第365天，揭开了他的身世之谜，却又让他无比的纠结，第365天，他究 竟遭遇了什么？ 第365天，他究竟拯救了谁呢？还是谁拯救了“光”呢？,,China,Chinese,2010s,1,https://movie.douban.com/subject/10866863/
晚秋,2012,英语 / 韩语 / 汉语普通话,英语,外语为第一语言,金泰勇,剧情,韩国 / 美国 / 中国香港,7.0,227455,《晚秋》根据李满熙导演1966年的同名电影改编而成，影片以美国西雅图为背景，讲述两名男女在异国他乡的爱情故事。本在监狱服刑的安娜（汤唯 Wei Tang 饰）因母亲过世获得三天假期，七年来首次踏上归家之路，并于长途汽车上邂逅了勋（玄彬 Bin Hyeon 饰）。不够车钱的勋用手表做抵押借了安娜的钱，约定到西雅图再见。一个是弑夫假释的女犯，一个是专门“吃软饭”的情场骗子，两个互相隐瞒了身份的陌生人就这样在邂逅中渐生情愫，在短短三天内谈了一场浪漫恋爱。,影片以西雅图萧瑟深秋的文艺色调，克制而感伤地捕捉了两个边缘灵魂之间短暂的交汇与温暖。,East_Asia,Chinese,2010s,1,https://movie.douban.com/subject/4136036/
本子上的魔术,2012,英语 / 汉语普通话,英语,外语为第一语言,曾翔立,动画 / 短片,中国大陆,7.7,193,本片采用定格拍摄的手法，大概用到了1000张静态图片，之后配合一些后期的处理，就完成了这样一部可爱又充满创意的小动画儿！酷哦！,,China,Chinese,2010s,1,https://movie.douban.com/subject/11510501/
桃姐,2012,英语 / 汉语普通话 / 粤语,英语,外语为第一语言,许鞍华,剧情 / 家庭,中国香港,8.3,286446,桃姐（叶德娴 饰）是侍候了李家数十年的老佣人，把第二代的少爷罗杰（刘德华 饰）抚养成人。罗杰从事电影制片人，五十多岁了仍然独身，而桃姐也继续照顾罗杰，成为习惯……一日，桃姐如常到街市买菜，回寓所煲汤、做好满桌的饭菜，在等待从内地出差回家的罗杰，桃姐看着窗外的街景打发时间 ，不知不觉间却竟昏迷在地上……桃姐醒来时发现自己身在医院，桃姐是中风了！一边手臂不能活动自如，必须利用物理治疗尽量恢复活动能力。罗杰在百忙工作中为桃姐找合适老人院，期间巧遇昔日电影拍摄认识的草蜢哥（黄秋生 饰），桃姐出院来到老人院，环境陌生，院友怪异，桃姐强装镇定。罗杰工余常到老人院探桃姐，主仆闲话家常一如母子，仍保持互相揶揄调侃习惯，桃姐嘴硬心甜，院友羡慕。罗杰特意带桃姐参加电影首映礼，桃姐首次刻意打扮准备，取收藏已久的名贵衣服出发赴会；首映礼上桃姐大开眼界，更终有机会见到电影明星，桃姐感叹自己有生之年已然无憾……,经典电影暂无评价,China,Chinese,2010s,1,https://movie.douban.com/subject/5977835/
沙井村之恋,2012,英语 / 汉语普通话,英语,外语为第一语言,王乐涛 / 许益华,剧情 / 喜剧 / 爱情,中国大陆,5.4,156,沙井村，和西安众多城中村一样，是蚁族的乐土。即将大学毕业的王林肯与女朋友陈小丹就是这里的租客，他们的房东安震南（卢学习 饰）有一个傻孙子——“总统”安红（叶倩 饰）。本片讲述的就是，王林肯（李佳鑫 饰）和小丹（梁思佳 饰），还有王林肯的好哥们外号“冠希”的李晨曦（董博 饰），包括后来搬来老安家，王林肯曾经的暗恋者林笑颜（王翔宇 饰），这样一群租住在城中村的大学生，以及同屋租住的其他租客，在帮助房东老安照顾傻孙子“总统”的过程中，发生的嬉笑皆非却又温情感动的故事……故事中有大学生对未来的迷茫与思考，有栖居城中村“西漂”族的无奈与彷徨，但在经历并真正懂得爱情、友情、亲情之后，每个人的心灵都得到了成长。这不仅仅是一部讲述大学生或城中村爱情的电影，这是一个关于梦想与成长的故事，愿明天有梦想，让故事有然后……本片根据王乐涛网络同名小说改编。,,China,Chinese,2010s,1,https://movie.douban.com/subject/11614240/
环形使者,2012,英语 / 法语 / 汉语普通话,英语,外语为第一语言,莱恩·约翰逊,动作 / 科幻 / 惊悚,美国 / 中国大陆,6.9,159327,未来，2044年。时间旅行从被发明的一开始就属于非法，只有当黑帮组织想清理某个特定对象、又不愿意在此世界留下任何痕迹时，才会出动“环形使者”。他们专门负责处决那些被时间传送回彼世界的目标。之所以称为“环形使者”，因为他们最终必须杀死未来的自己——这样才不会给未来主顾留下任何的麻烦。这个过程被称为“封环”。杀手乔（约瑟夫·高登-莱维特 Joseph Gordon-Levitt 饰）是最年轻的环形使者，弹无虚发，然而当他想处决来自未来的自己（布鲁斯·威利斯 Bruce Willis 饰）时，却遭到激烈反抗而失手。老年乔希望杀死未来封环计划中的关键人物——唤雨师，从而改变妻子（许晴 饰）的命运；青年乔在追杀过程中遇到了农场单亲妈妈莎拉（艾米莉·布朗特 Emily Blunt 饰），意外的成为了一对母子的保护人。两个版本的乔在这场改变未来（和现在）的豪赌中各出奇谋，上演了自我的巅峰对决......,影片以宏大的视觉叙事与精湛的视听语言，深刻探讨了科技、人性与生存的终极命题，极具震撼力。,North_America,Chinese,2010s,1,https://movie.douban.com/subject/3179706/
纽约客@上海,2012,英语 / 汉语普通话,英语,外语为第一语言,夏伟,剧情 / 喜剧 / 爱情,美国 / 中国大陆,6.4,6688,上海：21世纪全球贸易中心。每天都有更多的外籍商人来到上海，渴望了解到中国做生意的方式。这些外国人中有我们的同事，老板，邻居，客户……当雄心勃勃的纽约律师山姆（丹尼尔·海尼 Daniel Henney 饰）被意外的派到上海时，他立即陷入了法律泥潭，使他差点丢了工作。但随着一位聪明性感的助理（朱珠 饰），一个机灵的上海记者（耿乐 饰），一位漂亮的迁居专家（伊丽莎·库伯 Eliza Coupe 饰），以及一个人脉广泛的老前辈（比尔·帕克斯顿 Bill Paxton 饰）的帮助，山姆可能有机会保住工作，寻找到爱情，并且学着去欣赏他美好的故乡……,经典电影暂无评价,North_America,Chinese,2010s,1,https://movie.douban.com/subject/6972876/
街头之王,2012,英语 / 汉语普通话,英语,外语为第一语言,岳松 / 钟雷,剧情 / 动作,中国大陆,5.0,1798,《街头之王》是中国大陆首部纯街头格斗电影，同时也是一部独立电影！电影讲述了街头混混岳锋年少时因过人身手，成为街头打架高手，被人称为“街头之王”。但却在一次斗殴中意外误杀一名白衣少年，入狱8年。8年后，岳锋（岳松 饰）出狱，低调入世，封闭了自己的力量，以感恩和赎罪的心态重新面对着生活。但生活似乎从来准备都没有给过他机会， 兄弟反目，亲人遇害，爱人受辱……一系列的事件把他再次逼上火海刀锋。当黑暗淹没了世界，英雄便走上街头！他决定，以一己之力捍卫……正义！！！再战街头！！！,经典电影暂无评价,China,Chinese,2010s,1,https://movie.douban.com/subject/10829449/
远方,2012,英语 / 汉语普通话,英语,外语为第一语言,王小帅,剧情 / 短片,中国大陆,4.4,239,崇尚简单直接的男主角胡清每天过着家和公司两点一线的规律生活，一次在演唱会外的堵车中，误被当成黑车的胡清结识了一位酒醉的女孩，酒醉女孩疯癫又自由的行为感染了胡清，让他明白自己本来可以过的更自由……,,China,Chinese,2010s,1,https://movie.douban.com/subject/10867061/
重返大海,2012,英语 / 汉语普通话,英语,外语为第一语言,陆强,动画 / 冒险 / 家庭,中国大陆 / 美国 / 加拿大,5.3,3598,纽约湾的海域里生活着一个飞鱼家族，年轻的飞鱼Kevin（李俊宇 配音）已被父亲选中作为下一代的头鱼。他梦想着有一天能带领整个家族前往飞鱼故乡巴巴多斯。在一次争吵后冲动地冒险挑战人类的捕鱼区，不幸被捕，来到了唐人街餐馆的鱼缸里，家族祖传的珍珠也下落不明。在餐馆里，Kevin认识了餐馆老板的儿子小宝（林颖 配音），一个表面内向沉默，心底却热爱冒险的中国小孩。他的父亲大宝每天强迫他练习厨艺，好迎接竞争对手不怀好意的挑战，也好在日后能接过家族的班。两人互相认识并获得友情。就在这时，Kevin家族的珍珠突然被纽约大盗Jack（孟非 配音）在躲避警察时丢回了这个鱼缸。接下来，因为这一偶然事件，Kevin、小宝、Jack，还有鱼缸里的鱼，这几个不同的世界交织在了一起，发生了一系列惊险、幽默、温情的故事。,经典电影暂无评价,China,Chinese,2010s,1,https://movie.douban.com/subject/10460130/
钱学森,2012,汉语普通话 / 英语 / 俄语,汉语普通话,外语为主(外语2/中文1),张建亚,传记,中国大陆,7.3,25500,上世纪四十年代，加州理工学院终身教授钱学森（陈坤 饰）因为美国兴起的反共言论而备受打击。他的尖端技术研究被迫中止，并被责令出境。钱学森心系祖国，归心似箭，而意识到钱学森的巨大价值的美方又对其归国设置了重重障碍，甚至以间谍罪逮捕钱学森。最终，宣告无罪的钱学森被长期软禁在家 中。钱学森写信辗转与祖国取得联系，周恩来授命用11名美国战犯飞行员换回了钱学森。面对新中国技术、人才、工业等各方面的空白，钱学森带领科研人员从仿制入手，根据现有技术和条件逐步研究、完善，奠定了中国导弹的基础。1960年11月，第一枚导弹试射成功。1964年10月，第一枚原子弹试验成功，钱学森又承担起了研制火箭运载原子弹进行远程攻击的任务，他带领科研人员克服了天气地理等困难，完成两弹对接，1966年10月在罗布泊靶场成功试射新中国第一枚核导弹！晚年的钱学森对妻子（张雨绮 饰）充满愧疚，但妻子的理解让他倍感安慰。,经典电影暂无评价,China,Chinese,2010s,1,https://movie.douban.com/subject/6041200/
铁拳,2012,英语 / 汉语普通话 / 粤语,英语,外语为第一语言,罗伯特·菲茨杰拉德·迪格斯,动作,美国 / 中国香港,5.6,17089,本片创造了一个虚构的混战时代，背景是19世纪的中国。在北方有一个势力强大的狮子帮，朝廷想用黄金收买他们，而此时帮派内讧了，老大金狮（陈观泰 饰）被老二银狮（文峰 Byron Mann 饰）和老三铜狮（黎烈弓 Cung Le 饰）杀害，金狮的儿子曾义（尹成植 Rick Yune 饰）决心要为父报仇。远在偏僻小镇的铁匠（RZA 饰）一心想存够钱跟心爱的青楼姑娘丝丝（杰米·钟 Jamie Chung 饰）远走高飞，却因为有一手好手艺被迫卷入了事件，而此时镇上来了个来路不明的高手杰克刀（罗素·克劳 Russell Crowe 饰），朝廷派来的双子男女杀手（连凯 饰）和（黄芝琪 Grace Huang 饰）也来到镇上，随后狮子帮的打手“黄铜阀体”（戴夫·巴蒂斯塔 Dave Batista 饰），朝廷特派官员（吴彦祖 饰）和青楼老鸨花夫人（刘玉玲 饰）也陆续加入了战斗，小镇陷入了一场空前的血雨腥风。导演编剧加主演RZA表示拍摄本片的初衷是为了向邵氏电影致敬。,影片将邵氏功夫片情怀与西方嘻哈街头美学暴力混搭，构建出极具邪典色彩的乱世武林，风格火爆且奇异。,North_America,Chinese,2010s,1,https://movie.douban.com/subject/3148013/
非典情人,2012,英语 / 汉语普通话,英语,外语为第一语言,陈冲,剧情 / 短片,中国大陆,6.3,334,国际大都会上海，夜幕降临，华灯初上。城市的一角，男女老少觥筹交错，笑语欢歌。家庭晚宴结束，众人正准备离开的时候，餐厅所在的整条街突然停电。秀秀（江一燕 饰）留下来等着结账，丈夫则和其他人先行离开。突然安静下来的餐厅，只剩下秀秀和邻桌一名来自英国的男人（Tee Yoo 饰）。男人主动搭讪，称赞秀秀的美丽及其儿子的可爱，或许借着夜的暧昧，秀秀向这个陌生人说出了一个连家人都不知道的秘密。少顷，光明再现，二人起身离开。英国人似乎有些不解，这个初次见面的女孩为何会告诉他这样一个秘密。若有所思的秀秀暂停离开的脚步，约上对方一起去喝咖啡，并且讲述起那年非典流行时候发生的一段梦幻恋情……,,China,Chinese,2010s,1,https://movie.douban.com/subject/11506870/
一场风花雪月的事,2013,汉语普通话 / 英语 / 韩语 / 日语 / 粤语 / 意大利语,汉语普通话,外语为主(外语4/中文2),高群书,动作 / 爱情 / 犯罪,中国大陆,4.5,28185,08年夏天，失踪多年的国宝——金佛，重现在韩国头号黑帮——金氏家族之手。警方在金氏次子正熙（在熙 饰）潜入深圳境内避难时，安排女警吕月月（Angelababy 饰）以全程保护正熙之名追查金佛下落，两人经历了险象环生的黑帮追杀后情愫暗生，导致月月与警察男友薛宇（黄晓明 饰）的关系变得紧张。正熙答应配合警方的行动，却在哥哥正泰的安排下，携金佛潜逃。正熙失踪的日子里，月月与薛宇逐渐重修就好，正熙突然出现将金佛归公，月月陷入在正熙和薛宇之间选择的两难境地……,经典电影暂无评价,China,Chinese,2010s,1,https://movie.douban.com/subject/4237863/
中国合伙人,2013,英语 / 汉语普通话,英语,外语为第一语言,陈可辛,剧情,中国大陆 / 中国香港,7.6,582787,20世纪80年代，三个怀有热情和梦想的年轻人在高等学府燕京大学的校园内相遇，从此展开了他们长达三十年的友谊和梦想征途。出生于留学世家的孟晓骏（邓超 饰）渴望站在美国的土地上改变世界，浪漫自由的王阳（佟大为 饰）尽情享受改革开放初期那蓬勃激昂的青春气息，曾两次高考落榜的农村青年成冬青（黄晓明 饰）以晓骏为目标努力求学，并收获了美好的爱情。然而三个好友最终只有晓骏获得美国签证，现实和梦想的巨大差距让冬青和王阳倍受打击。偶然机缘，被开除公职的冬青在王阳的帮助下办起了英语培训学校，开始品尝到成功的喜悦。在美国发展不顺的晓骏回国，并加入学校，无疑推动三个好友朝着梦想迈进了一大步。只是随着成功的降临，他们的友情也开始承受严峻的考验……,用克制而深情的镜头语言，谱写了一曲关于生命与永恒情感的赞歌，令人久久不能释怀。,China,Chinese,2010s,1,https://movie.douban.com/subject/11529526/
你的今天和我的明天,2013,英语 / 汉语普通话,英语,外语为第一语言,陈敏郎,剧情 / 同性,中国台湾,6.3,108,人在纽约，台湾青年老在公寓间穿梭外送中国菜顺便找妈妈，但他拿的却是30年代女星玛琳黛德丽的相片；他的白人邻居以清洁公用电话维生，三更半夜回荡街头，偶然邂逅双生姐妹花，却分不清爱的究竟是姊姊或妹妹。两个看似毫不相干的人，彷佛在生命的某个当头冥冥交会，一转身又像若有似无的对照。旅居美国、曾获李安奖学金的台湾导演陈敏郎首部长片，以两条叙事线的细腻剪辑和场面调度，侧写异乡人难以言喻的孤独，融有杨德昌的现代主义风格与蔡明亮对空间的敏感度。,,China,Chinese,2010s,1,https://movie.douban.com/subject/22992584/
前进，达瓦里希,2013,汉语普通话 / 俄语 / 英语,汉语普通话,外语为主(外语2/中文1),王一琳,动画 / 短片,中国大陆,7.4,21775,20世纪80年代末、90年代初，中国某个平凡的小村庄，小女孩如同千千万万的同龄人一样在社会主义的环境下成长起来。她玩的游戏也极具时代特色，红色花纹的老式积木，家养的小动物猫儿弗拉基咪尔、小鸡费里克斯和淘气的小鸭子贝利亚，即使日常也时不时蹦出几句俄语单词。面对犯了错误的贝利亚，小女孩无比自然地冠以“社会主义害虫”等罪名，并以人民的名义予以审判。她乐在其中，完全不知外部的世界正在发生怎样的变化。在此期间，动物同志们接连离她而去，苏联老大哥也出现了影响深远的变动。女孩的心灵面临前所未有的蜕变……本片为北京电影学院动画学院2013届学生毕业作品。,经典电影暂无评价,China,Chinese,2010s,1,https://movie.douban.com/subject/24756984/
功夫侠,2013,英语 / 汉语普通话,英语,外语为第一语言,宁瀛 / 袁祥仁,动作,美国 / 中国大陆,3.7,1837,陈平（陈虎 饰）是在边陲小镇打工的普通青年，他身怀高超的中国功夫，但是与生俱来的恐高症让他对自己失去了信心。一次偶然的机会陈平发现老板运货箱中藏着一个被绑架的七岁外国男孩儿（阿曼 饰）。为了弄清楚男孩的来历并寻找他的父母，陈平忍辱负重，在支边女英语教师刘婕（蒋梦婕 饰）的勇敢协助下，展开艰难的营救工作，不但克服了恐惧症，而且一次又一次击败外国绑匪的阴谋陷害和袭击，让崇尚“超人文化”的美国富豪之子对中国功夫感到惊叹和痴迷。在公安部门的帮助下，陈平最终完成了正义的使命，将孩子送到他父母身边……,经典电影暂无评价,North_America,Chinese,2010s,1,https://movie.douban.com/subject/4118068/
城市微旅行,2013,英语 / 汉语普通话,英语,外语为第一语言,曹郁 / 程工,纪录片 / 短片,中国大陆,7.7,2263,2012年冬至，北京：作家冯唐，30岁之前几乎没有离开过北京城；绿茶餐厅老板娘路妍，创造了连开16家连锁餐厅的传奇女人；外滩画报编辑文林，睡过全球各地酒店的疲惫行者。2013年大寒，上海：这三位已行遍世界，却难有自由的都市人，把一段非常重要的旅行，不约而同地安排到一个周末。而这为期一天的旅行目的地，就是他们再熟悉不过的城市，北京、杭州还有上海。在这些再熟悉不过的城市角落里，发现不为人知的美丽和意想不到的收获。本部倡导都市人用全新的方式拥抱生活的纪录片，由金马奖摄影师曹郁首次执导，于2013年3月16日在上海首映。在全新量产版“MINI Paceman”的陪伴和见证下，讲述着每一个人对于生活、对于人生的各自态度和感悟。旅行，将是一段与自我相处的时间，一味洗涤掉内心中空虚和压力的灵丹妙药。微旅行，大世界。就让我们一起冲破自身的束缚，进行一次特立独行的游走。,经典电影暂无评价,China,Chinese,2010s,1,https://movie.douban.com/subject/22167502/
大明猩,2013,汉语普通话 / 日语 / 韩语,汉语普通话,外语为主(外语2/中文1),金容华,剧情 / 喜剧 / 运动,中国大陆 / 韩国,5.5,16035,中国容华杂技团有一个尽人皆知的动物明星，它就是会打棒球的低地大猩猩灵灵。受老团长影响，灵灵很早便学习击打棒球，而从小和它一起长大的15岁驯兽师赵薇薇（徐娇 饰）与灵灵合作默契，并且能够用人类和猩猩的语言交流。可是老团长为了让山地大猩猩雷霆和灵灵组成击打组合而债台高筑，在他去世后，薇薇以柔弱的臂膀支持着杂技团的运营，却渐渐被债主逼到绝境。危急时刻，韩国职棒的金牌经纪人成忠秀（成东日 饰）找到薇薇，他花言巧语，邀请灵灵以正式球员的身份加入积分垫底的韩国斗山队。为了早日还清债务，薇薇带着灵灵背井离乡，展开了一段前途未卜的职棒之旅……本片根据韩国漫画家许英万的原作《第七个球队》改编。,影片通过逼真细腻的特效技术与温馨幽默的叙事，讲述了猩猩与少女的感人故事，传达了纯真无私的信任与爱。,China,Chinese,2010s,1,https://movie.douban.com/subject/5919333/
天机·富春山居图,2013,汉语普通话 / 英语 / 日语,汉语普通话,外语为主(外语2/中文1),孙健君,动作 / 冒险,中国大陆,3.0,114442,元代画家黄公望的名作《富春山居图》，被誉为“中国十大传世名画”之一。由于种种原因，该作的“无用师卷”和“剩山图”分处海峡两岸，隔海相望。2011年，《富春山居图》有望合璧展出，谁知这件保额即高达十亿的旷世杰作引来各国罪犯的觊觎。早些时候，“无用师卷”在台湾失窃，先失一着的日本文物走私大鳄山本俊雄（佟大为 饰）遂将目标锁定在深藏杭州的“剩山图”。与此同时，国内的老佛爷（斯琴高娃 饰）及欧美等国的文物贩子纷纷云集于此，蠢蠢欲动。在利欲薰心、刀光剑影的轮番交手中，香港警署海外缉私科特工肖锦汉（刘德华 饰）和身份莫辨的王雪晴（林志玲 饰）携手，与山本为首的走私犯周旋世界各个角落，接连过招，命悬一线。合璧展出之日逼近，国宝的命运难以勘破……,影片以独特的艺术视角和流畅的叙事，精妙刻画了复杂多变的人物内心，展现了深邃的人性与艺术魅力。,China,Chinese,2010s,1,https://movie.douban.com/subject/5364905/
女经Grace,2013,英语 / 汉语普通话,英语,外语为第一语言,柴禾,纪录片 / 短片,中国大陆,6.4,338,【在线地址】 http://v.youku.com/v_show/id_XNTg3OTU5ODUy.html【柴禾手记】http://www.douban.com/note/291238196/几年以来被“虐待”老人的往事困扰而一直噩梦不断的我，又因堕掉与丈夫的孩子愈发意郁心乱。从事创作的意图和内容多不被理解，无数难言的情感，从烧毁自己的一副〈女经〉祭念给逝去的外婆这个出口寻赎出来。没有演员，没花成本，完全外行，画家粗暴简单的三十岁前的表白。,,China,Chinese,2010s,1,https://movie.douban.com/subject/24844977/
甜心巧克力,2013,日语 / 汉语普通话,日语,外语为第一语言,筱原哲雄,爱情,中国大陆 / 日本,5.2,4871,国际大都会上海，美丽女孩林月（林志玲 饰）在街角经营着一家全手工制作的巧克力店。她的日本人好友木场总一郎（池内博之 饰）来华十年，此前曾是北海道夕张的滑雪场救助员，如今在异国他乡进行绘画创作。总算成功举办个人画展的木场，一直渴望和林月走入婚礼殿堂，但是曾经的一段往事成为二人间难以逾越的藩篱。当年心怀画家梦想的林月以留学生身份来到北海道学习，她先后结识了木场及其同事兼好友星野守（福地佑介 饰）。喜欢做巧克力送给同乡的星野热情开朗，他主动出击，与林月越走越近。浪漫美好的异国在银白的北国悄然上演，但命运却将这三个男女无情捉弄……,经典电影暂无评价,China,Chinese,2010s,1,https://movie.douban.com/subject/10567506/
蓝眼睛，中国21天,2013,英语 / 汉语普通话,英语,外语为第一语言,纪易达,纪录片,美国 / 中国大陆,7.2,491,一部从一个你从没看过的角度出发的纪录片。两个背包，一组摄影器材，21天穿越中国6个省8个城市。 纪录片的主人公 Luke Helgeson 生活在明尼苏达州的一个人口只有6万人的小地方。 在2013年的夏天他来到了中国，不过生活在小城市的他在中国遇到了前所未有的困难与压力…,,North_America,Chinese,2010s,1,https://movie.douban.com/subject/25713429/
这是三里屯,2013,英语 / 汉语普通话,英语,外语为第一语言,罗伯特·道格拉斯,喜剧,冰岛 / 中国大陆,5.7,1191,初来乍到的英国人盖瑞（卡洛斯·欧德利 Carlos Ottery 饰）在三里屯刚落下脚，便迫不及待地想要大干一场，实现他的“中国梦”。然而在北京人生地不熟的他却在寻求投资的路上处处碰壁。正在盖瑞一筹莫展之际，一个自诩中国通的澳洲人福来克（阿福）（克里斯·楼顿 Christopher Loton 饰），帮他谋了份教英文的差事糊口。同时，福来克还毛遂自荐地当上了盖瑞的军师，为他指点迷津。与此同时，盖瑞呆在中国的真正目的也渐渐浮出水面，他要追回离他而去的前妻，海归“王琳”（爱万 饰）和他们的儿子强尼……,经典电影暂无评价,Europe,Chinese,2010s,1,https://movie.douban.com/subject/22964323/
通往无之桥,2013,汉语普通话 / 英语 / 意大利语,汉语普通话,外语为主(外语2/中文1),Fabio Paleari,短片 / 音乐,中国大陆,7.4,111,2013年5月，玛莎拉蒂携手赞那度，开启了一次艺术与音乐的灵感之旅。中国摇滚教父崔健，与英国音乐家HOWIE B，自驾从威尼斯出发，经米兰、科莫湖，佛罗伦萨和托斯卡纳小镇等，激发出一曲音乐，一部艺术微电影，三部关于艺术、生活、音乐的微型纪录片。这是一次诗意的旅行；是一场精神的漫游；是一次对物质与灵魂的思考；一段东方与西方的对话。,,China,Chinese,2010s,1,https://movie.douban.com/subject/25720376/
金门银光梦,2013,英语 / 粤语,英语,外语为第一语言,魏时煜,纪录片,中国香港,8.1,843,李小龙未满周岁便亮相银幕的《金门女》，导演伍锦霞是 三藩市华侨，三、四十年代在香港和美国执导过九部粤 语片，不乏民族意识及女权色彩。既是第一位执导港片 的海外华人女导演，更是独立特行、超越时代的奇女子， 毕生短髮男装打扮，人皆以「霞哥」相称，于纽约经营 的中餐馆更成了传奇地标。影片在资料蒐集与追访亲友 之馀，不忘拿同样大志未竟的两位同期的影坛先锋作映 照，华裔荷裡活女星黄柳霜及当时唯一的荷裡活女导演 Dorothy Arzner，皆被时代遗忘多时，今日重获肯定。,经典电影暂无评价,China,Chinese,2010s,1,https://movie.douban.com/subject/21359627/
钢铁侠3,2013,英语 / 汉语普通话,英语,外语为第一语言,沙恩·布莱克,动作 / 科幻,美国 / 中国大陆,7.8,389813,自纽约事件以来，托尼·斯塔克（小罗伯特·唐尼 Robert Downey Jr. 饰）为前所未有的焦虑症所困扰。他疯狂投入钢铁侠升级版的研发，为此废寝忘食，甚至忽略了女友佩珀·波茨（格温妮斯·帕特洛 Gwyneth Paltrow 饰）的感受。与此同时，臭名昭著的恐怖头目曼达林（本·金斯利 Ben Kingsley 饰）制造了一连串的爆炸袭击事件，托尼当年最忠诚的保镖即在最近的一次袭击中身负重伤。未过多久，托尼、佩珀以及曾与他有过一面之缘的女植物学家玛雅（丽贝卡·豪尔 Rebecca Hall 饰）在家中遭到猛烈的炮火袭击，几乎丧命，而这一切似乎都与22年前那名偶然邂逅的科学家阿尔德里奇·基连（盖·皮尔斯 Guy Pearce 饰）及其终极生物的研究有关。即使有精密先进的铠甲护身，也无法排遣发自心底的焦虑。被击碎一切的托尼，如何穿越来自地狱的熊熊烈火……,剧情跌宕起伏，逻辑严密，在重重迷雾中拷问人性底线，给观众带来强烈的心理震撼，这是一部值得反复品味的经典之作。,North_America,Chinese,2010s,1,https://movie.douban.com/subject/3231742/
一步之遥,2014,汉语普通话 / 英语 / 上海话 / 法语 / 日语 / 满语 / 越南语 / 拉丁语,汉语普通话,外语为主(外语5/中文2),姜文,剧情 / 喜剧 / 动作,中国大陆 / 美国 / 中国香港,6.6,283593,北洋政府统治时期，盘踞上海的军阀武大帅之子武七（文章 饰）为洗刷耻辱，辗转找到了前清遗老马走日（姜文 饰）求助。在此之后，马走日和在法租界当警督的发小项飞田（葛优 饰）联手策划了名为“花域总统选举”的大型选美活动，和马从小就认识的现总统完颜英（舒淇 饰）成功卫冕。谁知就在繁华喧嚣的最顶点，命运之车竟急转直下驶向深渊。在一个平凡的早上，完颜陈尸郊野，张皇失措的马走日找到武七的姐姐武六（周韵 饰）及其母亲齐老师（洪晃 饰），希望通过大帅帮自己洗刷杀人犯的罪名，结果却盲打误撞救下了险些被整死的项飞田。背负杀人犯之名的马绝路逃亡，而武六则以该事件拍摄了名为《枪毙马走日》的电影，马的命运愈加扑朔迷离……本片根据民国奇案“阎瑞生案”改编。,经典电影暂无评价,China,Chinese,2010s,1,https://movie.douban.com/subject/6126442/
中美舞林冠军对抗赛,2014,英语 / 汉语普通话,英语,外语为第一语言,,歌舞,中国大陆,8.5,264,《中美舞林》冠军对抗争霸赛是由灿星制作打造的跨国舞蹈特别节目，张傲月、朱洁静、刘福洋、唐诗逸等12位中国优秀舞者将对阵由美国《舞林争霸》（《So You Think You Can Dance》）冠军Russell Melanie以及八届登台艾美奖的Travis等领衔的美国队，战况激烈，精彩纷呈。,,China,Chinese,2010s,1,https://movie.douban.com/subject/26274911/
光阴的故事－台湾新电影,2014,汉语普通话 / 法语 / 英语 / 泰语 / 意大利语 / 西班牙语,汉语普通话,外语为主(外语5/中文1),谢庆铃,纪录片,中国台湾,6.7,1140,臺灣新電影三十週年之際，導演谢慶鈴從台北飛往清邁、巴黎、東京、香港、北京、鹿特丹甚至布宜諾斯艾利斯，背景完全不同的導演、影評、藝術家们，娓娓道來臺灣新電影與他們的關係，那麼远、那麼近。,经典电影暂无评价,China,Chinese,2010s,1,https://movie.douban.com/subject/25957243/
史前怪兽,2014,英语 / 汉语普通话,英语,外语为第一语言,埃里克·斯泰尔斯,动作 / 科幻 / 惊悚,英国 / 中国大陆,3.0,4363,故事发生在一个无名湖泊之中，近日来，在湖泊附近接二连三的发生了数起死亡事件，犯罪现场十分血腥可怕，犯罪手段十分凶残，通过一些残留的影像和证据不难发现，袭击者并非人类，而很可能是隐藏在湖底的某种野兽。塔维斯（斯科特·阿金斯 Scott Adkins 饰）是专门研究神秘怪物的专家，为了搞清楚凶手的真实面目，人们找到了塔维斯。塔维斯告诉大家，凶手正是个性及其凶残的史前怪兽，以袭击人类为乐，为了保护人类的安全以及消灭怪兽，人们又找来了英明神武的怪兽杀手哈克（杜夫·龙格尔 Dolph Lundgren 饰）。塔维斯和哈克强强联手，最终能否成功消灭史前怪兽呢？,经典电影暂无评价,Europe,Chinese,2010s,1,https://movie.douban.com/subject/10756744/
图兰朵,2014,意大利语 / 汉语普通话,意大利语,外语为第一语言,陈薪伊,爱情,中国大陆,7.1,117,美丽的中国公主图兰朵（孙秀苇 饰演）残暴冷酷，她给所有前来求婚的异国王子出了三道谜语，只有猜出她三道谜语的人，才有机会娶她，如猜错便会被处死。已经有三个没运气的人丧生了。流亡中国的鞑靼王子卡拉夫（戴玉强 饰）被公主的美貌吸引，前来应婚，并答对了所有问题。但图兰朵拒绝认输。卡拉夫于是给图兰朵出了一道谜题，就是公主在天亮前猜出他的名字，若猜对便可处死王子。公主捉到了王子的父亲和丫环柳儿（么红 饰），并且严刑逼供。柳儿为了表示对王子的爱，自刎以示保守秘密。柳儿的死震撼了冰冷的图兰朵。天亮时，图兰朵仍未知晓王子的名字，卡拉夫以一吻融化了图兰朵冷漠的心，并将真名告诉了公主。但公主最后并没有公布王子的真名，反而公告天下下嫁王子，王子的名字叫爱。,,China,Chinese,2010s,1,https://movie.douban.com/subject/25850598/
安大略合约,2014,英语 / 中文 Chinese,英语,外语为第一语言,关心 / 刘迦密,剧情,中国大陆 / 加拿大,7.5,259,潘小帅先生（黄轩饰）时年30岁出头，历经多年海外留学后回到中国。他的父亲希望他接手家族企业，但他却感觉内心空虚，渴望去做一些更有意义的事，尤其是他周围的朋友们都沉迷于追逐金钱和社会地位。某天的一个机缘巧合下，接到一个著名旅游杂志的冒险旅游竞赛邀请，获胜者将赢得在该旅游杂志的工作机会，成为一名杂志旅游摄影师。在经过数轮淘汰赛后，潘小帅成为入围决赛的四名选手之一，并将通过抽签接手特定挑战。小帅的最后一项挑战称之为《安大略合约》，规则极为严苛。他必须凭杂志提供的机票前往加拿大安大略省，并在多个风景迤逦的景点诸如多伦多、尼亚加拉大瀑布、渥太华、千岛群岛等完成指定任务。同时，他需要每天向杂志提交报告和发送旅程照片。此外，小帅必须在规定预算和10天内完成任务。到底潘小帅能否顺利完成任务目标呢？在10天内，由于文化差异，潘小帅不仅经历了各种滑稽场面，同时在安大略省瑰丽的景色和多元文化中感受到触碰心灵的震荡，并在沿途中得到众多当地人的热情友好帮助。最终潘小帅成功完成安大略合约任务，并在这个过程中发现了全新的自我。,,China,Chinese,2010s,1,https://movie.douban.com/subject/25872294/
海神密码,2014,英语 / 汉语普通话,英语,外语为第一语言,乔和平 / 罗越,动作 / 冒险,中国大陆,2.5,597,故事发生在公海之上，在传说中，公海的海底生活着一种史前巨兽，守护着价值连城的巨额宝藏。不胫而走的消息很快引起了世界各国的注意，美国、日本等国亦纷纷派出特工明察暗访，想要抢先一步得到宝藏。查尔斯（彼得·斯特曼 Peter Stormare 饰）是一名美国高级间谍，野心勃勃的他是一个为了达到目的不择手段的人，眼看着别国的特工离宝藏越来越近，查尔斯决定非法雇佣犯罪集团为他工作。就在宝藏的争夺战逐渐白热化之际，一直发射着信号的深海巨兽竟然一夜之间失去了踪迹。海警林海（张旭 饰）察觉了海面上正在进行的不法行动，他带领着队员们和犯罪分子开始了殊死较量。,,China,Chinese,2010s,1,https://movie.douban.com/subject/20272346/
澳门风云 賭城風雲,2014,汉语普通话 / 粤语 / 英语 / 葡萄牙语 / 泰语 / 韩语 / 日语,汉语普通话,外语为主(外语5/中文2),王晶 / 钟少雄,喜剧 / 动作,中国大陆 / 中国香港,5.8,157477,闻名中外，曾担任美国赌场保安总顾问的魔术手石一坚（周润发 饰），终回流澳门退休，更宴请各方朋友到来庆祝生日宴。其中好友Benz哥（许绍雄 饰）与他的儿子晒冷（谢霆锋 饰）以及外甥牛必胜（杜汶泽 饰），更特别由香港来到澳门到贺。 翌日，大陆、香港以及澳门三地警方，竟不相约 而同找上石一坚，希望他能够重出江湖帮忙对付DOA组织集团的高先生（高虎 饰），但坚却以退休为由婉拒了事。 另一边厢，冷竟与牛必胜一起找上门，希望坚收他俩为徙弟，坚哥虽欣赏小冷，但奈何经已退休，只好拒绝，但看在Benz哥份上，就招待他一夜。谁不知，当晚竟遇上了杀手（张晋 饰），杀手们不问原因直接追击小冷以及坚哥爱女阿彩（童菲 饰）。期间虽有中国公安洛欣（景甜 饰）相救，但阿彩终难逃一劫，被害至失忆。 明查暗访下才知道，幕后的黑手竟是高先生。事情又岂会是无缘无故发生，坚与小冷二人连手，加...,《澳门风云》是经典的港式合家欢赌片情怀回归，魔术手石一坚的绝活与成龙式的格斗幽默融合，娱乐消遣效果不错。,China,Chinese,2010s,1,https://movie.douban.com/subject/11625097/
秘密分享者,2014,英语 / 汉语普通话,英语,外语为第一语言,Peter Fudakowski,爱情,英国 / 波兰 / 中国大陆 / 泰国,5.6,174,改编自文学大师康拉德（Joseph Conrad）的经典名著《黑暗之心》，描述年轻船长康拉德，第一次领航就前往神秘的南中国海，但桀骜不驯的中国船员们，却怀疑他和贪心的老板想将船给弄沉骗取保险金，于是百般刁难。趁着停泊在一个不知名的海湾时，船员纷纷跑上岸，此时康拉德竟然在船边发现一个一丝不挂的东方美女，没想到将她救上船后，却发现她被指控为杀人凶手。本片由奥斯卡最佳外语片得主彼得弗达考斯基导演，并由中外明星：国际女星朱珠，英国小生杰克拉斯基与台湾演员夏靖庭共同出演。,,Europe,Chinese,2010s,1,https://movie.douban.com/subject/10468168/
绝命航班,2014,英语 / 汉语普通话,英语,外语为第一语言,周文武贝,动作 / 惊悚 / 灾难,中国大陆,3.5,16150,夜幕降临，从太平洋中心好运岛飞往新加坡的大洋航空615次航班正准备起飞。由于近几年乘客锐减，该航班即将取消，此次也是这架飞机最后一次飞行。方木（辜承 饰）、沈吟（伊娜 饰）、刘夏（李晨浩 饰）等寥寥九位乘客走入机舱。机长查尔斯（艾德·维斯特维克 ED Westwick 饰）颇有些伤感和落寞地向乘客们通报了最后一次飞行的消息。孤独而漫长的旅程，乘客们相继睡去，花花公子刘夏不忘勾搭空姐杰西卡（江琳琳 饰）寻求艳遇。夜色越来越浓，超级月亮升上高空，杰西卡竟然衣衫凌乱惨死机舱。死亡的恐怖氛围迅速蔓延，所有人都为各自的命运担忧，而神秘凶手却未打算就此罢休……,经典电影暂无评价,China,Chinese,2010s,1,https://movie.douban.com/subject/25715111/
老男孩猛龙过江,2014,汉语普通话 / 英语 / 韩语 / 山东方言 / 意大利语,汉语普通话,外语为主(外语3/中文2),肖央,剧情 / 喜剧,中国大陆,5.7,126716,本片讲述了倒插门被媳妇全家嫌弃的王小帅（王太利 饰）面临生活困境，决心放下一切实现梦想，于是他找到了老同学肖大宝（肖央 饰）。曾经因为拉大提琴的女孩马璐（屈菁菁 饰）而分道扬镳的两人又聚在了一起，决定前往美国勇闯选秀节目。两兄弟千辛万苦来到纽约，却阴差阳错卷入了黑帮斗争事件。虽然他们只想取得好名次，但是却引发了一系列爆笑事件，更让他们摸不着头脑的是两位来自朝鲜的神秘杀手竟然也和此行有关。万般无奈之下两个“老男孩”决定这次把大的！能不能成功逆袭，会不会惨死他乡就看最后决赛！《老男孩猛龙过江》是5年前爆红的微电影《老男孩》的大电影延续。,经典电影暂无评价,China,Chinese,2010s,1,https://movie.douban.com/subject/25755645/
西藏冈仁波齐朝圣之旅,2014,日语 / 汉语普通话,日语,外语为第一语言,,纪录片,日本 / 中国大陆,7.6,309,2008年以后，国内外媒体进入西藏受到严格限制。2014年，我们趁12年一次朝圣年的机会，入藏采访当地最新情况。从公元前至今，受西藏人崇拜的冈仁波齐，是耸立于印度、尼泊尔和中国边境附近，海拔6656米的神山。本片沿从拉萨到冈仁波齐转山的旅程，记录因开发而急剧变化的拉萨市内及沿路村镇景象，介绍鲜为人知的西藏最新面貌。,,East_Asia,Chinese,2010s,1,https://movie.douban.com/subject/27059145/
超体,2014,英语 / 汉语普通话 / 法语 / 意大利语 / 德语 / 西班牙语 / 韩语,英语,外语为第一语言,吕克·贝松,动作 / 科幻,法国 / 德国 / 中国台湾 / 加拿大 / 美国 / 英国,7.4,495776,被恶德男友强迫帮人送货的年轻女子露西（斯嘉丽·约翰逊 Scarlett Johansson 饰），遭遇了穷凶恶极的黑帮头目张先生（崔岷植 饰）一伙。她连同三个男人被张先生在腹部缝入了代号为CPH4的神秘药品，以此将药品偷偷带入不同国家。在台北盘桓期间，露西遭到恶男暴打，以致药品破裂进入血液之中。谁知令人难以置信的事情就此发生，药品激发了露西大脑的潜力，令人脑中约90%的神经元相继苏醒。伴随着身体的飞快进化，露西掌握了越来越多人们所谓的超能力。她清楚地了解到CPH4所拥有的强大威力，于是想方设法要阻止其他三袋药品落入张先生一伙手中。期间她试图与大脑研究方面的资深教授塞缪尔·诺曼（摩根·弗里曼 Morgan Freeman 饰）取得联系，在后者的见证下，露西将迎来大脑100%苏醒的历史性时刻……,在炫目的动作场面之下，蕴含着对未来、社会以及人性的深刻反思，视觉与思想性俱佳。,Europe,Chinese,2010s,1,https://movie.douban.com/subject/24404677/
超验骇客,2014,英语 / 汉语普通话,英语,外语为第一语言,沃利·菲斯特,动作 / 爱情 / 科幻,美国 / 中国大陆 / 英国,6.6,87362,近未来，天才科学家威尔·卡斯特（约翰尼·德普 Johnny Depp 饰）开发出最接近人类的人工智能机器人“品（Pin）”，他在收获来自科学界的美誉同时，也遭到无数反对者的诟病与抨击。在某次会议之后，威尔遭到激进组织成员的枪击，虽然当时侥幸逃生，但涂抹了放射性物质的子弹还是慢慢销蚀了威尔的生命。威尔的妻子兼研究伙伴伊芙琳（丽贝卡·豪尔 Rebecca Hall 饰）自然痛不欲生，但她却和丈夫的好友马克斯（保罗·贝坦尼 Paul Bettany 饰）设法，将威尔的意识数据化上传到智能电脑中。奇妙而幸运的是，威尔成功在虚拟世界中复生。他的天才头脑和先进科技完美融合，只是没人能够想到，这种局面对人类来说究竟是幸运还是灾难……,影片以冷峻的科幻色调与哲学思辨，深入探讨了人工智能、意识永生与人类情感的边界。,North_America,Chinese,2010s,1,https://movie.douban.com/subject/10810745/
香气,2014,汉语普通话 / 韩语 / 英语,汉语普通话,外语为主(外语2/中文1),曾翠珊,爱情,中国大陆,5.3,2367,一场意外中，朱俐（陈燃 饰）不幸受伤，而意外的始作俑者，是一位名叫江仁俊（朴施厚 饰）的韩国男子，江仁俊千里迢迢远赴异国，为的是寻找出走的女友敏贞（沈智瑗 饰）。为了补偿朱俐的损失，江仁俊住进了朱俐的家中照顾她的生活起居，而在此过程中，朱俐和交往多年的男友孙泉（安琥 饰）之间产生了矛盾，感情濒临破灭。刚开始，朱俐对于江仁俊这名“不速之客”很不客气，然而，随着时间的推移，两人在打打闹闹之间渐渐产生了感情，然而，他们都并非“自由之身”，只能拼命压抑。朱俐曾经接收过一份由鸽子送来的神秘信件，让她感到震惊的是，这封信竟然和江仁俊有着千丝万缕的关联。,经典电影暂无评价,China,Chinese,2010s,1,https://movie.douban.com/subject/25853055/
五到九,2015,日语 / 汉语普通话 / 泰语,日语,外语为第一语言,鄭彌彬 / 杜海 / 宮崎大祐 / Rasiguet Sookkarn,剧情 / 犯罪,新加坡 / 泰国 / 中国大陆 / 日本,5.3,189,巴西世界盃總決賽當日，下午五點，中國少年民工縮衣節食，滿心期待下班後與應召姐姐共度良宵，殊不知她早已買好了離城的車票。晚間九點，新加坡男教師與輕熟女想來場隱密的山頂幽會卻被不解風情的計程車司機不斷打擾。午夜一點，在日俄交界的偏遠小鎮，神祕放映師面對流氓漁民的暴力討債，必須搶救打火機下的心愛膠卷。清晨三點，精心拍攝的科幻恐怖片眼看就要殺青，因為懷疑身為自己妻子的女主角與男主角有染，泰國導演竟開始分不清虛構與現實。來自四個不同國家，關注題材和敘事手法也各異其趣的四位導演，以黑色電影風格演繹各自獨到的亞洲印象。一個夜晚，四則故事，在社會環境與文化地景的同與異中，拼湊東亞獨立電影的當代圖景。,,Other,Chinese,2010s,1,https://movie.douban.com/subject/26649258/
命中注定,2015,汉语普通话 / 意大利语 / 英语,汉语普通话,外语为主(外语2/中文1),张皓,喜剧 / 爱情,中国大陆 / 中国香港 / 美国,5.8,58075,少女时期的方圆经历了两次算命结果命中注定她未来的爱人叫宋昆明。长大成年后的方圆在即将与谢明江结婚前却意外接到宋昆明的电话。于是，方圆不顾一切地追到意大利，随后在异国他乡展开了一段充满戏剧性的寻爱之旅。,经典电影暂无评价,China,Chinese,2010s,1,https://movie.douban.com/subject/25881780/
唐人街探案,2015,汉语普通话 / 泰语 / 英语,汉语普通话,外语为主(外语2/中文1),陈思诚,喜剧 / 动作 / 悬疑,中国大陆,7.7,733684,天赋异禀的结巴少年秦风（刘昊然 饰）警校落榜，被姥姥遣送泰国找远房表舅——号称“唐人街第一神探”，实则猥琐的大叔唐仁（王宝强 饰）散心。不想一夜花天酒地后，唐仁沦为离奇凶案嫌疑人，不得不和秦风亡命天涯……穷追不舍的警探黄兰登（陈赫 饰）、无敌幸运的警察坤泰（肖央 饰）、穷凶极恶的匪帮三人组、高深莫测的唐人街教父、美艳风骚的老板娘阿香（佟丽娅 饰）等悉数登场！七天！唐仁、秦风必须取长补短、同仇敌忾！他们能否躲避警察追捕、匪帮追杀、黑帮围剿，在短短七天内，完成找到失落的黄金并查明真凶，为自己洗清罪名这些逆天的任务？,在轻松诙谐的演绎中，传递出积极面对生活的乐观态度，具有独特的市井烟火气与感染力。,China,Chinese,2010s,1,https://movie.douban.com/subject/26311973/
商业创意在中国,2015,英语 / 汉语普通话,英语,外语为第一语言,贺欣浩,纪录片,中国大陆,7.5,354,中国的国际形象是生产制造大国，世界对它在创意领域的实力还很陌生。即便在中国生活工作多年的外国人眼里，中国创意才刚起步，与欧美差距不小。当提到中国经济，大家都为中国速度而震惊。而不少品牌为追求速度，往往牺牲品质，更有甚者，则选择山寨优秀设计这一“捷径”。本片通过国际视角深入了解我们熟悉而又陌生的中国设计和创意。采访了联想(Lenovo)、华为(Huawei)、小米(Xiaomi)、微信(WeChat)、蓝色光标(BlueFocus)、博纳影业(BONA)，了解这些新生代优秀中国企业如何在全球市场展示其商业创意，同时也向宝洁(P&G)、WPP、BBDO等这些国际巨头讨教海外品牌如何在中国土地获得商业创意的成功。通过独特视角，影片让世界了解中国创意细润无声的发展，也让更多人看到中国速度背后的创新、学习和突破——其实，中国不只有速度。,,China,Chinese,2010s,1,https://movie.douban.com/subject/26307699/
坏蛋必须死,2015,韩语 / 汉语普通话,韩语,外语为第一语言,孙皓,喜剧 / 动作 / 犯罪,中国大陆 / 中国香港 / 韩国,6.0,38776,假期来临之际，在釜山当中文老师的强子（陈柏霖 饰）和从中国家乡远道而来的好哥们三儿（乔振宇 饰）、大头（丁文博 饰）和弟弟帕帕（杨旭文 饰）相约，一起到济州岛散心。狂飙的小混混、性感的韩国女人（孙艺珍 饰）、执着的老警察（张光 饰）、神秘的尾随者（申贤俊 饰）、不着调的牧师（朴哲民 饰）接连出现在他们身边。期盼已久的旅程，因为这些人的存在而鸡飞狗跳、险象环生，好像每个人都做了坏事。此时一只神秘小黑猪出现让所有人杀红了眼，更将众人推向生死危急的关口……到底怎样才能脱离险境？究竟谁才是那个真正该死的“坏蛋”？,经典电影暂无评价,China,Chinese,2010s,1,https://movie.douban.com/subject/26289126/
山河故人,2015,英语 / 山西话 / 汉语普通话 / 上海话,英语,外语为第一语言,贾樟柯,剧情 / 家庭,中国大陆 / 法国 / 日本,8.0,260260,1999年，山西汾阳县城，开朗雀跃的女孩沈涛（赵涛 饰）徘徊在矿工梁子（梁景东 饰）和煤矿老板张晋生（张译 饰）两端。一女二男的三角恋，无法维持长久的平衡。梁子和晋生的友情破裂。涛儿结婚的时节，有人选择远方。2014年，因长期在煤矿工作，梁子的健康已经到了不可挽回的地步。最后的时光，他带着妻儿回到故乡。此时沈涛和晋生已经离婚，晋生带着孩子到乐常住上海。人届中年，彼此都身不由己站在了生离死别的界限上。2025年，只会说英文的到乐（董子健 饰）和父亲分外隔膜，但和中文老师米娅（张艾嘉 饰）成为忘年交。他渴望脱离父亲的控制，渴望得到甚至都不知道什么意思的“自由”。,经典电影暂无评价,China,Chinese,2010s,1,https://movie.douban.com/subject/25890005/
开罗宣言,2015,汉语普通话 / 英语 / 日语,汉语普通话,外语为主(外语2/中文1),刘星 / 温德光 / 胡明钢,剧情 / 历史,中国大陆,3.4,3427,重庆大轰炸。延安派曾希圣赴重庆，将重要资料交给蒋介石（马晓伟 饰），军技室破译密码专家石剑峰（胡军 饰）凭着中共的资料，破译了日军的情报，救了宋子文一命。石剑峰破译了：“日军可能是对美国要有行动。”上报何应钦（何政军 饰）。蒋介石将这份情报转送给美国，罗斯福选择相信美国人自己的情报。石剑峰破获的日军将进攻中途岛的情报。蒋介石把情报转送美国。罗斯福接见宋子文，“为了感谢中国人民对美国的帮助，我要送你份礼物。”一版由罗斯福亲自设计的纪念中国抗战五周年的邮票。冈村宁次派大岛一郎杀掉石剑峰。蒋介石拿到了山本五十六的行程电报。电报最终送到罗斯福手中，送山本五十六结束了人生最后的行程。大岛一郎来到重庆，见到妹妹江户英子（韩雪 饰），并把一枚藏有毒药的戒指交给妹妹。1943年11月18日，中国代表团乘专机赴开罗。会议期间，蒋介石夫妇与丘吉尔会晤的话不投机，与罗斯福会晤的相谈甚欢。起草宣言的会议上，王宠惠与英、美高官的据理必争。最终诞生了对中国、对世界具有重要意义的《开罗宣言》。罗斯福辞世，重庆降半旗致哀。1945年7月26日，美、英、中三国首脑及外长共同签署发表《波茨坦公告》，敦促日本无条件投降。杜鲁门认为日本是断然拒绝投降。第一颗原子弹在广岛爆炸，第二颗在长崎爆炸。毛泽东发表《对日寇的最后一战》声明。裕仁天皇发表投降诏书。江户英子把毒戒扣下，而石剑峰早就知悉一切，真相大白，江户英子泪流满面。1945年9月9日上午9时﹐何应钦在南京陆军总部大礼堂主持受降典礼﹐冈村宁次在日本投降书上签字。,经典电影暂无评价,China,Chinese,2010s,1,https://movie.douban.com/subject/25945367/
恋爱中的城市,2015,汉语普通话 / 法语 / 捷克语 / 日语 / 意大利语 / 英语 / 上海话,汉语普通话,外语为主(外语5/中文2),文牧野 / 董润年 / 韩轶 / 傅天余 / 冀佳彤,爱情,中国大陆,5.7,36511,这是一个“人越来越多 ，世界却越来越小”的——小世界。佛罗伦萨、布拉格、巴黎、上海、北海道小樽，五座城市，五段不同的爱情故事在这个“小世界”中上演。浪漫的午夜巴黎上演了一段奇幻邂逅；神秘布拉格正经历一场忧伤的偶遇；美丽上海隐藏了一个关于美食与爱的秘密；北海道的唯美见证了一对新婚夫妇的蜜月之行；佛罗伦萨艳阳下的一场疯狂之旅也正拉开序幕……,《恋爱中的城市》以轻松幽默的叙事节奏与细腻温情的镜头语言，生动展现了生活百态，在欢笑与泪水中传递出治愈心灵的温暖力量。,China,Chinese,2010s,1,https://movie.douban.com/subject/26263443/
战火中的芭蕾,2015,汉语普通话 / 俄语 / 日语,汉语普通话,外语为主(外语2/中文1),董亚春 / 尼基塔·米哈尔科夫,剧情 / 战争,中国大陆,6.6,1642,电影通过男女主人公在抗日烽火中的芭蕾情缘，讲述一段跨越国界的凄美恋情，揭露日本军国主义的凶残与伪善、顽固不化与背信弃义，展示了中俄两国军民患难与共、携手并肩共同抗击法西斯侵略的战斗友谊。1945年9月12日，潜伏在黑龙江边境小镇丛林中的300多名日本军人拒不投降、负隅顽抗，血洗了当地村民，并袭击了苏联红军。最后东北抗联部队和苏联红军一举剿灭了这股日军。由于战斗发生在日本宣布投降以后的第28天，故称为抗日战争中发生在黑土地上的“最后一战”,影片以唯美的芭蕾舞姿与残酷的战争光影形成强烈对比，歌颂了跨越国界的和平信念与人性的高尚之美。,China,Chinese,2010s,1,https://movie.douban.com/subject/26382797/
日曜日式散步者,2015,日语 / 汉语普通话,日语,外语为第一语言,黄亚历,历史 / 纪录片,中国台湾 / 日本,7.8,1124,寻找日治文学足迹，发掘台湾的超现实主义。 回顾日治时代的台湾新文学运动，最初是服务于社会、人生、争取民族尊严的反帝国、反封建之现实主义的文学路线。然而鲜为人知的，相对于此一写实路线，台湾在一九三○年代，已出现了几乎与欧洲世界同步的文学现代主义风潮，由杨炽昌、林修二、李张瑞、张良典等人创办的‘风车诗社’，透过日本教育与留学经验接收到的各种文学艺术养分，包含欧洲当时所盛行的达达和超现实主义、日本以春山行夫和西胁顺三郎为首的‘诗与诗论 ’集团 ，以及川端康成、横光利一为首的‘新感觉派’，让现代主义诗学的种子开始于台湾落地生根。,经典电影暂无评价,China,Chinese,2010s,1,https://movie.douban.com/subject/26597842/
杀破狼2,2015,汉语普通话 / 粤语 / 英语 / 泰语 / 韩语,汉语普通话,外语为主(外语3/中文2),郑保瑞,剧情 / 动作 / 犯罪,中国香港 / 中国大陆,7.4,166882,倒卖人体器官集团的主脑洪文刚（古天乐 饰）罹患严重心脏病，为了活命他甚至计划摘取亲弟弟洪文标（恭硕良 饰）的心。为了完成卧底工作不惜身染毒瘾的志杰（吴京 饰）随老大去码头劫持试图逃跑的洪文标，他的上司见叔叔陈国华（任达华 饰）接到线报后也率队赶往现场，三方随即展开了激烈 的交火。侥幸逃生的志杰被送到泰国一所监狱，而掌控这里的狱头（张晋 饰）则与洪文刚有着千丝万缕的联系。女儿罹患血癌的狱警阿猜（托尼•贾 饰）对志杰的真实身份生出许多疑惑，而之后他无意中发现了监狱里的可怕秘密。为了营救侄子，陈国华不远万里追到泰国。而洪文刚仍在做着垂死挣扎，他最终陷入癫狂……,影片以宏大悲壮的战争史诗与凌厉的动作美学，深刻探讨了家国情怀、江湖道义与人性抉择。,China,Chinese,2010s,1,https://movie.douban.com/subject/23788440/
水滴,2015,英语 / 汉语普通话,英语,外语为第一语言,王壬,科幻 / 短片,中国大陆,8.7,28860,近未来的某天，联合国秘书长向宇宙中的未知生命发送了一条渴望建立交流和友情的口讯。不知过了多久，地球收到来自三体舰队的讯息。而今三体舰队的前哨探测器已经抵达太阳系，地球国际发射了螳螂号火箭，以捕捉这枚探测器。针对外星来客，人类的科学家、政治家和普通平民百姓展开了广泛的讨论，从外星生命的生物组成、来客的意图到宇宙科技的发展水平以及此次与地外生命接触的意义，每个人都踊跃提出自己的见解，每个人都渴望读懂生命的密码。本片根据《三体：黑暗森林》改编。,经典电影暂无评价,China,Chinese,2010s,1,https://movie.douban.com/subject/26613444/
沙西米,2015,日语 / 闽南语 Hokkien,日语,外语为第一语言,潘志远,情色,中国台湾,4.1,3784,日本福岛大地震毁掉了AV女优浅野夏美（波多野结衣 饰）生活中的一切，与此同时，她还得知同自己合作过多部作品的男优因为患上了艾滋病而自杀身亡，这也就意味着，自己一直以来都暴露在恐怖病毒的侵犯之下。一张不期而至的明信片让夏美决定前往台湾，在那里等着她的是她过去的恋人和分别已久的儿子。在海边的民宿中，夏美邂逅了日本料理师高振明（李康生 饰），高振明意外的发现夏美和自己失踪已久的妻子样貌十分相似，因此对她多了一份特殊的感情，这让一直和高振明保持着肉体关系的女助理小敏（纪培慧 饰）心中感到十分不是滋味，嫉妒在她的内心里慢慢积累发酵，最终爆发。,经典电影暂无评价,China,Chinese,2010s,1,https://movie.douban.com/subject/25917896/
滚蛋吧！肿瘤君,2015,汉语普通话 / 英语 / 韩语,汉语普通话,外语为主(外语2/中文1),韩延,喜剧 / 爱情,中国大陆,7.4,387388,即将迎来29岁生日的青年漫画家熊顿（白百何 饰），却接二连三遭遇了常人难以想象的打击。工作被炒，男友跳票，还莫名其妙到警察局走了一遭。更糟糕的是，她在聚会上突然晕倒，经检查后才发现自己的身体出了问题。一向乐观开朗的熊顿并未被病魔吓到和打败，她笑嘻嘻地调侃吐槽周遭的人和事，一脸花痴地望着英俊帅气的梁医生（吴彦祖 饰）。最重要的是，身处逆境的她身边还有父母（李建义 & 刘莉莉 饰）以及夏梦（李媛 饰）等一班好友的鼎力支持。无论驶向哪里，熊顿永远不会孤独，不会放弃……本片根据已故漫画家熊顿以自身经历创作的同名漫画改编。,以幽默温馨的基调与生动的情节，巧妙地展现了平凡生活中的温情与爱，令人笑中带泪。,China,Chinese,2010s,1,https://movie.douban.com/subject/26289144/
满月酒,2015,英语 / 汉语普通话 / 闽南语,英语,外语为第一语言,郑伯昱,剧情 / 喜剧 / 同性,中国台湾 / 美国,6.5,1290,在美国洛杉矶工作生活的男同志Danny（郑伯昱 饰）渴望拥有自己的孩子，但他极度传统又在意别人眼光的母亲（归亚蕾 饰）由于早已得知其性向，一直不敢奢望他能延续家族香火；一次意外得知儿子Danny的生子计画后，竟开启了这段母子一段一波三折寻找胚胎与代理孕母过程，在这漫长且曲折的旅程，充满笑泪交织的母子衝突，而在饱尝各式各样的挫折后，是否可以圆满完成彼此的心愿？,经典电影暂无评价,China,Chinese,2010s,1,https://movie.douban.com/subject/25766672/
爸爸的假期,2015,汉语普通话 / 韩语 / 英语,汉语普通话,外语为主(外语2/中文1),王岳伦,喜剧 / 家庭,中国大陆,4.0,14150,某外企高管老郭（郭涛 饰）的婚姻进入七年之痒，一心扑在工作上的他和妻儿疏于交流，而事业也进入了困顿起。老实木讷的小编剧岳伦儿（王岳伦 饰）饱受欺凌，软弱无能，此刻也经历着来自家庭和事业的双重压力。英俊帅气的模特亮子（张亮 饰）奋力打拼却没有出头天，家庭琐事更令他不过气来。三个痛苦难耐的大男孩在田教练（田亮 饰）的建议下前往韩国参加一个名为“帝王假期”的旅游活动，谁知竟遭遇了国际大盗Jimmy Lin（林志颖 饰）的搅局。 没有放松，没有言语，只有险象环生、惊险刺激的各种冒险，性格各异的爸爸们在异国他乡夺路狂奔……,《爸爸的假期》是亲子综艺走红后的合家欢剧情喜剧，搞笑桥段以老爸们的囧途为主，适合节日期间轻松解压。,China,Chinese,2010s,1,https://movie.douban.com/subject/25908302/
狂野飞车,2015,英语 / 汉语普通话,英语,外语为第一语言,袁野,动作 / 爱情 / 冒险,中国大陆,2.6,900,大漠飞沙，引擎轰鸣，野性十足的美女车模（安娜塔莉娅 饰）只身深入大漠，只为和心爱的人共赴爱情之约。各国车手们本想在这里一战成名，却不知这死亡沙海既是天堂，亦是地狱。在凶险的生死竞速中，车手肯特惨遭对手布莱恩（米歇尔·法布里斯 饰）设计陷害，不但亲人身处险境，命悬一线，而且连爱情也面临着崩塌。他决定用轰鸣的引擎声为自己赢得尊严，但布莱恩并不打算放过他，等待他们的是一场输赢未定、生死未卜的飞车大战。,经典电影暂无评价,China,Chinese,2010s,1,https://movie.douban.com/subject/25904357/
破风,2015,汉语普通话 / 韩语 / 英语 / 意大利语,汉语普通话,外语为主(外语3/中文1),林超贤,剧情 / 运动,中国香港 / 中国大陆,7.3,135764,郑知元（崔始源 饰）是世界闻名的赛车手，在目睹了他精彩绝伦的技巧和速度之后，初出茅庐的车手仇铭（彭于晏 饰）和邱田（窦骁 饰）心甘情愿地成为了他的“破风手”，并以三人之间的绝佳默契打败了强敌。然而，胜利是属于“冲线手”的，无论怎样努力，“破风手”不过只是默默无闻的陪衬 ，在明白了这一道理之后，仇铭和邱田选择了离开，两人成为了“冲线手”，在一次又一次的挑战之中试图击败郑知元。与此同时，仇铭和邱田同时爱上了名为黄诗瑶（王珞丹 饰）的美丽女孩，危险的三角关系让三人之间的友谊走到了尽头，最终，仇铭失去了邱田的音讯。多年以后，仇铭和邱田再度重逢，这一次，他们之间又会发生怎样的故事呢？,经典电影暂无评价,China,Chinese,2010s,1,https://movie.douban.com/subject/25853727/
约战西班牙,2015,汉语普通话 / 西班牙语 / 英语,汉语普通话,外语为主(外语2/中文1),王耀明,纪录片,中国大陆,9.1,421,2015年年初，一支西班牙巴塞罗那的业余球队通过互联网发布挑战视频，声称必以5球狂胜中国业余球队。而北京一支业余球队决定应战，并克服重重困难开赴西班牙，最终在万里之外的异国他乡击败对手，用一场胜利回应了西班牙球队的挑战。,,China,Chinese,2010s,1,https://movie.douban.com/subject/26426761/
美好2015,2015,英语 / 汉语普通话 / 粤语,英语,外语为第一语言,莫森·玛克玛尔巴夫 / 蔡明亮 / 黄建新 / 严浩,剧情,中国香港,5.3,121,電影節今年請來兩岸三地三大導，還有伊朗大師麥馬巴夫，走四地拼出四種感覺。麥馬巴夫拍《房客》，伊朗男孩給倫敦包租婆迫租，情急之下和她一起遛狗和領盲人，那都是他的散工。執導《無無眠》的蔡明亮說故事：「只是出門寫生，畫一幅小康東京夜行圖。冬夜，冷，澡堂，嬰兒般光滑剔透安藤的身體……」黃建新的《失眠筆記》是當失眠男遇上嗜睡女，相異個性相吸？可惜病像會傳人，他們漸變同質時，愛情守得下去嗎？嚴浩的《死後三天》找來黃淑儀演遇意外的女人，陷入昏迷之際遇上扶她一把的男孩天使。咦，可真是天使？,,China,Chinese,2010s,1,https://movie.douban.com/subject/26325366/
魔镜,2015,汉语普通话 / 韩语 / 泰语,汉语普通话,外语为主(外语2/中文1),帕芬姆·王金达 / 金成浩 / 彭发,惊悚,中国大陆 / 韩国,5.1,2519,《电话》骨折女孩侑真（李彩英 饰）百无聊赖待在家中养伤，这天她偶然收到一个镜子的快递，之后通过手机和某个陌生男子聊天。聊兴正酣，她给对方发去一张自己的照片，而对方则回过来一模一样的照片，并声称就在她的身边。《奶奶》爸爸妈妈赶着去上班，而每天都准时过来照看孙子楠楠的奶奶却没出现。无奈之下，爸爸只得让楠楠待在粉笔画的圈子里不准出去。少顷，没有影子的奶奶来了，领着孙子回到自己家中。《电影》某剧组正拍摄名为《冥国1932》的鬼片。傲慢的女主角珍妮乱发脾气，财大气粗的制片颐指气使。正式拍摄时，饰演女鬼的女孩允儿声称看到鬼影而吓晕。片场鬼影幢幢，人人胆战心惊。,经典电影暂无评价,China,Chinese,2010s,1,https://movie.douban.com/subject/25907088/
2016辽宁卫视春节联欢晚会,2016,英语 / 汉语普通话 / 韩语,英语,外语为第一语言,尹琪,歌舞 / 真人秀,中国大陆,8.5,550,2016辽宁卫视春晚完整版，罗志祥、霍尊、周华健、张靓颖、柳岩、郎朗、宋小宝、田娃，还有丹东歌手徐子崴、韩国人气歌手鸟叔PSY、六小龄童金猴闹春，一个都不少，这台小品最多、最搞笑的春节晚会一举集合了宋小宝团队、开心麻花团队、郭冬临、潘长江、巩汉林、高晓攀等众多喜剧大腕儿 。宋小宝团队表演的小品《吃面》压轴出场，爆笑全场。,,China,Chinese,2010s,1,https://movie.douban.com/subject/26724840/
再见瓦城,2016,汉语普通话 / 泰语 / 缅甸语,汉语普通话,外语为主(外语2/中文1),赵德胤,剧情 / 爱情,缅甸 / 中国台湾 / 印度,6.9,8088,忧郁的热带，女孩莲青（吴可熙 饰）遇见少年阿国（柯震东 饰），都是从缅甸跋涉至曼谷的偷渡客，他们连边界都穿过了，却迟迟等不到一纸身分。想新生他方为人，如今却飘荡城市边缘成鬼，日子剩下反覆的劳动，小吃店、成衣厂、工厂熔炉，无处可洩的闷热，高烧一般的爱。当连呐喊也瘖哑，吸毒、残身，贩卖身体⋯⋯。一切不是旧，只是逐渐败坏，不是没有期望，而是竟然还有期望。探底了，又还不够底，少年少女眼神纯真，身强志坚，就此一步一步通往无光的所在。银幕再见柯震东，赵德胤续《冰毒》后持续以影像射击，大量真实移工入镜，长镜头视野，近距离人生，写实影像锤打底层生活成炽烫影像，触目都生烟，偏又有爱情浇铸其中，卑微又仰望，炼成钢，更成绕肠柔，所求无非一点馀温，经过便都是馀生。,影片以极其细腻温婉的镜头语言，深刻探讨了现代都市男女在情感纠葛中的挣扎与成长。,Other,Chinese,2010s,1,https://movie.douban.com/subject/26724235/
冰美人,2016,汉语普通话 / 日语 / 韩语 / 俄语,汉语普通话,外语为主(外语3/中文1),周艾民 / 弗拉基米尔·缅绍夫,爱情 / 战争,中国大陆 / 俄罗斯,5.2,490,一个女人对心爱男人的一份期许，一个男人对心爱女人的一份忠贞不渝！一个二战后残留下的冰冷地窖，一具风干的男骷髅身上的一个绣烂的口琴，从而慢慢揭开一具冰封60年的美丽女子的失踪之谜......,,China,Chinese,2010s,1,https://movie.douban.com/subject/26671674/
周日皇后,2016,英语 / 粤语 / 菲律宾语,英语,外语为第一语言,Baby Ruth Villarama,纪录片,菲律宾 / 中国香港 / 日本 / 英国,7.5,115,在香港光鲜的表面下，来自菲律宾的家政服务人员领着可怜的薪水默默无闻的工作。在一次盛大的选美比赛中，五个家政服务人员给自己进行了一次大变身，并且重拾他们的尊严。导演记录下五位有魅力而且勇敢的菲律宾女性，她们通过举办盛会，成为香港190000菲律宾人的窗口，保持她们的尊严。这部纪录片讲述的是一个令人鼓舞的故事，它让大家开始关注越来越多的移民者群体所发出的声音。Beneath Hong Kong's glittering facade， Filipinas working as domestic helpers work in relative anonymity and for near slave wages. In a beauty pageant like no other in the world， five helpers give themselves makeovers for a day and gleefully reclaim their dignity.,,Other,Chinese,2010s,1,https://movie.douban.com/subject/26872566/
奔爱,2016,汉语普通话 / 英语 / 日语 / 土耳其语,汉语普通话,外语为主(外语3/中文1),张一白 / 管虎 / 张猛 / 滕华涛 / 高群书,剧情 / 爱情,中国大陆,4.0,26540,在电影备案公示中，我们还发现了导演高群书的身影。在电影《爱，无处不在》中，高群书、鲍晶晶等担任编剧，由五位导演在五个国家用各自的方式诠释“爱”的含义，展现五种不同的爱的故事。,经典电影暂无评价,China,Chinese,2010s,1,https://movie.douban.com/subject/26637534/
妈妈，晚餐吃什么？,2016,日语 / 闽南语,日语,外语为第一语言,白羽弥仁,剧情 / 家庭,日本 / 中国台湾,6.8,637,一青姐妹来自台湾人父亲与日本人母亲（河合美智子 饰）结合的家庭，童年时代都在台湾度过。妹妹一青窈（藤本泉 饰）出生后一家人移居到东京，然而没有多久父亲就撒手人寰，独留母女三人相依为命。母亲每天都坚持亲自下厨，烹调女儿最喜爱的台湾菜。母亲的料理加深了家人间的羁绊，也为邻居亲友带来幸福。后来，母亲因病去世，在母亲病逝后20年，姐妹俩在母亲墓前知晓了妈妈的秘密，姐姐（木南晴夏 饰）因为某个念头的驱使，动身前往睽违已久的第二故乡台湾......,,East_Asia,Chinese,2010s,1,https://movie.douban.com/subject/26720473/
德昂,2016,缅甸语 / 汉语普通话,缅甸语,外语为第一语言,王兵,纪录片,中国香港 / 法国,6.3,230,入选#柏林电影节#论坛单元的是纪录片导演王兵的新作《德昂》，影片跟随德昂族的女人老人和孩子们从缅甸逃往中国边境，记录下他们每天的日常生活，被称为是“逃亡者视角的出埃及记”。（@torovandarko）,,China,Chinese,2010s,1,https://movie.douban.com/subject/26700579/
惊天大逆转,2016,汉语普通话 / 韩语 / 英语,汉语普通话,外语为主(外语2/中文1),李骏,剧情 / 犯罪 / 悬疑,中国大陆,7.0,70983,海归华人郭志华（钟汉良 饰）在韩国结识了正在首尔进行学术交流的心理医生杨曦（郎月婷 饰），便委托她为烧伤毁容的哥哥郭志达进行创后心理诊疗辅导。于此同时，首尔正在进行着一场激烈的中韩足球对抗赛，决战之际，中方的队长忽然得知，自己的未婚妻被神秘人绑架，想要救出未婚妻就必须赢得比赛。韩国警方接到报警后，特工组长姜承俊（李政宰 饰）迅速将嫌疑人目标锁定在一个面具人身上，一番斗智斗勇后，警方顺利救出了人质。本以为一切已经结束时，姜承俊却发现面具人的计划才刚刚开始，人质事件只是一切危机的开始，三枚威力惊人的炸弹就被安置在决赛的体育场内，如果不能破解面具人的谜题，现场五万名观众将同体育场一起消失在爆炸中，危险还在继续……,经典电影暂无评价,China,Chinese,2010s,1,https://movie.douban.com/subject/26375609/
我的新野蛮女友,2016,韩语 / 汉语普通话,韩语,外语为第一语言,赵根植,喜剧 / 爱情,韩国 / 中国大陆,3.8,14927,影片讲述了男主人公牵牛（车太贤 饰）与新“野蛮”女友星星（宋茜 饰）从相恋到结婚的浪漫经历。星星是牵牛的小学初恋，由于韩语不流利常常被周围同学欺负。牵牛最初仍无法忘记分手离别的前任“她”，直到有一天，牵牛再次遇见初恋星星后，便不顾身边人的反对和她走进婚姻殿堂，没想到摆在他面前的却是超出想象的烦恼。,经典电影暂无评价,East_Asia,Chinese,2010s,1,https://movie.douban.com/subject/26012321/
沉默,2016,英语 / 日语 / 拉丁语 / 葡萄牙语 / 粤语 / 荷兰语,英语,外语为第一语言,马丁·斯科塞斯,剧情 / 历史,美国 / 英国 / 中国台湾 / 日本 / 墨西哥 / 意大利,7.7,20836,《沉默》改编自著名日本作家远藤周作的同名小说。故事发生在德川幕府时代禁教令下长崎附近的小村子，一个葡萄牙耶稣会的教士偷渡到日本传教，并调查恩师因遭受「穴吊」酷刑而宣誓弃教一事，因为这事在当时欧洲人的眼中，不只是个人的挫折，同时也是整个欧洲信仰、思想的耻辱和失败。在传教与寻访的过程中，信仰与反叛、圣洁与背德、强权与卑微、受难与恐惧、坚贞与隐忍、挣扎与超脱……所有的两难情境都面临了，逼迫着他对基督的信仰进行更深层且更现实的思索，最终，他彷佛也走过一趟恩师的心路历程，拥有自己对信仰的诠释与实践。,经典电影暂无评价,North_America,Chinese,2010s,1,https://movie.douban.com/subject/1884684/
湄公河行动,2016,汉语普通话 / 粤语 / 泰语 / 缅甸语 / 英语,汉语普通话,外语为主(外语3/中文2),林超贤,剧情 / 动作 / 犯罪,中国大陆 / 中国香港,8.0,670903,金三角湄公河上，一处被称为“鬼门关”的河段，两艘来自中国的商船遭到不明身份之人的枪击袭击。未过多久，泰国军方召开新闻发布会，指责中国商船贩卖毒品。虽然发布会宣称船员全部逃亡，但是十三具遭受残忍杀害的中国船员尸体很快被人发现。这起胆大妄为的案件令中国警方大为震惊，云南省缉毒总队队长高刚（张涵予 饰）受命带特别行动小组前往泰国，并与情报员方新武（彭于晏 饰）合作接洽。根据现有资料显示，这件案子由盘踞在金三角的大毒枭糯卡所为。糯卡贪婪残忍，胆大包天，是湄公河流域上一颗惊扰运输安全的毒瘤。为了将这个恶棍绳之于法，中国、老挝、缅甸开展了三国联合巡逻，集中对糯卡的制毒窝点进行扫荡。而高刚等人也深入最危险境地，与丧失人性的贩毒分子进行惨烈对决……本片根据真实事件改编。,用克制而深情的镜头语言，谱写了一曲关于生命与永恒情感的赞歌，令人久久不能释怀。,China,Chinese,2010s,1,https://movie.douban.com/subject/25815034/
米歇尔·福柯,2016,汉语普通话 / 法语 / 英语,汉语普通话,外语为主(外语2/中文1),汪民安,纪录片,中国大陆,7.4,1061,米歇尔·福柯（Michel Foucault，1926.10.15－1984.6.25），法国哲学家，他也是二十世纪最伟大的思想家之一。福柯的效应遍及人文科学，他在哲学、历史、社会理论、文学、艺术、政治学、法学等方面都产生了巨大的影响。“在某种意义上，福柯写出的是完美之书：每一本书都是一个全新的世界，无论是领域还是材料；无论是对象还是构造本身。他参阅了大量的文献――但是这些文献如此地陌生，似乎从来没有进入过学院的视野中。他将这些陌生的文献点燃，使之光彩夺目，从而成为思考的重锤。有一些书是如此地抽象，没有引文，犹如一个空中楼阁在无穷无尽地盘旋和缠绕（如《知识考古学》）；有一些书如此地具体，全是真实的布满尘土的档案，但是，从这些垂死的档案的字里行间，一种充满激情的思想腾空而起（《规训与惩罚》）；有些书是如此地奇诡和迥异，仿佛在一个无人经过的荒漠中发出狄奥尼索斯式的被压抑的浪漫呐喊（《疯癫史》）；有一些书如此地条分缕析，但又是如此艰深晦涩，这两种对峙的决不妥协的风格引诱出一种甜蜜的折磨（《词与物》）；有一些书如此地平静和庄重，但又如此地充满着内在紧张，犹如波澜在平静的大海底下涌动（《快感的运用》）。”汪民安导演纪录片《米歇尔·福柯》收集了福柯生前的大量访谈视频，并采访了诸多有影响的福柯研究学者，系统地展示了福柯的总体思想。这是一部实验性的哲学纪录片，也可以称为“论文纪录片”。它旨在让哲学开口说话，让思想获得一种可见性形象。人们能在福柯布道式的宣讲，诚恳的坦白，角斗般的讨论中，也能在众多学者对福柯的精彩阐释中，感受到福柯的哲学和人格魅力。,经典电影暂无评价,China,Chinese,2010s,1,https://movie.douban.com/subject/26834712/
终极胜利,2016,英语 / 汉语普通话 / 日语 / 天津话,英语,外语为第一语言,冼杞然 / 迈克尔·帕克,剧情 / 历史 / 战争,中国大陆 / 中国香港 / 美国,6.1,427,热爱中国的李爱锐（约瑟夫·费因斯 Joseph Fiennes 饰），甘愿放弃因奥运夺冠赢取回来的优质生活，回到正遭受日本残酷侵略的中国，在这段苦难日子中结识了徐牛（窦骁 饰），二人共同忍辱坚毅地对抗凶残毒辣的侵略者，救护了一大批被日本人关押在潍县集中营里的各国战俘。,,China,Chinese,2010s,1,https://movie.douban.com/subject/26431412/
绝地逃亡,2016,汉语普通话 / 英语 / 俄语,汉语普通话,外语为主(外语2/中文1),雷尼·哈林,喜剧 / 动作,中国大陆 / 美国 / 中国香港,5.7,88964,香港探员陈港生（成龙饰）跟踪黑道老大维克多·王（赵文瑄饰）长达十数年，为搜集他犯罪证据而被卷入一场“计中计”中，还将自己的侄女白舒（范冰冰饰）牵扯进来。在这场被中国特警、维克多·王、俄罗斯黑帮三面夹攻的“绝地逃亡”中，班尼结识了共患难的最佳拍档康纳（约翰尼·诺克斯维尔饰），一位正被维克多·王和俄国杀手追捕逃命的美国赌博高手，三人最终将怎样结束这场冒险变得扑朔迷离。,《绝地逃亡》以凛冽阴郁的视觉风格与精妙的悬疑叙事，深度剖析了特工与罪犯一路欢喜冤家式跨国逃亡的喜剧，戏剧张力十分饱满。,China,Chinese,2010s,1,https://movie.douban.com/subject/24529353/
美人鱼,2016,汉语普通话 / 英语 / 日语,汉语普通话,外语为主(外语2/中文1),周星驰,喜剧 / 爱情 / 奇幻,中国大陆 / 中国香港,6.7,734772,白手起家的富豪刘轩（邓超 饰）新拍下了一块地皮，并联合了女强人李若兰（张雨绮 饰）使用恐怖的声纳技术驱赶鱼类，用于填海造地。人鱼一族长期居住在附近区域的海里，为了继续生存，带头大哥章鱼八哥（罗志祥 饰）派出了美人鱼珊珊（林允 饰）“色诱”刘轩，准备刺杀。没想到珊珊在卧底过程中与刘轩暗生情愫，一次次破坏暗杀计划，而李若兰却在准备一个更丧心病狂的邪恶计划……,《美人鱼》是周星驰带有强烈环保主义底色的成人爱情童话，无厘头笑点密集，对人鱼之爱的纯粹表达极其动人。,China,Chinese,2010s,1,https://movie.douban.com/subject/19944106/
花样厨神,2016,英语 / 汉语普通话,英语,外语为第一语言,金镇雅,剧情,韩国 / 泰国 / 中国大陆,5.9,3970,知名的电视制作人怡珊（杨紫琼 饰），继挖掘了国际厨神翰伟（黄经汉 饰）后，展开下一届新厨神的寻找工作，为此特别举办 “国际食神争霸赛”。从小与爷爷学做家常菜的一晗（刘宪华 饰）为保住自家即将倒闭的餐厅，贸然前去参赛。这个烹饪手法古怪的小子一路过关斩将，连续击败各国顶级米其林主厨，最终站到了挑战国际厨神翰伟的舞台上。就在此时，怡珊发现了一晗的神秘身份……,经典电影暂无评价,East_Asia,Chinese,2010s,1,https://movie.douban.com/subject/10546813/
谎言西西里,2016,汉语普通话 / 韩语 / 英语,汉语普通话,外语为主(外语2/中文1),林育贤,爱情,中国大陆,5.2,16207,影片讲述了韩国男孩俊浩（李准基 饰）以隐形方式默默守护心爱女友小悠（周冬雨 饰），并帮助其重启人生和爱情的故事。此次跨国“牵手”不仅发生在摩登都市上海，足迹还将远至充满美丽传说的意大利西西里，上演一场跨越国界和地域的动人恋情。,经典电影暂无评价,China,Chinese,2010s,1,https://movie.douban.com/subject/26271094/
赏金猎人,2016,汉语普通话 / 韩语 / 泰语 / 英语,汉语普通话,外语为主(外语3/中文1),申太罗,剧情 / 喜剧 / 动作,中国大陆 / 韩国 / 中国香港,5.1,37710,李山（李敏镐 饰）和阿Yo（钟汉良 饰）曾经同为国际刑警，后因任务失败被一同革职，当起了私人保镖。在一起看似普通的爆炸案中，两人与由凌芯（唐嫣 饰）、Swan（吴千语 饰）和宝宝（樊少皇 饰）组成的赏金三人组狭路相逢，一番冲突较量后，他们组成了专门缉捕罪犯、维护社会安宁的赏金天团，在经历了连番惊险的任务后，五人凭着各自的绝技，成功挫败了连环恐怖袭击，抓住了幕后操控的黑手。,经典电影暂无评价,China,Chinese,2010s,1,https://movie.douban.com/subject/21941770/
超能太阳鸭,2016,俄语 / 英语 / 汉语普通话,俄语,外语为第一语言,维克多·拉基索夫,剧情 / 喜剧 / 动画,俄罗斯 / 美国 / 中国大陆,5.0,1057,在遥远的东方世界，有一座与世无争的世外仙境“太阳岛”，岛主之子龙威是一个典型的“网瘾+废柴”少年，却整天做着展翅高飞，拯救世界的白日梦，因为根据古老的预言，当整个世界陷入邪恶黑暗的时候，太阳岛上的太阳鸭就会出现并带领大家对抗邪恶，保护每一寸土地都能照到阳光，滋润万物生长，不受到邪恶力量的威胁。多年后的某一天，绿头鸭军团意外来到太阳岛，东方鸭与绿头鸭之间的矛盾对抗打破了太阳岛长久以来的平静生活，意外的是身为太阳岛岛主之子的龙威与绿头鸭司令的女儿艾瑞卡，却在东方鸭、太阳鸭的高压对峙下陷入到了甜蜜恋爱之中，然而就在双方剑拔弩张战况愈演愈烈之际，那个被众人遗忘的“黑暗寓言”却在邪恶女巫婥特的布局下悄然发生……黑暗降临之际，曾经的“废柴+网瘾少年”的龙威能否突破宿命，成为拯救世界的鸭界超级英雄——太阳鸭呢？,经典电影暂无评价,Europe,Chinese,2010s,1,https://movie.douban.com/subject/26341315/
长城,2016,英语 / 汉语普通话,英语,外语为第一语言,张艺谋,动作 / 奇幻 / 冒险,中国大陆 / 美国,4.9,367869,电影《长城》讲述了在古代，一支中国精英部队为保卫人类，在举世闻名的长城上与怪兽饕餮进行生死决战的故事。欧洲雇佣军威廉（马特·达蒙 Matt Damon 饰）与同伴佩罗·托瓦尔（佩德罗·帕斯卡 Pedro Pascal 饰）不远万里来到中国盗取火药配方，意外发现了长城是为抵御60年降临人间一次的饕餮所建。长城内部机关重重，宛如“陆上航母”，由无影禁军世代镇守。在这里，威廉见识了饕餮的凶残，也见证了无影禁军的精锐和勇敢，并被这群战士之间的信任和牺牲所感动，义无反顾地加入到了共同守护人类的战斗当中。,经典电影暂无评价,China,Chinese,2010s,1,https://movie.douban.com/subject/6982558/
阿尼,2016,菲律宾语 / 他加禄语 / 汉语普通话 / 闽南语 / 英语,菲律宾语,外语为第一语言,邹隆娜,短片,中国台湾 / 菲律宾,6.3,165,Docked at the port of Kaohsiung， Filipino seaman Arnie buys a ring with the help of his mates， to propose to his girlfriend back home. The supposedly happiest moment of his life soon takes a downward spiral when he finds out she is pregnant - but he is not the father of the child.,,China,Chinese,2010s,1,https://movie.douban.com/subject/26787079/
龙之诞生,2016,英语 / 汉语普通话,英语,外语为第一语言,乔治·诺非,剧情 / 传记 / 动作,美国 / 中国大陆 / 加拿大,5.1,729,功夫片传奇影星李小龙的生平故事即将被好莱坞搬上大银幕，这部影片叫做《龙之诞生》(Birth of the Dragon)，由QED国际和Groundswell制片公司联合制作，影片不仅是李小龙生平传记，也会是一部功夫动作片。故事将集中在李小龙较少人谈及的一面，包括1965年在旧金山他与另一武林高手黄泽民的闭门决斗。,,North_America,Chinese,2010s,1,https://movie.douban.com/subject/22552302/
下海,2017,法语 / 汉语普通话,法语,外语为第一语言,奥利维耶·梅斯,剧情,比利时 / 法国 / 瑞士 / 中国大陆,7.0,14862,上世纪90年代末东北爆发大规模下岗潮，女性失业尤为严重。很多女人听说当法国保姆能赚钱，便不惜背上巨债出国。到巴黎后发现求生无路，只好去“站街”。比利时导演奥利维耶偶然遇到她们，进行了长期调查，并找到王小帅任监制，以此拍摄出电影《下海》。,经典电影暂无评价,Europe,Chinese,2010s,1,https://movie.douban.com/subject/27170563/
侠盗联盟,2017,汉语普通话 / 英语 / 法语 / 俄语,汉语普通话,外语为主(外语3/中文1),冯德伦,动作 / 冒险,中国大陆 / 中国香港 / 捷克,5.2,61703,十七世纪西班牙皇室赠送给中国皇帝的礼物GAIA，而今虽然被分为森之瞳、灵之泉、命之翼三份，却依然价值连城，令人垂涎。出狱不久的江洋大盗张丹（刘德华 饰）将目标锁定在这几件宝物上，他找到资深黑客小宝（杨祐宁 饰）以及女贼叶红（舒淇 饰），成功混进戛纳拍卖会场， 在交手多次的法国警探皮埃尔（让·雷诺 饰）鼻子底下偷走了命之翼，最终交到幕后老板金刚（曾志伟 饰）的手上。连上坐牢前偷到的森之瞳，只差最后的灵之泉即可将GAIA重新合在一起。而就在此时，皮埃尔找到当初遭到张丹背叛的前女友Amber Li（张静初 饰），展开对大盗们新一轮的追捕……,影片在亮丽的欧洲风光中上演夺宝奇兵，节奏明快，高科技盗宝戏设计巧妙，是合格的爆米花动作片。,China,Chinese,2010s,1,https://movie.douban.com/subject/25858758/
功夫瑜伽,2017,汉语普通话 / 英语 / 印地语 / 阿拉伯语,汉语普通话,外语为主(外语3/中文1),唐季礼,喜剧 / 动作 / 冒险,中国大陆 / 印度,5.0,169676,考古学教授Jack（成龙 饰）多年没有踏出学校，校长和学生都对他添油加醋的历史半信半疑。一次授课后，一个印度女孩找到Jack，用一张千年地图吸引了Jack的目光。于是Jack和挚友的儿子李琼斯（李治廷 饰）、助教小光（张艺兴 饰）组成“寻宝小分队”，为“神秘宝石”展开冒险，在迪拜和土豪飙车，在冰岛潜入神秘冰穴，在印度大战土狼，和印度贵族斗舞，动作喜剧再升级，打笑全世界。,《功夫瑜伽》延续了成龙招牌式的全球夺宝、动作格斗与谐趣喜剧，印度异域风情与迪拜豪车漂移的视效商业性极佳。,China,Chinese,2010s,1,https://movie.douban.com/subject/26182910/
咖啡风暴,2017,意大利语 / 法语 / 汉语普通话 / 弗拉芒语,意大利语,外语为第一语言,克里斯提诺·波顿,剧情,意大利 / 中国大陆 / 比利时,5.4,401,电影《咖啡风暴》在中国、意大利、比利时取景拍摄，讲述了三段感人至深的故事，展现了不同文化背景下多样的人文情怀。影片利用咖啡悠久的历史、丰富的味觉体验和地域差异等特征，展现了当代世界面临的种种挑战。,,Europe,Chinese,2010s,1,https://movie.douban.com/subject/26649225/
唐人街1871,2017,英语 / 汉语普通话,英语,外语为第一语言,梁普智,剧情 / 历史 / 西部,中国香港 / 美国,4.6,679,影片背景设定在1871年洛杉矶中国城大屠杀的悲惨历史事件。透过一对华裔情侣扣人心弦的爱情故事，反映了种族偏见和对移民的不友善，以及连带造成的社会冲突。,,China,Chinese,2010s,1,https://movie.douban.com/subject/26812861/
天梯：蔡国强的艺术,2017,英语 / 汉语普通话 / 闽南语 / 日语,英语,外语为第一语言,凯文·麦克唐纳,纪录片,中国大陆 / 美国,8.6,36203,《天梯：蔡国强的艺术》是当今世界最重要艺术家之一蔡国强的首部电影纪录片。既是一个从中国出发、成为具国际影响力艺术家的励志故事，也体现着新时代中国人的追求和精神。本片由奥斯卡金奖导演凯文·麦克唐纳（Kevin Macdonald）耗时两年，从纽约、布宜诺斯艾利斯、上海、北京、浏阳到家乡泉州，遍访艺术家的工作现场及其亲友、工作伙伴和专家，无限度深入蔡国强的工作和生活，并从数千小时的珍贵历史影像素材撷取精华，讲述蔡国强 80 年代从泉州出发，30 年来在五大洲不同文化间成长，并走向国际舞台成为享誉全球的爆破艺术家。纪录片中也揭露他壮观艺术背后的另一个真实—内心的脆弱、挣扎、妥协，和对家人、故乡、祖国土地深厚内敛的家国情怀。影片主线《天梯》—— 一座500米高的金色焰火梯子嘶吼着拔地而起，与无垠宇宙对话。这是蔡国强少年时代仰望天空、摸云摘星的梦想，二十多年来在世界不同地方屡试屡败，却从未放弃。2015年6月黎明，泉州小渔村惠屿岛海边，在国内技术专家和当地数百村民的帮助和见证下，他再次一搏，把《天梯》作为献给百岁奶奶和家乡的礼物……,《天梯：蔡国强的艺术》以客观写实的镜头视角与深厚温暖的人文关怀，真实记录了生命的坚韧与伟大，具有极高的人文与艺术价值。,China,Chinese,2010s,1,https://movie.douban.com/subject/26679188/
时间去哪儿了,2017,汉语普通话 / 葡萄牙语 / 俄语 / 印地语 / 英语,汉语普通话,外语为主(外语4/中文1),贾樟柯 / 沃尔特·塞勒斯 / 马德哈尔·班达卡 / 贾梅尔·奎比卡 / 阿列克谢·费多尔琴科,剧情,中国大陆 / 巴西 / 俄罗斯 / 印度 / 南非,6.0,4782,金砖国家首部合作影片《时间去哪儿了》由贾樟柯监制，汇聚五位来自中国、俄罗斯、印度、巴西、南非的电影导演，以“不忘初心”的态度，分别以“时间去哪儿了”为主题拍摄一部电影短片，以自己的独特视角，讲述出自己对时间和情感的不同理解。五部短片依次为：巴西导演沃尔特·塞勒斯《颤抖的大地》、俄罗斯导演阿历斯基·费朵奇科《呼吸》、印度导演马德哈尔·班达卡《孟买迷雾》、南非导演贾梅尔·奎比卡《重生》以及中国导演贾樟柯《逢春》。,五位导演以不同的文化视角，通过多元的视听风格，共同探讨了时间流逝与人类情感的联结。,China,Chinese,2010s,1,https://movie.douban.com/subject/27025637/
杀破狼·贪狼,2017,粤语 / 泰语 / 英语,粤语,外语为主(外语2/中文1),叶伟信,剧情 / 动作,中国香港 / 中国大陆,7.0,159460,香港警察李忠志（古天乐 饰）得知女儿芝（陈汉娜 饰）于泰国旅游间莫名失踪，即亲赴泰国报警求助。负责案件的华人探员崔杰（吴樾 饰），应允让他一同调查，却想不到李忠志利用媒体呼吁市民提供线索。 一条意外拍下芝被捉走的片段上载至警方网站，却被神秘删除。崔杰即连同好友兼同袍Tak（托尼·贾 饰）同赴寻找片主，却遇神秘人马截足灭证，狭路相逢，展开追截并与之搏斗。李忠志与崔杰两人逐步调查，却发现案中有案，并开始意识凶手背后神秘势力非他们能对付……,影片以宏大悲壮的战争史诗与凌厉的动作美学，深刻探讨了家国情怀、江湖道义与人性抉择。,China,Chinese,2010s,1,https://movie.douban.com/subject/26826398/
极致追击,2017,英语 / 汉语普通话,英语,外语为第一语言,查尔斯·马丁,动作 / 犯罪 / 冒险,中国大陆,3.4,4372,前SAS特工，声名显赫的安保专家丹尼·斯特拉顿（奥兰多·布鲁姆 Orlando Bloom 饰）遭遇了人生中最大的劫难：藏品被盗，女友离去，身败名裂。沉寂已久的他决定东山再起，一次看似简单的任务背后，却藏着更为惊人的阴谋。面对警方的误会，队友的背叛，爱人的失踪，反派的追 杀，他该何去何从……,经典电影暂无评价,China,Chinese,2010s,1,https://movie.douban.com/subject/26426099/
白色女孩,2017,粤语 / 英语 / 日语,粤语,外语为主(外语2/中文1),杜可风 / 孙明莉,剧情,中国香港 / 日本,4.3,431,香港最后一座渔村里的苍白少女，在父亲形同牢笼的过度照顾下。一天，她在旧皮箱中发现了母亲的遗物，开始思索自己的身世。到晚上，她从家中溜出去见坂元。坂元是一位栖身于废弃村屋的流浪者。屋内有一间暗房和一面镜子，让她从另一个角度看世界。同时，村内出现一批心怀不轨的游客。她一边追寻离家母亲的踪迹，也试图聆听自己内心的声音。渔村会如何？村民将如何反应？《香港三部曲》监制白海初执导筒的《白色女孩》，邀来四座金马奖最佳摄影杜可风联合执导兼掌镜、日本男星小田切让，与金马奖最佳男配角得主白只携手演出。,,China,Chinese,2010s,1,https://movie.douban.com/subject/27098418/
英伦对决,2017,英语 / 汉语普通话,英语,外语为第一语言,马丁·坎贝尔,动作 / 犯罪,英国 / 中国大陆 / 美国,7.0,204196,关玉明（成龙 饰）和女儿小凡（梁佩诗 饰）在英国伦敦过着相依为命的日子。关玉明经营着一间小小的餐馆，老老实实的靠着辛勤劳作养活家庭，从未有过想要僭越法律或是道德的念头。然而，上天并不眷顾这个善良的男人，在一场恐怖袭击中，小凡不幸成为了受害者之一。让关玉明无法接受的除了女儿的死之外，还有英国政府对此次事件的轻视和不作为。政府高官莱姆（皮尔斯·布鲁斯南 Pierce Brosnan 饰）出现在了关玉明的视野之中，他坚信莱姆和恐怖组织以及事件的真相有着不可分割的联系。既然法律和正义无法还关玉明一个公道，关玉明决定用自己的力量来为女儿复仇。,电影以阴郁厚重的英伦政治黑幕与孤胆老兵的铁血复仇交织，呈现了成龙少见的严肃演技突破。,Europe,Chinese,2010s,1,https://movie.douban.com/subject/25723583/
追捕,2017,汉语普通话 / 英语 / 日语,汉语普通话,外语为主(外语2/中文1),吴宇森,剧情 / 动作 / 犯罪,中国香港 / 中国大陆,4.5,30974,国际律师杜丘（张涵予 饰）清晨醒来，发现一个陌生女子被杀死在枕边，当所有证据皆指向自己就是凶手时，他拒捕逃离，决定自己查出真相。颇有名气的警探矢村（福山雅治 饰）在追捕过程中，察觉案件并不简单。一警一“匪”在交手中竟发展出了一段惺惺相惜的情谊，探明真相的过程中，他们卷入了更大的阴谋，而屡次帮杜丘逃亡的神秘女子真由美（戚薇 饰）也另有隐情……,影片融入了吴宇森标志性的双雄对峙、白鸽与暴力美学枪战，节奏明快，但剧作略显粗糙浮躁。,China,Chinese,2010s,1,https://movie.douban.com/subject/26348414/
霹雳奇幻 生死一剑,2017,日语 / 闽南语,日语,外语为第一语言,黄强华 / 郑保品,动作 / 动画 / 奇幻,日本 / 中国台湾,8.0,2502,《Thunderbolt Fantasy 生死一剑》是一部由台湾和日本双方合作的2017年奇幻武侠布袋戏电影。其剧本由日本编剧虚渊玄撰写，布袋戏剧由台湾霹雳布袋戏制作，为《Thunderbolt Fantasy 东离剑游纪》的外传。全剧由两个篇章组成，分别以《东离剑游纪》中的两位要角杀无生和殇不患为主角，杀无生篇为第一季前传，殇不患篇为第一季之后、第二季之前的承接故事，分别于2017年12月2日在日本、以及12月8日在台湾的各剧院上映。,经典电影暂无评价,East_Asia,Chinese,2010s,1,https://movie.douban.com/subject/26887055/
24小时：末路重生,2018,英语 / 汉语普通话,英语,外语为第一语言,布莱恩·斯莫兹,动作 / 科幻 / 犯罪,美国 / 中国大陆 / 南非,5.1,7407,永远不要点燃一个职业杀手的怒火，就算面临重重包围，他也能杀个片甲不留！杀手特拉维斯（伊桑∙霍克 饰）得知了犯罪组织“红山”的惊天阴谋，他在国际刑警“琳”（许晴 饰）的影响下，决定重整目标、直捣红山“老巢”。可是，特拉维斯只能存活24个小时，他能否阻止邪恶计划、救赎自我？时间愈发紧迫了……,经典电影暂无评价,North_America,Chinese,2010s,1,https://movie.douban.com/subject/26724807/
古巴花旦,2018,粤语 / 西班牙语 / 英语,粤语,外语为主(外语2/中文1),魏时煜,纪录片,中国香港,8.1,674,在古巴首都夏湾拿（今称哈瓦那）出生、自小学习粤剧的何秋兰和黄美玉，既是独生女儿、又是舞台姐妹。何秋兰的养父方标因爲家人反对他学戏而由广东远走古巴，黄美玉的中国父亲则是华人街有名的裁缝。两人生长在三、四十年代繁荣的夏湾拿，小生黄美玉学习过功夫和舞狮，花旦何秋兰则以俏丽扮相 和婉转歌喉红遍古巴各个华埠。1959年卡斯特罗的一场革命带走了一切繁华，何秋兰做了收银员，黄美玉做了外交官。两人进入花甲之年后，在被时间磨蚀的华人街，试图重新排演粤剧，她们是否还能找到当初少女梦幻的舞台？,,China,Chinese,2010s,1,https://movie.douban.com/subject/27663775/
小玩意,2018,汉语普通话 / 荷兰语 / 英语,汉语普通话,外语为主(外语2/中文1),王洪飞,剧情,中国台湾 / 荷兰 / 克罗地亚,6.0,102,游走在夜晚台北街头的摄影师，拍下了一位小女孩的身影。这幅影像意外勾起摄影师的童年回忆，当画面不断涌入并与女孩的身份交织融合，他不知不觉地将自己的童年记忆投射在女孩正经历的一切之中——女孩的风筝、女孩与爱人的别离，是她的故事，还是摄影师的？台北、国际长途飞机上、荷兰阿姆斯特丹；三个地点，三段冥想叙事，在按下快门的那一刻起，在时空经纬之外展开。,,China,Chinese,2010s,1,https://movie.douban.com/subject/27925790/
巨齿鲨,2018,英语 / 汉语普通话 / 泰语,英语,外语为第一语言,乔·德特杜巴,动作 / 科幻 / 惊悚,美国 / 中国大陆 / 中国香港,5.7,199315,一项由中国主导的国际科研项目，正在马里亚纳海沟深处进行时，遭遇未知生物攻击，科研人员被困海底。前美国海军陆战队深海潜水专家乔纳斯·泰勒受命前往营救，再度遭遇数年前曾经在深海给自己留下终身难以磨灭记忆的史前生物巨齿鲨。乔纳斯联手科研项目中的中国女科学家张苏茵成功营救了被困人员，但营救行动却意外造成了巨齿鲨逃离深海。当史前巨兽重返浅海，人类将为自己对大自然的贪婪付出惨重的代价......,影片以火爆惊险的深海巨兽对决特效，为观众呈献了一出充满夏日海滩风情的高燃爆米花冒险。,North_America,Chinese,2010s,1,https://movie.douban.com/subject/26426194/
帝皇酒店,2018,葡萄牙语 / 粤语 / 英语,葡萄牙语,外语为第一语言,范思澳,剧情,葡萄牙 / 中国大陆,4.7,141,离家20 多年的青年回到澳门，和“帝皇酒店”的玛莉亚相遇的故事。以“黑色电影”的影像风格，在澳门过去与现在的时空中穿梭。,,Europe,Chinese,2010s,1,https://movie.douban.com/subject/27201449/
彼处，此处，无处不在,2018,日语 / 英语 / 汉语普通话,日语,外语为第一语言,张晶蕾,纪录片 / 音乐,中国大陆,8.1,192,音乐纪录片《The fin. : there， here， everywhere》由吉术斋&HIP LAND MUSIC共同出品，吉术斋制作，张晶蕾导演。作为当今亚洲乃至世界备受瞩目的年轻乐队之一，来自日本的The fin.凭借英伦复古的曲风和清新迷幻的浪漫气质脱颖而出，迅速成长为极具影响力的高人气独立乐队。究竟The fin.的音乐拥有何种魅力能够受到乐迷追捧？舞台上呈现精彩演出的他们，舞台背后又在经历怎样的人生？吉术斋团队跨越中日英三国，独家记录下了The fin.的音乐故事，并制作了纪录片《The fin. : there， here， everywhere》，这也将是The fin.乐队成立以来的首部音乐纪录片。,,China,Chinese,2010s,1,https://movie.douban.com/subject/30284865/
戛纳本色,2018,英语 / 汉语普通话,英语,外语为第一语言,/,纪录片 / 短片,美国 / 中国大陆,4.7,387,戛纳电影节不对公众开放，于是来参加的4000名记者组成了戛纳的大部分观众。不过，主办方不但不完善放映时间和合理运用所有的放映厅，还把记者们按不同的颜色分为几个类别。证件的颜色代表着看电影前需要排队的时长。手持低级别证件的记者们通常需要在影厅外的烈日下排队数小时，这也造成了额外的工作时间。高级别的证件通常发放给大媒体的记者，相对较短的排队时间并没有减少他们的工作量，因为影展会有更多的活动需要安排他们去报道。戛纳电影节通过这种等级制度，压榨了所有颜色等级的记者，才得以维持自己世界第一电影节的崇高头衔。但这给很多记者造成了挫败感和羞辱感，而且让不同级别的记者之间产生了分化。今年已是2018年，这种封建的等级制度不应该再存在，本片通过采访不同级别的记者，展现了他们在该制度下的经历，旨在团结所有人一致发声，取消分级制，让电影艺术重回大众。https://www.youtube.com/watch?v=viH76R-7Bhshttps://www.bilibili.com/video/av22630032,,North_America,Chinese,2010s,1,https://movie.douban.com/subject/30210781/
摩天营救,2018,英语 / 粤语 / 汉语普通话,英语,外语为第一语言,罗森·马歇尔·瑟伯,动作 / 惊悚 / 冒险,中国香港 / 美国,6.3,157948,在香港市中心，世界上最高、结构最复杂的摩天大楼遭到破坏，危机一触即发。威尔·索耶（道恩·强森 饰）的妻子萨拉（内芙·坎贝尔 饰）和孩子们在98层被劫为人质，直接暴露在火线上。威尔，这位战争英雄、前联邦调查局救援队员，作为大楼的安保顾问，却被诬陷纵火和谋杀。他必须奋力营救家人，为自己洗脱罪名，关乎生死存亡的高空任务就此展开。,影片以宏大的视觉叙事与精湛的视听语言，深刻探讨了科技、人性与生存的终极命题，极具震撼力。,China,Chinese,2010s,1,https://movie.douban.com/subject/26804147/
无双,2018,汉语普通话 / 粤语 / 英语 / 泰语 / 波兰语,汉语普通话,外语为主(外语3/中文2),庄文强,剧情 / 动作 / 犯罪,中国大陆 / 中国香港,8.0,847858,身陷囹圄的李问（郭富城 饰）被引渡回港，他原本隶属于一个的跨国假钞制贩组织。该组织曾犯下过多宗恶性案件，而首脑“画家”不仅始终逍遥法外，连真面目都没人知道。为了逼迫李问吐露“画家”真实身份，警方不惜用足以判死刑的假罪证使其就范。就在此时，富有的遗孀阮文（张静初 饰）申请保释李问，而警方提出的条件依然是“画家”的真面目。原来早在十数年前，李问和阮文是一对画家情侣，无奈女友的作品受人青睐，李问的画作却被贬得一文不值。就在此困顿期间，他制作假画的才能被“画家”（周润发 饰）发掘，进而成为对方美元假币团伙中的一员……,剧情跌宕起伏，逻辑严密，在重重迷雾中拷问人性底线，给观众带来强烈的心理震撼，这是一部值得反复品味的经典之作。,China,Chinese,2010s,1,https://movie.douban.com/subject/26425063/
暮光·巴黎,2018,法语 / 汉语普通话,法语,外语为第一语言,万沥方 / 董方辰,爱情 / 奇幻,法国 / 中国大陆,3.8,1623,一个发生在“浪漫之都”巴黎，讲述有关爱与永恒的暗黑童话，法国神秘家族“KOI”于100年前创立电影公司，寻找欲望强盛的人类，邀请至古堡拍戏，让人类演绎心底的欲望最高潮之际，摄取人类的欲望。某个午夜，神秘家族成员FRANCOIS遇上林佩欣，一个来自中国的青年留学生，在相处中，林佩欣渐渐爱上了Francois，却在无意间发现他们的交往竟然与多年前失踪的母亲有关，那刻起，一场跨越百年的迷情暗黑童话揭开帷幕。,经典电影暂无评价,Europe,Chinese,2010s,1,https://movie.douban.com/subject/26878103/
毒液：致命守护者,2018,英语 / 汉语普通话,英语,外语为第一语言,鲁本·弗雷斯彻,动作 / 科幻 / 惊悚,美国 / 中国大陆,7.2,755979,艾迪（汤姆·哈迪 Tom Hardy 饰）是一位深受观众喜爱的新闻记者，和女友安妮（米歇尔·威廉姆斯 Michelle Williams 饰）相恋多年，彼此之间感情十分要好。安妮是一名律师，接手了生命基金会的案件，在女友的邮箱里，艾迪发现了基金会老板德雷克（里兹·阿迈德 Riz Ahmed 饰）不为人知的秘密。为此，艾迪不仅丢了工作，女友也离他而去。之后，生命基金会的朵拉博士（珍妮·斯蕾特 Jenny Slate 饰）找到了艾迪，希望艾迪能够帮助她阻止德雷克疯狂的罪行。在生命基金会的实验室里，艾迪发现了德雷克进行人体实验的证据，并且在误打误撞之中被外星生命体毒液附身。回到家后，艾迪和毒液之间形成了共生关系，他们要应对的是德雷克派出的一波又一波杀手。,在层层推进的谜题中，将悬疑惊悚与社会现实批判完美结合，节奏紧凑，扣人心弦，这是一部值得反复品味的经典之作。,North_America,Chinese,2010s,1,https://movie.douban.com/subject/3168101/
环太平洋：雷霆再起,2018,英语 / 汉语普通话 / 俄语,英语,外语为第一语言,斯蒂文·S·迪奈特,动作 / 科幻 / 冒险,英国 / 中国大陆 / 日本 / 美国 / 墨西哥,5.5,221359,在对抗外星人的入侵并成功封住虫洞的十年后，人类从废墟中站起来。他们忘记了恐惧，纵情狂欢，其中便包括斯特克·潘特考斯特将军的儿子杰克（约翰·博耶加 John Boyega 饰）。在一次偷到废弃机甲零件的过程中，他偶然遭遇以一己之力组装迷你机甲的少女阿玛拉（卡莉·史派妮 Cailee Spaeny 饰）。此后，在姐姐森麻子（菊地凛子 饰）的安排下，杰克和阿玛拉莫玉兰基地接受机甲驾驶员的培训工作。与此同时，总部位于上海的邵氏集团，在总裁邵丽雯（景甜 饰）的主持下，正致力于以无人机甲取代传统机甲。就在这关键时刻，一个与复仇流浪者极其相似的黑色机甲突然出现，并向人类展开了无情杀戮。人们发现，遥远的外星“先驱”仍在蠢蠢欲动，时刻等待着消灭地球人的时机……,电影以震撼庞大的机甲斗怪兽视听特效，展现了少年力量的热血集结，提供了合格的爆米花爽感。,Europe,Chinese,2010s,1,https://movie.douban.com/subject/20435622/
盛情款待,2018,日语 / 汉语普通话 / 英语,日语,外语为第一语言,陈钰杰,剧情,日本 / 中国台湾,5.8,171,明月館是一間位於京都近郊的日式旅館，有著美麗的湖景和傳統的日式風情，但由於建築老舊又位處偏僻，經營狀況岌岌可危。台北一家建設公司老闆Charles（楊烈 飾）決定買下明月館，派兒子Jacky（王柏傑 飾）前往監督旅館的翻修工程，但Jacky一心只想藉機和住在京都的前女友尚子復合，順便找機會暗中把這間賠錢的旅館賣掉。抵達明月館後，老闆娘美津子（余貴美子 飾）對Jacky很親切，但獨生女梨花（田中麗奈 飾）和他很不對盤，旅館中還有也來自台灣的哈日宅男柏豪（姚淳耀 飾）來打工換宿。Jacky得知念念不忘的前女友要結婚了，為了讓她看到自己的成長而有回心轉意的機會，異想天開提出把明月館改裝成婚宴場所，替尚子舉辦夢想婚禮。此時Charles和柏豪的母親（呂雪鳳 飾）也來到日本，眾人聽到Jacky的提議後齊齊拍手叫好，只有梨花覺得事有蹊蹺。為了旅館轉型，他們必需和資深的木村老師學習日本傳統的「待客之道」（omotenashi），在這學習的路上，他們面臨什麼樣的人生轉變呢？,,East_Asia,Chinese,2010s,1,https://movie.douban.com/subject/26845248/
红海行动,2018,汉语普通话 / 阿拉伯语 / 英语 / 索马里语 / 粤语,汉语普通话,外语为主(外语3/中文2),林超贤,动作 / 战争,中国大陆 / 中国香港,8.2,939139,中东国家伊维亚共和国发生政变，武装冲突不断升级。刚刚在索马里执行完解救人质任务的海军护卫舰临沂号，受命前往伊维亚执行撤侨任务。舰长高云（张涵予 饰）派出杨锐（张译 饰）率领的蛟龙突击队登陆战区，护送华侨安全撤离。谁知恐怖组织扎卡却将撤侨部队逼入交火区，一场激烈的战斗在所难免。与此同时，法籍华人记者夏楠（海清 饰）正在伊维亚追查威廉·柏森博士贩卖核原料的事实，而扎卡则突袭柏森博士所在的公司，意图抢走核原料。混战中，一名隶属柏森博士公司的中国员工成为人质。为了解救该人质，八名蛟龙队员必须潜入有150名恐怖分子的聚集点，他们用自己的信念和鲜血铸成中国军人顽强不屈的丰碑！ 本片根据也门撤侨事件改编。,《红海行动》是中国现代军事动作片的巅峰巨作，林超贤导演的战场调度极其硬核，枪战和爆破戏水准极高，震撼无比。,China,Chinese,2010s,1,https://movie.douban.com/subject/26861685/
邪不压正,2018,汉语普通话 / 英语 / 日语 / 法语,汉语普通话,外语为主(外语3/中文1),姜文,剧情 / 喜剧 / 动作,中国大陆,7.1,638190,七七事变前夕，华裔青年小亨德勒（彭于晏 饰）从美国远赴重洋，回到阔别十数年之久的北平从医。然而他真正的名字叫李天然，十三岁那年曾亲眼目睹师父一家遭师兄朱潜龙（廖凡 饰）和日本人根本一郎（泽田谦也 饰）灭门。侥幸逃生的天然被美国人亨德勒医生送往大洋彼岸，接受了极其严苛的训练，而今他怀着绝密的任务踏上故土。亨德勒父子租住神秘男子蓝青峰（姜文 饰）的宅子，蓝是当年辛亥革命的参与者，他与现为警察局长的朱潜龙过从甚密，却又以杀死李天然为筹码，暗中怂恿朱除掉根本一郎。复仇心切的李天然寻找到了仇人，而亨德勒医生则全力阻止养子冒险。在这一过程中，交际花唐凤仪（许晴 饰）与裁缝关巧红（周韵 饰）也卷入了男人的勾心斗角的漩涡里。直到七七事变爆发，所有的矛盾迎来了决断的时刻……本片根据张北海的小说《侠隐》改编。,以细腻动人的叙事与精湛的演员表现，深刻探讨了人性、爱与救赎，情感真挚，深切感人。,China,Chinese,2010s,1,https://movie.douban.com/subject/26366496/
三重威胁之跨国大营救,2019,英语 / 汉语普通话 / 泰语 / 印尼语 / 粤语,英语,外语为第一语言,杰西·约翰逊,动作,泰国 / 中国大陆 / 中国香港 / 美国,4.5,3713,东南亚的热带丛林，龙飞（陈虎饰）正与搭档帕于（托尼·贾饰）参加一项秘密任务，配合一个突击小队进行人道主义救援，但没想到，他们拼死救下的却是一个做恶多端令人闻风丧胆的犯罪头子柯林斯（斯科特·阿金斯饰）。柯林斯被救后，把所有知情人都锁在秘密基地的地牢里，临走时一炸了之，龙飞与帕于在生死关头逃了出来。逃出生天的二人秘谋报仇，但想报仇的不止他们，扎卡（伊科·乌艾斯饰）的妻子在这次行动中无辜殒命，扎卡在地下拳馆见到龙飞，误认为他是凶手，以死相搏，却因伤不敌，被龙飞打昏。龙飞和帕于好心把扎卡接到住处里休息，三人把酒言欢，没想到第二天一早，扎卡不见了，全副武装的警察却找上门来，原来扎卡举报他俩参加地下拳赛，两人被带到警察局关了起来。中国富商的女继承人田小娴（卢靖姗饰）来到马哈扎雅推动贫民窟改造计划，但她的计划侵犯了当地黑帮的利益进而遭到追杀，田小娴被迫逃入警局，没想到警局也不是安身之地，柯林斯带着他的雇佣兵突袭警局，田小娴再度处于危险之中。正好被关在警局的龙飞识破了黑帮的计谋，和帕于一起带田小娴逃走。黑帮血洗警局，然后栽赃给龙飞和帕于，无奈之下龙飞和帕于只好带着田小娴开始了逃亡之旅。因为黑帮的高额赏金，三人无处藏身，而这时扎卡也加入了柯林斯的队伍，敌友不明。一路历险，田小娴对龙飞和帕于建立起信任关系，扎卡也发现追杀龙飞和帕于的恶势力都是被一个姓苏的女人暗中操控着，她才是他真正的仇人。决战时刻，扎卡加入了龙飞的阵营，三人联手对抗全部武装的柯林斯一伙……,经典电影暂无评价,Other,Chinese,2010s,1,https://movie.douban.com/subject/26909787/
亡命之途,2019,日语 / 汉语普通话,日语,外语为第一语言,半野喜弘,剧情 / 犯罪,日本 / 中国台湾,4.3,458,因涉入一宗枉死案件被日本角头追杀而躲避到中国台湾的痞子牧野(妻夫木聪饰)，找上同样因此事件自我放逐的冷酷杀手岛(丰川悦司饰)，两名负罪的旅人一路逃亡来到了花莲，认识了开朗的当地女孩小恩(谢欣颖饰)，三人在这趟流浪的旅程中，竟遭到一位如同鬼魅般的神秘杀手(庄凯勋饰)追杀，他的出现即将揭露出什么残酷的真相？,,East_Asia,Chinese,2010s,1,https://movie.douban.com/subject/30220011/
再向前一步,2019,汉语普通话 / 英语 / 法语,汉语普通话,外语为主(外语2/中文1),王砺珉,短片,中国大陆,8.1,137,1932年，黑人马丁和白人莉莉安相恋，在种族隔离的年代，等待他们的将会是什么？1981年，67岁的杜拉斯和29岁的安德烈相恋，他们能否跨越年龄的鸿沟？二战期间，一等兵亨利和战地护士艾米相恋，在炮火与死神的诅咒下，他们还能重逢吗？,,China,Chinese,2010s,1,https://movie.douban.com/subject/34785530/
决战中途岛,2019,英语 / 日语 / 汉语普通话,英语,外语为第一语言,罗兰·艾默里奇,剧情 / 历史 / 战争,中国大陆 / 中国香港 / 加拿大 / 美国,7.5,213047,电影讲述的是第二次世界大战太平洋战争重要转折点——中途岛海战：经此一役，日本海军受到“降维打击”，美日海上实力反转，从而扭转了整个太平洋战场的局势。影片通过参战士兵和飞行员一个个鲜活的故事，带领观众逐步进入1942年6月初发生在太平洋中途岛附近那场令人难以置信的战争……,影片以硬核逼真的海空大战电脑视听特效，写实还原了战局转折点，重现了铁血军人的无畏精神。,China,Chinese,2010s,1,https://movie.douban.com/subject/26786669/
别告诉她,2019,英语 / 汉语普通话 / 日语,英语,外语为第一语言,王子逸,剧情 / 家庭,美国 / 中国大陆,7.2,85068,影片讲述一个华人家庭的奶奶被诊断罹癌，但家人选择隐瞒奶奶，假借一场婚礼的名义让所有家人回家见奶奶最后一面，但在纽约长大的碧莉（奥卡菲娜饰演）认为知道自己病况是奶奶的人权，因此在华人家庭中上演一场中西文化冲突，一部寻根家庭喜剧。故事改编自华裔女导演王子逸自己的家庭故事，她也因本片被《综艺》杂志评选2019年必关注导演之一。,影片以中西文化碰撞为切入点，通过细腻克制的家庭日常，温情探讨了生死观与亲情隔阂。,North_America,Chinese,2010s,1,https://movie.douban.com/subject/30390144/
半边天,2019,汉语普通话 / 印地语 / 葡萄牙语 / 俄语 / 英语,汉语普通话,外语为主(外语4/中文1),刘雨霖 / 丹妮拉·托马斯 / 伊丽莎维塔·斯蒂肖娃 / 阿什维尼·伊耶·蒂瓦里 / 萨拉·布兰克,剧情,中国大陆 / 印度 / 巴西 / 俄罗斯 / 南非,6.2,1044,影片由北京西河星汇影业出品，中国导演贾樟柯担任监制，邀请来自巴西、俄罗斯、印度、中国、南非五个“金砖国家”的五位女性导演，以女性视角发声，分别以“当代女性情感与社会”为主题拍摄一部电影短片，而五部独立的短片将汇集为一部片名为《半边天》的集锦长片。,经典电影暂无评价,China,Chinese,2010s,1,https://movie.douban.com/subject/30240344/
回到中国,2019,英语 / 汉语普通话,英语,外语为第一语言,丁怡瑱,剧情,美国 / 中国大陆,3.8,6149,安娜·阿卡娜(《蚁人》《思想调查员》)将主演新片《回到中国》(Go Back to China)，美籍华裔女导演丁怡瑱(《已是香港明日》)执导。阿卡娜饰演一位挥霍信托基金混迹于派对的女孩，被父亲强迫去中国为家庭玩具企业工作。在这次旅程中，她得到了自身需要的现实检验，也和关系疏远的家庭重建友好关系。吴耀汉饰演其父亲，胡凯莉饰演母亲，陈凌饰演同父异母的姐姐。丁怡瑱表示：“这是关于我的中国家庭的个人经历，我讲述这个故事很久了。能和这些才华横溢的亚洲演员合作，让这个故事鲜活起来，我非常兴奋。在好莱坞仍然缺少亚裔美国人的表现时，做这样的电影是一场硬仗，我非常感激能有机会讲述我的故事。”Unbound Feet Productions、Sophia Shek、Frederick Thornton等联合制片，将于春天在香港和深圳开拍。,经典电影暂无评价,North_America,Chinese,2010s,1,https://movie.douban.com/subject/30137052/
大厨,2019,英语 / 汉语普通话 / 粤语,英语,外语为第一语言,源根,剧情 / 短片,中国大陆,7.5,810,不远的未来，各行各业的人力都在被机器人所取代。终于，洛杉矶的华人厨子老蒲也被要求将自己的中餐厨艺传授给一个名为威廉的机器人。,经典电影暂无评价,China,Chinese,2010s,1,https://movie.douban.com/subject/34793126/
尺八·一声一世,2019,汉语普通话 / 日语 / 英语,汉语普通话,外语为主(外语2/中文1),聿馨,纪录片 / 音乐,中国大陆,7.8,9578,本片通过记录中国，日本，美国等地的尺八演奏家，制管师，学习者的生活，去见证在尺八之路上行走着的人们，通过他们不同阶段的经历与思考，折射出来古老的尺八在当下的困境与希望，也通过尺八去映照出每个人对生活，生命，世界的认知与感悟。尺八，由竹子根部制成的管状乐器，因管长一尺八寸得名。尺八源于中国，在南宋时期传至日本发展至今，成为日本传统乐器的代表；而在中国，尺八却日渐式微。20世纪末期，随着中日民间的文化交流活动的增加，尺八重新回到中国人的视野。,经典电影暂无评价,China,Chinese,2010s,1,https://movie.douban.com/subject/27185648/
我们一家人,2019,英语 / 汉语普通话 / 四川话,英语,外语为第一语言,吴皓,纪录片 / 短片 / 同性,中国大陆 / 美国,7.4,17195,一位留学后移民美国的中国同志，他和他的同性伴侣在美国通过代孕生子创造了一个彻底的现代家庭。但现在他的难题是如何向他那非常传统的中国父母和亲戚介绍自己的伴侣和孩子...…,经典电影暂无评价,China,Chinese,2010s,1,https://movie.douban.com/subject/30443773/
未来机器城,2019,英语 / 汉语普通话,英语,外语为第一语言,安恪温 / 龙子乔,科幻 / 动画 / 冒险,中国大陆 / 加拿大,5.7,13959,一个即将被用于拯救人类的新型机器人7723（韩莹棣 配音），因缘际会遇上了热爱足球的调皮少女苏小麦（郑海音 配音）。而看似顽劣的小麦生长在一个不算完整的家庭里，父亲为追梦离家，使得小麦的成长也受到了影响，性格冷漠孤僻。7723的出现也使得这对欢喜冤家逐渐在相爱相杀中成为了一对挚友。然而好景不长，心怀毁灭人类之梦的庞老板（冯远征 配音）追踪到了7723的下落，然而那些印刻着小麦名字的温柔颜色和绚烂时光早已在他的生命里留下了不可磨灭的痕迹……,经典电影暂无评价,China,Chinese,2010s,1,https://movie.douban.com/subject/27200988/
梭哈,2019,汉语普通话 / 英语 / 日语,汉语普通话,外语为主(外语2/中文1),张晶蕾,纪录片 / 音乐,中国大陆,8.7,318,Snapline从组建到现在，似乎到了可以把手里的牌全押上的时候。专辑《獣化》完成后，人们都在问一个问题：未来，乐队的未来。然而，选择梭哈的玩家真的会精心谋划未来吗？在一无所有和人生赢家的赌注前，在某一刻的极致面前，未来重要吗？ Snapline决定梭哈，把开始和结束的 选择反抛给那些发问的家伙，只留下若有若无的答案：“再看吧。”《梭哈》由吉术斋（GEEKSHOOTJACK）和Snapline乐队联合出品，吉术斋制作，张晶蕾导演。,,China,Chinese,2010s,1,https://movie.douban.com/subject/34881596/
流浪地球,2019,汉语普通话 / 英语 / 俄语 / 法语 / 日语 / 韩语 / 印尼语,汉语普通话,外语为主(外语6/中文1),郭帆,科幻 / 冒险 / 灾难,中国大陆,7.9,1721483,近未来，科学家们发现太阳急速衰老膨胀，短时间内包括地球在内的整个太阳系都将被太阳所吞没。为了自救，人类提出一个名为“流浪地球”的大胆计划，即倾全球之力在地球表面建造上万座发动机和转向发动机，推动地球离开太阳系，用2500年的时间奔往另外一个栖息之地。中国航天员刘培强（吴京 饰）在儿子刘启四岁那年前往国际空间站，和国际同侪肩负起领航者的重任。转眼刘启（屈楚萧 饰）长大，他带着妹妹朵朵（赵今麦 饰）偷偷跑到地表，偷开外公韩子昂（吴孟达 饰）的运输车，结果不仅遭到逮捕，还遭遇了全球发动机停摆的事件。为了修好发动机，阻止地球坠入木星，全球开始展开饱和式营救，连刘启他们的车也被强征加入。在与时间赛跑的过程中，无数的人前仆后继，奋不顾身，只为延续百代子孙生存的希望…… 本片根据刘慈欣的同名小说改编。,《流浪地球》是中国重工业硬科幻的开山之作，宏大的木星危机与移山计划奠定了中国科幻电影的工业新格局。,China,Chinese,2010s,1,https://movie.douban.com/subject/26266893/
热带雨,2019,英语 / 汉语普通话 / 闽南语,英语,外语为第一语言,陈哲艺,剧情,新加坡 / 中国台湾,7.5,59441,从马来西亚移居新加坡的阿玲在一间高中担任中文老师。她的家庭生活让她倍感沮丧：公公因为瘫痪无法说话，丈夫对她也日趋冷淡。夫妻二人多年来一直尝试怀孕，但情况一直没有得到好转，丈夫的不闻不问更让她感到孤独。伟伦是阿玲的一位学生，他通过中文课对老师产生了某种不可名状的情愫，两人的关系随着阿玲给伟伦的课外辅导产生了变化……,影片色调湿漉绵长，在新加坡的绵延阴雨中，细腻描摹了中年女性面对生活困境时的隐忍、挣扎与释怀。,Other,Chinese,2010s,1,https://movie.douban.com/subject/30371819/
还有一些树,2019,汉语普通话 / 马来语 / 英语 / 马来西亚原住民语言,汉语普通话,外语为主(外语2/中文1),廖克发,纪录片,中国台湾,7.2,193,电影从一封来自1969年的信开始追溯，谈及独立前原住民被奴役的黑暗历史，直到1969年发生的种族冲突事件，电影记录下这些不被谈论及允许的回忆，探讨种族之间造成仇恨与隔阂的原因，入围台北电影奖最佳纪录片等三项大奖。,,China,Chinese,2010s,1,https://movie.douban.com/subject/33451822/
龙牌之谜,2019,英语 / 俄语 / 汉语普通话,英语,外语为第一语言,伊哥·斯坦普陈科,动作 / 奇幻 / 冒险,俄罗斯 / 中国大陆 / 美国,3.6,16284,电影《龙牌之谜》讲述了古老的东方传说——龙王在睡觉的时候睫毛长到地里能够长出茶叶。龙王把法力封印在龙牌里，并把这种力量赋予了替他照料睫毛的白魔法大师（成龙饰）和他的女儿成兰（姚星彤饰）。邪恶的黑魔法师将白魔法大师和成兰关进了异国监狱，龙王也陷入了沉睡，以茶叶为生的广大村民从此生活在水深火热之中……,经典电影暂无评价,Europe,Chinese,2010s,1,https://movie.douban.com/subject/26367602/
为我哼首摇篮曲,2020,英语 / 汉语普通话,英语,外语为第一语言,熊邦玲,纪录片 / 短片 / 家庭,加拿大 / 中国台湾,8.3,121,汝文五岁时和她的亲生父母分开了，四十五年过去了，她仍然无法将童年的碎片拼接起来。对汝文来说，生存意味着将自己的好奇心永远埋藏—为什么自己会被父母遗弃？随着时间的推移，这种好奇心已逐渐变成一种无声的渴望。直到她的小女儿Tiffany开始问起一些她从未有机会问出口的问题。起初，这是一段为母亲寻找过去的旅程，然而也萌生了Tiffany深入了解母亲的渴望。装带着䄂珍词典和纸巾上写的两个中文名字，Tiffany长途跋涉地来到了汝文的出生地，台北。而Tiffany从这段旅程中也出乎意料地发现这些失而复得的关系早已在冥冥之中与她产生了联系。《为我哼首摇篮曲》通过女儿和母亲相互交织的旅程，揭示了爱与牺牲之间错综复杂的关系，讲述了一段关于爱与疗愈的家庭故事。,,North_America,Chinese,2020s,1,https://movie.douban.com/subject/35205754/
光语者,2020,汉语普通话 / 英语 / 挪威语,汉语普通话,外语为主(外语2/中文1),孙辉 / 冯冯 / 杨紫云 / 周全,纪录片,中国大陆 / 挪威,7.4,2939,每一个人都有自己的故事，每一片土地都有独特的生命力，在冬季寒冷的北极圈，在终日不见阳光的极夜，有这样一群人， 因为不同的理由活着，他们为了生活，为了理想，在茫茫的冰原中闪烁着，发出独特的光芒，或闪亮自己，或照亮别人。本片以光为主题，从科学之光，人性之光和神性之光几部分，讲述在斯瓦尔巴群岛生活的人们。不同种族，不同文化和不同信仰在此交融，在情与爱中得到传承和延续，在理性与感性间展现人性之美，在人与自然之间和谐共存，而他们每一个人都是 “光语者”。2017年的10月，我国空间物理学博士刘杨踏上了他的第2次极地征程。这一次，他要独自驻守在中国北极黄河站，负责极区空间环境的观测。北极黄河站位于北纬78°55'、东经11°56’的挪威斯瓦尔巴群岛的新奥尔松。每年的10月至次年的3月，新奥尔松处于完全极夜状态，最有利于光学的连续观测。小镇上有分属于不同国家的科考站，而黄河站是一栋独立的二层小楼，在那里，刘杨将独自度过120个极夜。孤独，是刘杨每天必须要面对的。只有30个人的小镇是一个与世隔绝的小国度， 这个国度里，他每天的工作就是 负责三台全天空极光成像仪和一台极光光谱仪的开机关机，数据检查，以及两台磁力计和宇宙噪声接收机的运行维护。小镇如同一个有秩序的大院，大家保持着友好的且有适当距离感的关系。除了每天用餐时间和每周运动时间大家聚在一起， 平时更多的是独处。2018年2月， 刘杨将一个人迎接中国的农历新年， 他打算用中国传统习俗和文化温暖小镇寒冷的极夜。小镇以南还有一座朗伊尔城，那里居住着一群欢快的“地球最北的居民”，他们的生活有着规律的阴面与阳面，他们是另一种意义上的光语者。3月伊始，那里持续了长达4个月的黑暗将被曙光冲破，“光语者们” 会举办一场盛大的嘉年华活动庆祝“太阳节”，迎接新年的第一缕阳光。同一时空下，光，是一个人和一群人最清楚的信仰。,经典电影暂无评价,China,Chinese,2020s,1,https://movie.douban.com/subject/35239211/
八佰,2020,汉语普通话 / 日语 / 英语,汉语普通话,外语为主(外语2/中文1),管虎,剧情 / 历史 / 战争,中国大陆,7.5,728336,1937年淞沪会战的最后一役，“八百壮士”奉命坚守上海四行仓库，以少敌多顽强抵抗四天四夜。电影《八佰》由管虎导演，是亚洲首部全片使用IMAX摄影机拍摄的商业电影，将于2020年8月21日全国影院上映。,在层层推进的谜题中，将悬疑惊悚与社会现实批判完美结合，节奏紧凑，扣人心弦，这是一部值得反复品味的经典之作。,China,Chinese,2020s,1,https://movie.douban.com/subject/26754233/
动物特工局,2020,英语 / 汉语普通话,英语,外语为第一语言,张志一 / 纪约姆·伊弗奈,喜剧 / 动画 / 冒险,中国大陆 / 法国,6.1,5266,谁说猫鼠不能做朋友？谁说损友不能一起拯救世界？在一个多种动物组成的现代化世界里，动物特工局精英张大威（猫）在因缘际会下结识废柴技术宅阿丘（鼠），当傲娇成性、嘴硬心软的张大威遇见幽默呆萌、重情重义的阿丘，会发生什么欢乐逗趣的故事？这对被卷入一场惊天阴谋的猫鼠搭档，在破案的途中联合其他伙伴各显神通，斗智斗勇。随着一个名叫“寒冰魔鬼”的幕后黑手的出现，令人不寒而栗的真相渐渐浮出水面……,经典电影暂无评价,China,Chinese,2020s,1,https://movie.douban.com/subject/30217371/
南京抗疫现场,2020,日语 / 汉语普通话,日语,外语为第一语言,竹内亮,纪录片 / 短片,中国大陆,8.0,775,不久前，一部不过十分钟的超短纪录片登上了日本雅虎首页，引起广泛热议。随后，这部纪录片又增加了2分多钟的内容，且制作成了英语版在YouTube上播放。这部纪录片就是《南京抗疫现场》。常居南京的日本导演竹内亮用他的镜头，忠实地记录了疫情爆发以来南京这座城市的防疫日常。,经典电影暂无评价,China,Chinese,2020s,1,https://movie.douban.com/subject/35003716/
囧妈,2020,汉语普通话 / 俄语 / 英语,汉语普通话,外语为主(外语2/中文1),徐峥,喜剧,中国大陆,5.9,560565,虽然有着诸多不舍，但是强势的老板徐伊万（徐峥 饰）还是和合作伙伴兼妻子张璐（袁泉 饰）结束了失败的婚姻。由于某种心理作祟，他试图阻挠前妻在海外重新创业。为了第一时间赶去美国，他回到母亲卢小花（黄梅莹 饰）的住处取护照，结果阴差阳错和母亲坐上了开往俄罗斯的K3次列车。如同身边的老年人一样，卢小花对儿子有着无休止的过度关爱与碎碎念。漫长的旅途中，伊万饱受折磨，他一边遥控表弟郭贴（郭京飞 饰）破坏张璐的生意，一边和母亲展开斗智斗勇的拉锯战。在这一过程中，母子二人冲突不断。伊万渐渐了解到母亲的爱情，同时他也开始反省自己的人生。 一路向北，久违的《红莓花儿开》期待再度唱响……,《囧妈》以奇妙的西伯利亚列车旅程为载体，在荒诞搞笑中解构了中国式母子关系的焦虑与释怀，温情脉脉。,China,Chinese,2020s,1,https://movie.douban.com/subject/30306570/
夺冠,2020,汉语普通话 / 英语 / 日语 / 葡萄牙语,汉语普通话,外语为主(外语3/中文1),陈可辛,剧情 / 运动,中国大陆 / 中国香港,7.1,384332,2008年8月15日，北京奥运会女排比赛，中国VS美国。戴着金丝框眼镜的郎平（巩俐 饰）坐在美国队教练席上，大气沉稳，目光如电；中国队教练（黄渤 饰）站在场边，全神贯注，面带笑容。中国队教练望向郎平，目光充满深意，不断经过的人影遮蔽了他的视线，中国女排三十余年的沉浮图景被缓缓打开……,经典电影暂无评价,China,Chinese,2020s,1,https://movie.douban.com/subject/30128916/
狙击手,2020,英语 / 汉语普通话,英语,外语为第一语言,黄照盛,动作 / 战争,中国大陆,4.8,1628,讲述了在险峻的战争局势中，顶级雇佣兵刀口舔血，险中作战，从恐怖分子、军火公司等多方势力中成功夺回放射性元素，最终瓦解阴谋、守护城市的惊险历程。影片在波折跌宕的剧情中，为观众传达人道主义精神以及捍卫和平的主旋律价值观。,经典电影暂无评价,China,Chinese,2020s,1,https://movie.douban.com/subject/30413195/
花木兰,2020,英语 / 汉语普通话,英语,外语为第一语言,妮琪·卡罗,动作 / 冒险 / 古装,美国 / 中国香港,4.9,286171,迪士尼影业荣誉出品《花木兰》由备受赞誉的电影导演妮基·卡罗执导，将中国传奇战士的史诗故事全新呈现。影片讲述了一位无所畏惧的年轻女子义无反顾为家国而战，成为中国史上最著名的伟大勇士之一。当皇帝下令境内每个家庭必须有一位男丁应召出征，抵御北方来犯者入侵，出身军戎之家的长女花木兰，挺身而出，替病痛缠身的父亲应征入伍。她女扮男装化名“花军”，一路历经磨练，驾驭自己内心的力量，激发真正的潜能。通过这段传奇历程，她将成为一名光荣的勇士，不仅赢得国家的认可，更博得父亲的骄傲。,经典电影暂无评价,North_America,Chinese,2020s,1,https://movie.douban.com/subject/26357307/
飞奔去月球,2020,英语 / 汉语普通话,英语,外语为第一语言,格兰·基恩 / 约翰·凯世,动画 / 冒险 / 家庭,美国 / 中国大陆,6.1,6434,影片讲述了小女孩菲菲的奔月故事。菲菲从小听着妈妈讲述的嫦娥与后羿的爱情故事长大，她坚信嫦娥是真爱永恒的化身。妈妈去世几年之后，爸爸准备再婚，菲菲深受打击。为了捍卫自己的家庭，为了向爸爸证明，嫦娥还在月球上永志不渝地等待后羿，她所代表的永恒真爱是真实存在的，菲菲自己动手制作了一艘“火箭飞船“，开启一段奇妙的奔月之旅。影片预计将于2020年在中国院线上映，海外观众可通过Netflix平台欣赏到这一影片。,经典电影暂无评价,North_America,Chinese,2020s,1,https://movie.douban.com/subject/30141681/
鱼生,2020,英语 / 汉语普通话,英语,外语为第一语言,Chen， Po-Chien,动画 / 短片,中国台湾,7.8,714,在居酒屋中，厨师注意到一群特别的客人。他决定为他们提供各种招牌菜。短片以独特的视角为我们揭示了人类污染对海洋动物的伤害。,,China,Chinese,2020s,1,https://movie.douban.com/subject/35211888/
唐人街探案3,2021,汉语普通话 / 日语 / 英语 / 泰语,汉语普通话,外语为主(外语3/中文1),陈思诚,喜剧 / 悬疑,中国大陆 / 中国香港 / 日本,5.3,966565,为了争夺东京新唐人街的开发权，东南亚帮派与日本黑帮组织黑龙会纷争不断。为了避免冲突升级，合作共赢，东南亚商会会长苏察维邀请黑龙会头目渡边胜（三浦友和 饰）谈判。谈判地点设在四面环水的日式茶室，室内只有双方头目而已。谁知谈判开始没多久，室内就传来惨叫声。众人涌入后发现，苏察维被打碎的屏风玻璃杀害，而躺在一旁的渡边胜则满手鲜血。突发意外将双方敌意再度拉至顶点，为了证明清白，渡边通过侦探野田昊（妻木夫聪 饰）找来了秦风（刘昊然 饰）和唐仁（王宝强 饰），试图揭开密实杀人案的真相。 危机四伏的东京街头，这三个绝命侦探抽丝剥茧发现了令人难以置信的事实……,《唐人街探案3》在视觉奇观和节日氛围的营造上达到了顶峰，但剧本的失衡与核心诡计的薄弱让人遗憾。陈思诚“唐探宇宙”东京篇汇聚了亚洲顶级卡司与宏大的商业奇观，但塞入过多的合家欢闹剧、广告植入和低俗笑料，导致核心推理主线被严重稀释，沦为一部视觉喧嚣而质感空洞的庞杂商业秀。,China,Chinese,2020s,1,https://movie.douban.com/subject/27619748/
