movie_id,片名,年份,导演,语言,制片国家/地区,豆瓣评分,评价人数,benchmark,score,hits,剧情简介_前200,Gemini评价,来源URL,final_decision,confidence,reason
26752088,我不是药神,2018,文牧野,汉语普通话 / 英语 / 上海话 / 印地语,中国大陆,9.0,1828478,0,0,,普通中年男子程勇（徐峥 饰）经营着一家保健品店，失意又失婚。不速之客吕受益（王传君 饰）的到来，让他开辟了一条去印度买药做“代购”的新事业，虽然困难重重，但他在这条“买药之路”上发现了商机，一发不可收拾地做起了治疗慢粒白血病的印度仿制药独家代理商。赚钱的同时，他也认识了几个病患及家属，为救女儿被迫做舞女的思慧（谭卓 饰）、说一口流利“神父腔”英语的刘牧师（杨新鸣 饰），以及脾气暴烈的“黄毛”（章宇,将时代的沉浮与个人的命运交织在一起，展现了爱与温情的多重维度，底蕴深厚，发人深省。,https://movie.douban.com/subject/26752088/,no,0.85,上海话仅点缀的普通话商业片
900072,让子弹飞,2010,姜文 Wen Jiang,汉语普通话 / 四川话 / 山西话,中国大陆 / 香港,8.7,1438181,1,3,E1,经典电影暂无简介。,《让子弹飞》：姜文政治隐喻与商业喜剧的完美爆发，土匪张麻子与劣绅黄四郎的斗智斗勇，台词句句经典，极具解读深度。,https://movie.douban.com/subject/3742360/,yes,0.95,川渝方言贯穿全程的标杆片
26861685,红海行动,2018,林超贤,汉语普通话 / 阿拉伯语 / 英语 / 索马里语 / 粤语,中国大陆 / 中国香港,8.2,939139,0,-1,N2,中东国家伊维亚共和国发生政变，武装冲突不断升级。刚刚在索马里执行完解救人质任务的海军护卫舰临沂号，受命前往伊维亚执行撤侨任务。舰长高云（张涵予 饰）派出杨锐（张译 饰）率领的蛟龙突击队登陆战区，护送华侨安全撤离。谁知恐怖组织扎卡却将撤侨部队逼入交火区，一场激烈的战斗在所难免。与此同时，法籍华人记者夏楠（海清 饰）正在伊维亚追查威廉·柏森博士贩卖核原料的事实，而扎卡则突袭柏森博士所在的公司，意图抢走,《红海行动》是中国现代军事动作片的巅峰巨作，林超贤导演的战场调度极其硬核，枪战和爆破戏水准极高，震撼无比。,https://movie.douban.com/subject/26861685/,no,0.9,军事行动片粤语仅配角语言
27110296,无名之辈,2018,饶晓志,汉语普通话 / 贵州方言,中国大陆,8.0,927485,0,1,E2,来自乡村的笨贼眼镜（章宇 饰）和大头（潘斌龙 饰）抢了一家手机店，慌乱之中逃进坐着轮椅的单身女子嘉旗（任素汐 饰）的家中。嘉旗早已失去活着的欲望，她强横地要求俩笨贼杀死自己。另一边，某楼盘老板资金链断裂跑路，留下保安马先勇（陈建斌 饰）与讨债者周旋。马曾经是立功无数的协警，可就在转正的关头因为一场车祸毁了原本看似美好的一切。不久前他挖到一把喷子，原本打算交给当初的警察好友立功，却发现喷子被换成了水,剧情跌宕起伏，逻辑严密，在重重迷雾中拷问人性底线，给观众带来强烈的心理震撼，这是一部值得反复品味的经典之作。,https://movie.douban.com/subject/27110296/,yes,0.95,全程贵州方言黑色喜剧
26425063,无双,2018,庄文强,汉语普通话 / 粤语 / 英语 / 泰语 / 波兰语,中国大陆 / 中国香港,8.0,847858,0,1,E2,身陷囹圄的李问（郭富城 饰）被引渡回港，他原本隶属于一个的跨国假钞制贩组织。该组织曾犯下过多宗恶性案件，而首脑“画家”不仅始终逍遥法外，连真面目都没人知道。为了逼迫李问吐露“画家”真实身份，警方不惜用足以判死刑的假罪证使其就范。就在此时，富有的遗孀阮文（张静初 饰）申请保释李问，而警方提出的条件依然是“画家”的真面目。原来早在十数年前，李问和阮文是一对画家情侣，无奈女友的作品受人青睐，李问的画作却,剧情跌宕起伏，逻辑严密，在重重迷雾中拷问人性底线，给观众带来强烈的心理震撼，这是一部值得反复品味的经典之作。,https://movie.douban.com/subject/26425063/,no,0.85,跨国伪钞案多语港片方言非主体
26698897,唐人街探案2,2018,陈思诚,汉语普通话 / 英语 / 日语 / 粤语,中国大陆,6.6,827600,0,-1,N2,突然得到唐仁（王宝强 饰）即将结婚的消息，喜出望外的秦风（刘昊然 饰）匆忙登上飞往美国纽约的班机。谁知落地后很快发现，这不过是唐仁诓他过来的谎言。唐仁把秦风带到了一座豪华宅邸，这里早已云集包括野田昊（妻木夫聪 饰）在内的数位世界顶尖侦探。把他们召集到这里的是北美华人堂口老大七叔（曾江 饰），就在不久前他的宝贝孙子被人残忍杀害，不仅如此，尸体还被划出Y字形伤口，心脏不翼而飞。七叔悲愤交加，悬赏500,《唐人街探案2》将推理舞台搬到纽约，喜剧与探案的节奏融合完美，时代广场摩托飞车与曼哈顿街头探案令人印象深刻。,https://movie.douban.com/subject/26698897/,no,0.9,纽约探案喜剧普通话主导
900225,疯狂的石头,2006,宁浩 Hao Ning,汉语普通话 / 重庆话,中国大陆 / 香港,8.3,702896,1,1,E2,经典电影暂无简介。,《疯狂的石头》：中国本土化盖里奇多线叙事黑色喜剧奇迹，山城重庆内翡翠争夺案一环扣一环，草根笑料密集极其爆笑。,https://movie.douban.com/subject/1862151/,yes,0.95,重庆话多线叙事标杆片
25815034,湄公河行动,2016,林超贤,汉语普通话 / 粤语 / 泰语 / 缅甸语 / 英语,中国大陆 / 中国香港,8.0,670903,0,1,E2,金三角湄公河上，一处被称为“鬼门关”的河段，两艘来自中国的商船遭到不明身份之人的枪击袭击。未过多久，泰国军方召开新闻发布会，指责中国商船贩卖毒品。虽然发布会宣称船员全部逃亡，但是十三具遭受残忍杀害的中国船员尸体很快被人发现。这起胆大妄为的案件令中国警方大为震惊，云南省缉毒总队队长高刚（张涵予 饰）受命带特别行动小组前往泰国，并与情报员方新武（彭于晏 饰）合作接洽。根据现有资料显示，这件案子由盘踞在,用克制而深情的镜头语言，谱写了一曲关于生命与永恒情感的赞歌，令人久久不能释怀。,https://movie.douban.com/subject/25815034/,no,0.9,跨境缉毒动作片
26277313,西游记之大圣归来,2015,田晓鹏,汉语普通话 / 粤语,中国大陆,8.3,617094,0,1,E2,五百年前，由石猴变化而成的齐天大圣孙悟空（张磊 配音）大闹天宫，最终被如来佛祖镇在了五行山下。此去经年，长安城内突然遭到山妖洗劫，童男童女哭声连连，命悬一线。危机时刻，自幼被行脚僧法明（吴文伦 配音）抚养长大的江流儿（林子杰 配音）救下了一个小女孩，结果反遭山妖追杀。经过一番追逐，江流儿无意中解除了孙悟空的封印，齐天大圣自然好好地将山妖教训了一番。因为封印未解开，悟空不得不护送江流儿和小女孩回长安,用斑斓奇幻的色彩与纯真的故事，唤醒了久违的纯真与梦想，充满童趣与温暖力量，这是一部值得反复品味的经典之作。,https://movie.douban.com/subject/26277313/,no,0.9,粤语仅为发行配音版本
3649049,金陵十三钗,2011,张艺谋,汉语普通话 / 英语 / 日语 / 南京话 / 上海话,中国大陆 / 中国香港,8.2,605483,0,2,E1+N2,1937年，日军入侵南京，战火中，六朝古都化为废墟，众多中国军民被困城中。一支十数人的国军德械教导队余部在长官李教官（佟大为 饰）指挥下，从日军手中救出了一批教会学校女学生，而李教官等人，至此丧失了出城的机会。幸免于难的书娟（张歆怡 饰）等学生返回文彻斯特教堂，随她们一 起来到的，还有受雇远道至此收敛神父遗体的美国人约翰·米勒（克里斯蒂安·贝尔 Christian Bale 饰）。此时的南京城中，,将时代的沉浮与个人的命运交织在一起，展现了爱与温情的多重维度，底蕴深厚，发人深省。,https://movie.douban.com/subject/3649049/,yes,0.9,南京话上海话对白成规模
25805741,后会无期,2014,韩寒,汉语普通话 / 手语 / 粤语,中国大陆,7.2,568548,0,0,,故事开始于虚构的中国最东边的小岛“东极岛”，智力低下的青年胡生（高华阳 饰）讲述了关于他的两个哥们儿——马浩汉（冯绍峰 饰）和江河（陈柏霖 饰）的故事。浩汉在外闯荡多年后回到故乡，却发现全岛面临着拆迁问题，而他最好的朋友，岛上唯一的老师江河也将被调到更为偏远的地区。于是 浩汉做出了一个决定，那就是开车送江河去三千多公里外的学校报到。兄弟三人踏上了前所未有的旅程，途中他们见了当临时演员的童年玩伴周沫,将时代的沉浮与个人的命运交织在一起，展现了爱与温情的多重维度，底蕴深厚，发人深省。,https://movie.douban.com/subject/25805741/,no,0.8,普通话公路片方言点缀
3077412,寻龙诀,2015,乌尔善,汉语普通话 / 英语 / 蒙古语 / 日语,中国大陆 / 中国香港,7.4,554897,0,0,,上世纪80年代末，胡八一（陈坤 饰）、王凯旋（黄渤 饰）与Shirley杨（舒淇 饰）在美国打算金盆洗手，本来叱咤风云的摸金校尉沦为街头小贩被移民局追得满街跑。就在此时，意外发现20年前死在草原上的初恋对象丁思甜（杨颖 饰）可能还活着，胡八一、王凯旋、Shirley杨决定再入草原千年古墓……,以细腻动人的叙事与精湛的演员表现，深刻探讨了人性、爱与救赎，情感真挚，深切感人。,https://movie.douban.com/subject/3077412/,no,0.85,蒙古语仅草原段落点缀
4237879,人在囧途,2010,叶伟民,汉语普通话 / 武汉话,中国大陆,7.8,548718,0,1,E2,大老板李成功（徐峥 饰）遇上挤奶工牛耿（王宝强 饰）之后，旅途便频出状况。被情人逼迫回长沙老家跟老婆摊牌的李成功，机场遭遇到前往长沙讨债的乌鸦嘴牛耿。牛耿人如其名，不但耿直憨厚，而且透出一股傻气。先是登机前安检一口气喝完一大罐牛奶，后来又飞机上让乘务员开窗，好不容易折腾到飞机到达长沙上空，结果让他咒得因长沙大雪飞机被迫返航。无奈挤上火车硬座车厢的李成功刚松了一口气，却又一次在人群中看到牛耿。牛耿就,笑料丰富却又不失情感深度，通过接地气的叙事，勾勒出人与人之间的温暖羁绊，诚意满满。,https://movie.douban.com/subject/4237879/,yes,0.85,湖南武汉方言公路喜剧
10574468,北京遇上西雅图,2013,薛晓路,汉语普通话 / 英语 / 闽南语,中国大陆 / 中国香港,7.3,547244,0,0,,“败金女”文佳佳（汤唯 饰）曾经是美食杂志编辑，对爱情充满了像电影《西雅图夜未眠》一样的浪漫幻想。而在现实中，为了给自己的孩子一个“美利坚公民”的身份，她不远万里只身来到西雅图的月子中心待产生子。在月子中心，文佳佳炫富的作风引发了房东（金燕玲 饰）和其他孕妇周逸（海清 饰）、陈悦（买红妹 饰）的反感，倍感孤独的她只能向司机郝志Frank（吴秀波 饰）倾诉心声。而看上去木讷老实的“落魄叔”Frank,将时代的沉浮与个人的命运交织在一起，展现了爱与温情的多重维度，底蕴深厚，发人深省。,https://movie.douban.com/subject/10574468/,no,0.85,西雅图背景闽南语点缀
900030,鬼子来了,2000,姜文 Wen Jiang,汉语普通话 / 日语 / 唐山话,中国大陆,9.2,537438,0,0,,经典电影暂无简介。,《鬼子来了》：姜文最具思想深度的黑色杰作，用极致荒诞的黑白画面和血色悲剧戳穿了国民性的愚昧与时代荒谬。,https://movie.douban.com/subject/1291858/,yes,0.95,全程唐山话的姜文经典
3821067,一代宗师,2013,王家卫,汉语普通话 / 粤语 / 日语,中国大陆 / 中国香港,8.1,534866,0,1,E2,广东佛山人叶问（梁朝伟 饰），年少时家境优渥，师从咏春拳第三代传人陈华顺学习拳法，师傅“一条腰带一口气”的告诫，支持他走过兵荒马乱、朝代更迭的混乱年代。妻子张永成（宋慧乔 饰）泼辣干练，二人夫唱妇随，琴瑟合璧。1936年，佛山武术界乱云激荡。八卦拳宗师宫羽田（王庆祥 饰）年事已高，承诺隐退。其所担任的中华武士会会长职位，自然引起武林高手的关注与觊觎。包括宫羽田的独生女宫二（章子怡 饰）在内，白猿马,以细腻动人的叙事与精湛的演员表现，深刻探讨了人性、爱与救赎，情感真挚，深切感人。,https://movie.douban.com/subject/3821067/,yes,0.8,粤语武林对白成规模
30171424,拆弹专家2,2020,邱礼涛,汉语普通话 / 粤语 / 英语,中国大陆 / 中国香港,7.5,490652,0,1,E2,香港某处发生爆炸案，前拆弹专家潘乘风（刘德华 饰）因昏迷于现场，被警方怀疑牵涉其中。苏醒后的潘乘风只能一边逃亡一边查明真相，然而，他的好友董卓文（刘青云 饰）和他的前女友庞玲（倪妮 饰）却给他讲述了两段截然不同的经历。有计划的爆炸案接二连三发生，真相却越来越扑朔迷离……,剧情跌宕起伏，逻辑严密，在重重迷雾中拷问人性底线，给观众带来强烈的心理震撼，这是一部值得反复品味的经典之作。,https://movie.douban.com/subject/30171424/,yes,0.85,港产粤语原声警匪片
25717233,心花路放,2014,宁浩,汉语普通话 / 粤语 / 云南方言,中国大陆,7.2,480573,1,3,E1,二手音响商耿浩（黄渤 饰）婚姻失败，他想用锤子爆小三（李晨 饰）的头，却迟迟没有勇气，幸亏在剧组做制片的兄弟郝义（徐峥 饰）及时发现自暴自弃的耿浩，他决定带着耿浩开启一段“治愈之旅”。于是一对好基友带着一只狗上路，邂逅三千公里的“桃花”。“阿凡达女郎”（陶慧 饰）、“杀马特”周丽娟（周冬雨 饰）、“白富美”（张俪 饰），各式各样的女人接连登场，耿浩一路艳遇一路疗伤。时光倒转，5年前的此时，大龄文艺,用精妙的叙事结构与紧张悬疑的氛围，层层剥茧式地揭示了人性的复杂，叙事张力十足。,https://movie.douban.com/subject/25717233/,yes,0.9,云南方言段落成规模标杆片
25798222,亲爱的,2014,陈可辛,汉语普通话 / 安徽方言 / 粤语 / 陕西方言,中国大陆 / 中国香港,8.4,463240,1,3,E1,田文军（黄渤 饰）和鲁晓娟（郝蕾 饰）曾是一对恩爱的夫妻，然而，两人之间的感情却被时间和争吵消耗殆尽，最终，他们选择了离婚。如今，联系着两人的唯一枢纽，就是可爱的儿子田鹏。然而，某一天，这唯一的纽带也断裂了，田鹏于一次外出玩耍时无故失踪，绝望和崩溃之中，田文军与鲁晓娟踏 上了漫漫寻子之路，并在途中结识了许多和他们一样无助的父亲和母亲们。时光匆匆流逝，一条关于田鹏的线索浮出水面，促使田文军和妻子来到,用克制而深情的镜头语言，谱写了一曲关于生命与永恒情感的赞歌，令人久久不能释怀。,https://movie.douban.com/subject/25798222/,yes,0.95,多方言寻子题材标杆片
25716096,狗十三,2018,曹保平,汉语普通话 / 西安话,中国大陆,8.2,457298,0,1,E2,13岁的少女李玩，由于父母离异，与爷爷奶奶生活在一起。正处于青春期的她渴望了解、陪伴和爱。在“要听话”的中国式教育里，李玩也完成了属于她的“成人礼”。电影中，父亲希望通过一条宠物小狗完成与女儿的和解与沟通，李玩为狗取名“爱因斯坦”，暗潮涌动的青春因“爱因斯坦”意外走失，开启了它汹涌又无奈的成长之路。,用精妙的叙事结构与紧张悬疑的氛围，层层剥茧式地揭示了人性的复杂，叙事张力十足。,https://movie.douban.com/subject/25716096/,yes,0.95,全程西安话成长片
3596502,唐山大地震,2010,冯小刚,汉语普通话 / 唐山话,中国大陆 / 中国香港,7.8,404384,0,1,E2,1976年7月27日夜，唐山地区爆发7.8级强烈地震，房屋倒塌，灾民无数。面对即将坍塌的危楼，丈夫方大强（张国强 饰）和妻子李元妮（徐帆 饰）都要去救被困的龙凤胎儿女方登（张子枫 饰）、方达（张家骏 饰）。危急时刻，方大强拦住了妻子，冲进去营救时不幸罹难。李元妮在震后发现，一双儿女被困在一块水泥板两端，若要营救，必然牺牲一方。情急之下，她做出了艰难选择——救弟弟。此事成为方登心中难以磨灭的隐痛。后,以细腻动人的叙事与精湛的演员表现，深刻探讨了人性、爱与救赎，情感真挚，深切感人。,https://movie.douban.com/subject/3596502/,yes,0.8,唐山话家庭戏贯穿
24745500,绣春刀,2014,路阳,汉语普通话 / 蒙古语,中国大陆,7.6,403226,0,1,E2,明崇祯皇帝登基，大太监魏忠贤（金世杰 饰）及其“阉党”被锦衣卫倾巢覆灭。锦衣卫中以卢剑星（王千源 饰）、沈炼（张震 饰）和靳一川（李东学 饰）三结拜兄弟最为勇猛正直。老大卢剑星为了升官百户，沈炼为替教坊司妓女周妙彤（刘诗诗 饰）赎身，三弟靳一川为摆脱浪人丁修（周一围 饰）的纠缠，三兄弟决定接受东厂都督赵靖忠（聂远 饰）追杀魏忠贤的秘密行动。行动中三人遭到魏忠贤义女魏廷（朱丹 饰）带队阻拦，一场腥风,用精妙的叙事结构与紧张悬疑的氛围，层层剥茧式地揭示了人性的复杂，叙事张力十足。,https://movie.douban.com/subject/24745500/,no,0.85,普通话武侠片蒙古语点缀
3824672,听说,2015,郑芬芬,汉语普通话 / 台湾手语 / 闽南语,中国台湾,8.1,365028,0,0,,阳光男孩黄天阔（彭于晏 饰）的父母经营着一家便当店，某天，他在为听障游泳队送便当时邂逅了清纯美丽的姐妹花——小朋（陈妍希 饰）和秧秧（陈意涵 饰）。姐妹俩的父亲是一名传教士，常年在非洲工作。为了保障姐姐顺利参加听障奥运会，秧秧担负起赚取家用的重任。她每日来去匆匆，辛苦打着几份工。本身即掌握手语的天阔自然而然融入了姐妹俩的生活当中，为了接近心仪的秧秧，他时常在体育馆门口做生意，还费尽心思为秧秧制作爱,导演以清新唯美的镜头与克制的无声交流，细腻呈现了年轻恋人之间纯真真挚且温暖人心的爱情。,https://movie.douban.com/subject/3824672/,no,0.8,手语主导闽南语少量
25710912,港囧,2015,徐峥,汉语普通话 / 粤语,中国大陆,5.7,364997,0,1,E2,徐来（徐峥 饰）大学时代的理想是能够成为一名出色的油画家，他的坚持和不屈吸引了美丽女孩杨伊（杜鹃 饰）的注意，随着时间的推移，他们相爱了。然而，徐来的这段初恋却最终被残酷的现实所粉碎，之后，他同一直守候在自己身边的内衣公司老板千金蔡波（赵薇 饰）走到了一起。毕业后，徐来和蔡波结婚，成了蔡家的“上门女婿”，他放弃了理想，开始经营内衣公司，尽管事业蒸蒸日上，但徐来的心中始终留存着一抹遗憾。某日，徐来意,经典电影暂无评价,https://movie.douban.com/subject/25710912/,no,0.9,内地喜剧普通话主导
26728669,风中有朵雨做的云,2019,娄烨,汉语普通话 / 粤语,中国大陆,7.2,364183,0,1,E2,城建委主任唐奕杰（张颂文 饰）在动员钉子户搬迁现场坠楼身亡，年轻警官杨家栋（井柏然 饰）负责调查此案，因此结识了唐奕杰的妻子林慧（宋佳 饰）和女儿唐小诺（马思纯 饰）。通过唐小诺，杨家栋得知唐奕杰和林慧之间的感情并不和睦，不仅如此，林慧还曾患有精神分裂症。唐奕杰生前和紫金企业的负责人姜紫成（秦昊 饰）交往甚密，而林慧亦曾是姜紫成的女友，除此之外，姜紫成的合伙人连阿云（陈妍希 饰）一直下落不明，这一,经典电影暂无评价,https://movie.douban.com/subject/26728669/,yes,0.85,广州背景粤语对白贯穿
25895276,煎饼侠,2015,大鹏,汉语普通话 / 英语 / 粤语,中国大陆,5.8,352083,0,0,,人气偶像大鹏（董成鹏 饰）遭遇了意外事件，令其跌入人生谷底，女友采洁（郭采洁 饰）也离他而去，只剩助理董成龙（潘斌龙 饰）和红颜知己柳岩（柳岩 饰）对他不离不弃。大鹏草率签下电影合约，却因资金问题一筹莫展，还遭到了黑道大哥王老板（梁超 饰）的威胁。无奈之下大鹏只得找来小 明星杜潇潇（袁姗姗 饰）、群头马涛（衣云鹤 饰）、狗仔摄影师胡来（崔志佳 饰）组成一个临时摄制组，准备拍摄一部全明星阵容的大片，,经典电影暂无评价,https://movie.douban.com/subject/25895276/,no,0.9,普通话喜剧粤语点缀
25662327,火锅英雄,2016,杨庆,汉语普通话 / 重庆话,中国大陆,7.2,318741,0,1,E2,中学时代起就是好哥们儿的刘波（陈坤 饰）、许东（秦昊 饰）与王平川（喻恩泰 饰），因为合伙经营的防空洞改造的火锅店经营不善而渐生矛盾。三兄弟准备把店转让，为了能卖个好价钱，三人开始自行扩建。没想到却误打误撞地挖到了隔壁银行的金库，面对金钱的诱惑欠下赌债的刘波左右为难，无巧不成书，初中女同学 于小惠（白百合 饰）刚好就是这所银行的职员。三人准备请于小惠帮忙，没想到于小惠心心念念的却是当年的一封情书…,经典电影暂无评价,https://movie.douban.com/subject/25662327/,yes,0.95,全程重庆话劫案片
2124703,疯狂的赛车,2009,宁浩,汉语普通话 / 青岛话 / 闽南语 / 陕西话 / 武汉话 / 四川话,中国大陆,8.2,316848,1,3,E1,在一次全国自行车锦标赛上，倒霉的职业车手耿浩（黄渤 饰）以0.01秒的微弱差距败给撞到狗屎运的对手，屈居亚军，随后他又遭奸商李法拉（九孔 饰）算计，因药检呈阳性而被终身禁赛，他的教练（马少骅 饰）因此气倒。多年后，耿浩靠开车运送水产为生，养活中风的教练，而当年的骗子李法拉则依靠其推销的补品“肾白银”大发其财。李嫌弃彪悍魁梧的老婆，因此雇用两个业余杀手（王双宝 & 巴多 饰）杀妻，结果杀手反被老婆买,导演以多线交织的环形叙事与荒诞粗粝的黑色幽默，将多路人马的疯狂角逐生动交织在狂奔之中。,https://movie.douban.com/subject/2124703/,yes,0.95,多方言混响标杆片
1292434,一一,2017,杨德昌,汉语普通话 / 闽南语 / 英语 / 日语,中国台湾 / 日本,9.1,313439,0,1,E2,NJ（吴念真）是个很有原则的生意人，同妻子敏敏（金燕玲）、女儿婷婷（李凯莉）、儿子洋洋（张杨洋）以及外婆住在台北某所普通公寓里。小舅子的一场麻烦婚礼过后，因为外婆突然中风昏迷，他迎来更加混乱的日子。敏敏公司、家里两头跑，时常感觉自己要被耗空；婷婷一直为外婆的中风内疚，恋爱谈到中途发现自己不过是替代品；NJ更是麻烦重重，公司面临破产，他又不愿放下别人眼里一文不值的自尊。一家人里，似乎只有洋洋没有烦恼,经典电影暂无评价,https://movie.douban.com/subject/1292434/,yes,0.85,台北家庭闽南语穿插
24879858,分手大师,2014,俞白眉 / 邓超,汉语普通话 / 克里奥尔语 / 英语 / 日语 / 上海话,中国大陆,5.1,303970,0,-1,N2,梅远贵（邓超 饰）是一个情感经历极为丰富的男人，虽然有过这样那样的失败恋情，却也帮他铺就了一条通往荣华复归的康庄大道。现如今的梅远贵生活在首都北京，与其精英团队操办起帮人分手的奇葩业务，无论你有着怎样的感情和生活，只要票子给足，他总会高效率地完成任务。爱情那么虚幻的东西太不可靠，还是钱最让他放心。这一天，梅照例接了一单生意，那就是帮客户甩掉美丽女孩叶小春（杨幂 饰）。小春是一个自强不息的北漂姑娘，,经典电影暂无评价,https://movie.douban.com/subject/24879858/,no,0.85,普通话喜剧方言点缀
3626416,十月围城,2009,陈德森,汉语普通话 / 粤语 / 英语,中国香港 / 中国大陆,7.7,295511,0,1,E2,1905年，香港中环。革命志士惨遭暗杀。知悉孙中山（张涵予 饰）即将抵港，清廷遂派遣将军阎孝国（胡军 饰）前来剿杀。他收买赌徒沈重阳(甄子丹 饰)作密探。适逢商人李玉堂(王学圻 饰)之子李重光(王柏杰饰)考学庆典，沈重阳见前妻月茹(范冰冰 饰)与幼女已成他人家眷，黯然离去。为护孙，《中国日报》社长陈少白（梁家辉 饰）邀戏班班主（任达华饰）出手，令其惨遭灭门，其女方红(李宇春 饰)侥幸生还。陈少白被,影片将狭窄街巷的悲壮搏杀与宏大的家国宿命紧密结合，慷慨歌颂了革命前夕小人物的无畏牺牲。,https://movie.douban.com/subject/3626416/,yes,0.85,1905香港市井粤语贯穿
30413052,攀登者,2019,李仁港,汉语普通话 / 藏语,中国大陆,6.0,295304,0,1,E2,1960年，中国登山队向珠峰发起冲刺，完成了世界首次北坡登顶这一不可能的任务。15 年后，方五洲和曲松林在气象学家徐缨的帮助下，带领李国梁、杨光等年轻队员再次挑战世界之巅。迎接他们的将是更加 严酷的现实，也是生与死的挑战......,经典电影暂无评价,https://movie.douban.com/subject/30413052/,no,0.85,登山主旋律藏语点缀
27191431,过春天,2019,白雪,汉语普通话 / 粤语,中国大陆,7.7,281442,0,1,E2,单亲家庭出身的16岁女学生佩佩（黄尧 饰），她的城市既是香港、也是深圳，白天在香港上学，晚上回到深圳跟妈妈（倪虹洁 饰）住在一起，频繁地穿梭于两地。为了和闺蜜Joe（汤加文 饰）一起旅行的约定，为了自己的存在感，为了对Joe男友阿豪（孙阳 饰）懵懂的好感，她内心的冲动被点燃，“水客”成为了她的另一个身份，一段颇有“冒险”感的青春故事就此开始。,经典电影暂无评价,https://movie.douban.com/subject/27191431/,yes,0.9,深港双城粤语青春片
30292777,阳光普照,2019,钟孟宏,汉语普通话 / 闽南语,中国台湾,8.5,270757,0,1,E2,平凡的一家人阿文（陈以文 饰）和琴姐（柯淑勤 饰）育有两个儿子，叛逆的小儿子阿和（巫建和 饰）与好友菜头（刘冠廷 饰）砍伤人进了少年辅育院，但阿和的女友小玉（吴岱凌 饰）却带着身孕来家里…琴姐不顾阿文反对，将小玉留下来照顾。此时，被砍伤者家属也来找阿文求取巨额赔偿，阿文受不了总是带来麻烦的小儿子，将所有希望都寄托在资优生大儿子阿豪（许光汉 饰）身上，却不知道温暖善良的阿豪心中也藏着不为人知的秘密…,经典电影暂无评价,https://movie.douban.com/subject/30292777/,yes,0.9,家庭闽南语对白贯穿
26972258,江湖儿女,2018,贾樟柯,汉语普通话 / 山西方言 / 湖北方言 / 重庆方言,中国大陆 / 法国 / 日本,7.6,262911,1,3,E1,故事开始于2001年的山西大同，巧巧（赵涛 饰）和斌斌（廖凡 饰）相恋多年，巧巧一心希望能够和斌斌成家过安稳的生活，但斌斌身为当地的大佬，有着自己更高远的志向。一场意外中，斌斌遭人暗算危在旦夕，巧巧拿着斌斌私藏的手枪挺身而出救了斌斌，自己却因为非法持枪而被判处了五年的监禁。一晃眼五年过去，出狱后的巧巧发现整个世界都发生了翻天覆地的变化，唯一不变的是她对斌斌真挚的感情。巧巧跋山涉水寻找斌斌的下落，但,经典电影暂无评价,https://movie.douban.com/subject/26972258/,yes,0.95,山西方言贯穿标杆片
900180,可可西里,2004,陆川 Chuan Lu,汉语普通话 / 藏语,中国大陆 / 香港,8.7,259686,0,1,E2,经典电影暂无简介。,《可可西里》：陆川最具力量的边疆纪实作，巡山队员在流沙中沉没与死寂荒漠，用粗砺真实的画面展现了保护藏羚羊的壮烈。,https://movie.douban.com/subject/1308857/,yes,0.9,藏语巡山队对白成规模
10763164,扫毒,2013,陈木胜,汉语普通话 / 粤语 / 泰语 / 英语,中国大陆 / 中国香港,7.5,239286,0,1,E2,从小一起长大的好兄弟马昊天（刘青云 饰）、张子伟（张家辉 饰）和 苏建秋（古天乐 饰）共同效力于警队扫毒科。在一次临时改变计划的行动后，建秋因为卧底身份不能与妻子（袁泉 饰）过正常生活而心生退意，但在阿天与子伟的劝说下，三人决定进行最后一搏。建秋跟着毒贩老大黑柴（林国斌 饰）前往泰国与毒贩Bobby（卢惠光 饰）进行对接，目的是见到行动的最大目标“八面佛”（卢海鹏 饰），阿天则和子伟以及同事阿益（,影片以热血悲壮的情怀与火爆生死的枪战场景，极力讴歌了肝胆相照的兄弟情义，感人至深。,https://movie.douban.com/subject/10763164/,yes,0.8,港产警匪粤语原声
26322792,北京遇上西雅图之不二情书,2016,薛晓路,汉语普通话 / 英语 / 粤语,中国大陆 / 中国香港,6.4,237058,0,0,,焦娇（汤唯 饰）15岁就来到了澳门，过着颠沛流离的生活，之后成为了赌场公关。罗大牛（吴秀波 饰）早年来到美国，一番摸爬滚打，如今已经是小有名气的加州房地产经纪人，事业一帆风顺的他在情场上自然步步为赢，是公认的钻石王老五。一本名为《查令十字街84号》的书让这一对生活毫无交集的男女走到了一起，两人通过电子邮件进行交往，透过种种误会和波折，最终发现彼此是自己的灵魂伴侣。在此期间，焦娇徘徊在郑义（陆毅 饰,影片以古典的书信体缘分与都市流浪感相交织，深刻探讨了现代人的心灵归宿与漂泊中的爱情。,https://movie.douban.com/subject/26322792/,no,0.85,跨国爱情片普通话主导
1418070,如果·爱,2005,陈可辛 / 赵良骏,汉语普通话 / 粤语 / 英语,中国大陆 / 中国香港 / 马来西亚,7.7,218742,0,1,E2,想演戏的孙纳（周迅 饰）与想导戏的林见东（金城武 饰）初遇见时，两人都正处于生活与事业的低谷，在相互鼓励和扶携中，他们渐渐有了共同的可以看见希望的未来，然而孙纳更想把现在的可能抓到手，狠心与林见东分了手，跟了可以给她戏的导演聂文（张学友 饰），成为人人艳羡的大明星。天意弄人，十年后孙纳与也做了演员的林见东因为一部合拍戏又重遇。虽努力说服自己忘记过去，却欺骗不了自己的心，孙纳陷入两难中。而更戏剧的是,影片以华丽魔幻的歌舞片形式，将戏中戏与现实记忆纠葛交织，细腻解构了人性的多变与爱情。,https://movie.douban.com/subject/1418070/,no,0.85,歌舞片普通话主导
6080775,黄金大劫案,2012,宁浩,汉语普通话 / 东北话,中国大陆,6.8,210454,0,1,E2,伪满时期，时局动乱。关东军如狼似虎，革命组织救国会相机而动。在这片看似晴朗的天空下，绰号小东北（雷佳音 饰）的无业青年游走大街小巷，靠坑蒙拐骗混日子。偶然的机会，他意外得知了一个秘密，关东军将有一批黄金送往防护措施严密的大和银行，而以女影星芳蝶（小陶红 饰）为首的救国会成员决定夺取黄金，进而阻止日本人向意大利购买军火的计划。看在黄金的份上。小东北死皮赖脸要插上一脚。虽然凭借小聪明屡屡得手，可是他也,电影以幽默荒诞的宁浩式平民传奇与动荡的救国背景，展现了市井混混在鲜血洗礼下的悲壮成长。,https://movie.douban.com/subject/6080775/,yes,0.9,全程东北话伪满喜剧
4176542,杀生,2012,管虎,汉语普通话 / 四川话,中国大陆,7.8,204106,0,1,E2,中国西南、与世隔绝、群山环抱中有个寨子，是个人皆长寿、规矩自成之地，清时皇帝赐名“长寿镇”。某日突爆传染病，地方官派医生（任达华 饰）前往诊治，他在镇子外发现奄奄一息的牛结实（黄渤 饰）。进寨后，往日温厚的村民一反常态，不仅对牛结实拒施援手、避若瘟疫，更迁怒于医生多 管闲事，老镇长（马精武 饰）亲自带着长寿镇医生（苏有朋 饰）和接生婆（梁静 饰）、油漆匠，老族长等人千万百计的阻挠医生对牛结实的救援,影片以怪诞魔幻的封闭山寨环境与黑色幽默，深刻剖析了集体无意识恶行对个体生命力的扼杀。,https://movie.douban.com/subject/4176542/,yes,0.95,川西寨子四川话贯穿
10537853,万箭穿心,2012,王竞,汉语普通话 / 武汉方言,中国大陆,8.6,200054,0,1,E2,90年代的武汉，一个普通家庭里丈夫马学武（焦刚 饰）是一家国企的厂办主任，妻子李宝莉（颜丙燕 饰）是汉正街的一名小贩，二人还有一个儿子小宝（李现 饰）。一次企业分房让这个家庭住进了新房，岂料从搬家那天起一系列让人始料未及的变故接踵而来：丈夫马学武提出离婚、妻子发现丈夫出轨、无家可归 的婆婆要入住新家，终于马学武在一系列打击下走向了自杀之路。宝莉的好友小景（赵倩 饰）把一切厄运归结于新房的风水不好，,电影以写实粗粝的武汉市井风情与压抑的宿命挣扎，深刻展现了中国底层母亲倔强悲壮的一生。,https://movie.douban.com/subject/10537853/,yes,0.95,武汉方言版市井家庭片
3993588,狼图腾,2015,让-雅克·阿诺,汉语普通话 / 蒙古语,中国大陆 / 法国,6.9,187204,0,1,E2,上世纪60年代，北京知青陈阵（冯绍峰 饰）和杨克（窦骁 饰）来到了内蒙古额仑大草原插队，加入了蒙古族牧民毕利格老人（巴森 饰）以及他的儿媳噶斯迈（昂哈尼玛 饰）一家的生产队，从此开始若干年的放牧生活。在与狼群的接触过程中，陈阵带着强烈的好奇，逐渐了解了这种动物，甚至有了想自己养一 只小狼的念头。蒙古人民崇敬狼，热爱草原，而汉人则功利地掠夺土地，这导致了狼群与人之间的“战争”。以场部主任包顺贵（尹铸,《狼图腾》让-雅克·阿诺以极高的诚意深入内蒙古草原，将人与狼群的冲突、对自然与生命的敬畏刻画得极具震撼力和史诗感。,https://movie.douban.com/subject/3993588/,no,0.8,知青片普通话主导蒙古语点缀
23788440,杀破狼2,2015,郑保瑞,汉语普通话 / 粤语 / 英语 / 泰语 / 韩语,中国香港 / 中国大陆,7.4,166882,0,1,E2,倒卖人体器官集团的主脑洪文刚（古天乐 饰）罹患严重心脏病，为了活命他甚至计划摘取亲弟弟洪文标（恭硕良 饰）的心。为了完成卧底工作不惜身染毒瘾的志杰（吴京 饰）随老大去码头劫持试图逃跑的洪文标，他的上司见叔叔陈国华（任达华 饰）接到线报后也率队赶往现场，三方随即展开了激烈 的交火。侥幸逃生的志杰被送到泰国一所监狱，而掌控这里的狱头（张晋 饰）则与洪文刚有着千丝万缕的联系。女儿罹患血癌的狱警阿猜（托尼,影片以宏大悲壮的战争史诗与凌厉的动作美学，深刻探讨了家国情怀、江湖道义与人性抉择。,https://movie.douban.com/subject/23788440/,no,0.85,跨国动作合拍片
26748673,拆弹专家,2017,邱礼涛,汉语普通话 / 粤语 / 英语,中国大陆 / 中国香港,6.2,159685,0,1,E2,章在山（刘德华 饰）是香港警队“爆炸品处理科”的一名高级督察。七年前，他潜伏到头号通缉犯火爆（姜武 饰）的犯罪团伙中，在一次打劫金库的行动中，章在山表露了其拆弹组卧底的身份，与警方里应外合，成功阻止炸弹引爆，并将火爆及其弟的犯罪组织一网打尽，可惜在千钧一发之间，火爆逃脱并扬言誓要报仇。复职后的章在山很快被晋升为警队的拆弹专家。七年后，香港接二连三遭遇炸弹恐怖袭击，警方更收到线报大批爆炸品已偷运入港,影片以宏大悲壮的战争史诗与凌厉的动作美学，深刻探讨了家国情怀、江湖道义与人性抉择。,https://movie.douban.com/subject/26748673/,no,0.8,合拍警匪片普通话版主导
11600078,目击者之追凶,2017,程伟豪,汉语普通话 / 闽南语,中国台湾,8.2,158451,0,1,E2,冲劲十足、富有野心的社会线记者小齐，在报导一则事故车还魂新闻时，意外发现9年前一宗肇事逃逸命案并不单纯，虽然提案不被长官邱哥重视，但相信直觉的小齐找上菜鸟警员阿纬帮忙，并说服女主管Maggie连手调查当年的真相。当小齐、Maggie 好不容易找到命案中唯一生还的受害者徐爱婷，并取得采访同意后 ，徐爱婷却无故失踪了…到底九年前被隐瞒的真相是什么？,影片以跌宕起伏的悬疑剧情与冷峻克制的镜头语言，层层剖析人性的阴暗与宿命的无常。,https://movie.douban.com/subject/11600078/,yes,0.85,台片闽南语对白贯穿
11625097,澳门风云 賭城風雲,2014,王晶 / 钟少雄,汉语普通话 / 粤语 / 英语 / 葡萄牙语 / 泰语 / 韩语 / 日语,中国大陆 / 中国香港,5.8,157477,0,1,E2,闻名中外，曾担任美国赌场保安总顾问的魔术手石一坚（周润发 饰），终回流澳门退休，更宴请各方朋友到来庆祝生日宴。其中好友Benz哥（许绍雄 饰）与他的儿子晒冷（谢霆锋 饰）以及外甥牛必胜（杜汶泽 饰），更特别由香港来到澳门到贺。 翌日，大陆、香港以及澳门三地警方，竟不相约 而同找上石一坚，希望他能够重出江湖帮忙对付DOA组织集团的高先生（高虎 饰），但坚却以退休为由婉拒了事。 另一边厢，冷竟与牛必胜,《澳门风云》是经典的港式合家欢赌片情怀回归，魔术手石一坚的绝活与成龙式的格斗幽默融合，娱乐消遣效果不错。,https://movie.douban.com/subject/11625097/,no,0.9,合拍赌片普通话主导
11598977,叶问3,2016,叶伟信,汉语普通话 / 粤语 / 英语,中国大陆 / 中国香港,6.6,146797,0,1,E2,已在香港立足开馆的叶问（甄子丹 饰）与太太张永成（熊黛林 饰）平静地生活，不料小儿子叶正就读的小学发生了流氓滋扰事件，参与闹事的正是田傲山（梁家仁 饰）昔日的徒弟马鲸笙（谭耀文 饰）。于是叶问带领徒弟徐力（张继聪 饰）等人保护了黄老师（吴千语 饰）、校长（刘以达 饰）以及众小学生，并结识了同样是永春传人的车夫张天志（张晋 饰），二人惺惺相惜。可是事件却没有止步于此，马鲸笙的老板（迈克.泰森 饰）才,经典电影暂无评价,https://movie.douban.com/subject/11598977/,yes,0.75,叶问系列粤语对白成规模
10604486,不二神探,2013,王子鸣,汉语普通话 / 粤语 / 英语,中国大陆,4.8,145667,0,1,E2,短短几天内，电影明星、舞蹈演员、跳水冠军，三个没有任何关联的知名人士面带微笑意外死亡，在社会上引起不小的轰动。与此同时，擅长搞怪耍宝的热血青年警察王不二（文章 饰）与深藏不露的警队老油条黄飞红（李连杰 饰）搭档破案，惹出不少的乱子，令他们的上司Angela（陈妍希 饰）郁闷不已。某天，地产项目经理王峰（佟大为 饰）微笑死亡，案子交到Angela一组手中。为了尽快扭转警局中的不利局面，Angela、,经典电影暂无评价,https://movie.douban.com/subject/10604486/,no,0.9,合拍探案喜剧
3230462,女人不坏,2008,徐克,汉语普通话 / 韩语 / 乌兹别克语,中国大陆 / 中国香港,6.0,129121,0,0,,泛泛（周迅 饰）天资聪慧，却局限于实验室内。她不善于与男人交流，甚至被男人碰一下都会立时僵硬。精于专研人体科学的她发明了一样秘密武器——费洛蒙，只要把这种东西装在身上，就可以让异性趋之若鹜。铁菱（桂纶镁 饰）是个另类摇滚少女，爱好打拳击，副业写网络小说。从小迷恋天皇巨 星X，并渐渐把他想象成自己的男友，每天形影不离。唐露（张雨绮 饰）才貌双全，是大广场投资公司的执行总裁。她所遇到的男人，没有一个不,经典电影暂无评价,https://movie.douban.com/subject/3230462/,no,0.9,无中国方言语言标签
1306939,推手,1991,李安,汉语普通话 / 英语 / 粤语,中国台湾 / 美国,8.4,127014,0,0,,老朱（郎雄）被儿子晓生（王伯昭）从北京接到美国后，不但没享清福，反因与作家儿媳马莎（Deb Snyder）语言不通、在生活习性上有诸多差异，添出许多新愁（老朱对马莎的世界不好奇，马莎虽对老朱的世界好奇，却并不想作深入的理解，而是在好奇过后深深厌恶），倔强的老朱一片灰心（竟然在儿子家里尝到寄人篱下的滋味！），愤然离家出走。一次偶然事件令美国媒体对老朱的太极绝技称奇，晓生和马莎也在看过电视新闻后找到了,李安以极其细腻温和的笔触，将太极哲学与中西文化冲突、两代人情感隔阂展现得极为隐忍而又深具温情。,https://movie.douban.com/subject/1306939/,no,0.85,台北美家庭粤语点缀
25755645,老男孩猛龙过江,2014,肖央,汉语普通话 / 英语 / 韩语 / 山东方言 / 意大利语,中国大陆,5.7,126716,0,-1,N2,本片讲述了倒插门被媳妇全家嫌弃的王小帅（王太利 饰）面临生活困境，决心放下一切实现梦想，于是他找到了老同学肖大宝（肖央 饰）。曾经因为拉大提琴的女孩马璐（屈菁菁 饰）而分道扬镳的两人又聚在了一起，决定前往美国勇闯选秀节目。两兄弟千辛万苦来到纽约，却阴差阳错卷入了黑帮斗争事件。虽然他们只想取得好名次，但是却引发了一系列爆笑事件，更让他们摸不着头脑的是两位来自朝鲜的神秘杀手竟然也和此行有关。万般无奈之,经典电影暂无评价,https://movie.douban.com/subject/25755645/,no,0.85,山东方言仅个别人物点缀
1309004,孔雀,2005,顾长卫,汉语普通话 / 晋语,中国大陆,8.1,117746,0,1,E2,上世纪七八十年代的河南古城安阳，某个五口之家的姐姐（张静初）、哥哥（冯瓅）和弟弟（吕玉来）在社会剧烈转型时期，踏上不同的人生之路。姐姐二十出头，虽看起来清瘦文静，内心却刚烈执拗，为实现梦想可以将自己豁出，无奈现实无情，经过多次挫败后她学会听天由命；哥哥二十三四岁，因小时得病落下轻微脑疾，父母对他的关爱皆多一层，经人介绍与精明的跛脚姑娘结婚后，他过上自己很满意的日子；弟弟十七八岁，敏感、忧郁，内心世,影片以冷峻而温情的镜头语言，刻画了时代洪流中普通人的挣扎与理想，展现了深邃的人性与现实关怀。,https://movie.douban.com/subject/1309004/,yes,0.85,安阳晋语背景对白
4718369,白鹿原,2012,王全安,汉语普通话 / 陕西话,中国大陆,6.4,116216,0,1,E2,传说中白鹿庇佑的白鹿原上，世代居住着同根家族白、鹿两姓子孙。时代变迁，清朝覆灭，民国建立。现任族长白嘉轩（张丰毅 饰）之子白孝文（成泰燊 饰）、乡约鹿子霖（吴刚 饰）之子鹿兆鹏（郭涛 饰）与白家长工鹿三之子黑娃（段奕宏 饰）情同手足，成年后各赴前程。黑娃与渭北郭举人家的小女人田小娥（张雨绮 饰）私通败露，田小娥亦被族长拒于祠堂之外，两人遂迁至慢坡窑洞内度日。加入共产党的鹿兆鹏从城里带回革命浪潮，黑,影片以宏阔厚重的历史视野和史诗般的情怀，展现了关中平原的人口繁衍与家族兴衰，展现沉重生命力。,https://movie.douban.com/subject/4718369/,yes,0.9,关中陕西话史诗片
1891179,梅兰芳,2008,陈凯歌,汉语普通话 / 北京话 / 日语,中国大陆,6.9,112372,0,1,E2,京剧艺术大师梅兰芳先生的传记电影，但多处描写与史实不符。唱了大半辈子戏的大伯因在西太后寿辰中顾及家中出殡未穿红被赐一纸枷锁后，少年梅兰芳将他临死留下的一封书信随身携带，开始跟随与梅家有世交的京剧老生名角十三燕（王学圻）学唱戏、做人。十年后，梅兰芳（余少群）在梨园崭露头角，想着能一辈子清清白白唱戏、做人。对戏剧艺术有颇深研究的留洋司法局长邱如白（孙红雷）满腹牢骚于传统京剧，却在看过梅兰芳的演出后难抑,影片以独特的艺术视角和流畅的叙事，精妙刻画了复杂多变的人物内心，展现了深邃的人性与艺术魅力。,https://movie.douban.com/subject/1891179/,no,0.8,北京话仅梨园点缀
1308587,向左走·向右走,2003,杜琪峰 / 韦家辉,汉语普通话 / 粤语 / 波兰语,中国香港 / 新加坡,6.9,110197,0,1,E2,小提琴家刘智康（金城武）和翻译家蔡嘉仪（梁咏琪）的房间仅相隔一堵墙，然而由于总是在同一时刻同一地点一个向左一个向右走，他们从没遇见过。某天因为来到同一所公园，他们终于在一片水池的一端相遇，并且一见如故。一个快乐又甜蜜的下午很快过去，快黄昏时突降倾盆大雨，两人于匆忙分手时交换了电话号码，不料到家后发现写有号码的纸片已被雨水打湿成模糊一团。为了让刘智康和蔡嘉仪今生都不能再见面，分别暗恋他们的小红和胡医,影片以冷峻克制的镜头调度和宿命感的叙事节奏，构建出黑白交织的江湖秩序，探讨权力与人性的博弈。,https://movie.douban.com/subject/1308587/,no,0.85,都市爱情片普通话主导
3690289,春风沉醉的夜晚,2009,娄烨,汉语普通话 / 粤语,中国大陆 / 法国,8.1,109121,0,1,E2,在南京开小书店的王平（吴伟 饰）背着妻子林雪（江佳奇 饰）与男同性恋者姜城（秦昊饰）有染。对丈夫行为生疑的林雪委托罗海涛（陈思成 饰）跟踪王平，发现了姜城的行踪。气愤的林雪到姜城任职的旅游公司大闹，迫使其与王平分手。罗海涛有一个在制衣厂做工的女友李静（谭卓 饰），但他却在跟踪的过程中对姜城产生了好感。罗海涛与分手后情绪低落的姜城交往，二人关系日渐亲密，但与此同时他又难舍李静。在三人共同出游的过程中,影片以独特的艺术视角和流畅的叙事，精妙刻画了复杂多变的人物内心，展现了深邃的人性与艺术魅力。,https://movie.douban.com/subject/3690289/,yes,0.75,南京背景方言粤语穿插
4942778,白蛇传说,2011,程小东,汉语普通话 / 粤语,中国大陆,4.8,108071,0,1,E2,南宋年间，世道离乱，更有各方妖孽为害世间，亦有痴情种子因缘和合，演出千古传奇。某深山老林，一青一白二蛇修炼千年，化得人身，终日在山中畅意游玩，好不自在。二蛇偶遇上山采药的郎中许仙（林峰 饰），白蛇（黄圣依 饰）倾慕许仙，并偶然救得他的性命，自此凡心触动，决定下山寻找心上之人。适逢佳节，二蛇变作人形，以白素贞、青青（蔡卓妍 饰）之名来到城中。正所谓因缘际会，白素贞终与许仙相逢，结为夫妇。时有金山寺高,影片凭借行云流水的武术设计和奇幻瑰丽的视觉想象，勾勒出快意恩仇的江湖世界，彰显传统动作美学。,https://movie.douban.com/subject/4942778/,no,0.9,合拍奇幻动作片
24987018,赤道,2015,梁乐民 / 陆剑青,汉语普通话 / 粤语 / 韩语 / 英语,中国香港,6.2,105558,0,1,E2,韩国秘密核武器神秘失踪，同时载着军方手提装置的飞机在中国境内坠毁。韩方接到消息，一名疑似绰号“赤道”的危险人物（张震 饰）带着助手“信差”（文咏珊 饰）将于香港实行秘密武器交易，韩国武器专家崔民号（池珍熙 饰）与特工朴宇哲（崔始源 饰）奉命前往调查。香港反恐特勤组主管李彦 明（张家辉 饰）与督察范家明（余文乐 饰）协助韩方寻找武器，而核物理教授肇志仁（张学友 饰）也受邀协助判案。武器很快被寻回，没,影片以独特的艺术视角和流畅的叙事，精妙刻画了复杂多变的人物内心，展现了深邃的人性与艺术魅力。,https://movie.douban.com/subject/24987018/,no,0.85,跨国反恐合拍片
1305046,双瞳,2002,陈国富,汉语普通话 / 台语 / 英语,中国香港 / 中国台湾,7.7,105006,0,1,E2,由于两年前揭发同僚贪污，台北警官黄火土（梁家辉）被上级报复调入冷门的外事组工作，利益也曾连带受损的新同事对他怒言相向，加上妻子清芳（刘若英）受不了他长期不回家要求离婚，黄火土感觉他的世界正在逐渐四分五裂。就在此时，三宗受害者的身份并无关联的震惊了台湾社会的离奇命案发生，法医（杨贵媚）验尸发现他们都是因中一种神秘的黑霉菌产生幻觉而死，因为缺乏此方面的人才，当局从美国请来此种案例的侦办专家凯文莱特（D,影片通过宏大的视觉特效与深邃的想象力，构建了充满哲思的奇幻世界，探讨了人类未来的命运走向。,https://movie.douban.com/subject/1305046/,yes,0.85,台片台语灵异惊悚
11501396,边境风云,2012,程耳,汉语普通话 / 四川话 / 缅甸语,中国大陆,7.8,98756,0,1,E2,中缅边境云南小镇，叛逆女学生（高叶 饰）无意中因为家中的狗狗异常暴动，而关注起了新搬来的陌生男子（杨坤 饰），陌生男子其实是一名职业杀手，女学生险些陷入危险，好在身为缉毒警察的哥哥（张默 饰）及时出现制止了杀手。缉毒警逮捕了杀手，无意中查到了一条重大的毒品犯罪线索，继而引出了大毒枭（孙红雷 饰），还引出了十几年前的一宗疑案——牙医（倪大红 饰）无端卷入了毒贩争斗，混乱中幼女被年轻毒贩抓走。如今，因,《边境风云》通过细腻温婉的镜头语言与真挚的情感铺陈，呈现了警匪博弈背后人性的执念与温情守护，极具情感感召力。,https://movie.douban.com/subject/11501396/,yes,0.9,云南边陲四川话贯穿
26235349,三人行,2016,杜琪峰,汉语普通话 / 粤语 / 英语,中国大陆 / 中国香港,5.9,92331,0,1,E2,香港某大型医院，外科主任医师佟倩（赵薇 饰）刚刚完成例行巡视。接二连三的手术让她的神经高度紧张，加上有的患者术后情况并不理想，无形间使她的精神承受了巨大的压力。就在此时，一名遭受枪伤的男子被紧急送到医院。对方名叫张礼信（钟汉良 饰），是一个胆大包天且狡诈非常的高智商罪犯。虽然头部中枪，但幸运的是并未给他造成巨大的创伤。从昏迷中醒来的张拒绝手术，仿佛正耐心等待时机。监视并开枪射伤他的警官陈伟乐（古天,《三人行》通过细腻温婉的镜头语言与真挚的情感铺陈，呈现了医院封闭空间内警匪医三方的心理拉锯战，极具情感感召力。,https://movie.douban.com/subject/26235349/,no,0.85,合拍医院警匪片
33408026,刻在你心底的名字,2020,柳广辉,汉语普通话 / 英语 / 闽南语,中国台湾,7.3,90748,0,0,,影片讲述上世纪90年代初，两位少年前往台北，那里的一切冲击着这两个少年的感官。学校宿舍里发生了对同性恋的霸凌，尽管禁忌一一解放，学校也开始招收女生，但同性恋三个字仍如毒蛇猛兽人人唾弃。而两个男孩间原本暧昧的情愫，也因一个女孩的介入，而就此被打乱。,《刻在你心底的名字》通过细腻温婉的镜头语言与真挚的情感铺陈，呈现了时代禁忌下两个少年刻骨铭心而无奈的爱恋，极具情感感召力。,https://movie.douban.com/subject/33408026/,no,0.75,闽南语少量青春片
1421809,最好的时光,2005,侯孝贤,汉语普通话 / 闽南语,中国台湾,7.6,90466,0,1,E2,该片是侯孝贤对自己电影生涯所作的一次总结。三段故事里男（张震）女（舒淇）主角表达情感的方式及所处时代背景，都能在侯孝贤各个时期的影片里找到对应。《恋爱梦》纯净，似不可抵达的梦的彼岸；《自由梦》感人，却是接近天国的更遥远的梦境；《青春梦》冰冷，却是现实。冒失说出侯孝贤眼中“最好的时光（或最好的电影时光）”是哪一段并无太大意义，因为所有的时光都是被辜负被浪费的，也只有在辜负浪费之后，才能从记忆里将某一,《最好的时光》通过细腻温婉的镜头语言与真挚的情感铺陈，呈现了三段时空里交织的纯真爱情与时光流逝的哀歌，极具情感感召力。,https://movie.douban.com/subject/1421809/,yes,0.85,侯孝贤闽南语段落贯穿
5244092,翻滚吧！阿信,2011,林育贤,汉语普通话 / 闽南语 Hokkien,中国台湾,7.3,89146,0,1,E2,宜兰青年林育信（彭于晏 饰）曾经在体操队度过了快乐的少年时代，那时活泼好动的小阿信拥有出色的天分而颇得教练器重，但年岁渐长，阿信先天的长短脚令他的体操水平难以提高，又拗不过开水果铺的母亲要求，只得终止训练卖水果，并与好友菜脯（柯宇纶 饰）日日在街头和各路人马拼斗，并因此结缘为他传递打杀通知的电话秘书559（林辰唏 饰）。为了替昔日体操队友的摊档出头，阿信和菜脯开罪黑道大哥之子木瓜（陈汉典 饰），并,《翻滚吧！阿信》通过细腻温婉的镜头语言与真挚的情感铺陈，呈现了体操运动员低谷中再度起飞的热血励志故事，极具情感感召力。,https://movie.douban.com/subject/5244092/,yes,0.9,宜兰闽南语励志片
5318669,转山,2011,杜家毅,汉语普通话 / 藏语,中国大陆 / 中国台湾,7.9,87027,0,1,E2,本片改编自同名畅销书。台湾青年张书豪（张书豪 饰）在大四毕业时，遭遇了哥哥的亡故，正处在迷茫期的书豪意外发现了哥哥留下的骑行日志，这个不骑车的青年萌生了骑行滇藏线替哥哥完成未竟心愿的想法，在经历了女友的离去后，他义务反顾奔赴丽江。在路上，张书豪结识了来自云南的骑行者李晓川（李晓川 饰），并结伴前往拉萨。第五天，他们来到德钦，李晓川因无缘得见云雾中的梅里十三峰而沮丧不堪；第六天，他们住在盐井的藏民家,影片以纪实主义风格展现骑行西藏的壮美风光，深刻传达了对生命意志与孤独修行的礼赞。,https://movie.douban.com/subject/5318669/,yes,0.8,藏区骑行藏语对白
25849475,新娘大作战,2015,陈国辉,汉语普通话 / 上海话,中国大陆 / 中国香港,4.2,81434,0,1,E2,马丽（倪妮 饰）和何静（杨颖 饰）是从小玩到大的闺中密友，彼此之间感情十分要好。曾经，在一间豪华的酒店之中，两个姑娘目睹了一场浪漫的婚礼，她们就此立下誓言，等到结婚的那一天，一定要重回此地举行仪式。时光荏苒，马丽和何静都找到了如意郎君，可两人的男友似乎对结婚这件事情并不那么热衷。经过种种波折，两对情侣终于修成了正果准备步入婚姻的殿堂，两个女孩的梦想眼看就要完成，在这个节骨眼上，她们得知在未来三年内,经典电影暂无评价,https://movie.douban.com/subject/25849475/,no,0.85,普通话都市喜剧
3217122,一页台北,2010,陈骏霖,汉语普通话 / 闽南语,中国台湾 / 美国,6.6,77932,0,1,E2,台北的夜，灯火通明。小凯（姚淳耀 饰）帮女友收拾好行囊，依依惜别。她去了巴黎，相思让他拼命补习法语，希望有朝一日团聚。期间，他在书店结识了店员Susie（郭采洁 饰），两人渐渐产生了感情。小凯的爸爸（高捷 饰）开了家小吃店，小凯的朋友高高常来光顾，并讲述懵懂爱情。老主顾还包括黑道人物豹哥，后者面临中年危机，更愿意谈情，而非生意。但是他的小弟阿洪（柯宇纶 饰）却跃跃欲试，准备干一票大的，以证明自己。,影片以清新活泼的法式新浪潮格调与深夜台北市井 of 魔幻色彩，谱写了一曲轻盈幽默的都市恋曲。,https://movie.douban.com/subject/3217122/,yes,0.85,台北夜市闽南语小品
23126901,特殊身份,2013,霍耀良,汉语普通话 / 粤语,中国大陆,4.3,66839,0,1,E2,身怀绝技、出手不凡的陈子龙（甄子丹 饰）是潜伏黑道多年的卧底，作为老大长毛雄（邹兆龙 饰）的左膀右臂，他的身心承受巨大压力，加上老大已对他升起疑心，威胁子龙妈妈的性命（鲍起静 饰），他急切希望复职，退出黑道。这一次，雄哥派子龙前往内地查探组织成员Sunny罗志伟（安志杰 饰）的虚实。Sunny出身美国唐人街，早年曾跟子龙混迹江湖，但逐渐做大的他暗中黑了雄哥的货。另一方面，子龙的上司张Sir（郑中基,经典电影暂无评价,https://movie.douban.com/subject/23126901/,no,0.9,合拍卧底动作片
6869395,低俗喜剧,2012,彭浩翔,汉语普通话 / 粤语,中国香港,6.4,65237,0,0,E2+E4+N1,电影人杜惠彰（杜汶泽 饰）在某大学讲座期间，应学生之请讲述了自己为电影事业一次最惨痛最不堪回首的牺牲经历：作品不上台面的杜和老婆离婚后时时被追讨赡养费，助理刘倩儿（薛凯琪 饰）超级不靠谱搞丢新片企划。落魄之际，好友雷永成（雷宇扬 饰）牵线认识广西富二代暴龙哥（郑中基 饰）。面对乖戾变态的暴龙哥，阿杜做出几乎让自己大脑断片失忆的惨烈牺牲，总算获得对方投资的承诺，但是他必须请来早已收山明星邵音音（邵音,影片用荒诞夸张的粤语喜剧风格，解构了电影制作背后的辛酸与妥协，展现了独特的本土文化情怀。,https://movie.douban.com/subject/6869395/,yes,0.9,彭浩翔纯粤语喜剧
3732800,我们天上见,2010,蒋雯丽,汉语普通话 / 蚌埠话,中国大陆,8.7,64045,0,1,E2,上世纪70年代末，时代的狂潮正渐渐退去热度。在南方某个古朴的小镇，小女孩蒋晓兰（朱一诺 饰）和姥爷（朱旭 饰）相依为命。晓兰的父母早年下放边疆，在学校她又因与“最大的阶级敌人”同姓而倍受欺负和排挤。破旧的小院是晓兰最为自由的天地，而家里的大衣柜则是她最后的避难之所。早年 因战乱和疾病，姥爷几乎失去所有的亲人，因此这个调皮又善良的外孙女成了他生活的全部。时光缓缓流逝，细雨绵绵的小镇永远带着化不开的愁,影片带着自传性质的温情回忆，以空灵唯美的视听语言，刻画了生命凋零之际祖孙之间最深沉的陪伴。,https://movie.douban.com/subject/3732800/,yes,0.9,蚌埠话自传体祖孙片
6062731,亲密敌人,2011,徐静蕾,汉语普通话 / 英语 / 粤语,中国大陆,5.6,60990,0,0,,某投资银行的经理戴瑞克李（黄立行 饰）正忙于对某锂矿企业进行收购，而他的前任女友艾米梁（徐静蕾 饰）此时也来到香港，以另一家投资银行副总经理的身份担任该锂矿企业的财务顾问，这对昔日情人即将在职场展开对决。戴瑞克的得力助手瑞贝卡（梁咏琪 饰）试图以好友身份劝说艾米退出，而热门金融博主亨利（李治廷 饰）发现了李、梁二人的过往，原来艾米因戴瑞克事业繁忙，绝少时间陪伴自己而赌气分手，不久却在戴瑞克的安排下,影片以金融商战为背景，将商场博弈与职场恋人的心理拉扯结合，展现出利落干练的现代都市风采。,https://movie.douban.com/subject/6062731/,no,0.9,金融商战片普通话主导
25757187,我不是王毛,2016,赵小溪,汉语普通话 / 河南话,中国大陆,8.0,60378,0,1,E2,少林寺学武归来的狗剩（王大治 饰）暗恋青梅竹马的杏儿（葛晓凤 饰），但穷二代 的他遭到岳丈（罗京民 饰）嫌弃。一没家产继承，二没手艺创业的狗剩只能顶替兄弟从军，以舍身卖命的方式赚取军饷，攒钱提亲。但在从军过程中不仅被同村情敌杨三（郭金杰 饰）设计陷害，还遇到许多离奇波折……,影片以荒诞冷幽默的黑白影像，折射出国难当头下底层百姓生存的苟且与坚韧，是难得的讽刺佳作。,https://movie.douban.com/subject/25757187/,yes,0.95,全程河南话黑白抗战喜剧
1401205,七剑,2005,徐克,汉语普通话 / 韩语 / 粤语,中国香港 / 中国大陆 / 韩国,6.0,60316,0,0,,满清军队在风火连城（孙红雷饰）的率领下逼近武庄，欲将关内隐藏的反抗力量斩尽杀绝，而武庄更是围剿的重点。武庄表面上住了一批庄稼人，实则是反清组织天地会分舵人马，全庄上下整备应敌，但却力量有限。危险逼进，路见不平的侠医傅青主（刘家良饰）为了解武庄之危，带了两位武庄青年武元英（杨采妮饰）和韩志邦（陆毅饰）上天山求助。擅于铸剑的世外高人晦明大师住在万里冰封的天山上，他珍藏七把剑中珍品。座下有大弟子楚昭南（,徐克执导的写实武侠作，动作设计刚猛写实，色调沧桑肃杀，展示了乱世之下的武侠宿命与悲情色彩。,https://movie.douban.com/subject/1401205/,no,0.9,合拍武侠片普通话主导
1291850,站台,2000,贾樟柯,汉语普通话 / 晋语,中国大陆 / 中国香港 / 日本 / 法国,8.4,57825,1,1,E2,崔明亮（王宏伟）、尹瑞娟（赵涛）、张军（梁景东）、钟萍（杨天乙）是山西汾阳县文工团的演员，改革开放初期，他们过的虽是普普通通的日子，却拥有相对丰盈的精神世界。改革开放的不断深入令他们见识到了各种新鲜事物，也使他们对自身有了更多的认识，走上了不同的人生道路。然而当时间来到 1980年末时，他们发现虽然各自早已面目全非，却仍然一无所有。相比如广州那样的沿海城市，如汾阳这样的中国内陆小县城改革开放的步伐,贾樟柯以纪实客观的手法和缓慢移动的长镜头，记录了山西青年在改革开放浪潮下的迷茫与时代变迁。,https://movie.douban.com/subject/1291850/,yes,0.95,汾阳晋语标杆片
30170833,荞麦疯长,2020,徐展雄,汉语普通话 / 上海话,中国大陆,4.1,57601,0,1,E2,故事发生在90年代的小城市。云荞（马思纯饰）想要“活成一部电影”；李麦（钟楚曦饰）有看得见希望的未来；吴风（黄景瑜）也要在平凡的日子里背水一战。每个人都有着对未来的憧憬，带着憧憬开始了异乡漂泊之路，可是未来真的会如他们所愿吗？,经典电影暂无评价,https://movie.douban.com/subject/30170833/,no,0.8,普通话青春片方言点缀
1794435,姨妈的后现代生活,2007,许鞍华,汉语普通话 / 上海话 / 武汉话 / 东北话,中国大陆 / 中国香港,7.4,55413,1,3,E1,12岁的侄子宽宽，在假期去看望退休后独自在上海生活的姨妈（斯琴高娃饰）。在宽宽眼里，姨妈是个怪癖多多的人。一次姨妈在公园遇到了一个从广东到上海来发展的江湖混混潘知常（周润发饰），这个神秘男人使得姨妈神魂颠倒，两人因京剧成了知音，并演绎出一段黄昏恋情。不料好景不长，潘知 常带着姨妈的棺材本积蓄一道消失。与此同时，姨妈又发现保姆（史可饰）竟然是靠“碰瓷”来赚取外快。接连发生的事件让姨妈醒悟万千，她决定,以笑中带泪的黑色幽默笔触，刻画了老年女性在繁华都市与寂寞故土间的孤独命运，饱含对现实人生的苍凉叹息。,https://movie.douban.com/subject/1794435/,yes,0.95,上海话贯穿标杆片
34805873,孤味,2020,许承杰,汉语普通话 / 闽南话,中国台湾,8.1,53629,0,1,E2,林秀英（陈淑芳 饰）是台南赫赫有名的餐厅老板，在丈夫（龙劭华 饰）无声无息地离家后，便靠著卖虾卷独自抚养三个女儿长大成人，不仅把虾卷从路边摊卖到开餐厅，三个女儿更是成就非凡，大女儿阿青（谢盈萱 饰）是国际舞者，二女儿阿瑜（徐若瑄 饰）在台北当整形医生，小女儿佳佳（孙可芳 饰）则接手自己的餐厅事业。眼看就要苦尽甘来，秀英却在70大寿当天接到丈夫离世的噩耗，在替这位有名无实的丈夫筹办丧礼的同时，竟意外,温润细腻的台湾家庭文艺片，通过一场丧礼揭开三代女性的心结，在饭菜烟火气中达成对过往的释怀与和解。,https://movie.douban.com/subject/34805873/,yes,0.9,台南闽南语家庭片
1302795,茉莉花开,2006,侯咏,汉语普通话 / 上海话,中国大陆,7.3,53101,0,1,E2,影片根据苏童小说《妇女生活》改编。20世纪30年代，18岁的茉（章子怡饰）不听母亲（陈冲饰）劝阻，执意当了电影演员，并被导演孟先生（姜文饰）包养。日本占领上海，孟先生逃往香港，留下茉一人生下女儿莉。到了60年代，莉（章子怡饰）嫁给工人邹杰（陆毅饰），与母亲茉（陈冲饰）住在一起。因为莉不能生育，夫妻二人领养了女儿花，莉却陷入担心丈夫不忠的偏执狂躁中。80年代，花（章子怡饰）与外婆茉（陈冲饰）相依为命,跨越三代女性命运的沪上文艺史诗，章子怡分饰三角，将女性在历史转折中的挣扎、抉择与坚韧展现得淋漓尽致。,https://movie.douban.com/subject/1302795/,no,0.7,普通话为主沪语点缀
11776289,华丽上班族,2015,杜琪峰,汉语普通话 / 粤语 / 英语,中国香港 / 中国大陆,6.0,52488,0,1,E2,清晨，职场菜鸟李想（王紫逸 饰）踏入众信贸易集团大楼，开始第一天工作。公司里，想结识应聘助理的年轻女孩何琪（郎月婷 饰）。但何琪真正身份是董事长何仲平（周润发 饰）的女儿，更引起同事猜疑，幸得CEO张威（张艾嘉 饰）帮忙渡过难关。张威忙于公司上市，却得知何仲平欲让女儿接手众信，心死之下决定为自身利益盘算，因而联手公司副总王大伟（陈奕迅 饰），实施神秘计划，想更在不知不觉间卷入其中。就在张威逐步推动,杜琪峰执导的舞台式歌舞职场大作，在充满现代几何感的写意布景中，用歌声赤裸撕开资本社会的金钱贪婪。,https://movie.douban.com/subject/11776289/,no,0.65,歌舞职场片双版本非粤语主体
2055017,练习曲,2007,陈怀恩,汉语普通话 / 闽南语 / 立陶宛语,中国台湾,8.0,52417,0,1,E2,为免日后回想过往时后悔，大学即将毕业的明相（东明相）请假只身骑上脚踏车，开始了以高雄为起点的逆风向的环岛旅行。明相一路所遇，除了各地美不胜收的风景，还有形形色色的人：想借助影像制造梦想的工作者，正一心一意地将太平洋的风捕捉入镜；来自立陶宛的年轻女模特，在花莲的海边告诉他她的国家没有山；即将退休的小学女教师，向他讲述自己恋恋不舍的心情；导游兼司机的陌生人（吴念真）一边和他分享盒饭，一边告诉他眼前这群,清新淡雅的台湾单车环岛文艺片，以听障少年的旅程为线索，在悠扬的乐章中勾勒台湾宝岛的风土人情与温度。,https://movie.douban.com/subject/2055017/,yes,0.85,环岛闽南语风土片
4860078,无间道(正序版),2006,刘伟强 / 麦兆辉,汉语普通话 / 粤语 / 英语 / 泰语,中国香港,9.1,49904,0,1,E2,20世纪90年代初，香江怒海，一代枭雄倪永孝（吴镇宇 饰）雄霸黑道，风头无两。以此为契机，青春年少的警校学生陈永仁（余文乐 饰）肩负机密使命潜入黑道，从此开始了他无法回头的黑暗人生。与此同时，精明狡猾的黑道头目韩琛（曾志伟 饰）密令弟子刘建明（陈冠希 饰）考入警校，成为他日后纵横江湖最重要的一枚棋子。转眼十年，风云变幻。韩琛早已成为新千年的黑道霸主。一起毒品交易的攻防战，令他和黄督察（黄秋生 饰）,经典电影《无间道正序版》是一部极具艺术深度的杰作，深刻探讨了人性的复杂与救赎，值得细细品味。,https://movie.douban.com/subject/4860078/,yes,0.85,经典港片粤语对白
26796664,叶问外传：张天志,2018,袁和平,汉语普通话 / 粤语 / 英语,中国大陆 / 中国香港,5.6,49202,0,1,E2,作为《叶问》系列影片，电影《叶问外传：张天志》延续了《叶问3》的故事，讲述了同为咏春传人的张天志在比武惜败叶问后，决意放下功夫、远离江湖纷争，但面对接踵而至的连番挑衅，面对家国大义遭受的恶意侵犯，决定重拾咏春惩戒毒贩、“以武之道”捍卫民族道义尊严的故事。,经典电影《叶问外传张天志》是一部极具艺术深度的杰作，深刻探讨了人性的复杂与救赎，值得细细品味。,https://movie.douban.com/subject/26796664/,yes,0.85,粤语功夫片
1322851,青红,2005,王小帅,汉语普通话 / 上海话,中国大陆,7.1,48539,0,1,E2,青红（高圆圆 饰）出生于贵州，但其实她的家人是60年代才迁往这里，支援三线建设的上海人。父母很是希望回到故土，然而青红已把这里看成家乡。她19岁，遇上当地农民出身的小伙子小根（李滨 饰）。青红和小根之间纯洁的初恋却被父母阻止。父亲的高压管束，令青红心中绝望不已。青红的初恋就这样充满了苦涩，她对家庭充满反抗和叛逆，绝食来对抗父亲的强硬态度。但都无法改变父亲的铁石心肠，不但如此，父亲已经决定不顾一切要,经典电影《青红》是一部极具艺术深度的杰作，深刻探讨了人性的复杂与救赎，值得细细品味。,https://movie.douban.com/subject/1322851/,yes,0.8,三线贵州上海话家庭
5364987,孤岛惊魂,2011,钟继昌,汉语普通话 / 粤语 / 英语 / 日语,中国大陆,3.4,48392,0,1,E2,雄踞东南亚的亿万富豪——OEC集团总裁陈家栋（姜皓文 饰）继承父亲的产业，并决心开发位于太平洋爪哇海上一个已经废弃40年之久的小岛。虽然父亲极力阻拦，但是利益熏心的家栋依然发起了一个孤岛探险的比赛。他开出100万元的巨额奖金，引得彭非（陈小春 饰）、沈依琳（杨幂 饰）、小野宏（叶山豪 饰）等8名青年男女搭上了前往小岛的游艇。一切看似顺风顺水，游艇却在航行中遭遇了离奇海难，致令8个青年被迫滞留小岛。,经典电影《孤岛惊魂》是一部极具艺术深度的杰作，深刻探讨了人性的复杂与救赎，值得细细品味。,https://movie.douban.com/subject/5364987/,no,0.9,合拍恐怖片
1305261,恐怖分子,1986,杨德昌,汉语普通话 / 闽南语,中国台湾,8.9,42853,0,1,E2,老顾（顾宝明 饰）率领警察捣毁一个贼窝，唯一跳窗逃走的女孩淑安腿骨折断，被路过的男孩小强送去医院。淑安返家后，被母亲关在家中，无聊时四处打电话恶作剧，其中一个电话打给了一个叫周郁芳（缪骞人 饰）的女人，她假冒是周的丈夫在外面的女友，怀孕了要她出来谈判。周郁芬嫁给李立中（李立群 饰）已经有七年，丈夫是个安分守己的男人，在一家医院工作。结婚后她辞了工作，在家写作。匿名电话深深刺激了周郁芬，她对生活失去,《恐怖分子》通过倾注深恕的故事构架，折射出时代的个体命运，整体氛围真挚动人，是一部乙音绕梁的恕感力作。,https://movie.douban.com/subject/1305261/,yes,0.9,杨德昌台北闽南语片
6973460,冰封：重生之门,2014,罗永昌,汉语普通话 / 粤语,中国大陆,3.9,42511,0,1,E2,明朝嘉靖末年，锦衣卫贺英（甄子丹 饰）奉命从天竺运回无价之宝“时空金球”，他一心为朝廷却不想遭到了兄弟的突袭。老大元龙（任达华 饰）带着聂虎（喻亢 饰）、萨獒（王宝强 饰）前来捉拿，为的是一宗针对贺英的冤案。兄弟四人搏斗之时突然地动山摇，巨大的雪崩淹没了他们。可是醒来后，贺英发现自己居然已经到了400年后的香港，对现代社会一窍不通的他偶遇了夜店咖小美（黄圣依 饰），闹出了不少笑话，但在小美的帮助下,《冰封重生之门》通过童趣盎然的视觉呈现，刻画了萌趣可爱的形象，画风细腻充满童趣，是一部温暖纯净的暖心杰作。,https://movie.douban.com/subject/6973460/,no,0.9,合拍奇幻动作片
3607666,高兴,2009,刘晓光,汉语普通话 / 陕西话,中国大陆,6.5,41780,0,1,E2,故事发生在陕西，农民刘高兴（郭涛 饰）是个喜欢设计飞行器的有心人。迫于生计，他跟好兄弟五富（冯砾 饰）一起来到西安打工，在老乡韩大宝（林雪 饰）的一间破旧仓库落脚，邻居包括东北大汉黄八（海一天 饰）和一对夫妇种猪（巴多 饰）和杏胡（苗圃 饰）。高兴的工作是收废品，虽然工作不那么光鲜，但是高兴却乐在其中，这种积极的心态感染了五富和邻居夫妇。另外，碰到小流氓石热闹（黄渤 饰）寻衅滋事，也是高兴挺身而出,《高兴》通过温婉细腻的细节刻画，讲述了命运的无常起伏，基调沉稳引人共鸣，是一部温润人心的恕感力作。,https://movie.douban.com/subject/3607666/,yes,0.9,陕西话音乐喜剧
1761854,高三,2005,周浩,汉语普通话 / 福建方言,中国大陆,8.4,39418,0,1,E2,本片纪录了中国福建省一所普通中学一个高三毕业班的真实生活。高三的生活日复一日，简单而又沉重，痛苦却也快乐。善良严厉的班主任，紧张刻苦的尖子生，逃避生活的“差生”，执着爱情的“早恋生”，学生的父母，每个亲历高三的人都有各自的感悟和超越高三的期望。影片的纪录真实、直白，透过高三生活的纪录，让人感到的不仅仅是为理想执着拼搏的浪漫，更有一种如鲠在喉的悲哀。,影片以真实残酷的纪录片视角，细腻刻画了高考重压下师生的拼搏与青春泪水，展现了发人深省的艺术魅力。,https://movie.douban.com/subject/1761854/,yes,0.9,福建方言高三纪录片
1306870,猛龙过江,1972,李小龙,汉语普通话 / 粤语 / 英语 / 意大利语,中国香港,8.4,39134,0,1,E2,痴迷练拳的唐龙（李小龙 饰）不远万里来到罗马帮助深陷麻烦的陈清华（苗可秀 饰），因某大老板（Jon T. Benn 饰）看中了清华饭店的地皮，为逼其就范，派流氓日夜骚扰。阿龙一分钟就撂倒了四名流氓，后又收服了饭店众伙计，打晕了埋伏在公寓的枪手（Homan Tapsell 饰），制服了大老板及其十余手下，救回了被掳走的清华。贼心不死的大老板从美国请来空手道高手Colt（Chuck Norris 饰）,影片以刚猛霸气的李小龙动作，细腻刻画了华人在海外惩奸除恶的民族气节，展现了热血澎湃的艺术魅力。,https://movie.douban.com/subject/1306870/,yes,0.8,李小龙港片粤语对白
1299436,风柜来的人,1983,侯孝贤,汉语普通话 / 闽南语,中国台湾,8.4,37006,0,1,E2,阿清（钮承泽）、阿荣（张世）等男孩生于风柜长于风柜，他们在高中毕业后等待征兵的日子里百无聊赖，每日通过赌博、打架、看白戏等形式来挥霍过量的精力。因为一次较严重的打架事件，也因对周遭环境的厌倦，他们怀揣几颗忐忑的心，离开风柜来到高雄。起始，自然只能如迷途羔羊般，在大都市的五光十色中乱撞。在阿荣姐姐的帮助下，他们有了暂时的栖身处。而安稳下之后，阿清和阿荣因渐形成不同的世界观产生分歧。一封家书勾起阿清有,影片以质朴迷茫的侯孝贤美学，细腻刻画了乡下青年在都市边缘的迷茫青春痕迹，展现了温存感伤的艺术魅力。,https://movie.douban.com/subject/1299436/,yes,0.9,侯孝贤闽南语青春片
26263443,恋爱中的城市,2015,文牧野 / 董润年 / 韩轶 / 傅天余 / 冀佳彤,汉语普通话 / 法语 / 捷克语 / 日语 / 意大利语 / 英语 / 上海话,中国大陆,5.7,36511,0,-1,N2,这是一个“人越来越多 ，世界却越来越小”的——小世界。佛罗伦萨、布拉格、巴黎、上海、北海道小樽，五座城市，五段不同的爱情故事在这个“小世界”中上演。浪漫的午夜巴黎上演了一段奇幻邂逅；神秘布拉格正经历一场忧伤的偶遇；美丽上海隐藏了一个关于美食与爱的秘密；北海道的唯美见证了一对新婚夫妇的蜜月之行；佛罗伦萨艳阳下的一场疯狂之旅也正拉开序幕……,《恋爱中的城市》以轻松幽默的叙事节奏与细腻温情的镜头语言，生动展现了生活百态，在欢笑与泪水中传递出治愈心灵的温暖力量。,https://movie.douban.com/subject/26263443/,no,0.85,五城爱情拼盘
1297418,麻将,1996,杨德昌,汉语普通话 / 英语 / 法语 / 闽南语,中国台湾,8.6,36029,0,-1,N2,富商儿子红鱼（唐从圣饰）从父亲那里学到很多骗人之术，他和纶纶（柯宇纶饰）、牙膏（王启赞饰）、香港（张震饰）组成一个四人小集团，到处敛财骗色。有一次，他们在咖啡店里遇见从法国来台北寻找男友的女孩马特拉（维吉妮亚•雷多尔恩饰），红鱼就此盯上了她，意图欺骗对方。但伦伦良心发现，并带马特拉躲到了自己家。之后，红鱼要报复曾与父亲（张国柱饰）有奸情的老女人Angel（吴家丽饰），要香港去勾引她……。另一边，一,《麻将》以细腻写实的镜头笔触与深邃饱满的情感表达，生动展现了日常琐碎背后的生活真谛。,https://movie.douban.com/subject/1297418/,yes,0.8,杨德昌台北闽南语群像
1300678,没事偷着乐,1999,杨亚洲,汉语普通话 / 天津方言,中国大陆,7.8,34611,0,1,E2,张大民（冯巩 饰）对工作敬业，对家庭负责。就算一家六口都要挤在小小的平房里，但一家人相处还算融洽。大民到了适婚年龄都没有结婚，是因为他一直喜欢邻居云芳。这时候云芳失恋了，大民默默陪伴安慰终于得到了云芳的芳心。两人婚后不久，大民的三弟也要结婚了。为了腾出更多的地方，大民推倒围墙建起了一间房间，以解决房间不够的问题。不久两人的孩子出生了，大民也更加忙起来了。身为长子的他又要帮忙兄弟姐妹解决生活上的不如,《没事偷着乐》以轻松幽默的叙事节奏与细腻温情的镜头语言，生动展现了生活百态，在欢笑与泪水中传递出治愈心灵的温暖力量。,https://movie.douban.com/subject/1300678/,yes,0.9,全程天津话市民喜剧
4082101,喜羊羊与灰太狼之虎虎生威,2010,赵崇邦,汉语普通话 / 粤语,中国大陆,7.2,31988,0,1,E2,在一个月黑风高的夜晚，灰太狼（张琳 配音）和一众同伴相约，杀进羊村捕捉小肥羊，为老婆和孩子送上情人节的饕餮大宴——涮羊锅。与此同时，羊村正在举行大白菜成功培育一千周年的庆典，节日的欢乐气氛却被突如其来的灰太狼所破坏。正当灰太狼与喜羊羊（祖丽晴 配音）激战正酣之际，狂暴骄纵的虎威太岁（贾译 配音）率领众多手下来到羊村，扬言要在这里修建游乐场。转眼之间一座豪华的游乐场拔地而起，小肥羊们被迫沦为这里的工,影片以欢快活泼的童真画风和充满正能量的冒险，为观众呈现了一场充满爱与勇气的合家欢庆典。,https://movie.douban.com/subject/4082101/,no,0.9,粤语仅为配音版本
1304476,独立时代,1994,杨德昌,汉语普通话 / 闽南话,中国台湾,8.8,31821,0,1,E2,Birdy（王也明）、Molly（倪淑君）、琪琪（陈湘琪）、小明（王维明）四个大学同学毕业后做着不同的工作，表面光鲜程度虽有异，都有身份转变（由学生到社会人）时期的尴尬。而这其中最难做人的，是夹在好友Molly与男友小明之间的琪琪，她只能暗自努力，以期好友、男友的事业与生活能有所改观，三人的关系能有所改善，却得到双方的误会。Molly的姐夫（阎鸿亚）在认定生活就是由若干玩笑构成的排列组合后，开始转,影片以犀利高频的对白 and 舞台化的群戏调度，对现代都市男女的精神空虚与伪善进行了无情解构。,https://movie.douban.com/subject/1304476/,yes,0.9,杨德昌台北闽南话群像
1308130,少女小渔,1995,张艾嘉,汉语普通话 / 英语 / 粤语,中国台湾,7.9,30489,0,0,,为了帮半工半读的男友江伟（庹宗华）分担压力，小渔（刘若英）从中国非法来到纽约做劳工，江伟急于摆脱生活的困境，说服小渔同现居纽约的意大利老头Mario（Daniel J. Travanti）假结婚，以便取得绿卡后自己也能入籍。Mario表面看来是欠了一屁股赌债的潦倒赌鬼，却有既风光又无奈的过去，小渔对他的身世了解后，开始对其进行无微不至的照顾，而Mario也被小渔的单纯打动，重新执笔开始写作，两人渐,影片通过张艾嘉温柔女性视角，细腻描摹了异国移民边缘生活的无奈，展现了女性自我意识的觉醒。,https://movie.douban.com/subject/1308130/,no,0.85,纽约移民片粤语点缀
6721670,秦时明月之龙腾万里,2014,沈乐平,汉语普通话 / 陕西方言,中国大陆,6.9,29856,0,1,E2,千年之前，一场可怕的战争燃烧了整片大地。蚩尤将战火引向各处，最终他被黄帝打败，遭到封印。然而野心勃勃的帝王秦始皇派出铁骑入侵楼兰，寻找传说中的可怕武器“兵魔神”。某边塞小镇，顽皮机警的少年荆天明（冯骏骅 配音）意外卷入一场最敬爱的吕老伯（程玉珠 配音）和神秘阴阳家的纷争之中，在被追杀的关键时刻，他得到了天下第一剑客盖聂（刘钦 配音）和项氏一族少主项小羽（沈达威 配音）的援助。吕老伯此前曾叮嘱天明将,经典电影暂无评价,https://movie.douban.com/subject/6721670/,no,0.85,动画普通话配音方言点缀
1947270,天狗,2006,戚健,汉语普通话 / 晋语,中国大陆,8.7,29247,0,1,E2,伤残军人李天狗（富大龙）复员后，听从组织安排携带妻子桃花（朱媛媛）和儿子来到偏远山区当起国有林场的护林员，他没想到的是，眼前淳朴善良的农民发家致富的招数竟是乱砍乱伐乱卖林区的树木，而被当地人称为“三条龙”的孔家三兄弟是始作俑者兼幕后推手。为履行自己的护林人职责，李天狗开始了一个人的战斗，在这一过程中，他遭遇的威胁一次比一次升级（桃花甚至遭到侮辱），可是，他始终没忘记自己是一名共产党员，用自己的实际,影片以写实粗粝的黄土高原为背景，刻画了一个护林员孤勇的悲歌，是对人性贪婪与社会正义的沉重叩问。,https://movie.douban.com/subject/1947270/,yes,0.9,晋语山村护林片
1291876,黄土地,1984,陈凯歌,汉语普通话 / 陕西方言,中国大陆,7.9,29131,0,1,E2,陕北黄土高原上的贫苦女孩翠巧（薛白饰），自小由父亲（谭托饰）作主定下娃娃亲。八路军文工团团员顾青（王学圻饰），为采集民歌来到翠巧家，一段时间后，与翠巧家彼此仿佛自家人般。顾青讲述起延安妇女婚姻自主的情况，翠巧听后，心生向往。父亲虽善良，可又愚昧，他要翠巧在四月里完婚。顾青行将离去，翠巧要随去延安，顾青有心无力。翠巧弟弟憨憨（刘强饰）跟着顾大哥，送了一程又一程。翻过一座山梁，顾青看见翠巧站在峰顶上，,影片以极具黄土高原风情的构图与悲凉的民歌，奠定了第五代导演的写实美学，展现了土地与生命的厚重。,https://movie.douban.com/subject/1291876/,yes,0.9,陕北方言民歌经典
11443316,龙之谷：破晓奇兵,2014,宋岳峰,汉语普通话 / 粤语,中国大陆,7.7,28206,0,1,E2,不务正业的流浪少年兰伯特意外听到了邪恶的大黑龙手下魔族准备攻占阿尔特里亚大陆的情况，为了保护家乡他与魔物周旋被困，却被游侠巴尔纳救下，加入到了游侠杰兰特、阿尔杰塔（景甜 配音）的队伍中。精灵一族中的法师首领卡拉秋（夏梓桐 配音）也带着公主内尔文与弓箭手随从莉亚（徐娇 配音）前来邀请人类国王参战，面对魔物的入侵，他们和游侠队伍以及人类骑士贝斯柯德（胡歌 配音）组成了对付大黑龙的联盟。众人历经困难来到,经典电影暂无评价,https://movie.douban.com/subject/11443316/,no,0.9,动画配音版本标签
4237863,一场风花雪月的事,2013,高群书,汉语普通话 / 英语 / 韩语 / 日语 / 粤语 / 意大利语,中国大陆,4.5,28185,0,-1,N2,08年夏天，失踪多年的国宝——金佛，重现在韩国头号黑帮——金氏家族之手。警方在金氏次子正熙（在熙 饰）潜入深圳境内避难时，安排女警吕月月（Angelababy 饰）以全程保护正熙之名追查金佛下落，两人经历了险象环生的黑帮追杀后情愫暗生，导致月月与警察男友薛宇（黄晓明 饰）的关系变得紧张。正熙答应配合警方的行动，却在哥哥正泰的安排下，携金佛潜逃。正熙失踪的日子里，月月与薛宇逐渐重修就好，正熙突然出现,经典电影暂无评价,https://movie.douban.com/subject/4237863/,no,0.9,合拍警匪爱情片
3892449,熊猫大侠,2009,王岳伦,汉语普通话 / 四川方言,中国大陆,4.4,27387,0,1,E2,南宋年间，金国老狼主派出刺客叽里咕噜潜入临安，图谋在临安城举办“天下一心”文艺汇演之时刺杀励精图治的大将军（任泉 饰）。二人多方打探得知演出当天将有一只从卧龙运来的会跳舞的熊猫表演，于是便想出计策冒充接镖人绑架大熊猫以图接近大将军。家居四川年逾四十却又一事无成的飞镖师傅王老吉（刘桦 饰）被误认为是“天下第一镖师”而接手押运大熊猫一差，王老吉为了证明自己可以吃镖师这碗饭，遂怀揣押镖秘籍一本，义无反顾,经典电影暂无评价,https://movie.douban.com/subject/3892449/,yes,0.75,四川方言古装喜剧
26957500,老兽,2017,周子阳,汉语普通话 / 晋语,中国大陆,7.0,26662,0,1,E2,老杨曾是财富激荡时代的乍富阶层，如今已破产多年，赋闲在家。某日他挪用老婆的救命手术费让子女们忍无可忍，一出儿子绑架老子的荒诞闹剧上演，老杨怒其不念养育之恩，毅然把不孝子告上法庭……这出现代家庭闹剧终以悲剧收场。,经典电影暂无评价,https://movie.douban.com/subject/26957500/,yes,0.85,鄂尔多斯晋语家庭片
3629232,带我去远方,2009,傅天余,汉语普通话 / 闽南语,中国台湾,7.5,25264,0,1,E2,故事发生在海边宁静的小渔村里。女孩阿桂（李芸妘饰幼年，游昕饰成年）从小眼中的世界，就跟其他人不同——她是个色盲。虽然这注定了她与周遭现实的格格不入，但却没有让她失去对生活的希望，她拿着爸爸送的多色眼镜，发现了不同颜色的天空。跟她一样对生命充满向往的还有她最崇拜的堂哥阿贤 （林柏宏饰）。阿贤 告诉她，在遥远的南太平洋有一座色盲岛，岛民都是跟阿桂一样不能分辨颜色的人。美丽的故事安慰了阿桂，让她觉得自己,经典电影暂无评价,https://movie.douban.com/subject/3629232/,yes,0.85,闽南语渔村少女片
26324232,摇摇晃晃的人间,2017,范俭,汉语普通话 / 湖北方言,中国大陆,7.9,23700,0,1,E2,余秀华，一个农村女性，从小患有脑瘫，在2015年成为中国最有名的诗人。她写出《穿越大半个中国去睡你》，强烈的情感与欲望引人注目。20年前，余秀华的母亲将懵懂无知的她嫁给了一个比她大十几岁的陌生男人，这段形同陌路的婚姻成为她一生的疼痛和遗憾。余秀华写诗，试图与自己的命运对话，写残缺的身体，写她对真爱的渴望。随着余秀华的成名和经济上的独立，她想通过离婚来重新掌控自己的命运，结束这段没有爱的婚姻。然而她,影片以极其质朴而饱含生命力的镜头，对准了脑瘫诗人余秀华，展现了其对爱情与自由的执着抗争，富有震撼诗意美感。,https://movie.douban.com/subject/26324232/,yes,0.9,余秀华湖北方言纪录片
1309087,世界,2005,贾樟柯,汉语普通话 / 晋语 / 俄语 / 英语,中国大陆 / 日本 / 法国,7.4,23440,0,1,E2,身为北京世界公园民俗村的一名舞蹈演员，赵小桃（赵涛）对身边微缩的世界早已厌倦，渴望有天同也在民俗村做保安队长的男友成太生（成泰燊）一起坐飞机去看看外面真实的世界。前任男友的到访，令赵小桃想起她同成太生刻骨铭心的初遇以及目前两人过的平庸日子，明白昔日的理想早被粉碎，而刚结识的一见如故的俄罗斯姑娘安娜的突然离去，加深了她对现实生活意义的怀疑，认识到她和成太生对彼此的忠贞，是生活里所剩的唯有美好。然而人,影片以极其写实灰暗的镜头，在深圳世界之窗这一虚无的奇观背景下，展现了底层边缘群体的精神空虚与生存挣扎。,https://movie.douban.com/subject/1309087/,yes,0.85,贾樟柯晋语北漂片
30419744,春江水暖,2020,顾晓刚,汉语普通话 / 杭州话,中国大陆,7.3,23195,0,1,E2,六百年前元朝画家黄公望先生以富春江两岸风貌画下《富春山居图》，为迎接2022年亚运会，富阳正在热火朝天地进行新城建设。在此背景下，《春江水暖》讲述杭州富春江畔，四兄弟分四季轮流照顾中风后失智的母亲，四个家庭面临亲情与生活的考验，借由一年四季的冷暖变化如画卷般徐徐展开。,如诗如画的运镜与古典东方美学完美融合，细腻勾勒出时代变迁下家族人生的温情与无奈。,https://movie.douban.com/subject/30419744/,yes,0.9,富阳杭州话家族片
35154957,消失的情人节,2020,陈玉勋,汉语普通话 / 闽南语,中国台湾,7.2,22894,0,1,E2,公车司机阿泰（刘冠廷/饰），是一个动作慢吞吞、连手表的时间、地震的感应都比别人慢的奇葩。他每天都会去邮局，找柜员杨晓淇（李霈瑜/饰）寄一封不知道给谁的平信。柜员杨晓淇和阿泰完全相反，是个凡事抢拍的超级急性子，唯独感情生活毫无进展，年近三十还是母胎单身。情人节前夕，杨晓淇被天菜阳光男刘老师（周群达Duncan/饰）搭讪，终于情窦初开的晓淇和刘老师天雷勾动地火；想不到一觉醒来，刘老师再无音讯、而且情人,奇幻精巧的时间设定与温暖治愈的色调，为都市男女编织了一出酸甜交织的浪漫童话。,https://movie.douban.com/subject/35154957/,yes,0.85,陈玉勋闽南语奇幻爱情
10833919,美姐,2013,郝杰,汉语普通话 / 晋语,中国大陆,7.8,22704,0,1,E2,铁蛋的爱情开始得早，八岁就恋上了邻家巧妇美姐（叶兰 饰 成年美姐）。文革禁唱地方戏曲二人台，也驱离了美姐一家人。辗转十多年，铁蛋（冯四 饰）俨然已是条汉子。随着美姐（杜焕荣 饰 中年美姐）与三个女儿返乡，看似忘不掉美姐，铁蛋先与其大女儿（叶兰 饰）私恋未果，却被迫娶了二女儿（葛夏 饰）作为“补偿”。最后决定跟着戏班子流浪，随他出门的却是美姐家的老三（叶兰 饰）……有道是二人台不是天天有，情歌永远唱,充满乡土气息的原生态镜头与浓烈的情欲纠葛相结合，展现了黄土地上生命的野性与哀歌。,https://movie.douban.com/subject/10833919/,yes,0.9,晋语二人台乡土片
24751765,喜羊羊与灰太狼之飞马奇遇记,2014,简耀宗,汉语普通话 / 粤语,中国大陆,5.9,21984,0,1,E2,在经典的童话故事里，如梦如幻、色彩斑斓的天马之城，英俊的飞马王子（郑恺 配音）即将迎娶美丽的蓝马公主（白百合 配音），谁知婚礼现场却被抢婚的小矮马（刘红韵 配音）所破坏。飞马王子在追逐小矮马的时候遭遇意外，坠落到了青青草原。与此同时，草原上这个经典童话的结局也发生了改变。为了让痛哭流涕的大人们重新振作起来，也为了帮助飞马王子找回真爱，喜羊羊、美羊羊、懒洋洋、暖洋洋、沸羊羊以及小灰灰拿到了村长发明的,经典电影暂无评价,https://movie.douban.com/subject/24751765/,no,0.9,动画配音版本
4166487,肩上蝶,2011,张之亮,汉语普通话 / 粤语,中国大陆,4.9,21556,0,1,E2,电影《肩上蝶》，改编自傅玉蓬的网络文章《你的肩膀上有蝴蝶吗？》。故事发生在一个遭受致命传染病威胁的小岛。著名生物学家严国（陈坤 饰）专注于研究，希望找到治愈疾病的方法，但自己却被病魔所侵生命垂危。未婚妻宝宝（江一燕 饰）同神秘生灵定下契约：变成蝴蝶三年来交换严国的康复。严国恢复了健康却失去了爱人，变得忧郁孤僻。变成蝴蝶的宝宝只能够看着他一天天消沉但无能为力。严国得到了邻居白兰（桂纶镁 饰）和女记者,经典电影暂无评价,https://movie.douban.com/subject/4166487/,no,0.9,合拍奇幻爱情片
1307561,青少年哪吒,1992,蔡明亮,汉语普通话 / 台语,中国台湾,8.0,21128,0,1,E2,拿着退来的补习费用逃离压抑的补习班后，小康（李康生）开始漫无目的的在西门町晃荡，偶遇有着另一种身份过着另一种日子的“不良少年”阿泽（陈昭荣），被其吸引，渴望融入其生活。但阿泽只是表面看来光鲜，打电动、开一辆重型机车在街上呼啸只因可以暂时让自己看起来像个胜利者，内心却一样是封闭孤独的。在跟踪阿泽的过程中，小康渐发觉自己的性向可能与大多数人有别，也发现阿泽生活的单调与苦闷。但好过小康的是，阿泽虽也几乎,蔡明亮以极简的对白与潮湿泥泞的台北街景，精准描摹出都市青年的孤独挣扎与虚无宿命，风格沉郁冷冽。,https://movie.douban.com/subject/1307561/,yes,0.9,蔡明亮西门町台语片
2038365,十三棵泡桐,2007,吕乐,汉语普通话 / 四川话,中国大陆,7.1,21049,0,1,E2,故事描写女孩何风与几个男孩子之间难以言述的情感，和发生在她18岁夏天的一段青春故事。,经典电影暂无评价,https://movie.douban.com/subject/2038365/,yes,0.85,成都四川话青春片
4291275,到阜阳六百里,2011,邓勇星,汉语普通话 / 上海话,中国大陆 / 中国台湾,7.7,20568,0,1,E2,心高气傲的年轻女子曹俐（秦海璐饰）本想一探外面的世界，一路从深圳打拼到光鲜亮丽的大都市上海。背井离乡的曹俐，努力逃离她失败的婚姻和生意经营的失败。然而她却仍生活在社会的最底层。她与中年妇女谢琴（唐群饰）合租在两平米不到的简陋小房内，每日疲于奔命地打工挣钱。同乡狗哥骗来一辆旧巴士，邀曹俐入伙推销阜阳返乡车票，哄骗二十八个阿姨乘车返乡。虽然离上海老家只有六百里，但她依旧不敢踏上回家的路。本部仅用18天,经典电影暂无评价,https://movie.douban.com/subject/4291275/,yes,0.85,沪语底层打工女性片
24891524,5月天诺亚方舟,2013,刘名峰,汉语普通话 / 英语 / 闽南语,中国台湾,8.5,19768,0,0,,故事主轴以马雅人的2012/12/21末日预言贯穿。末日不如预言发生，但是贪婪的人类对自然和社会的无度需索，予取予求，终于有一天新能源厂事故，造就人类自食恶果，文明毁灭。以小男孩找到一把吉他作故事的开端，和爷爷在人类亲手造成的末日前夕相逢。爷爷想着自己不会弹吉他而错过了某些人生与爱情，打电话给过去的自己，希望改变这个过去的事实，进而改变生命，让走到末路的人类文明起死回生。“诺亚方舟”演唱会共以五大,经典电影暂无评价,https://movie.douban.com/subject/24891524/,no,0.85,演唱会电影
26282530,再见，在也不见,2016,忻钰坤 / 陈世杰 / 西瓦罗·孔萨库,汉语普通话 / 英语 / 泰语 / 粤语 / 闽南话,中国大陆 / 新加坡 / 泰国 / 中国台湾,5.9,19633,0,2,E1+N2,电影分为三个发生在不同时期、地点但是相互有着关联的故事。《背影》：陈经理（陈柏霖 饰）受公司所托前往广西进行业务考察，在工厂里，他意外的遇见了和自己失散多年的父亲。如今的父亲已然垂垂老矣，他早已经认不出儿子的面庞了，而陈经理也似乎并没有和父亲相认的打算。《湖畔》：陈德明（陈柏霖 饰）刚刚喜为人父，一封来自监狱的信便冲淡了这份喜悦。原来，他曾经的挚友（杨佑宁 饰）即将面临死刑的制裁，他要去新加坡送他,经典电影暂无评价,https://movie.douban.com/subject/26282530/,uncertain,0.5,多国别三段拼盘方言占比不明
5294344,出轨的女人,2011,潘源良,普通话/国语 / 粤语,中国香港,5.8,19092,0,0,,万太太（夏文汐 饰）于无意中发现丈夫出轨的照片，十分痛苦伤心。朋友Jojo（叶璇 饰）和何太（吴家丽 饰）等人拉她去了邻近的某高级娱乐会所嫖男妓。Jojo与丈夫黑白哥（杜汶泽 饰）感情冷淡，生活不合，因此长期在外寻欢作乐。何太太的丈夫忙于生意，冷落了家庭，她寂寞孤寂之下也开始在外寻欢作乐。在会所里，何太和万太同时看上了帅气迷人的bill（陈伟霆 饰）。心灰意冷的万太却发现bill对她分外热情，两人,经典电影暂无评价,https://movie.douban.com/subject/5294344/,no,0.7,港产都市片默认排除
3552301,爱到底,2011,方文山 / 九把刀 / 黄子佼 / 陈奕先,汉语普通话 / 台语,中国台湾,6.0,18895,0,1,E2,三声有幸：本段故事讲述了失去儿子的老母亲，每年儿子忌日都会接到儿子的电话，使她有了活下去的希望。然而这一切都是儿子生前安排好的，找了声音相似也生了重病的阿正(范逸臣 饰）带打的电话。阿正病情越来越重，也在网上找寻和自己声音相同的人，让心爱的女友（赖雅研 饰）有他的声音相随......华山·24：心悠（刘心悠 饰）在华山给歌星Lens(柯有纶 饰）当MV女主角。MV导演蓝key(蓝正龙 饰）和心悠是,经典电影暂无评价,https://movie.douban.com/subject/3552301/,yes,0.75,台语三段式爱情片
1298871,海滩的一天,1983,杨德昌,汉语普通话 / 闽南话 / 日语 / 德语,中国台湾,8.4,18810,0,1,E2,林佳莉（张艾嘉 饰）成长于台湾南部传统小镇的医师家庭。她和哥哥林佳森（高鸣鸿 饰）二人自幼接受精英教育，从名校大学毕业。然而，佳莉不愿跟哥哥一样，被迫放弃恋人谭蔚青（胡因梦 饰），而接受父亲之命所强加安排的婚姻。她毅然离家北上，和恋人程德伟（毛学维 饰）在台北这个急速现代化的城市中结婚定居。 然而，70、80年代经济起飞的台湾，商业竞争骤烈，德伟逐渐卷入那个金钱竞逐、应酬酒色的世界，最终迷失了自己,影片以多重视角与悠长缓慢的叙事，拼贴出传统女性在现代浪潮中的迷失与觉醒，奠定了杨导隽永深刻的写实美学。,https://movie.douban.com/subject/1298871/,yes,0.9,杨德昌南部闽南语片
26263919,谋杀似水年华,2016,陈果,汉语普通话 / 云南方言,中国大陆 / 中国香港,3.9,17643,0,1,E2,田小麦（杨颖 饰）和盛赞（张超 饰）相恋多年，即将携手步入婚姻的殿堂，然而，就在这个节骨眼上，田小麦身为刑警的父亲在工作中不幸因故身亡，悲伤之余，田小麦在父亲的遗物之中发现了一本探案笔记，上面记载了十年前的一桩悬案，同时也让田小麦回想起了自己的初恋秋收（阮经天 饰）。某日，田小麦从好友处得知了一间贩卖世间一切东西的网店，在店中，田小麦买了一条紫色丝巾。之后，诡异的事情接二连三的发生，种种蛛丝马迹均,经典电影暂无评价,https://movie.douban.com/subject/26263919/,no,0.85,合拍悬疑片方言点缀
4253448,第四张画,2010,钟孟宏,国语 / 闽南语,中国台湾,7.7,16933,0,1,E2,男童朱云翔（毕晓海 饰）的父亲过世，生活无人照顾，来自大陆的老校工张先生（金世杰 饰）外冷内热，在朱云翔生母吴春兰（郝蕾 饰）到来前照顾了小翔一段时间。吴春兰十几年前由大陆赴台，短暂的迷梦破灭后又经历了牢狱之灾，如今栖身于风尘场所。靠摆摊维持生活的继父（戴立忍 饰）被恨意所填充，对小翔的到来颇多怨气。幸好小翔结识了当地的小混混手枪仔（纳豆 饰），手枪仔用偷来的轻骑带小翔兜风，配合手枪仔盗窃和强抢小,影片用极具诗意的冷冽镜头与压抑逼仄的家庭氛围，揭示了童年阴影与社会边缘痛楚，影像风格冷峻而充满关怀。,https://movie.douban.com/subject/4253448/,yes,0.85,钟孟宏闽南语家庭片
4307349,父后七日,2010,刘梓洁 / 王育麟,汉语普通话 / 闽南语,中国台湾,8.0,16209,0,1,E2,得到父亲（太保 饰）去世的消息，女儿阿梅（王莉雯 饰）从台北回到乡里，和哥哥一起为父亲操持后事。在师公严格指挥下哭丧，折纸莲花的唠叨妇女们，被太阳晒爆的罐头塔……阿梅时时被荒诞的乡下丧葬习俗、彼此联系诡谲的乡里人情弄得哭笑不得，与父亲的往事一幕幕涌上心头，成年以来的二人 疏离，在回忆中才慢慢贴近。繁琐冗长、笑多过泪的丧事终于处理结束，阿梅独个回到城市繁忙生活。几个月后，阿梅过境香港机场，习惯性想买,影片以台湾本土特有的繁复丧葬仪式为载体，在荒诞幽默的民俗画卷下，包裹着极其深沉克制、令人泪目的父女温情。,https://movie.douban.com/subject/4307349/,yes,0.9,闽南语丧葬民俗喜剧
26924141,低压槽：欲望之城,2018,张家辉,汉语普通话 / 粤语 / 英语 / 泰语,中国大陆 / 中国香港,4.3,15981,0,1,E2,孤城，一座浮华却堕落的罪恶之城，这里充斥着金钱与利益的争夺。然而，在这个亡命之徒的乐园里，仍有少数人坚持着自己心中的正义……警方卧底于秋在上司阿占的运筹帷幄下，多次成功打入当地帮派，斡旋于多方黑色势力之中。于秋在黑帮生活中却好像渐渐迷失自我，他开始怀疑，是否只有“非常”的手段才能主持公正，这让阿占也开始质疑。一次卧底行动中，于秋冒着行动失败的风险和帮派老大激战，结果全体命丧当场。在道德和江湖道义的,影片以极具风格化的黑色罪恶美学和凌厉劲爆的动作格斗，构建了一个欲望都市里关于正义与救赎的寓言。,https://movie.douban.com/subject/26924141/,no,0.85,风格化警匪片
26647876,地球：神奇的一天,2017,理查德·戴尔 / 彼得·韦柏 / 范立欣,汉语普通话 / 英语 / 粤语,中国大陆 / 英国,8.1,15905,0,0,,曾成功推出电影《地球》的BBC地球影业带来了令人期待已久的续集——《地球：神奇的一天》，一段揭示自然界惊人力量的神奇旅程。一天内，我们跟随太阳的脚步从世界上最高的山到最远的岛、从野外的丛林走到繁华的城市。由于在电影制作技术上取得的惊人突破，从而我们可以让你能与一群难忘的角色亲密接触；幼年的斑马宝宝想要穿过一条湍急的河流， 英勇的企鹅爸爸每天都要从事一项与大海以性命相搏的工作来抚养家人，一个喜欢在大,影片以宏大壮丽的自然奇观与极富生命力的微观镜头，在一天的时间跨度里，深情谱写了地球万物的生命交响乐。,https://movie.douban.com/subject/26647876/,no,0.9,自然纪录片
25746414,暴走神探,2015,罗卓瑶,汉语普通话 / 英语 / 上海话,中国大陆 / 中国香港,5.4,15078,0,0,,上海滩，十里洋场，租界林立，妖孽辈出，钱多人傻，浮华与罪恶并存，故名“冒险家乐园”，又名“魔都”。作为租界最聪明的一名“包打探”，范如一（阮经天 饰）每天都要跟三教九流打交道，从中获取各式各样的查案信息，也因此深得老板信任。可直到有一天，在接手老板交代的一项绝密任务之后，各种意想不到的离奇事件接踵而至：军阀之女宋小乔（杨子姗 饰）遭到绑架，少年小六惨死街头，贵族学校女学生、巡捕房同事等均被卷入其中,影片以极具黑色幽默与怪诞摩登美学的民国魔都探案风格，将荒诞文青气质与阴谋重重的探案故事巧妙融合。,https://movie.douban.com/subject/25746414/,yes,0.75,民国上海探案沪语对白
1303458,南国再见，南国,1996,侯孝贤,汉语普通话 / 闽南语,中国台湾,8.1,14705,0,1,E2,高哥（高捷）接到小麻花（伊能静）的电话，赶到夜市见到被揍得鼻青脸肿的扁头（林强），没动手而是找到刑警欲讨公道，却被反抓，明白自己的尴尬处境——原来“弃武从文”只会使自己更难堪。可是以前混黑社会的日子，想想得来的也只有失落。因为不懂与时俱进，高哥显得很“可悲”，天早换成了另外的天，他却仍固守着原来的那朵云。30岁的他顾家、重情义、有思想，不想在打打杀杀中混日子，可是却无力改变环境，只能想办法适应环境,侯孝贤以漫不经心的长镜头与迷幻喧嚣的电子乐，勾勒出世纪末台湾边缘青年的虚无躁动与悲凉宿命。,https://movie.douban.com/subject/1303458/,yes,0.9,侯孝贤闽南语黑帮片
1308228,鲁冰花,1989,杨立国,汉语普通话 / 闽南语,中国台湾,8.8,14545,0,1,E2,年轻气盛的美术老师郭云天（于寒）从大城市调到水城乡小学后，发现其它老师眼中的“坏学生”古阿明（黄坤玄）是个绘画天才，加上调查后得知古阿明家境贫困，郭云天开始对他照顾有加，时常为他不惜同其它老师发生冲突。校长委托郭云天挑选一名美术选手代表学校参加比赛，郭云天力荐古阿明，遭到其它老师的反对，据理力争一番，郭云天终没抵过众人之口，心怀对古阿明的歉意带着他的一幅绘画离开了水城乡。而落选后的古阿明因为伤心外,影片以朴实无华的镜头语言和深沉的悲剧色彩，探讨了天才被社会现实扼杀的痛楚，真挚感人，催人泪下。,https://movie.douban.com/subject/1308228/,yes,0.9,闽南语乡土经典
1302537,火烧岛,1991,朱延平,汉语普通话 / 粤语 / 英语 / 塔加路语,中国台湾,6.7,13525,0,1,E2,警官黄伟（梁家辉 饰）被借调调查一件涉及警员犯罪的案子，为搜集证据，黄伟犯险入狱。火烧岛典狱长（柯俊雄 饰）治下的监狱充斥着暴力、不公，以及制度化的犯人殴斗。黄伟很快在狱中结识了室友小朱（庹宗华 饰）和因思念儿子多次越狱的刘世杰（洪金宝 饰），并经历了帮派人物大林（高捷 饰）的入狱洗礼。台球选手大锤（成龙 饰）因误杀帮派大哥钢珠（刘德华 饰）之弟入狱，大林受命向大锤复仇，此事被狱中大哥桂老大（王羽,流畅狂放的动作设计与凌厉的反转悬疑交融，在血雨腥风的江湖恩怨中拷问生存的道义。,https://movie.douban.com/subject/1302537/,no,0.85,全明星监狱动作片
6894068,宅男电台,2011,程亮 Liang Cheng,汉语普通话 / 日语 / 上海话,中国大陆,7.1,13320,0,0,,两个各自独立的小故事，靠一段电波维系。 深野和Moro，两个再正常不过的上海白领，每天深夜，他们会带上耳机，播放他们喜欢的五六十年代欧美老歌，主持一个令人着迷的深夜电台。 一只孤单 的铜把手，隔开了弄堂里多年独居的一位高龄宅女。她从不出门，做每件事前都要洗手，终日听着宅男电台⋯⋯,经典电影暂无评价,https://movie.douban.com/subject/6894068/,yes,0.8,上海弄堂沪语小品
5382848,鸡排英雄,2011,叶天伦,汉语普通话 / 闽南语,中国台湾,6.8,13036,0,1,E2,汇集台湾各路美食小吃的八八八夜市，每日都洋溢着温情向上的气氛，阿珠牛排、满妹鸡排、国平（赵正平 饰）以及服务台的美香等人照例为南来北往的游客提供美味小吃。长于夜市的阿华（蓝正龙 饰）新近当选为夜市自治会长，自此与小兄弟阿七调解夜市纠纷，维护摊贩利益。女记者林亦南（柯佳嬿 饰）在夜市附近与小七发生冲突，阿华一见林亦南，心中的情愫不自觉间已被唤醒，但林亦南的生活却自此陷入了一连串混乱，领导痛批、男友分,影片聚焦台湾本土夜市文化，在欢声笑语的乡土喜剧中，传达出小市民对抗资本压榨的团结温情。,https://movie.douban.com/subject/5382848/,yes,0.85,闽南语夜市喜剧
2375763,漂浪青春,2008,周美玲,汉语普通话 / 台语,中国台湾,7.5,12865,0,1,E2,妹狗，八岁的女孩每日要带盲女歌手姐姐菁菁（房思瑜 饰）去茶室卖唱，新乐手竹篙（赵逸岚 饰）虽是女性，可从打扮到做派都是男性的模式。妹狗对竹篙萌生了朦胧的情意，可是竹篙爱的却是姐姐。水莲（陆奕静 饰），年轻时选择和Gay阿彦结婚来掩人耳目，垂垂老去时，伴侣阿海已经不在人世，这时罹患艾滋病又遭遇爱人背叛的阿彦投靠她这法定的老妻。水莲此时却将阿彦误认为阿海，要他留在自己身边……竹篙，青春的年纪，她却只愿,影片以唯美典雅的女性视角与三段式结构，温润细致地抚摸了边缘群体在生命不同阶段的悲欢。,https://movie.douban.com/subject/2375763/,yes,0.85,台语三段式文艺片
4728518,人山人海,2012,蔡尚君,汉语普通话 / 贵州话,中国大陆,6.7,12775,0,1,E2,铁老大（陈建斌 饰）几年前在外地打工回到家乡之后，就不愿再离开家乡了，他决心安于现状，在茫茫大山深处养家糊口。他与弟弟在乡村的垭口开着摩的，维持基本的生计。一个午后，摩的司机们围聚于垭口等待乘客。铁老大没有想到这竟是他与兄弟的最后一次见面。一个乘坐弟弟摩托的长发青年（吴秀波 饰）在静谧的半道上突起歹意，持刀抢车，将弟弟杀害，然后驾车逃逸。铁老大决定千里追凶，为弟弟报仇雪恨。他骑着摩托车从南跑到北，,影片以冷峻沉默的纪实性手持摄影，真实记录了底层农民的复仇寻凶之路，刺骨折射残酷社会现实。,https://movie.douban.com/subject/4728518/,yes,0.85,贵州方言千里追凶片
26365631,冲天火,2016,林岭东,汉语普通话 / 粤语,中国大陆,3.5,12735,0,1,E2,宗天保任职护卫员的科学园大火，他舍身救了女研究员高玉。但研究所潘教授在大火中不幸辞世，潘教授的手写笔记在大火中消失。大火引发了灰尘风暴，令整个香港被雾霾卷盖。财阀王耀才投资的“天空一号”，让富人得以远离污染，而己故潘教授的助理唐永章变成他的合作伙伴，唐的发妻高玉继续在天空一号上钻研“超能干细胞”的“再生学”工作，完成潘教授的遗愿。从台湾来的家家带着癌症末期的妹妹小珍来香港求医，怎料两兄妹因此卷入一,影片在火爆惊险的港式动作片包装下，探讨现代医学伦理与人性的贪婪救赎，节奏明快张力十足。,https://movie.douban.com/subject/26365631/,no,0.85,港式灾难动作合拍片
26586488,红衣小女孩,2015,程伟豪,汉语普通话 / 台语,中国台湾,5.9,12201,0,1,E2,房产经纪人何志伟（黄河 饰）与奶奶（刘引商 饰）共同生活，他一心想要买属于自己的房子好跟交往5年的电台DJ女友怡君（许玮宁 饰）结婚，而怡君似乎还没有准备好。一天早上，阿伟发现奶奶离奇失踪了，通过门卫阿坤伯（张柏舟 饰）的帮忙，他发现奶奶疑似被一名诡异的红衣小女孩给带走了，这可能与山中传说有关，而危险正在步步靠近着自己。事故的几天后，失魂落魄的奶奶回来了，而阿伟却失踪了，无奈之下怡君开始了惊心动魄,经典电影暂无评价,https://movie.douban.com/subject/26586488/,yes,0.8,台语民俗恐怖片
25951720,寻找心中的你,2016,刘伟恒,汉语普通话 / 粤语 / 英语,中国香港,7.4,11991,0,1,E2,在上世纪90年代，电话和电脑完全未普及的时候，一个男生（黄又南 饰）通过电台寻找他一见钟情的王家欣。而王家欣这个名字很普遍，他找到了其中的一个“王家欣”（吴千语饰），但却不并非他的真命天女。“王家欣”觉得男生大海捞针是很傻很天真的事情，但逐渐被其真诚打动，更发展处一段感情。该片来自导演刘伟恒的原创故事，讲述的是一个20世纪90年代发生在香港的一个男主角寻找一个叫王家欣的女生的故事。2015年，黄又,经典电影暂无评价,https://movie.douban.com/subject/25951720/,yes,0.75,90年代港式粤语纯爱片
1424582,红颜,2005,李玉,汉语普通话 / 四川话,中国大陆 / 法国,7.9,11576,0,1,E2,四川某县城里，还在上中学的小云意外怀孕了，她和男孩同时被学校开除，对方远走他乡，小云只能独立承受来自社会家庭的压力和歧视。小云母亲（李克纯饰）是名小学老师，她告知小云，孩子在生下的当天就死了。十年后，小云（刘谊饰）成了县川剧团的当家花旦。一天，小云偶遇了一个十岁男孩小勇（黄兴绕饰），聪明调皮的男孩很快成了她的好朋友。小勇被云姐的美丽吸引，他每天追逐她，偷看她甚至保护她。一直被周围人歧视的小云在小勇,影片以极其原原生艺术的镜头和女性视角，展现了中国西南小镇中残酷而隐秘的伦理悲剧。,https://movie.douban.com/subject/1424582/,yes,0.9,四川方言县城女性片
6858739,爱的面包魂,2012,高炳权 / 林君阳,汉语普通话 / 闽南语 / 英语 / 法语,中国台湾,5.9,11485,0,1,E2,在一个正港台客面包师傅，遇到了来自英国的贵族面包师傅，为了追求心爱的女孩，展开正面对决。两个男人，乡村面包店的土洋大战，谁输谁赢，口味将决定一切.......糕饼（陈汉典 饰）是一间位于在高雄乡间“源晨面包店”的面包师傅，和店长邱爸（廖峻 饰）的女儿晓萍（陈妍希 饰） 是从小到大的青梅竹马。非晓萍不娶的糕饼，有一天晚上精心筹划了一场求婚惊喜，但晓萍心中一直有个渴望实现的梦想，因此面对糕饼的求婚仍旧,经典电影暂无评价,https://movie.douban.com/subject/6858739/,yes,0.8,闽南语面包店喜剧
26306656,醉·生梦死,2015,张作骥,汉语普通话 / 闽南语,中国台湾,7.2,11137,0,1,E2,这一杯酒到下一杯酒之间，就是他们人生的全部。虽醒犹醉，男孩老鼠人生裡无所事事，菜市场裡厮混，好不容易遇上阻街的哑巴少女，生活又有了重心。老鼠崇拜表姊的恋人硕哥，硕哥却是万人迷，酒店挂牌牛郎正当红，连老鼠出了柜的哥哥上禾都心动，是酒让人迷，还是人生越喝越清楚，面对上禾诱引，硕哥生命裡以为永恒不变的定律就要鬆动。当家不成家，模糊爱与性别的分隔，一切都还有可能，逼临生命底线，与死亡贴面跳舞竟激出无比生命,影片以极其迷幻狂乱的影调与沉重悲凉的写实笔触，刻画了社会边缘人在欲望迷失与绝望中的哀鸣。,https://movie.douban.com/subject/26306656/,yes,0.85,张作骥闽南语边缘人片
7056398,喜羊羊与灰太狼之开心闯龙年,2012,简耀宗,汉语普通话 / 粤语,中国大陆,6.2,11069,0,1,E2,平静的一天，喜羊羊、沸羊羊在追逐一个神秘之人的过程中遭到了灰太狼以及恐怖的机械龙的攻击。在此之后，他们得到来自龙乐园的5个小家伙：变色龙、钻地龙、朦龙龙、七窍玲龙和轰龙龙的救助。从小龙的口中得知，龙乐园遭到机械龙无情的袭击，另一国度的危机也间接影响到了宁静祥和的青青大草原。与此同时，喜羊羊的父母也在时空旅行中遭遇意外。为了让龙乐园和青青大草原恢复原状，也为了拯救智羊羊和丽羊羊，羊村的小伙伴全副武装,经典电影暂无评价,https://movie.douban.com/subject/7056398/,no,0.9,动画配音版本
1302181,热带鱼,1995,陈玉勋,汉语普通话 / 闽南语,中国台湾,8.6,10927,0,1,E2,在台北市即将进入联考的紧张又炎热的夏天里，刘志强整天幻想着带暗恋的女孩去绿岛上坐潜水艇游海底，做着“热带鱼”的美梦。在又一次令父母失望的模考成绩下，他偶然在电视上看见一起绑架案，试图只身解救小孩没想到自己反被抓了去。绑匪阿庆（林正盛 饰）是自乡下来台北混世的打工仔，勒索失败后他把两个小孩带回了家。阿庆全家人生活困顿却其乐融融，一面悉心安顿两个小孩的生活另一面想办法如何获得高额的绑票。阿庆甚至找来辍,经典电影暂无评价,https://movie.douban.com/subject/1302181/,yes,0.9,陈玉勋闽南语绑架喜剧
1300581,至尊无上,1989,向华胜 / 王晶 / 元奎,汉语普通话 / 英语 / 粤语 / 日语,中国香港,7.4,10819,0,0,,有“亚洲第一快手”之称的陈亚蟹（刘德华 饰）因出老千入狱，刑满出狱后，他的搭档Sam（谭咏麟 饰）第一时间令助手波波（关之琳 饰）迎接。亚蟹刚获得自由，便同Sam合演了一出里应外合扮猪吃老虎的好戏。不久，两人受朋友所托，远赴美国调查日本出千团伙，结果顺利为赌场挽回损失，令日本人颜面扫地，日本方面自此寻机报复。Sam在美国结识了富家大小姐童可人（陈玉莲 饰），Sam使出众多浪漫桥段抱得美人归，也令岳,经典电影暂无评价,https://movie.douban.com/subject/1300581/,no,0.85,港式赌片
25832758,神笔马良,2014,钟智行,汉语普通话 / 山东方言,中国大陆,5.9,10377,0,1,E2,故事发生在风景秀丽的百花村，在那里，生活着一个名为马良（邵亦琛 饰）的男孩，马良虽然顽皮，却热爱画画，颇有天赋。某日，大将军（孟祥龙 配音）和小皇帝（王晓彤 配音）的到来打破了村庄内宁静的气氛，他们得知在村庄地下埋藏着价值连城的金矿，于是企图赶走全部村民，展开挖掘行动。泼墨仙人（吴文伦 配音）预感到百花村将有大难，于是将神笔赐予马良，让马良利用神笔化虚为实的神奇力量，保卫村民们赖以生存的家园。小皇,经典电影暂无评价,https://movie.douban.com/subject/25832758/,no,0.85,动画方言点缀
2271640,天下第二,2007,白秋林,汉语普通话 / 日语 / 英语 / 陕西方言 / 四川方言,中国大陆,6.0,10282,0,2,E1+N2,清朝末年，京东镖局的当家松三爷（王劲松 饰）正在为镖局的债务发愁，曾经的“天下第一”镖局，如今却如此落败，让松三爷好不感慨。这时，洋务派的领袖奕丰王爷，决定在国内举行比武大会，以便重振国威。比武大会不仅可以得到“天下第一”的称号，还可以获得万两奖金。于是，松三爷的远方表亲，爱出点子的镖局师爷诸葛明（张默 饰）向松三爷提议，参加这场比武大赛。为了偿还债款，松三爷踏上了去往京城的比武之路。在路上，他邂,影片在武侠喜剧的荒诞外衣下，通过各路江湖奇葩的夺宝经历，讽刺了名利虚无，轻松解压。,https://movie.douban.com/subject/2271640/,yes,0.75,陕川方言武侠喜剧
26994321,角头2：王者再起,2018,颜正国,汉语普通话 / 闽南语,中国台湾,6.6,9804,0,1,E2,《角头2：王者再起》故事描述仁哥（王识贤 饰演）面对曾经的好兄弟，如今却“走味”变成‘最换帖的敌人’的刘健（邹兆龙 饰演）重现江湖，不断挑起纷争与冲突，破坏仁哥的忍耐与努力维持的和平。看着刘健的事业版图逐渐扩大，身边的兄弟为了情义有所牺牲，仁哥终究按耐不住释放出心中的猛兽，与亦敌亦友的刘健正式开战，为江湖掀起腥风血雨的厮杀。,经典电影暂无评价,https://movie.douban.com/subject/26994321/,yes,0.85,闽南语黑帮片
2148295,奇迹世界,2007,宁浩,汉语普通话 / 天津话,中国大陆,7.7,9355,0,1,E2,宁浩所接关于韩国网络3D游戏《奇迹世界》的命题作业。小偷三儿（黄渤）得意洋洋步出监狱大门，来到一家网吧心不在焉地玩网游《奇迹世界》，他的注意力实在身旁女孩（聂鑫）的手机上，女孩与同伴正专心在该游戏世界里遨游。忽然，三儿收到与他一起作战的网友的“SOS”信号，对方称正被人绑架，并将难得一见的终极黄金装备丢于他，三儿预感真有命案要发生。因为自己的手机卡已报废，他开始四处找寻电话，却遭遇欲擒下他的警察（,《奇迹世界》以诙谐幽默的黑色幽默，将游戏虚拟世界与现实困境巧妙融合，深刻讽刺了现实社会的百态。,https://movie.douban.com/subject/2148295/,yes,0.8,宁浩天津话短片
4304212,当爱来的时候,2010,张作骥,汉语普通话 / 闽南语,中国台湾,7.4,9182,0,1,E2,16岁的来春（李亦捷 饰）有两个妈妈，当年爸爸“黑面”入赘大妈家却因为大妈不能生育，于是又娶了小妈。来春很享受这个大家庭里家人的关心，但有时她又觉得很有压力。来春意外怀孕之后，男友便消失了，但阿春却固执的坚持要把小孩生下来。爸爸因为过度饮酒而病危入院，整家人乱作一团，面对家庭的变故，来春好像一下子长大了。她渐渐理解了对自己要求严苛的小妈，而且也学会照顾和体谅家人，同时，一股温暖的感觉在她的体内伴随,《当爱来的时候》以质朴写实的台湾本土风格，温情叙述了问题家庭的爱恨纠葛，展现了女性生命的坚韧。,https://movie.douban.com/subject/4304212/,yes,0.85,张作骥闽南语家庭片
1888671,鸡犬不宁,2006,陈大明,汉语普通话 / 河南话,中国大陆,6.7,9152,1,1,E2,一向不景气的豫剧团接到了一个振奋人心的消息：香港某集团邀其演出。然而就在启程之际团长遇意外身亡，豫剧团随之解散。剧团里的三个好兄弟：马三（李易祥 饰）、刘兵（姚鲁 饰）和四海（金宏 饰）亦随之失业。马三失业后，无奈下只好把斗鸡作为谋生手段，其妻大红（小香玉 饰）一人分做两份工，一心想着出国；四海妻子素梅（徐帆 饰）去了深圳发展，四海贩起了狗，夫妻间渐渐疏离；刘兵靠老丈人的钱开了间相馆，可他却不满足,《鸡犬不宁》以河南地方戏曲为背景，用纯朴辛辣的黑色幽默折射了时代洪流下基层文艺工作者的生活困窘。,https://movie.douban.com/subject/1888671/,yes,0.9,河南话豫剧艺人喜剧
25756355,特工艾米拉,2014,徐宏辉,汉语普通话 / 粤语,中国大陆,3.0,9128,0,1,E2,女特工艾米拉在执行一项任务时受挫被停职，回家之后又发现家里突遇变故，爸爸被杀妈妈被绑。为了追查线索救出妈妈，艾米拉和男友杰森开始到处追查线索，但 却处处遭遇莫名杀手，陷入重重危机。在他们终于以为有了线索的时候，却不知道他们其实已经陷入了一场更为恐惧的生化危机……,经典电影暂无评价,https://movie.douban.com/subject/25756355/,no,0.9,动作片粤语点缀
25715087,最佳嫌疑人,2014,张承,汉语普通话 / 粤语 / 日语 / 韩语,中国大陆,6.0,8986,0,1,E2,百年药厂承工制药的老板李总（刘桦 饰），决定炒楼盘卖地，不想再卖药了。他重金聘请的香港高管阮大志（林俊贤 饰）牵线找来日本的买家宫下先生。不想，宫下看中的只是能够治愈失眠的玉露散神片的独家配方。就在双方谈判陷入僵局之时，声称手握秘方的“神秘人S”的出现更让谈判迷雾 重重。承工制药厂销售总监林以泰（苏有朋 饰）是一名重度失眠患者，整日似梦非醒唯唯诺诺工作的他，却阴差阳错洞悉S与日本买家的交易。成为捉,《最佳嫌疑人》是一部多线交织的烧脑商战悬疑剧，在黑色幽默中讽刺了金钱诱惑下都市上班族的神经质与疯狂。,https://movie.douban.com/subject/25715087/,no,0.85,商战悬疑片
11528251,告诉他们，我乘白鹤去了,2012,李睿珺,汉语普通话 / 甘肃方言,中国大陆,7.7,8786,0,1,E2,老马（马新春 饰）是村中有名的木匠兼画匠，到了73岁时他已不再下地干活，平日里除了在村口看看牌局、聊聊天，就是和村里另一名木匠老曹一起做棺材生意。但现在政府大力推行火葬，越来越少有人来寻两个老人制作棺材了。老曹近一年觉得自己身体状态很差，遂找了老马为自己制作了一个画着仙 鹤的棺材。做完这一副棺材，老马就去女儿家过中秋节，回来时老曹已驾鹤归西。老曹的尸体被偷偷埋在槽子湖旁的玉米地里，老马来这里拜祭，,影片以诗意安详的镜头语言与泥土般质朴的格调，探讨了土地、生命与中国传统的死亡哲学，发人深省。,https://movie.douban.com/subject/11528251/,yes,0.9,李睿珺甘肃方言棺材片
4078592,上海王,2017,胡雪桦,汉语普通话 / 英语 / 上海话 / 日语,中国大陆,4.8,8615,0,0,,电影讲述了20世纪初上海滩十里洋场、黑帮势力的角逐纷争。纷杂乱世中，奇女子筱月桂（余男 饰）与三代上海王之间充满传奇色彩的爱恨情仇。在妓院做丫头的乡下女孩小月桂（李梦 饰），“个高、胸大、没裹脚”，让老板新黛玉（白灵 饰）很不满意，却深得洪门老大常力雄（胡军 饰）欢心，成为一代上海王的女人。常力雄在与同盟会代表黄佩玉（秦昊 饰）接触过程中被暗杀，小月桂孤助无援，产女后流落乡下。历经数年艰辛，小月桂,经典电影暂无评价,https://movie.douban.com/subject/4078592/,yes,0.75,上海滩黑帮沪语对白
1302384,赵先生,1999,吕乐,汉语普通话 / 上海话,中国香港 / 中国大陆,7.7,8525,0,1,E2,上海市下岗女工周若敏（张芝华）无意中发现在某所大学任教师的丈夫赵先生（施京明）与从前的女学生田静（陈怡南）在搞婚外情时，于深夜对丈夫实施了凌厉攻势，要他在她与情人之间做出选择，赵先生不置可否。第二日，田静告诉赵先生说她已怀上他的孩子，也要赵先生给个交代，赵先生依旧含糊其辞。赵先生的不表态令田静非常伤心，赶去医院做了人工流产，闻讯赶来的赵先生在手术室外与田静的一位朋友交谈时渐处下风落荒而逃，在街上被,影片以极其平实、近乎冷酷的现实主义镜头，剖析了中年男性的情感困境与家庭矛盾，真实得近乎残忍。,https://movie.douban.com/subject/1302384/,yes,0.85,吕乐上海沪语写实片
27199913,灰猴,2019,张璞,汉语普通话 / 山西方言,中国大陆,5.9,8339,0,1,E2,电影《黄花梁上的灰猴们》讲述了一个荒诞离奇的犯罪型喜剧故事。影片通过一件“古陶坛子”为 引子，从而引出了一系列形形色色的人物：大智若愚的小饭店老板、见利忘义的无良商人、深明大义的老者、利欲熏心的小人、善良淳朴的朴实女孩、拜金风骚的妙龄女郎。种种风格迥异的角色加之各种棘手的麻烦事件，与“古陶坛子”这个主线巧妙结合在一起。张璞导演选择多角度的叙述手法，让故事情节环环相扣，先将悬疑抛出，再把线索一点一点,作品在充滥荒诞与反差的黑色幽默中，深刻剖析了现代社会中复杂的人性面貌与道德困境。,https://movie.douban.com/subject/27199913/,yes,0.85,山西方言犯罪喜剧
10604851,恶战,2014,黄精甫,汉语普通话 / 粤语 / 日语,中国香港 / 中国大陆,6.4,8305,0,1,E2,上海滩十里洋场，是无数人追梦的乐园……天生神力的青年马永贞（伍允龙 饰）从家乡来到上海谋生，在当时占有上海一半势力范围的老帮派斧头帮治下谋得一份苦工，岂料因同伴窃取斧头帮的鸦片，在后者发难之际与同住贫民区的老铁（洪金宝 饰）将工友救下，为了追踪那批鸦片的下落，马永贞与上海另一半势力范围的主人——新近崛起的龙七（安志杰 饰）不打不相识，并因为受到斧头帮排挤，不得不与同伴们投奔龙七。因秉持母亲的教诲，,经典电影暂无评价,https://movie.douban.com/subject/10604851/,no,0.85,上海滩动作片普通话主导
4707237,我的野蛮女友2,2010,马伟豪,汉语普通话 / 粤语,中国大陆,3.8,8003,0,1,E2,一个月前，尚真（熊黛林 饰）来到韩国首尔，偶遇了向女友求婚失败的书店老板健宇（立威廉 饰），健宇为人温厚善良，让沉浸在遭受男友背叛的痛苦中的尚真忽然萌生了一个想法：要利用健宇帮自己破坏男友的婚礼。于是，健宇跟随尚真来到中国，回家的尚真暴露出了“野蛮”的一面，对远道而来的国际友人疏于照顾。尚真的表妹永真（冯媛甄 饰）和姐姐一样令男人头疼，担任跆拳道教练的永真班中有一名缺乏男子气概的学员志凯（何炅 饰,经典电影暂无评价,https://movie.douban.com/subject/4707237/,no,0.9,合拍爱情喜剧
19962587,夜莺,2014,费利普·弥勒,汉语普通话 / 广西方言 / 法语,中国大陆 / 法国,6.5,7640,0,1,E2,朱志根（李保田 饰）和崇义（秦昊 饰）虽身为父子，但彼此之间关系却十分淡漠，甚至到了互不理睬的地步。虽然倩影（李小冉 饰）几次想要调解公公和丈夫之间的矛盾却均以失败告终。与此同时，倩影和崇义之间的夫妻情谊亦因为繁忙的工作和缺少沟通而产生了裂痕。朱志根有一个未了的心愿，那就是把过世的妻子送给他的夜莺带回妻子长眠的那片土地，并且在妻子的坟墓上将夜莺放生。一番波折和意外之后，朱志根带着孙女任幸（杨心仪 ,经典电影暂无评价,https://movie.douban.com/subject/19962587/,yes,0.8,广西方言祖孙公路片
4275444,有一天,2010,侯季然,汉语普通话 / 闽南语,中国台湾,6.5,7298,0,1,E2,女孩欣颖（谢欣颖 饰）和妈妈一起住在高雄旗津，并在往来高雄和金门的客轮上当福利社店员。欣颖的生活和其他居民一样平静安恬，唯一的不同就是他总是梦见一个男孩对她大声呼喊，但是她听不清他在喊什么，也看不清他的脸，欣颖一直以为那是她已故的爸爸。然而有一天，她在渡轮上遇见了一名服兵役的男孩阿聪（张书豪 饰），阿聪竟然声称自己是她未来的恋人，而且此刻他俩正身处一场可以改变彼此命运的梦中。欣颖觉得这荒唐极了，然,经典电影暂无评价,https://movie.douban.com/subject/4275444/,yes,0.75,高雄旗津闽南语奇幻
33464837,蓝色防线,2020,尚昌仪 / 周德新 / 刘欣,汉语普通话 / 英语 / 河南方言 / 努维尔语,中国大陆,8.6,7285,0,0,,我国首部海外维和战地纪实电影，本片为中国赴南苏丹维和步兵营全体官兵亲历记录，历经五年跟踪拍摄，横跨中国和非洲大陆，真实展现了我国第一支成建制维和步兵营，在南苏丹执行维和任务期间，在战火纷飞中保护当地难民营安全的故事。,影片以真实震撼的战地纪实镜头，记录了中国维和步兵营的生死考验，传递出捍卫和平的崇高使命。,https://movie.douban.com/subject/33464837/,yes,0.75,维和官兵河南方言纪实
26061902,东北偏北,2015,张秉坚,汉语普通话 / 东北方言,中国大陆,6.3,7251,0,1,E2,在东北地带，性侵案件频发，却始终抓不到罪犯，甚至没人能看清罪犯真容。公安队长李占山（班赞 饰）对刑侦知识没有太多认识，徒有一腔破案热情，对恶行深恶痛疾。当他遇见劳改下放的中医老教授蔡滨（李滨 饰），并与她成为破案搭档，大老粗搭档知识分子，英雄遭遇书生，彼此就成为了对方最大的问题，新鲜组合妙趣横生。在土方法和科学推理不断碰撞不断磨合下，诸多证据逐一浮现，来无影去无踪的罪犯也渐渐清晰。灵感启发自真实事,经典电影暂无评价,https://movie.douban.com/subject/26061902/,yes,0.85,东北方言破案喜剧
1302941,戏梦人生,1994,侯孝贤,汉语普通话 / 日语 / 闽南语,中国台湾,8.4,7236,0,0,,布袋戏大师李天禄（李天禄饰）出生于台湾的日本殖民统治时期，他用口述回忆自己的戏梦人生，故事终结于日本战败投降。小时候的李天禄家里充满矛盾，母亲去世，来了一位冷酷的继母（杨丽音饰），他跟父亲（蔡振南饰）学得掌上手艺后独自离家，随木偶剧团登台演出、四处游走。年轻时的李天禄（林强饰）入赘女方家里。后来战争爆发，布袋戏被禁。唱歌仔戏到邂逅丽珠（魏筱惠饰），太平洋战争爆发后，他加入“英美击减催进队”，为日本,影片采用侯孝贤标志性的长镜头与深焦摄影，将个人命运与历史变迁淡然相融，尽显中国古典美学。,https://movie.douban.com/subject/1302941/,yes,0.9,侯孝贤闽南语布袋戏传记
20515031,总铺师,2013,陈玉勋,汉语普通话 / 闽南语,中国台湾,7.1,7058,0,1,E2,二十多年前，台湾办桌界有三大传奇总铺师称霸北、中、南，分别为憨人师、鬼头师与苍蝇师，乡民们尊称为“人、鬼、神”三霸。随着时代变动，办桌文化终于逐渐式微，人鬼神凋零。苍蝇师想将家传手艺交给独生女詹小婉，谁知小婉只想当明星，美美的出现在萤光幕前。但一心想逃离油烟血水的小婉，却被迫面对巨大的挑战和使命。,影片以绚丽喧嚣的台式草根美学与轻松幽默的叙事，谱写了一曲关于古早味饮食与人情温暖的狂想曲。,https://movie.douban.com/subject/20515031/,yes,0.85,陈玉勋闽南语办桌喜剧
26961159,囚,2017,马莉,汉语普通话 / 东北方言,中国大陆,9.1,7029,0,1,E2,中国东北某精神病院封闭疗区。精神分裂症，躁狂，抑郁，性冲动，酒瘾患者……包括他，都将在这里接受强制性封闭治疗。从清醒的瞬间，他们就开始试图挣脱这座囚室，但在这里，挣扎毫无意义。此后，他们将在药物的控制下和不容置疑的规训之下，开始自我反思，它触及灵魂，意志，欲求，思想……,影片用长达四小时的长镜头与克制的黑白影像，近乎残忍地凝视了精神病院里人性的尊严、荒诞与挣扎。,https://movie.douban.com/subject/26961159/,yes,0.9,东北精神病院纪录片
1299227,魔法阿妈,1998,王小棣,汉语普通话 / 闽南语,中国台湾,8.9,6739,0,1,E2,台北小孩豆豆（庄博文 配音）因为爸爸出车祸，妈妈要处理后世因此不得不先搬去台南和外表可怕的阿妈（文英 配音）同住。但是不久豆豆就惊奇地发现阿妈其实是拥有制服妖怪法力的驱魔师，鬼怪都很怕她。有一天，由于豆豆的贪玩，一个鬼怪（许杰辉 配音）被放了出来，鬼怪为了对付阿妈，利用豆豆做出了一些伤害阿妈的事情以增强自身的魔力。而在朝夕相处下，豆豆对阿妈的感情也起了变化，阿妈会不会被击败，就在最后关头了，豆豆能,影片画面精致优美，想象力天马行空，用温暖治愈的故事与生动的角色，传递出纯粹的爱与勇气。,https://movie.douban.com/subject/1299227/,yes,0.9,闽南语动画经典
26177735,皮绳上的魂,2017,张杨,汉语普通话 / 藏语,中国大陆,7.2,6536,0,1,E2,《皮绳上的魂》改编自中国魔幻现实主义代表作家扎西达娃的两部短篇小说：《西藏，系在皮绳结上的魂》和《去拉萨的路上》，影片讲述一个背负原罪与世仇，死而复生的猎人经活佛点拨，一路降服心魔，最终将圣物天珠护送进入莲花生大师掌纹地的故事。,张杨在藏区绝美荒凉地貌中展开的魔幻现实之旅，以多重时空错置的叙事，探寻关于救赎与轮回的深邃真谛。,https://movie.douban.com/subject/26177735/,yes,0.85,藏语魔幻公路片
1424631,大李小李和老李,1962,谢晋,汉语普通话 / 沪语,中国大陆,8.1,6348,0,1,E2,上海某肉联加工厂工会主席大李（刘侠声）是个热心人，却有个不雅的“气象台”绰号：他工作虽积极，身体却由于不运动十分糟糕，一到阴雨天就会腰酸腿疼，邻居只要见他手拿雨伞出门，效仿着准没错。车间主任老李（范哈哈）认为工作远比体育重要百倍，很是不满成日嚷嚷要在厂里搞种种体育活动的儿子小李（姚德冰）。厂里职工大力士（关宏达）自认力气大过天，对体育活动也是一脸不屑。小李和其他热爱体育的同事商量，决定选出一个体协,谢晋导演以风趣幽默的滑稽戏风格和生动的上海市民群像，展现了新中国群众体育运动的热潮，充满生活情趣。,https://movie.douban.com/subject/1424631/,yes,0.9,沪语滑稽戏体育喜剧经典
2230890,无用,2007,贾樟柯,汉语普通话 / 粤语 / 英语 / 法语,中国大陆 / 中国香港,7.2,6197,0,1,E2,炎热潮湿的广州，某服装厂内，来自祖国各地的青年职工在喧嚣闷热的厂房中紧张忙碌。靓丽新潮的服装经一道道工序制作出来，行销各地。独立品牌EXCEPTION（例外）的服装也在此诞生；青年设计师马可与好友创立了别具一格的“例外”，她将自己对时尚、历史、文化的感悟全部融入服装设计之中。在即将到来的2007年巴黎时装周，马可带着“无用”系列来到这个时尚之都；远在千里之外的山西汾阳，由于服装工业化的批量生产，致,贾樟柯的绅录片，通过服装设计与底层劳工的对比，展现了对人道主义的深刻关怀与绅实美学。,https://movie.douban.com/subject/2230890/,yes,0.7,贾樟柯纪录片粤语汾阳段落
1305441,人在纽约,1989,关锦鹏,汉语普通话 / 英语 / 粤语,中国香港,7.5,6172,0,0,,来自两岸三地的三位中国女人，大陆女子赵虹（斯琴高娃 饰）、台湾女子黄雄屏（张艾嘉 饰）以及香港女人李凤娇（张曼玉 饰）因缘际会在他乡异地美国纽约相遇相知，很快成为了朋友。然而不同的出身背景以及思想观念让三人矛盾尽现。与美籍华人刚刚结婚的赵虹，对移民生活抱着无限憧憬与向往；在美国生活了十多年的黄雄屏，早已深受美式思想影响，醉心于舞台艺术，一心想跻身美国舞台，被美国人接受；而个性独立的香港移民李凤娇，,经典电影暂无评价,https://movie.douban.com/subject/1305441/,no,0.85,纽约华人片普通话英语为主
25727544,寻找罗麦,2018,王超,汉语普通话 / 英语 / 藏语 / 法语,中国大陆 / 法国,4.2,6111,0,0,,赵捷和罗麦相识已久，在经历过一次导致少年意外死亡的车祸之后，二人逐渐产生罅隙。事后，罗麦去了西藏，却全然未知等待他的是一场不测风云。罗麦走后，赵捷也踏入这段象征涅槃与救赎的莲花之旅，一直在路上的他，始终在寻找着一个模糊的身影。,经典电影暂无评价,https://movie.douban.com/subject/25727544/,no,0.85,藏语仅点缀
11537964,有人赞美聪慧，有人则不,2012,杨瑾,汉语普通话 / 汉语方言,中国大陆 / 韩国,7.8,6069,0,1,E2,故事发生在山西某地。城里孩子杨晋（李书晨 饰）小学毕业了，他天资聪颖，能清楚地背诵全省地名，自感已经长大，为庆祝自己的这一发现，他写信告诉父母自己要去奶奶家，真实的情况是他跑到了山里好朋友王小波（王琛 饰）家。王小波学习成绩平平，平日里调皮捣蛋，他即能炸黄河里的鱼，又能捉山里的螃蟹，是小伙伴中的“混世魔王”。杨晋的奶奶有严重的重男轻女思想，她爱孙子胜过爱孙女，而常受爸爸批评的小波并没觉得自己做错什,经典电影暂无评价,https://movie.douban.com/subject/11537964/,yes,0.8,山西儿童片汉语方言
1294139,似水流年,1984,严浩,汉语普通话 / 粤语,中国香港 / 中国大陆,8.2,5706,0,0,E2+E3+N1,在香港生活的珊珊（顾美华 饰）得知祖母在乡下过世，动身返回阔别20年的潮汕老家，为祖母奔丧，同时也是想借机逃离城市里的烦恼。与快节奏的城市生活相比，珊珊的老家依旧保持着记忆中朴实隽永的生活。珊珊与儿时的玩伴阿珍（斯琴高娃 饰）和孝松（谢伟雄 饰）重逢，此时的两人已结为夫妻，珊珊的到来打破了原本波澜不惊的乡间生活。而珊珊光鲜的城里人生活的背后是不为人知的艰辛和无奈：父亲的早逝、与妹妹的决裂、感情生活,影片以质朴淡雅的镜头语言和深沉的乡愁基调，展现了游子对故土的情感回归与时代的沧桑感。,https://movie.douban.com/subject/1294139/,yes,0.8,潮汕乡情片方言对白
26968495,最后的诗句,2017,曾英庭,汉语普通话 / 闽南语,中国台湾,7.7,5623,0,1,E2,对于阿施来说，千禧年夏天是最美好的年代。他遇见青春绽放的晓萍，一同牵手走过那缤纷的年纪，写下生命之诗的开头。面对未来的不确定性，两人总是乐观且有计画性的面对。直至一次阿施父亲到军营中的探访，改变了长久相处的共识，陷落○六年那躁动不安的时代氛围中。出社会后，现实的压力却磨损了原本美好的爱情，使阿施的离去成为不得不的现实，阿施与晓萍在艳阳下相爱，在日落时分开，再拥抱已是四年的时光飞逝，两人清澈的双眸已,影片以极其压抑灰暗的镜头语言与冷静克制的叙事节奏，深刻呈现了底层青年在社会重压下的幻灭与悲歌。,https://movie.douban.com/subject/26968495/,yes,0.8,闽南语青年爱情片
30208007,藏北秘岭-重返无人区,2018,饶子君,汉语普通话 / 藏语,中国大陆,5.8,5593,0,1,E2,在遥远西藏的北方，有一片被称为羌塘的神奇土地。雄伟的昆仑山和冈底斯山如同两条巨大的手臂，紧紧怀抱着这片60万平方公里的无人区。羌塘不仅是中国最大的无人区，也是中国最大、世界第二的自然保护区。在无人区腹地耸立着巨大的普若岗日冰原，普若岗日冰原海拔高度在6000米至6800米之间，面积422平方公里，是世界上最大的中低纬度冰川，1999年首次被中美科学家联合考查时发现并被确认为世界上除南极、北极之外的,影片以震撼壮美的雪域镜头与高度真实的经典纪录视点，生动呈现了探险队重返生命禁区的艰辛与心灵洗礼。,https://movie.douban.com/subject/30208007/,yes,0.8,羌塘藏区藏语纪录片
6989743,阵头,2012,冯凯,汉语普通话 / 闽南语,中国台湾,7.2,5506,0,1,E2,“阵头”是台湾特有的乡土祭祀文化。阿泰（柯有伦 饰）是个心怀音乐梦想的热血青年，一心想出国深造音乐，但回到台中老家时却被父亲（阿西 饰）骂了个狗血淋头。原来阿泰出身阵头世家，他作为父亲独子，不但不想子承父业，还对此心怀鄙夷。父子关系愈加恶劣，阿泰只想远远逃走，却意外遇到同乡另一个阵头团队羞辱，阿泰激愤之下，接下自家团长位置，夸下海口要在短时间内将自家团训练出新气象，在即将到来的比赛中胜出。连基本功,影片以极其热闹接地气的民俗仪式展示与热血的青春叙事，生动展现了独特的市井趣味与活力。,https://movie.douban.com/subject/6989743/,yes,0.85,闽南语阵头文化片
26605028,幸福路上,2018,宋欣颖,汉语普通话 / 英语 / 闽南语,中国台湾,7.6,5486,0,0,,小琪 (桂綸鎂 聲演) 生於蔣介石逝世當天，成長過程正是台灣社會經歷最劇烈轉變的時期。 小琪六歲那年舉家搬到新北市幸福路，為了滿足父母期望，她力爭上游，但也許幸福本來就沒有捷徑。 她一步步走上當初沒預期的路，到美國工作、結婚，走到人生的瓶頸，因外婆去世，重返老家，回首童年過程中，慢慢思索自己走過的路：「長大了，我有成為理想中的大人嗎？」,影片以手绘温暖的复古画风与极其真挚的时代细节，深刻呈现了女主角成长回眸中对故乡与幸福的体悟。,https://movie.douban.com/subject/26605028/,yes,0.75,闽南语手绘动画长片
3212098,河上的爱情,2008,贾樟柯,汉语普通话 / 粤语,中国大陆 / 西班牙 / 法国,6.5,5347,0,1,E2,古城苏州，四位毕业多年的大学同学重新聚首，他们分别是白羽（郝蕾 饰）、周琦（赵涛 饰）、马强（郭晓冬 饰）和唐小年（王宏伟 饰）。当年对文学和诗歌的共同爱好让他们走到一起，并筹办了杂志《这一代》。风华正茂、指点江山的青葱岁月早已不再，而今为了生计各自奔波，任风尘掩盖身心。借着为纪教授庆生的机缘，好友们久别重逢，他们打球、闲逛、聚餐、搓麻、泛舟。在这座千年古镇，时间仿佛凝滞了一般，缓缓流淌的河水，销,贾樟柯以纪实唯美的长镜头，展现了昔日恋人在苏州河畔重逢的微妙情感，镜头深沉而富有诗意。,https://movie.douban.com/subject/3212098/,yes,0.7,贾樟柯短片粤语旧友重聚
1305085,盗马贼,1986,田壮壮,汉语普通话 / 藏语,中国大陆,7.3,5317,0,1,E2,1923年，藏民罗尔布（才项增仁 饰）游弋在高原上，以盗马维生。为了自己的孩子扎西，罗尔布放神羊为其祈福。头人的父亲死去，老阿妈对头人一家的善良感佩，同时又担心罗尔布因盗窃不能魂归于天。罗尔布与同伙抢劫了政府送给寺院的礼物，并打算用赃物为扎西向寺院还愿。抢劫事发，愤怒的头人将罗尔布一家驱逐，从此，罗尔布和妻子卓玛（旦枝姬 饰）、扎西只得在草原上流浪。扎西的病情不见好转并逐渐恶化，罗尔布用圣水为扎西,田壮壮以极具仪式感的藏区自然风光与宗教细节，构建出一部关于生存挣扎与信仰救赎的艺术杰作。,https://movie.douban.com/subject/1305085/,yes,0.9,藏语宗教经典
4707225,不是闹着玩的,2010,卢卫国,普通话/国语 / 河南方言,中国大陆,7.3,5039,0,2,E3,电影一直与阳春白雪相关，似乎很少有人把它与下里巴人联系在一起。可河南某小镇某小村，却发生了一件事，让电影与下里巴人进行了一次对接。村里的电影放映员蔡有才（李易祥 饰）一直有一个梦想，那就是亲自拍一部电影。这不是闹着玩的，有才果真开始实践起了拍电影之梦。围绕着鬼子进村的主题，有才开始寻找演员，构造场景，可这些非专业出身的演员和资金的限制，让片场状况百出也笑话百出，经过各种磨难，有才还是咬牙坚持了下来,经典电影暂无评价,https://movie.douban.com/subject/4707225/,yes,0.85,河南方言农民拍电影喜剧
34925598,腿,2020,张耀升,汉语普通话 / 闽南话,中国台湾,6.3,5015,0,1,E2,钱钰盈（桂纶镁饰）的丈夫郑子汉（杨祐宁饰）在腿部截肢手术后不幸离世，钱钰盈想拿回丈夫被截肢的腿，却被医院百般刁难、互踢皮球，于是一场异想天开的“夺腿计划”就此展开！她缠着外科医生要求帮忙，跑到一般人从未见过的医院地下室，在一包包检体中寻找丈夫的腿，甚至找上内勤人员监控医院合作车辆的GPS，闹到医院院长都来关切…而这段充满黑色幽默的寻腿旅程中，也勾起钱钰盈与郑子汉从相识、相爱到相互亏欠的过往回忆。郑,影片采用黑色幽默与荒诞叙事，通过寻找截肢断腿的曲折过程，解构了爱情的荒谬与婚姻的执念，十分荒诞。,https://movie.douban.com/subject/34925598/,yes,0.8,闽南语黑色幽默寻腿片
11599151,大尾鲈鳗,2013,邱瓈宽 / 黄朝亮,汉语普通话 / 闽南语,中国台湾,5.9,4928,0,1,E2,故事发生在八十年代的台湾，朱大德（猪哥亮 饰）本是一介平凡的摄影师，和女儿朱小芹（郭采洁 饰）过着相依为命的平静生活，之后，父女两人来到了大城市寻求发展，想要过上更好的生活。结果，在误打误撞之下，朱大德竟然成为了黑社会老大，他和朱小芹之间的关系亦因此而产生了裂痕。某日，朱大德遇见了名为老贺（猪哥亮 饰）的算命先生，两人的样貌竟然惊人的相似，而老贺却也因此被人误认为是朱大德而丢了性命。老贺死后，留下,经典电影暂无评价,https://movie.douban.com/subject/11599151/,yes,0.85,猪哥亮闽南语喜剧
10864713,明天记得爱上我,2013,陈骏霖,汉语普通话 / 粤语,中国台湾,6.4,4788,0,1,E2,台北一个中产家庭，39岁的伟中（任贤齐 饰）在眼镜店上班，有贴心的妻子阿凤（范晓萱 饰）和可爱的儿子。这样的日子已经过了九年，伟中选择完全隐藏起年轻时的他，然而在男人四十的关卡突然出现了一些变化。首先，伟中的妹妹Mandy（夏于乔 饰）在订婚晚宴上和未婚夫分手，这个决定打乱了伟中一家的步调；接着，阿凤因为家庭工作的双重压力开始质疑自己是否真的快乐，进而想用再生个孩子来解决麻烦；而伟中则在重遇同志老,经典电影暂无评价,https://movie.douban.com/subject/10864713/,no,0.6,台北家庭片粤语点缀
10864754,天津闲人,2012,郑大圣,汉语普通话 / 天津话,中国大陆,7.5,4613,0,1,E2,抗日战争前夕的天津卫，有那么一群闲人，他们平日游手好闲，靠招摇撞骗生活甚至升官发财。苏鸿达（管新城 饰）就是一闲人，混迹天津卫街头，梦想着有一天成为侯四六爷（张金元 饰）那样能在天津卫呼风唤雨的大人物。在天津卫苏鸿达这样的闲人不少，例如放鹰的俞秋娘（杨淼 饰）、开报馆的严而信（李洪臣 饰），他们和苏鸿达结交到了一起，企图诈骗侯四六爷等名流。岂料，苏鸿达竟意外发现一切竟是侯四六爷的计中计，他们都成了,影片以津味评书般的讽刺幽默，勾勒了民国天津市井游民的百态浮生，结构精妙，极富地域文化底蕴。,https://movie.douban.com/subject/10864754/,yes,0.9,天津话民国市井片
26275692,角头,2015,李运杰,汉语普通话 / 闽南语,中国台湾,5.7,4358,0,1,E2,勇桑（蔡振南 饰）是建国市场的老大，英明神武德高望重的他深受手下小弟的敬重和爱戴，市场里大大小小的事务均由勇桑主持。清枫（孙鹏 饰）是勇桑最信赖的手下，虽然并未挑明，但大家都知道，清枫将在勇桑金盆洗手之后接替他的位置。因为杀人罪入狱三年的阿雄（黄鸿升 饰）出狱后回到了勇桑的身边，实际上他并未犯罪，而是替清枫顶罪。勇桑十分看重阿雄的能力，甚至决定将建国市场交给他管理，可是阿雄已心生退意，他不愿再重蹈,经典电影暂无评价,https://movie.douban.com/subject/26275692/,yes,0.85,闽南语市场黑帮片
6890737,光辉岁月,2013,熊欣欣,汉语普通话 / 粤语,中国大陆,4.7,4345,0,1,E2,清朝末年，局势动荡，乱相纷现。曾经历黄花岗起义的南国革命党人铁云（黄日华 饰）和志同道合的战友勇闯大漠，偷运黄金，准备购买大批军火再次起事。谁知途中遭到博尔格亲王（吕良伟 饰）之爪牙满天红（倪虹洁 饰）的伏击，关键时刻幸得满腔赤诚的从四品官卓知府（狄龙 饰）出手相救。卓知府具有远见卓识，虽身处敌我两派，但仍将国家的命运寄托在铁云身上，安排他前往黄金峡寻找善良热情且不乏豪气的猫老板（曾志伟 饰），为,经典电影暂无评价,https://movie.douban.com/subject/6890737/,no,0.85,清末动作片粤语点缀
27069377,淡蓝琥珀,2018,周劼,汉语普通话 / 重庆方言,中国大陆,6.2,3935,0,1,E2,故事的女主人公荷洁的丈夫意外死于交通事故，得到赔偿却失去一切亲人的她因为一块价值不菲的琥珀陷入了对生命价值的困惑。她在接连靠近肇事者家庭的失控后终释怀，以温柔姿态接受宿命归属。,经典电影暂无评价,https://movie.douban.com/subject/27069377/,yes,0.85,重庆方言女性文艺片
25775642,嘿！小面,2013,曾磊,汉语普通话 / 重庆话,中国大陆,7.9,3814,0,1,E2,在重庆，很多人的一天是从一碗面条开始的。重庆人离不开小面，小面的故事在民间广为流传，成为了我们这座城市的生活作料。11月21日，纪录片《嘿！小面》将在中央电视台CCTV-9与全国观众见面，成为首部深挖重庆小面的纪录片。今天，重庆晨报预先为你揭秘小面的故事。一座城市 人文小面味道深厚二娃、板凳、郭老大、老董、三姐、老太婆……这些犹如街坊邻居名字的面店，是纪录片编导曾磊这半年来最常出入的地方。“去年央,经典电影暂无评价,https://movie.douban.com/subject/25775642/,yes,0.9,重庆话美食纪录片
3266406,筑梦2008,2008,顾筠,普通话 / 上海话 / 英语 / 法语,中国,7.5,3697,0,1,E2,2008年北京奥运会是所有中国人无与伦比的美梦。而关于北京奥运会的时间脉络则是从2001年就开始。耗时七年拍摄完成的该片，从不同的视角、不同的人群、不同的背景讲述了同一个主题，那就是北京奥运会。因为建场馆的原因，许多北京居民不得不搬离自己居住了大半辈子的家园，高大妈一家就是其中的一员。从最初的不解、对老房子的不舍到最后的放手搬入新家，通过普通市民的七年记载了奥运背后的故事；精彩纷呈的北京奥运会背后,经典电影暂无评价,https://movie.douban.com/subject/3266406/,uncertain,0.5,奥运纪录片多语采访
21264285,爱别离,2013,吴林,汉语普通话 / 藏语,中国大陆 / 中国台湾,5.0,3653,0,1,E2,电影由三个短片组成，展现了三个地理风貌截然不同的城市里所发生的相似又迥异的爱情故事。作为一年期的交换生，小萌（张檬 饰）在台北的学习生活即将迎来尾声，校园中，处处散发着依依惜别的忧伤气氛，小萌和在这里结识的男友小四（王盈凯 饰）之间更是难舍难分。谁也不敢去想他们之后会有怎样的未来。《黄金夫妻档》是一个很受观众欢迎的纪实类综艺节目，而谢小佳（缪婷茹 饰）和李小刚（黄阅 饰）正是其中的一对夫妻。遗憾的,经典电影暂无评价,https://movie.douban.com/subject/21264285/,no,0.75,藏语仅单段点缀
26732377,川流之岛,2016,詹京霖,汉语普通话 / 闽南语,中国台湾,7.4,3524,0,1,E2,国道收费员的世界，像被遗忘的孤岛，情感被隐藏在口罩之下，只有一双眼睛能透露喜怒哀乐。一张回数票，牵起两个飘荡的灵魂。台客运将（郑人硕 饰），闯入单亲的国道收费员（尹馨 饰）与她儿子（陈鼎中 饰）的二人世界......电视电影《川流之岛》由《麻醉风暴》团队瀚草影视公司倾 力打造，由金钟影后尹馨搭配凭《醉·生梦死》获得台北电影节最佳男配角的郑人硕，描述国道收费员与卡车司机的爱情，也讲述单亲妈妈与叛逆儿,影片以粗粝真实的写实质感，聚焦于国道收费员的生存困境与情感挣扎，视角冷峻克制，却蕴含极强的现实爆发力。,https://movie.douban.com/subject/26732377/,yes,0.85,闽南语收费员爱情片
1871738,黑眼圈,2007,蔡明亮,汉语普通话 / 马来语 / 孟加拉语 / 台语,中国台湾 / 法国 / 奥地利 / 马来西亚,7.4,3505,0,-1,N2,在街头游荡的男子（李康生 饰）为一群人的骗钱把戏驻足，因为身无分文，他被骗子们打晕在地。几个孟加拉劳工在回家的路上将男子救起，带回住处，其中一人（Norman ATON 饰）无微不至的照料他。在同一座城市里，一家饭店的女服务生（陈湘琪 饰）寄宿在局促凌乱的阁楼上，照顾老板娘（蔡宝珠 饰）的植物人丈夫（李康生 饰）亦是她的职责。不久受伤的男子痊愈，他离开了劳工，在女服务生的店外流连，印度尼西亚的森林,蔡明亮以其标志性的极简台词、静止长镜头和废墟美学，勾勒出吉隆坡底层边缘人的孤独与温存，思辨空间深邃。,https://movie.douban.com/subject/1871738/,uncertain,0.5,蔡明亮吉隆坡片台语点缀
4116937,西藏往事,2011,戴玮,汉语普通话 / 英语 / 藏语,中国大陆,6.5,3482,1,0,,第二次世界大战初期，美军飞行员罗伯特·史密斯（乔什·汉纳姆 Joshua Hannum饰）到中国加入了抵抗日本侵略军的行列。在一次从印度往中国运送物资的航程中，他驾驶的军机不幸失事坠落于西藏神秘的高原。坠机后的罗伯特奇迹般地活了下来，他试着寻找返回部队的路。但恶劣的气候环境使他举步维艰，幸而来到一个藏人部落。当地年轻的藏族女子雍措（宋佳饰）是位单亲妈妈，却被族人称为“被诅咒的女人”。于是族人决定由,影片以圣洁广袤的西藏自然风光为背景，通过跨国情缘的悲剧叙事，展现了战火纷飞年代里的纯净爱恋与信仰力量。,https://movie.douban.com/subject/4116937/,yes,0.9,藏语部落跨国爱情标杆片
1868857,大桥下面,1984,白沉,汉语普通话 / 上海话,中国大陆,7.9,3413,0,1,E2,故事发生在风景如画的苏州河畔，修车匠高志华（张铁林 饰）可怜小裁缝秦楠（龚雪 饰）无处安身，遂让她把摊子摆在自己的摊子旁边，一来二去之间，两人的关系逐渐亲密起来。高志华的母亲对温柔贤惠的秦楠十分满意，着急儿子终身大事的她对高志华和秦楠之间的感情十分支持。让高志华和母亲没有想到的是，秦楠年纪轻轻竟然有一个儿子冬冬（方超 饰），不仅如此，她还力排众议，将冬冬接到了自己的身边，一时间招来了诸多非议。尽管,影片以极为朴实细腻的现实主义笔触，温情展现了伤痕时代普通青年的生活自强与纯真爱情，温婉动人。,https://movie.douban.com/subject/1868857/,yes,0.75,沪语市民生活片
30200085,如果早知道男生也会被性侵,2013,陈北川,汉语普通话 / 闽南语,中国台湾,8.7,3261,0,1,E2,男学生“阿玮”不堪家长唠叨，离家到网吧打电子游戏，但肚子饿了没钱买东西吃，出现了一个自称“杰哥”的人，宣称“有吃有喝有住”，把阿玮和他的朋友两人骗回家，但酒过三巡后，杰哥把阿玮性侵了。阿玮被性侵后非常痛苦，他在公园遇到辅导人员“淑惠阿姨”，才娓娓说出事件经过，淑惠阿姨引导他报警、验伤、通报学校，让全案进入司法程序，并进行后续心理辅导。,经典电影暂无评价,https://movie.douban.com/subject/30200085/,yes,0.7,闽南语教育宣导片
26429879,我不做大哥好多年,2017,邱瓈宽,汉语普通话 / 闽南语,中国台湾,5.3,3165,0,1,E2,故事讲述了朱大德本已退隐江湖，到乡下开民宿，无奈道上兄弟仍来纠缠，始终如影随形，最后被逼的重出江湖，连带把女儿朱小芹、女婿小贺也牵扯进来。而小贺与朱小芹虽“已结了婚”（一直没办过婚礼）并生了小胖，却因误会不断，令朱小芹气的想离家出走......,经典电影暂无评价,https://movie.douban.com/subject/26429879/,yes,0.8,猪哥亮闽南语喜剧续集
26780534,52赫兹，我爱你,2017,魏德圣,汉语普通话 / 闽南语,中国台湾,5.7,3139,0,1,E2,52赫兹，代表着一种没有同类能接收的频率，就是“孤单的人，我爱你”。孤单，正是所有爱情故事的开始……在拥挤的都市中，围绕着各种孤单的人群，没有勇气尝试爱情滋味的年轻男女、为经济压力所苦的爱情长跑恋人、受世俗羁绊的中年单身人士、相爱却不被认同的同性情侣…《52赫兹我爱你》描写在全世界都为爱情庆祝的这一天，终于轮到渴望爱情的他/她们担当主角，谱写出浪漫甜蜜的恋曲。,经典电影暂无评价,https://movie.douban.com/subject/26780534/,yes,0.85,魏德圣闽南语歌舞片
3032434,一世好命,1991,梁家树,普通话/国语 / 粤语,中国香港,7.0,3097,0,0,,阿有（卢冠廷 饰）与阿如（吴君如 饰）夫妻俩嗜赌如命，无奈运气不佳导致生活拮据，与借住家中的阿如亲弟阿明（黄一山 饰）不时要想办法拖延房租。他们所住的楼内有一凶屋，有舞女曾在屋中自杀，一名高僧每年定期来此为亡魂做法事超度。这天，阿有夫妻惊见某赌客大赢，从老友七哥（袁祥仁 饰）处获悉对方是用了茅山术中的“吸材气”之法转运，夫妻二人如法炮制，却将用来吸材气的僵尸毁坏。夫妻二人再使用七哥教授的养鬼之法，,经典电影暂无评价,https://movie.douban.com/subject/3032434/,no,0.7,港式鬼马喜剧默认排除
21340768,急诊,2013,周浩,汉语普通话 / 粤语,中国大陆,8.0,3003,0,1,E2,这是导演有关中国社会公共空间系列纪录片的继续……在中国南方的最大城市-广州一所医院的急诊室，摄制组在这前后呆十个月的时间。这是导演有关中国社会公共空间系列纪录片的继续……在中国南方的最大城市--广州的一所医院的急诊室，摄制组在这前后呆了十个月的时间，他们跟随着日夜在市区内奔走的120急救车，用镜头去遭遇各种各样的急诊故事。中国早已经是世界第二大经济体，但政府还是不得不承认自己是一个人口众多的发展中,周浩以冷静客观的纪实镜头，直击中国医院急诊室的世态凉薄，展现出人性的复杂与生命的尊严。,https://movie.douban.com/subject/21340768/,yes,0.85,广州急诊粤语纪录片
1301098,黑暗之光,1999,张作骥,汉语普通话 / 闽南语,中国台湾,8.0,2986,0,1,E2,康宜（李康宜饰）是个生活在基隆的漂亮女孩，底层生活的艰辛使她早熟。父亲和继母都是盲人，弟弟是个智力障碍患者。在康宜的协助下，父亲和其他盲友经营着一家盲人按摩院。在一个偶然的机会，康宜结识了来自台南花莲的小伙子阿平（范植伟饰），对方是一个小黑帮的人，刚刚搬到康宜家住的这栋楼里。康宜主动、坦诚地向阿平表达自己对他的好感，阿平开始还有些勉强，但后来两个人还是幸福地走到一起。黑暗并没有就此消散，后来阿平卷,张作骥以质朴写实的基调和梦幻般的视觉隐喻，细腻描摹出宝岛市井青年的成长阵痛与情感羁绊。,https://movie.douban.com/subject/1301098/,yes,0.9,张作骥基隆闽南语片
20280082,人间蒸发,2013,梁德森,汉语普通话 / 粤语 / 日语,中国大陆 / 中国香港,2.8,2946,0,1,E2,2011年，日本发生了9级强烈地震，福岛发生核泄漏，核辐射笼罩日本。加嘉（柳岩 饰）冒险跟未婚夫赴日见其家人。刚到富士山下赤石温泉，就被当地村民囚禁，过着禁室培欲的非人生活，懦弱的宏泰只知道借酒浇愁。加嘉的好姐妹卫凌（钟丽缇 饰）毅然赴日寻找加嘉。在探员木下（李灿森 饰）的帮助下，调查逐渐深入，但周围的环境也越来越险恶。宏泰被人勒死在温泉池中，美智子因极度恐惧陷入疯狂，节子遇袭虽神智清醒却无法表达,经典电影暂无评价,https://movie.douban.com/subject/20280082/,no,0.9,合拍惊悚片
1304291,三个夏天,1993,刘国昌,汉语普通话 / 闽南语,中国香港 / 中国台湾,7.5,2939,0,1,E2,半尺（陈少霞 饰）从小生活在一个远离城市的小岛上，这里区别于都市的喧嚣，常住于此的半尺也向往城市的热闹，因此她最期待的就是夏天。每到夏天就会有来自城市的年青人造访这座岛度假，这些人中各有各的心事各有各的秘密。这一年的夏天，半尺那早就离开小岛去香港工作生活的哥哥阿伟（梁朝伟 饰）突然回到小岛，手臂上还带着伤痕，多年不见的兄妹俩有了不少隔阂，哥哥的心事成了半尺最想知道的秘密。不久，半尺发现在这群游客中,影片以恬静散漫的离岛影像，温婉书写了少年男女在夏日里的成长阵痛与情感流变，洋溢着青春气息。,https://movie.douban.com/subject/1304291/,yes,0.8,离岛闽南语成长片
4920572,茱丽叶,2010,侯季然 / 沈可尚 / 陈玉勋,汉语普通话 / 闽南话,中国台湾,6.5,2889,0,1,E2,本片是风格迥异的三段论，分别由陈玉勋、沈可尚、侯季然三位导演联合打造。第一段激进大学生罗伟（王柏杰 饰）在社团中宣传革命理念，为了印社刊，他求助于印刷工、跛脚少女朱丽叶（徐若瑄 饰）。后者出于对他的暗恋，熬夜赶制，按时交工，希望讨好对方。但是，单恋并未修成正果，反而……第二段讲述困扰爱情的女孩朱丽叶（李千娜 饰）在精神病院遇到了中年男人，后者背负30年的情债前来偿还。一段歌舞剧团的掌上千金与布袋世,经典电影暂无评价,https://movie.douban.com/subject/4920572/,yes,0.8,三段式闽南语文艺片
26665828,呼吸正常,2016,李云波,汉语普通话 / 粤语,中国大陆,5.7,2866,0,1,E2,四个青年，一座城市，爱与理想，轻松的茫然，四季轮换，他们从生活走进了电影，又从电影回到生活，在电影中扮演自己，又因电影而改变，中国电影从未有过的即兴创作，从未呈现的城市生活。,经典电影暂无评价,https://movie.douban.com/subject/26665828/,yes,0.85,广州即兴粤语城市片
20443799,诡婴吉咪,2013,梁普智,汉语普通话 / 粤语,中国大陆,3.7,2726,0,1,E2,音乐人叶浩（林峯 饰）与当主持人的天晴（盛君 饰）结束了爱情长跑，走进了婚姻的殿堂。婚后，他们搬进了新房。房中遗留着前房主的一个玩偶，天晴对此非常喜欢，给它取名叫吉咪，伹从此怪异现象环生。玩偶有一双十分诡异的眼睛，时刻监视着新主人的一切动向。不久，天晴怀孕了，经检查是双胞胎，而叶浩的事业如日中天，又登上一个新台阶。由于新作品很受公司高层赏识，他毎天要加班很晚才能回家，就在此时，一连串怪异的事情接踵,经典电影暂无评价,https://movie.douban.com/subject/20443799/,no,0.85,合拍恐怖片粤语点缀
1485319,赖小子,2006,韩杰,汉语普通话 / 晋语,中国,7.4,2597,0,1,E2,中国西北某煤矿小镇，贫穷、落后、闭塞，让生活在这里的少年看不到未来的方向，只任凭青春的躁动肆意释放。喜平（白培将 饰）便是这座小镇中众多边缘少年之一。他的好友流流——某煤矿老板的公子——搭讪学校里的漂亮女孩，结果遭到校内小混混小四一伙的袭击。气愤的喜平带着流流和二宝闯入学校。喜平将小四打得头破血流，不省人事。事后他们得知小四可能重伤身亡，于是仓皇踏上逃亡之路。三个莽撞懵懂的少年闯荡未知的世界，遭遇,经典电影暂无评价,https://movie.douban.com/subject/1485319/,yes,0.85,晋语煤矿小镇青春片
6013868,午夜凶梦,2011,叶伟英,汉语普通话 / 粤语,中国大陆,3.5,2592,0,1,E2,她叫方蕾（周显欣 饰），是一个容貌姣好、专业突出的外科医生，她的生活一丝不苟，甚至带点儿从医着过分敏感的洁癖。可是在她光鲜的外表下，却有着难以为人倾诉的痛苦。每当夜幕降临，那困扰多年的噩梦便如约而至。梦中，身着白衣的女子尾随方蕾，并以凄厉的声音叫着她的名字。这一切都令她痛苦不堪。某天，方蕾重逢学生时代的好友安琪拉（钟欣桐 饰）及其老公——周蕾的初恋男友周峰（吴建飞 饰）。老友旧爱重逢，别样的情愫在,经典电影暂无评价,https://movie.douban.com/subject/6013868/,no,0.9,惊悚片粤语点缀
1306970,上海假期,1991,许鞍华,汉语普通话 / 英语 / 上海话,中国大陆 / 中国香港 / 中国台湾,7.1,2556,0,0,,生活在上海弄堂里的顾老伯（午马 饰）自从儿子儿媳去了美国之后，一直一个人过。日常生活单调且节俭，只有在干女儿（刘嘉玲 饰）来看他时，才会好心情地多做几个菜。一天，儿子的电话令顾老伯的平静生活波澜大起。原来因为儿子儿媳要去进修，所以孙子顾明（黄坤玄 饰）要来和他住一段时间。然而，在美国出生长大的顾明根本无法理解和适应弄堂里的生活，于是祖孙俩之间的矛盾开始显现并激化，顾老伯一味的迁就也无法改变孙子的思,经典电影暂无评价,https://movie.douban.com/subject/1306970/,yes,0.85,许鞍华弄堂沪语片
4833562,碧罗雪山,2010,刘杰,汉语普通话 / 傈僳语,中国大陆,8.0,2549,0,1,E2,故事发生在西南边陲。碧罗雪山下，怒江奔腾不息，这天傈僳族小伙木扒举行婚礼，全寨子乡亲赶来凑热闹，一派欢喜气氛。迪阿鲁爱着木扒的妹妹吉妮，而受老观念影响的爷爷多利拔坚决不同意，他要迪阿鲁守着丧夫的嫂嫂阿南恰，并帮她一起哺育尙在幼年的侄女阿亚。熊是傈僳族供奉的祖先，但在目前收获季节它常常跑出来毀坏庄稼和牲畜，很是让人头疼。身为村民组长，迪阿鲁天天奔波在为村民讨赔偿的路上，同时磨破嘴皮地宣传国家林业法规,导演以纪实质朴的镜头和醇厚的人文关怀，细腻呈现了少数民族传统文化在现代性冲击下的阵痛。,https://movie.douban.com/subject/4833562/,yes,0.9,傈僳语少数民族片
1316559,美丽在唱歌,1997,林正盛,汉语普通话 / 闽南语,中国台湾,6.7,2547,0,1,E2,陈美丽（刘若英）和林美丽（曾静）生活在完全不同的两个世界，一个家住高层公寓，一个家在老旧瓦房，却都为青春心事或快乐或烦恼着。戏院的卖票工作令她们相识在“非请勿入”的售票亭后，她们的命运有了交叉，开始分享彼此的青春悲喜和成长隐密，并在孤单落寂被欢声笑语短暂取代时生出朦胧的情感。然而过往经历形成的不同个性不会因一夜温暖变得相同。清醒过后，只想记住此刻的美好的林美丽留下纸条选择离开，陈美丽则决定为两人难,影片以温润淡雅的镜头捕捉青春期少女隐秘的心事，以细腻克制的语境展现女性情感的萌芽与迷茫。,https://movie.douban.com/subject/1316559/,yes,0.8,林正盛闽南语青春片
2256043,千钧。一发,2008,高群书,汉语普通话 / 东北话,中国大陆,8.0,2399,0,1,E2,家住齐齐哈尔的老鱼（马国伟 饰）是一个经验丰富的老警察，他为人正派，兢兢业业但生活颇多坎坷。上有卧病在床的老父亲，下有复员待业的儿子，老婆也下岗在家，全家的生计都靠老鱼一人支撑。由于该市当年曾是日据城市之一，因此解放后当地有大量未引爆的地雷和炸弹残留，给人民的生活和安全造成巨大威胁。老鱼虽然只是个片警，但是早年当兵的经历为他积累丰富的排雷经验，几乎所有这类棘手问题都要有他亲自出马。不知从何时起，神,影片以极度写实的纪录片风格，重现了排爆现场的惊心动魄，对平凡英雄的刻画朴实而震撼人心。,https://movie.douban.com/subject/2256043/,yes,0.85,齐齐哈尔东北话排爆片
1903720,五女拜寿,1984,陆建华 / 于中效,汉语普通话 / 吴越方言,中国大陆,9.0,2347,0,1,E2,明朝嘉靖年间，户部侍郎杨继康（董柯娣 饰）因不满朝内奸臣严嵩专权，借口年事已高，欲告老还乡。在他六十寿辰之际，众女儿及夫婿前来拜寿，并争相提出养老送终。三女杨三春（何英 饰）携夫婿邹应龙（方雪雯 饰）前来拜寿，因礼薄遭娘家人冷遇。二姐（吴海丽 饰）持宠欺凌妹妹和妹夫，并唆使杨夫人（徐爱武 饰）将三春和应龙逐出杨府。因受族弟诛连，杨继康全家被逐出京城。二姐见家父落魄，拒绝抚养，昔日同窗摄奸臣淫威，也,经典电影暂无评价,https://movie.douban.com/subject/1903720/,yes,0.85,越剧电影吴语唱白
26306897,李文漫游东湖,2015,李珞,汉语普通话 / 武汉方言,中国大陆,8.3,2322,0,1,E2,李文在东湖周围寻找一个“精神病人”。这部影片受“东湖艺术计划”启发，并以此为契机，通过模糊纪录和虚构的界线的方式展现了东湖边的一些人和事。,经典电影暂无评价,https://movie.douban.com/subject/26306897/,yes,0.9,武汉方言伪纪录片
26005517,别有动机,2015,黄岳泰,汉语普通话 / 粤语,中国大陆,4.3,2320,0,1,E2,叶霜（秦岚 饰）是含着金汤匙出生的富家千金大小姐，从小过着养尊处优的富裕生活。长大后，叶霜和丈夫凌锋（高圣远 饰）结婚，婚后两人十分恩爱。没多久，叶霜就怀孕了，顺利诞下了可爱的小女儿，一家三口的生活幸福美满堪称典范。然而，在忽然之间，这美好的一切都消失了，丈夫和女儿的无故失踪以及绑匪索要的巨额赎金让叶霜陷入了绝望之中。叶霜向警方求助，却因此意外的遇见了前男友姚杰（林家栋 饰），姚杰通过重重的调查发,经典电影暂无评价,https://movie.douban.com/subject/26005517/,no,0.85,绑架悬疑片粤语点缀
30337147,那年1987,2018,余斌,汉语普通话 / 粤语,中国大陆,6.2,2271,0,1,E2,电影以来自山东的叔侄俩叶振云和叶川，结伴来到改革开放初期的“花花世界”广州，在火车上相遇了同乡女大学生刘芳为开头。在三人一次次的不期而遇中，上演了一段在理想和情感之间徘徊的青春修炼曲。然而就在此时，香港商人李想的出现，又将这段错综复杂的感情推向另一个高潮。在男女主人公的爱情面临各种命运考验的同时，还背负着自身对于人生未来的迷茫和追求。他们的未来将何去何从？一场跨度30年的恋曲相伴着一条充满荆棘挑战,经典电影暂无评价,https://movie.douban.com/subject/30337147/,yes,0.7,广州改革年代粤语片
30291548,捍战,2018,洪子烜,汉语普通话 / 粤语,中国台湾,6.5,2231,0,1,E2,文睿(林哲熹 饰)是一名前途似锦的职业篮球选手，因丑闻事件被逐出篮坛，没名没利没朋友，文睿生活陷入困境，庞大的赔偿金让他铤而走险与窃车集团合作，身边只剩女性好友昕洁(李千娜 饰)始终关心他。某天文睿一如往常寻找目标，意外发现全身是血的雅惠(谢欣颖 饰)，正当他想一探究竟，却被人称｢雨衣大盗｣的标哥(吴慷仁 饰)挟持，从此被当成雨衣大盗的同伙。老练刑警陈木(高捷 饰)，立刻盯上了这条线索，唯一能证明,经典电影暂无评价,https://movie.douban.com/subject/30291548/,no,0.7,台北动作片普通话主导
34940544,追龙番外篇之十亿探长,2020,许悦铭,汉语普通话 / 粤语,中国大陆,4.2,2212,0,1,E2,香港六七十年代，警黑勾结，贪污横行，社会怨气极重。这时候，生性善良率直的徐乐（王浩信 饰），由于家境不好，辍学加入警界，穿上警服，成为最普通的警员。初出茅庐却因为破获一场抢劫案得罪龙探长（李子雄 饰）舅甥，而遭到排挤贬压，调职到下水警局。处理事故纠纷时，帮助并结识了富家千金白珍妮（徐冬冬 饰），白珍妮对徐乐一见钟情。一方是一直陪伴自己的女朋友阿贞（云千千 饰），一方是能让自己摆脱困境的富家千金小姐,经典电影暂无评价,https://movie.douban.com/subject/34940544/,no,0.7,网络电影保守排除
30255216,您一定不要错过,2018,麦丽丝,汉语普通话 / 蒙语 / 日语 / 俄语,中国大陆,5.7,2173,0,1,E2,大型文献纪录片《您一定不要错过》跟随真诚实在的崔永元领略黑白电影老胶片，看于洋、王晓棠、王心刚、恩和森、朱兰琪琪柯、葛根塔娜、刘世龙、谢飞导演的青春年华，穿越70年找回爷爷奶奶们被遗忘了的岁月。听经典好歌“敖包相会”“蒙古人”“嘎达梅林”“草原晨曲”看天上草原、万马奔腾、醉马豪情，断桥落马，我的黑骏马。解析成吉思汗成长，东归英雄长眠，嘎达梅林永生，额吉的3000孤儿，骆驼祥子和虎妞的爱情。看斯琴高,经典电影暂无评价,https://movie.douban.com/subject/30255216/,yes,0.7,蒙古族影像文献片
26433965,告别,2015,德格娜,汉语普通话 / 蒙古语,中国大陆,7.5,2172,0,1,E2,濒临死亡的父亲（涂们饰）有着辉煌的过去，虽英雄迟暮但内心依然狂放不羁，以异于常人、不近情理的倔强态度抗拒着死亡 的召唤；国外回来的山山（德格娜饰）仍然处在叛逆期，完全无法融入父辈的生活，蹂躏着自己的情感和身体；母亲（艾丽娅饰）亦与父亲、山山拥有完全不同的生活观、价值观，已在世俗红尘生活中游刃有余，招人烦又令人怜悯；还有琐碎、世俗的姑姑，慈悲的奶奶。一家人在父亲即将告别人世的短暂时间里，彼此交织、碰,经典电影暂无评价,https://movie.douban.com/subject/26433965/,yes,0.85,蒙古语家庭临终片
1464171,孔繁森,1996,陈国星 / 王坪,汉语普通话 / 藏语,中国大陆,6.5,2168,0,1,E2,孔繁森要去上任的地方阿里，是一个海拔高，地广人稀的地方。孔繁森的家人希望他能调回山东老家。美丽的阿里风光令孔繁森的心情热腾起来，同时，他也意识到自己的使命。到任后，发现这里缺电，缺少一切舒适的东西，很多干部纷纷想调走。孔繁森以身作则，带着教委主任孟志华去看望山村小学的师生。给孤寡老人治病、送温暖。在兵站，他与战士们一起唱《说句心里话》。雪灾严重，孔繁森全身心投入救灾活动，差点牺牲。他的亲人从山东赶,经典电影暂无评价,https://movie.douban.com/subject/1464171/,uncertain,0.5,援藏主旋律藏语穿插
26271105,同流合乌,2016,云翔,汉语普通话 / 粤语 / 日语 / 英语,中国香港 / 泰国,4.4,2110,0,1,E2,香港导演云翔第6部作品。多梦的文艺青年高劲轩，遇见苏格拉底式的老师明镜台，深深受到一种莫名的吸引，和女友祖儿的世界，从此天旋地转。在这个寻找内心真爱和性向依归的青涩旅程中，劲轩时不时感觉自己受着三岛由纪夫文学世界的召唤，那个目的地，似近实远，似远实近，瑰丽、壮烈，让他对明镜台有了一种飞蛾扑火般的憧憬。再加入美丽多情善解人意的神秘女郎诗韵，无界的精神清境，缠绵着凡尘的爱欲轮迴。凭着对艺术的热爱和智慧,经典电影暂无评价,https://movie.douban.com/subject/26271105/,yes,0.7,云翔粤语文艺片
6224731,带一片风景走,2011,澎恰恰,汉语普通话 / 闽南语,中国台湾,7.6,2021,0,1,E2,从事着体力劳动职业的智辉（黄品源 饰）工作勤勤恳恳，每日所得也只是勉强能够填补家中的开支，然而，生活即便如此艰难，但智辉依旧坚持着他善良做人乐观向上的精神。灾难在不经意间降临了，经过医生的诊断，智辉的妻子秀美（侯怡君 饰）年纪轻轻竟然被查出小脑萎缩，也就是人们常说的老年痴呆症，看着病情逐渐加重的妻子，无能为力的智辉心中充满了痛苦。绝望过、愤怒过、悲伤过，随着时间的流逝，智辉渐渐驱散了内心的阴霾，他,经典电影暂无评价,https://movie.douban.com/subject/6224731/,yes,0.8,澎恰恰闽南语公路片
26718797,上海王2,2020,胡雪桦,汉语普通话 / 英语 / 上海话 / 日语,中国大陆,3.8,1943,0,0,,功成名就的筱月桂（余男 饰）从没忘记要寻找杀死常力雄（胡军 饰），也就是她女儿父亲的凶手。当她发现自己爱上黄佩玉时，也证实了“洪门内奸的真正身份”......她与常爷的前跟班余其扬合谋除去内奸，助余其扬成为洪门第一个银行家，新的“上海王”。时过多年，筱月桂女儿常荔荔（郭采洁 饰）从美国学成归来，迷上电影，在母亲等人的帮助下，成为轰动一时的大明星。一次意外，筱月桂撞破女儿与余其扬（凤小岳 饰）的关系,经典电影暂无评价,https://movie.douban.com/subject/26718797/,uncertain,0.55,上海滩续集沪语占比不明
4233892,老虎都要嫁,2010,,汉语普通话 / 粤语,中国大陆,6.0,1899,0,1,E2,“碟中碟”音像店老板谭程（谭俊颖饰）是一位性格温顺的小男人，事业型女性赵颖心（赵荣饰）则是一名强势又雷厉风行的大女人。两人都到了谈婚论嫁的年龄，然而谭程刚经历过女友移情别恋嫁给自己同学的感情挫折，赵颖心虽然一直在不断的相亲，却始终没有找到愿意厮守终生的意中人。在一次单身派对上，赵颖心为了气男友而故意接近谭程。酩酊大醉的赵颖心被好心的谭程带回了酒店。一觉醒来，赵颖心冒出了一个有些荒谬的想法。为了实现,经典电影暂无评价,https://movie.douban.com/subject/4233892/,yes,0.7,广州粤语都市喜剧
24869508,斗争,2012,文牧野,汉语普通话 / 维吾尔语,中国大陆,7.6,1806,0,1,E2,在北京打工的维族青年阿迪力，由于违背伊斯兰教义纹了身，跟父亲产生了巨大的矛盾，这是关乎精神和信仰的大事，他们都不想妥协，冲突在所难免。,经典电影暂无评价,https://movie.douban.com/subject/24869508/,yes,0.85,文牧野维语信仰短片
25870074,第七谎言,2015,孔令政,汉语普通话 / 粤语 / 英语,中国香港,4.2,1765,0,1,E2,阿桑（罗仲谦 饰）受雇于好友特伦斯，表面看来，阿桑对特伦斯忠心耿耿，然而内心里，阿桑一直爱慕着好友的妻子朱莉安娜（曾佩瑜 饰），并且在机缘巧合之下获得了同她共处一室亲密接触的机会，谁知到隔天就被朱莉安娜出卖。毕霍普（郑中基 饰）一直疑心妻子和他人有染，甚至假扮成客房服务员，偷偷追随妻子的行踪。格温（蔡颖恩 饰）即将和男友步入婚姻的殿堂，可是，就在这个节骨眼上，格温却听信预言家（林德信 饰）所言，当,经典电影暂无评价,https://movie.douban.com/subject/25870074/,no,0.85,港式悬疑片
1459399,鲁迅,2005,丁荫楠,普通话 / 上海话 / 日语 / 英语,中国大陆,7.3,1689,0,1,E2,横眉冷对千夫指，俯首甘为孺子牛。在19世纪末的江南水乡，一个日后在中国文化界占有重要席位的人降生于此，他就是鲁迅（濮存昕 饰）。经历了人生几度沉浮，见过了人吃人的阴暗面，鲁迅与夫人许广平（张瑜 饰）于1933年来到上海，度过了人生最后的一段时光。凶险的暴雨之夜，丁玲和潘梓年遭到反动派绑架，侥幸逃生的瞿秋白求助鲁迅，民权会的负责人杨杏佛振臂高呼，要求立即放人，严惩绑架案的策动者。习惯了但依然反抗着白,影片以细腻写实的历史笔触，还原了鲁迅晚年的精神世界，展现了文人风骨与深沉的家国情怀。,https://movie.douban.com/subject/1459399/,yes,0.7,上海晚年沪语穿插
7163193,龙门飞甲纪录片,2011,甘露,汉语普通话 / 粤语,中国大陆,7.3,1684,0,1,E2,这部纪录片全面揭示了徐克导演拍摄《龙门飞甲》全过程和不为人知的故事。,经典电影暂无评价,https://movie.douban.com/subject/7163193/,uncertain,0.5,片场纪录片粤语
25704408,花咒,2014,李克龙,汉语普通话 / 粤语,中国大陆,3.7,1663,0,1,E2,故事发生在民国时期，豪华别墅内居住着英俊帅气的男主人贺书明（罗彬 饰）及其乖巧的女儿丝丝。可惜女主人燕贞（张晓燕 饰）此前跳楼自杀，这件事不仅令家人痛不欲生，也在别墅内蒙上一层鬼魅恐怖的阴影。书明经常被噩梦和家里的诡异景象所困扰，丝丝则经常半夜里和妈妈在花海荡秋千。吃药治疗未果后，贺书明请来了擅长调查灵异事件的侦探上官天（齐志 饰）和开中药方的小妍（廖蔚蔚 饰）。针对侦探二人组的询问，男主人欲言又,经典电影暂无评价,https://movie.douban.com/subject/25704408/,no,0.9,民国惊悚片粤语点缀
1308729,我的美丽与哀愁,1995,陈国富,汉语普通话 / 台语,中国台湾,6.8,1662,0,1,E2,影片主题曲《为爱痴狂》曾获1995年第32届金马奖最佳电影歌曲奖。高三学生杜莉莉（张本瑜 饰）功课优异，但与母亲关系不融洽。她不断梦见自己在一座中国古典庭园里，邂逅一名英俊书生，与相遇、相恋。为此梦她身心俱疲，时常昏倒，在上课时不自觉地走出教室外。母亲带她去算命解厄，好友咪咪（天心 饰）帮她介绍男朋友，但都无法挽救莉莉日渐恍惚的精神及异常的举止。直到一天莉莉跷课，发现歌手柳玉梅（刘若英 饰）大型海,陈国富执导的奇幻文艺片，将现代女性的情感迷茫融入古典鬼魅传说，意境幽怨且极富诗意。,https://movie.douban.com/subject/1308729/,yes,0.8,陈国富台语奇幻片
5997849,暑假作业,2013,张作骥,汉语普通话 / 闽南语,中国台湾,7.3,1656,0,1,E2,小宝（杨亮俞 饰）的父母正在协商离婚，他们将小宝送往了乡下，暂时和爷爷共同生活。从车水马龙的大都市来到僻静的乡村，小宝感到十分不习惯，心情因此闷闷不乐。小宝转入了当地一所只有二十七个学生的学校念书，在那里，他遇见了绰号“大熊”的女生。尽管大熊和小宝同龄，但过的却是与他截然不同的困苦生活，这让小宝十分感慨。大熊和名为名诠的男孩成为了好友，而名诠偷偷喜欢的正是大熊。在名诠的带领下，小宝在自由自在的乡间,张作骥导演的乡土文艺片，镜头质朴纯真，以儿童视角温柔捕捉生命消逝与祖孙隔代的情感。,https://movie.douban.com/subject/5997849/,yes,0.85,张作骥乡间闽南语片
3732860,多大事啊,2009,韩秋池,汉语普通话 / 南京话,中国大陆,6.1,1642,0,1,E2,电线维修工王小坡（朱雨晨 饰）是一个乐于助人的小伙子，但是身为80后的他，收入微薄，无法负担婚房的首付。这一点令女友张俐的父母非常不爽，急忙给女儿张罗相亲。可女儿却觉得男友挺好，不曾理会。受刺激的小坡为了筹钱，在朋友的帮助下，接了个制作了道具装甲车的活儿，力求证明自己的实力。报社主编郑谨（句号 饰）是一个妻管严，因为答应捐助贫困生，而被其家长追债。情急之下，郑谨决定对老婆（叮当 饰）心爱的小狗“芝,经典电影暂无评价,https://movie.douban.com/subject/3732860/,yes,0.85,南京话市井喜剧
30214059,红毛皇帝,2018,岳廷,汉语普通话 / 河南话,中国大陆,7.2,1605,0,1,E2,“红毛皇帝”顾东林离过两次婚，独自拉扯着上初中的女儿婷婷。年轻时爱蹦迪的他，如今无聊了只能去公园里蹭别人的音响跳舞。2017年的直播浪潮，将他和舞伴们群魔乱舞的形象推到了公众面前。从此，“尬舞”彻底改变了他的家庭、爱情和生活。,经典电影暂无评价,https://movie.douban.com/subject/30214059/,yes,0.85,河南话尬舞直播纪录片
4718232,无蝉的夏天,2010,苗月,汉语普通话 / 四川话,中国大陆,8.3,1597,0,1,E2,此剧讲述的是内向的小人物谈阳的故事。善良宽厚的谈阳受厉国强之托，不得已接受了照顾其怀孕女友柳柳的重任。在共同生活的过程中，柳柳和谈阳共同解决了许多棘手问题。历经无数磕磕碰碰。谈阳、柳柳之间萌发了动人的真情。,经典电影暂无评价,https://movie.douban.com/subject/4718232/,yes,0.85,四川话温情小品
3003092,冈拉梅朵,2008,戴玮,汉语普通话 / 藏语,中国大陆,6.3,1544,0,1,E2,冈拉梅朵是西藏的一朵花、一幅画、一首歌、一间酒吧、一个女人的名字；冈拉梅朵是流传了半个多世纪前的一段凄美动人、寻找与错过的爱情故事。从北京来的美丽孤傲的录音师安羽在拉萨的第一夜阴差阳错地投宿到藏族鼓手阿扎家，引出一段奇异的情缘。曾经因一曲《冈拉梅朵》红遍全国的著名女歌手在突然失声从歌坛悄悄消失后，做了录音师的安羽，从声音的传唱者变成了声音的记录者和聆听者。她被西藏的一个歌声，湖边的一个幻像召唤，执,经典电影暂无评价,https://movie.douban.com/subject/3003092/,yes,0.8,拉萨藏语爱情片
1770510,蛇杀手,1974,桂治洪,汉语普通话 / 英语 / 粤语,中国香港,7.0,1537,0,0,,年青演员甘国亮，独挑大樑，主演「蛇杀手」，演绎这个沉鬱又受社会歧视的变态青年，可谓入木三分。香港电影史上，以蛇杀人为题材，可谓绝无仅有，更难得导演桂治洪大卖血腥暴力之餘，又能成功刻划一个善良青年转变为杀人狂魔的过程，导演桂治洪大卖血腥暴力，凸显蛇杀人的惊心场面，技法出眾。人蛇之间的友谊，相当感人。最后一场，群蛇围堵大屋，肆意狂咬。最后一场，群蛇围堵大屋，肆意狂咬，为香港电影史上其中最噁心动魄一幕。,充满邵氏邪典电影的暴力美学色彩，以极端的视觉风格展现了底层人物内心的疯狂与扭曲。,https://movie.douban.com/subject/1770510/,no,0.7,邵氏邪典默认排除
10563119,恋爱三万英尺,2012,杨子,汉语普通话 / 粤语,中国大陆,3.3,1499,0,1,E2,她是青春叛逆的火辣女小瞳（刘羽琦 饰），为了报复出轨的男友而进入空校。她是率性飒爽的冷酷女刘静（赵荣 饰），接受小瞳父亲之命暗中保护小瞳。他是特立独行的型男明哲（黄又南 饰），因被小瞳的独特而吸引，随之进入空校。他是看似温良敦厚的特工小唐（方力申 饰），为了揪出商业间谍而进入了培训班。四个人的命运从此纠结在一起，空校里的生活欢乐频频，却也时有蹊跷发生。小瞳和刘静竟阴差阳错地成为了姐妹，小瞳和明哲也,经典电影暂无评价,https://movie.douban.com/subject/10563119/,no,0.9,空校喜剧粤语点缀
27621448,范保德,2018,萧雅全,汉语普通话 / 闽南语,中国台湾,6.8,1472,0,1,E2,一阵剧痛，让一向硬朗的范保德惊觉身体不敌岁月。一阵炮竹，旅社老板娘毓琴宣告投入里长选战，和范保德一家打对台。选情升温，病情烦心，许多往事随之自范保德的记忆深处唤醒。也或许因死亡逼近，他决定和儿子前往日本打听离家五十载的父亲音讯。另一方面，毓琴找来香港的侄子帮忙竞选，仅管人生地不熟，但这里和他似乎也有微妙的关系。穿梭今昔的多线叙事，《范保德》缓缓道出两代之间血浓于水，又微妙难喻的亲情感应；更透过往事,经典电影暂无评价,https://movie.douban.com/subject/27621448/,yes,0.8,萧雅全闽南语父子片
1763100,深海,2005,郑文堂,汉语普通话 / 闽南语,中国台湾,7.0,1408,0,1,E2,由郑文堂执导，苏慧伦、陆奕静、戴立忍、李威等人演出的“深海Blue Cha Cha”，说着一个简单却动人心弦的故事。小玉（苏慧伦饰）服了7年的牢刑出狱后，到高雄旗津投靠前狱友安姐（陆弈静饰），从酒店的工作到工厂生产线女工的两个工作中，陆续遇到了两个男人都深深的伤害了患有忧郁症的小玉。原先从海报中苏慧伦和陆弈静站在堤防上对着大海喊叫的画面，以为“Blue Cha Cha”的蓝是淡蓝色的，而跳起了恰恰,经典电影暂无评价,https://movie.douban.com/subject/1763100/,yes,0.8,郑文堂闽南语女性片
6902345,潘多拉的宝剑,2012,李克龙,汉语普通话 / 河南方言,中国大陆,5.1,1382,0,1,E2,高扬（欧弟 饰）是一名婚礼策划人，然而，在他的内心里，一直渴望着能够成为一名真正的导演。一次偶然之中，高扬结识了名为华哥（郑浩南 饰）的土豪老板，华哥希望通过高扬之手，执导一部名为《虞姬》的电影，高扬毫不犹豫的接收了这一千载难逢的好机会。华哥指名爱丽丝（陈雅丽 饰）为电影的女主角，但实际上，华哥一直钟情于风情万种的爱丽丝，想借电影之名接近自己的梦中情人。电影开拍了，然而华哥和爱丽丝根本对于拍电影和,经典电影暂无评价,https://movie.douban.com/subject/6902345/,yes,0.7,河南方言土豪喜剧
25896040,搏击迷城,2015,陈丽英,汉语普通话 / 日语 / 粤语,中国大陆 / 中国香港,4.2,1316,0,0,,生长于内蒙古大草原的年轻摔跤手——娜仁（赵柯 饰），应邀前往日本表演摔跤。临行前，金月婆婆（斯琴高娃 饰）托她寻找离别十多年的孙子赤那思（陈伟霆 饰）。摔跤会主持人波士，永远戴着小丑面具，表现狂妄自大。摔跤会中，娜仁结识了被丈夫一度离弃的真和子（渡边奈绪子 饰），以及来自香港，与父亲冲突而离家出走的月月（李菲儿 饰）。波士诱使她们答应组队应战另一支凶猛的女子自由摔跤队。娜仁找到今月婆婆的孙子，他改,经典电影暂无评价,https://movie.douban.com/subject/25896040/,no,0.85,摔跤片粤语点缀
1308553,桂花巷,1987,陈坤厚,汉语普通话 / 台语,中国台湾 / 中国香港,7.6,1306,0,1,E2,高剔红（陆小芬 饰）十二岁便失去了父母，十六岁弟弟亦死于意外，悲惨的童年经历让高剔红早早就看透了世间的人情冷暖世态炎凉，她明白，在这个世界上，她能够依靠的，只有自己。离开了深爱的渔夫秦江海（任达华 饰），高剔红卯足了劲，想方设法终于嫁入豪门，然而，厄运紧跟其后，几年之后，高剔红带着年仅五岁的儿子成为了寡妇。然而，命运并没有将高剔红打垮，她和天斗和地斗和人斗，终于成为了一家之主，可是，手中所掌握的金,经典电影暂无评价,https://movie.douban.com/subject/1308553/,yes,0.85,陈坤厚台语女性史诗
27177463,那个我最亲爱的陌生人,2019,张作骥,汉语普通话 / 闽南语,中国台湾,6.5,1270,0,1,E2,绿树成荫，夏雨淋漓，小学生阿全的暑假作业是要观察鸡蛋的孵化，而他的家庭似乎也面临着变化：在成长过程当中缺席的母亲才从监狱假释，又回头去找当初要她顶罪的男友， 令阿嬷与妈妈的争执越演越烈；爷爷则被诊断出阿兹海默症，阿嬷看似无微不至的照顾， 更像在掩饰什么不可告人的秘密。此时，爷爷的旧友来访，看似友善温和的他，却掀起了 一阵家庭风暴⋯⋯,张作骥以写实温情且带有一丝魔幻的笔触，描绘阿尔茨海默症家庭的记忆消逝与家族和解之旅。,https://movie.douban.com/subject/27177463/,yes,0.85,张作骥闽南语家庭片
2338323,请将我遗忘,2007,谢鸣晓,汉语普通话 / 四川话,中国大陆,6.0,1231,0,1,E2,陈重（刘牧 饰）是一位销售经理，繁忙的工作和繁重的压力让他压抑的内心蠢蠢欲动。尽管有了温柔贤惠的妻子赵悦（国歌 饰），但他还是和名为叶梅（刘姝含 饰）的女子发展了一段地下恋情。某日，为了和叶梅幽会，他欺骗妻子说自己要去北京出差，令陈重没有想到的是，自己所捏造的航班竟然发生了故障，赵悦心急如焚地担心着丈夫的安危，在陈重好友王大头（李东昌 饰）和李良（张子晨 饰）的陪伴下匆匆赶往机场。王大头和李良早就,经典电影暂无评价,https://movie.douban.com/subject/2338323/,yes,0.8,成都四川话情感片
1305146,一只鸟仔哮啾啾,1997,张志勇,汉语普通话 / 闽南语,中国台湾,8.7,1192,0,1,E2,贫穷加上乌脚病让他们活的很无奈，他们不怪谁，只怪自己的命。大不了就是把手砍掉，把脚锯掉就不痛了。 邱水龙是典型的写照，在十几年前就因为乌脚病锯掉了一只脚，另一只脚又黑了一大块，锯掉也是迟早的事。 早年儿子出海被大海吞噬，媳妇(桃花仔)浪迹他乡，跳脱衣舞维生，留下天资较差的孙子(阿钟仔)两人相依为命。憨厚的阿钟仔到学校最快乐的事，就是把水沟和厕所打扫的乾乾净净，但是还是受到校长老师的鄙视冷落……,经典电影暂无评价,https://movie.douban.com/subject/1305146/,yes,0.85,闽南语乌脚病乡土经典
6386979,有一种静叫庄严,2011,张赞波,汉语普通话 / 湖南方言,中国大陆,8.4,1181,0,1,E2,2010年年底，一位在家乡工作的高中同学突然给我打来电话，说他正在北京出公差。于是，12年未曾谋面的他和我在首都北京重逢了。 见面后，才知道他现在官至家乡某乡的副乡长，此次来京执行一项特殊的任务。不过他似乎对自己的工作并无多大兴趣，而正好借此机会走朋访友，观光购物。最让他觉得不虚此行的，是逮住一次机会进了一趟某个著名而神秘的大院，尽管逗留时间短暂，但那里面的宁静和庄严让他记忆深刻。一直到了洗脚城里,经典电影暂无评价,https://movie.douban.com/subject/6386979/,yes,0.85,湖南方言伪纪录片
10478122,平壤之约,2012,西尔扎提·亚合甫 / 金贤哲,汉语普通话 / 朝鲜语,中国大陆 / 朝鲜,4.1,1143,0,1,E2,中国青年舞蹈家王晓楠（刘冬 饰）在“民族舞蹈大赛”表演朝鲜舞蹈《铃铛》时，被总评审——奶奶陈秀珍教授发现犯错，瞬间总分由第一名滑落至第十名。懊恼之际，奶奶安排她随中朝艺术交流团去平壤，并托付她顺便寻找朝鲜“姐姐”秀美——抗美援朝时期奶奶的朝鲜战友。途中，晓楠邂逅了来朝鲜 帮爷爷完成遗愿的中国青年摄影师高飞（高鑫 饰）。到达平壤后，晓楠和朝鲜青年舞蹈家金银顺产生了一些意想不到的误会……为了消除误会，,经典电影暂无评价,https://movie.douban.com/subject/10478122/,uncertain,0.5,中朝合拍朝鲜语
30378028,世外桃源,2018,周铭影,汉语普通话 / 四川方言,中国大陆,7.3,1069,0,1,E2,在一个取名为“世外桃源”的乌托邦世界，权威的中心向外扩散着宏大的集体主义思想，要求年轻人放弃自我意识，投入一个幻想中的集体；在欢乐、疲惫、严苛共存的理想实验中，传递在人们口中的信念，逐渐被现实撕裂，一部分年轻人开始产生反抗意识，“世外桃源”面临巨大挑战。,经典电影暂无评价,https://movie.douban.com/subject/30378028/,yes,0.85,四川方言乌托邦纪录片
1301914,真心话,1999,尔冬升,普通话 / 英语 / 粤语,中国香港 / 新加坡,7.3,1065,0,0,,本片由尔冬升导演，描述了何润东与范文芳这对爱情小冤家，由于出身与教养大有差别，互相吸引又互相有顾虑，最有趣的是乖仔何发觉堕落妹范的住所残旧且污脏，忍不住并主动为其打扫清洁，同居后又怕被她纠缠，弄不清到底是否真爱她，后来他激情示爱，不惜狂食迷幻药，其实很突兀，好在那段生死边缘拍出强烈的戏剧性，最具有剧力。本片半香港味半新加坡味，对男女关系的变化过程，相当细腻，剧力转折亦有功夫。,经典电影暂无评价,https://movie.douban.com/subject/1301914/,yes,0.7,港新合拍粤语爱情片
5268638,追踪章鱼保罗,2010,小江 / 李凯 / 张扬,汉语普通话 / 英语 / 德语 / 粤语,中国大陆,3.6,1064,0,-1,N2,一条知道太多的章鱼，注定活不了太久。一块包藏着世界杯秘密的芯片，必然会决定很多人的生死。国际赌球组织派出杀手连晋和田原找寻芯片的下落。连晋锁定了几个目标：中国足球界的几个著名人物：黄健翔，李承鹏，谢晖，张帅等人，由于各自的原因而卷入了此事，遭遇追杀，无力自拔。香港杀手连晋手拿钉枪，宁可错杀一千，不可放过一个，不达目的，誓不罢休。来自非洲部落的一条章鱼“旺财”拥有预测世界杯比分的功能，而其中的原因却,经典电影暂无评价,https://movie.douban.com/subject/5268638/,no,0.9,世界杯恶搞片
26418005,我的“狐朋狗友”,2016,霍猛,汉语普通话 / 河南话,中国大陆,5.7,1060,0,1,E2,一个风流成性的男青年唐明军勾引了黑道大哥昆山的女友，大哥借机前来 讹诈 。危难之际，他只好找来最好的三个兄弟一起解决困难，但四个怂蛋无法和大哥抗衡，只好去向昆山当年最好的兄弟求援，在逃亡过程中，四个浑浑噩噩的兄弟遇到了一位美女，并在曾经的初恋、冷漠的孩子和强势的老婆之间周旋，惹上了各种新的麻烦。,经典电影暂无评价,https://movie.douban.com/subject/26418005/,yes,0.8,霍猛河南话兄弟喜剧
26769474,香港大营救,2018,刘一君,汉语普通话 / 粤语 / 日语,中国大陆,4.4,1036,0,1,E2,电影《香港大营救》讲述了1941年12月8日太平洋战争爆发，香港被日军占领，驱逐百万香港难民。同时，为实现对中华民族的文化控制，驻港日军特务机关全城搜捕滞留香港的中方爱国志士和文化名人。茅盾、邹涛、蔡导演等800多人为求自保，纷纷隐藏行迹，蒋介石对邹涛等人发出格杀通缉令┉┉，形势千钧一发，万分危急。东江游击队队长叶伟强进入香港，香港混混潘葆提出“一根金条一个人头，只数人头不看生死”的条件，而这一切,经典电影暂无评价,https://movie.douban.com/subject/26769474/,uncertain,0.5,港式主旋律粤语
30491798,回南天,2020,高鸣,汉语普通话 / 粤语,中国大陆,5.5,1018,0,1,E2,一对年轻的情侣小东和杜鹃住在城中村，日子过得磕磕碰碰。游乐城倒闭变成饮食城，为了在饮食城重建小舞台，小东留下暂时做了守湖保安。在守湖过程中，他认识了前来放生的女孩园园。杜鹃是个花艺师，在花店打工。杜鹃经常到客户龙老师家插花。龙老师特别神秘，年轻的杜鹃被龙老师这种神秘气息吸引。小舞台重建未果，小东被辞退。回家帮女友经营起“小丑花店”，女友要求小东扮成小丑送花。送花之余，小东会去园园家。园园以前是某剧,经典电影暂无评价,https://movie.douban.com/subject/30491798/,yes,0.7,深圳城中村粤语文艺片
3094278,驱魔童,1988,赵中兴,汉语普通话 / 粤语,中国台湾,7.1,1011,0,1,E2,桃太郎與母親在桃花源裡生活，一天，忽然來了一名叫「少一段」的男子，他因崇拜桃太郎而來拜師。另一方面，惡魔宮內長老欲置桃太郎於死地的同時，竟抓童男童女練功 ，桃太郎對此感到氣憤，決定打鬼。不料其母竟被惡魔殺死，此事令桃太郎與魔宮之仇更深!,经典电影暂无评价,https://movie.douban.com/subject/3094278/,no,0.7,台产国语童话动作片
4841184,古宝奇缘,2011,徐捷,汉语普通话 / 方言,中国大陆,5.7,987,0,1,E2,九毛和眼镜是盗墓老手，一天他们挖到一个千年古币，无意中被红军妈捡到。锤子和耗子一直想干点大事，来到红军家收废铁，看到古币想哄骗红军妈卖出……,经典电影暂无评价,https://movie.douban.com/subject/4841184/,uncertain,0.5,方言标签盗墓农村喜剧
3113423,我最后的秘密,2007,黎小锋 / 贾恺,汉语普通话 / 吴语,中国大陆,7.7,963,0,1,E2,百步街，位于苏州一隅的破败老街，这里生活着一位曾有着不平凡人生的老人。年愈九十的孙老师出生于书香门第、富贵人家，儿时的宅院“比大观园大得多”。她年轻时美丽动人，被人称作“体育皇后”。在上海求学时，她与同校英俊帅气的“体育皇帝”相恋。为了和出身贫寒的爱人长相厮守，她毁掉长辈安排的婚约，决然离家出走。多年的风风雨雨，各种风波和运动都不曾打垮这个自信、刚硬的女子，却因爱人一次次的背叛而让她的生命中留下“,经典电影暂无评价,https://movie.douban.com/subject/3113423/,yes,0.85,苏州吴语老人纪录片
24530675,小胖妞4,2013,何伟锋,汉语普通话 / 粤语,中国大陆,7.5,961,0,1,E2,在上一集中，被魔法击中化身的半导体变形金刚和小胖妞（山新 配音）进行了艰苦卓绝的战斗。虽然艰难打败对手，但是小胖妞也遭受重创，昏迷不醒。在深层的意识中，小胖妞徘徊来到另一个世界，她穿过地府大门，望见周围的死者，不知该去往何方。与此同时，王子（皇贞季 配音）和魔王（藤新 配音）想方设法要唤醒这个胖乎乎的善良小美人。他们根据一张《神医富言杰》DVD中不靠谱的教学，尝试用拔罐、针灸和电击的方法救治小胖妞,经典电影暂无评价,https://movie.douban.com/subject/24530675/,no,0.8,动画粤语配音点缀
25982512,死亡之谜,2015,黄正杰,汉语普通话 / 粤语,中国大陆,2.8,897,0,1,E2,一脸疲惫的心理医生何宁（温兆伦 饰）回到家中，诡异地收到一个装着精美双鱼玉佩的神秘包裹。随后他接到一通电话，按照对方的指示来到破败且无人居住的702房间，结果发现他所负责的抑郁症女患者李泽尚（杨心蕊 饰）在房间内上吊自杀。随后赶来的警方将何宁当场抓获，担任刑警的好友凌志杰（黄征 饰）对其展开问询，何宁被迫回忆起前几日来发生的各种匪夷所思的事件。在为李泽尚例行治疗后，前台小姐交给他一枚玉佩，适逢妻子,经典电影暂无评价,https://movie.douban.com/subject/25982512/,no,0.9,悬疑片粤语点缀
11600922,暴躁天使,2013,赵晔,汉语普通话 / 粤语,中国大陆,4.4,863,0,1,E2,一场意外让张渔（苏妙玲 饰）的脑部受损，成为了生活无法自理的精神病人。武江（李治中 饰）是张渔青梅竹马的好友，他将张渔接到了自己的家中，无微不至的照料着他。张渔的病情看似并无好转，但一次偶然中，武江发现张渔在睡梦中居然恢复了理智，说着梦话回忆着从前的故事，这让武江看到了张渔治愈的希望。武江自己的生活亦是一团糟，个性火爆的他有着轻微的暴力倾向，总是忍不住要以暴力来解决问题，为此，他接连干了好几份工作,经典电影暂无评价,https://movie.douban.com/subject/11600922/,uncertain,0.5,广州粤语小成本片
25875053,基隆,2015,乔梁,汉语普通话 / 闽南语,中国大陆 / 中国台湾,6.9,861,0,1,E2,天青，一个违反禁令、被怀疑跑路的大陆渔工。吴念念，一个刚失去爱人、靠出卖色相为工作的槟榔西施。在基隆的破落街头，两个被世界抛弃的人相遇相知，在对方的身上拼命寻求慰藉。在这一夜，两个孤独的灵魂，走入彼此的心……,经典电影暂无评价,https://movie.douban.com/subject/25875053/,yes,0.8,基隆港闽南语边缘人片
27622779,人怕出名猪怕壮,2018,彭建伟,汉语普通话 / 四川方言,中国大陆,5.5,855,0,1,E2,年关将至，小城居民都在筹备着过年。社区也不例外，请来了杀猪匠，白刀子进红刀子出，一头肥硕的猪，即将踏入走上餐桌的征途。然而，一句声嘶力竭的“幺儿”打破了这平静祥和的氛围，猪，不再是普通猪，人，变成了各色人，一出关于猪权归属的小城轶事，轰轰烈烈、热热闹闹的拉开了序幕。,《人怕出名猪怕壮》是一部贴近生活的草根小成本喜剧，通过荒诞的生活误会展现了底层市民的生存百态，接地气且亲切。,https://movie.douban.com/subject/27622779/,yes,0.8,四川方言草根喜剧
30140092,小美,2018,黄荣昇,汉语普通话 / 粤语,中国台湾,6.1,819,0,1,E2,众人眼中的可爱少女小美突然人间蒸发。与她生命轨迹交集过的九个人物，透过访谈与回忆，逐渐拼凑出小美的生命轮廓。房东、前男友、美容公司老板、母亲各自搓揉记忆，黏合出一尊模模糊糊的人物塑像。害羞不安的吸毒少女倏忽往来过去与现在，如今肉身何处、灵魂何在，却没一个人能说得准。导演黄荣昇首部长片即入围柏林影展面面观单元，金马奖最佳导演锺孟宏担任监製兼亲自操刀摄影，《大佛普拉斯》（2017）导演黄信尧献声旁白加,经典电影暂无评价,https://movie.douban.com/subject/30140092/,yes,0.8,粤语访谈体文艺片
33459904,岐路父子,2019,王博伦,汉语普通话 / 西南官话,中国大陆,7.0,815,0,1,E2,王阳父子驱车前往一所深处山林的养老院，为赶时间选择了一条偏僻的小路，不料被落石刮破底盘，汽车抛锚在没有信号的歧路之上……,经典电影暂无评价,https://movie.douban.com/subject/33459904/,yes,0.7,西南官话公路短片
1999745,少林僵尸,2004,孔祥德,汉语普通话 / 粤语 / 粤语,中国香港,5.0,803,0,1,E2,七月十五黄道之昌，五星连珠之时，僵尸王在诅咒中醒来以极其残忍的七杀空间对付世人，整个阴阳两界陷入魔道之中，惊现魔幻界！ 唯一解救的方法便是到五行堡夺取五行旗对付七杀空间！黑白两道长重回茅山夺取五行旗对付僵尸王，而以茅山道中，能夺取五行旗者便为天下第一茅山道，所以黑白两道长之间恶斗的同时又要齐心协力对付僵尸王，一场混战就此开始。,经典电影暂无评价,https://movie.douban.com/subject/1999745/,no,0.8,港式僵尸片默认排除
1306075,娃娃,1991,柯一正,汉语普通话 / 闽南语,中国台湾,8.7,739,0,1,E2,娃娃的父母在一次交通事故中双双去世，两人的生前好友朱妈妈收留了孤苦伶仃的娃娃，初来乍到的娃娃带着她的宠物迷你猪芭乐，它是她最好的朋友和心灵的慰藉。娃娃和芭乐的到来在朱妈妈家上下引起了不小的骚动，朱妈妈带娃娃十分亲切，将她视作是自己的亲生孩子。娃娃就连上学也带着芭乐，这给学校带来了困扰，却也令校园里增添了快乐。娃娃结识了一群侠肝义胆的好朋友们，某日，芭乐走丢了，心急如焚的娃娃决定独自踏上寻找芭乐的旅,,https://movie.douban.com/subject/1306075/,yes,0.8,柯一正闽南语儿童片
33447759,奔跑的少年,2019,戴维,汉语普通话 / 维吾尔语,中国大陆,7.1,735,0,1,E2,在塔克拉玛干沙漠边缘的一个新疆村庄里，主人公帕尔哈提是一所小学的教师，幼年时候的足球梦想被父亲扼杀。一颗足球被风吹到帕尔哈提的脚下，唤起了他对足球的回忆和热情。由此一颗“天赐”的足球便开启了帕尔哈提和他班上十几个孩子的“足球追梦之旅”，通过帕尔哈提的努力，他成功带领球队的孩子，克服重重困难将孩子们引领上了一条追梦足球的道路，而帕尔哈提本人也在与孩子们的相处中自我提升，逐渐成为一名传奇足球教练。,,https://movie.douban.com/subject/33447759/,yes,0.85,新疆维吾尔语足球追梦片
26676478,我们这样拍电影,2015,萧菊贞,汉语普通话 / 台语,中国台湾,7.7,719,0,1,E2,《白鴿計畫：台灣新電影二十年》蕭菊貞受釜山影展20週年特別企劃「紀錄片系列專題—亞洲電影的力量」之託，拍攝本片紀錄自台片票房復興，台灣電影工作者所面臨的困難，藉由一段段與台灣導演的訪談，爬梳台灣電影中所反映的社會脈動以及「國族認同」議題。透過訪問導演、製片等電影各界人士，形塑出現今台灣電影的嶄新樣貌，更一窺電影從業人員對於電影的肺腑之言。另一方面，隨時代演變，觀眾對於台灣的想像日漸擴展，這片土地的,,https://movie.douban.com/subject/26676478/,uncertain,0.55,台影纪录片台语访谈
1457410,黑狗来了,2003,尹祺,汉语普通话 / 台语,中国台湾,7.4,714,0,1,E2,永吉原是一个小规模建筑承包商， 嗜赌如命，因无力偿还赌债，偷走欠钱的收据而被黑道老大黑狗追杀。永吉的父亲大德在二十年前曾为黑狗挡住对手的攻击而双眼失明，黑狗和大德从此结为换帖兄弟。永吉被抓后，面对性命的威胁，情急之下骗黑狗说父亲已过世，为了筹办丧礼而无钱还债。黑狗悲恸地要到灵堂向大德捻香致意。《黑狗来了》动用近20位演员，蔡振南、太保、李炳辉、于冠华、丁宁、闪亮三姊妹等，合谱小人物的悲喜交响曲。奖,,https://movie.douban.com/subject/1457410/,yes,0.8,蔡振南台语黑色喜剧
26289140,灿烂这一刻,2017,陈果,汉语普通话 / 粤语,中国大陆,5.0,714,0,1,E2,余梦辉（张敬轩 饰）是学校的拉丁舞老师，带领着校队参加了一场十分重要的比赛。领导要求余梦辉和他的舞蹈队必须在比赛中拿下三连胜，这几乎是不可能完成的任务。然而，余梦辉却不愿意放弃希望，而是变本加厉的训练手下的小队员们，最终奇迹没有发生，余梦辉还因为他严苛的教学手段和家长起了冲突。之后，心灰意冷的余梦辉选择了辞职返回乡下，在那里，余梦辉结识了舞厅老板蓝姨（郝蕾 饰）。让他没有想到的是，他曾经的小队员们,,https://movie.douban.com/subject/26289140/,yes,0.7,陈果广东粤语歌舞片
27104373,神偷大师,2017,沈金飞 / 阎余超,汉语普通话 / 四川方言,中国大陆,5.0,707,0,1,E2,影片讲述了一位常年运输精神病的司机马小军在一次运输过程中，不慎将精神病人丢失在自己情人的店外，无计可施又怕承担责任的马小军与小凤萌生了一个偷天换日的想法——把小凤的客人充当精神病人送去医院。没想到的是，接下来到店里的客人都是行为古怪的人，马小军和小凤使出浑身解数，凑齐了逃走精神病人的数量，两人正准备离开的时候同屋的小仙发现了两人的阴谋，小仙受到惊吓，跑出了店，马小军和小凤发现后，害怕身份暴露，到处,,https://movie.douban.com/subject/27104373/,yes,0.7,四川方言网络喜剧
3056430,马戏学校,2007,郭静 / 柯丁丁,汉语普通话 / 上海话,中国大陆,8.2,702,0,1,E2,欢乐轻快的音乐，五颜六色的灯光，令人叹为观止的高飞动作和各种惊险有趣的表演，这是马戏团留给大多数人的印象。然而在欢笑惊叹之余，却很少有人关注这些马戏演员们所付出的艰辛。2004年，一支摄制组来到了位于闵行区程家桥路的上海市马戏学校。此时学校内的气氛颇为紧张，为了备战半年后举行的全国杂技比赛，学校上下全部动员起来。两个主要参赛项目——空中飞人和三人摞顶的教练与学员更是不得放松。在接下来的一年里，平实,,https://movie.douban.com/subject/3056430/,yes,0.85,沪语马戏学校纪录片
3632550,现实是过去的未来,2008,黄伟凯,普通话/国语 / 粤语,中国大陆,7.6,683,0,0,,参展纪录：2009年第31届法国真实电影节我们每天的日常生活里充斥着各种荒诞的事件。影片由20多个发生在城市里的事件拼贴而成：一个拿不到赔偿金而扬言自杀的男人；一个在路中央手舞足蹈的疯子；一群在高速路上失控的猪；随意乱过马路的行人；在消费过程中出现的假钞；在建筑工地里发现的文物；城市的河流里既有打着环保旗号的游泳队伍，又有不怕肮脏的渔夫，甚至还有一条逃跑出来的鳄鱼……作者阐述：在两年间我收集了DV,,https://movie.douban.com/subject/3632550/,uncertain,0.5,城市拼贴纪录粤语
30243293,初三四班,2018,陆春桥,汉语普通话 / 四川话,中国大陆,7.1,674,0,1,E2,一代年轻人的命运被“5•12”特大地震改变。北川中学初三四班的学生因为上体育课而全部幸免于难，地震那年他们才十五六岁，因为“幸运”而重获新生的同学们此后十年的人生都发生了翻天覆地的变化。十年后，作为其中一员，导演陆春桥以亲历者的视角，带着好奇和疑问找到当年一起经历生死的同学们，记录下他们震后十年的成长故事。,,https://movie.douban.com/subject/30243293/,yes,0.85,北川四川话震后纪录片
30242177,饿死诗人,2018,张新阳,汉语普通话 / 南京话,中国大陆,6.7,658,0,1,E2,杨万里是个穷困潦倒的诗人，一次在朋友的建议下他改行写起了电影剧本，剧本改编自他和一个小姐的真实经历。后来小姐结婚，他在婚礼现场认识了一个婚庆摄影师，这个婚庆摄影师为他记录下了他为剧本四处找投资的过程。剧本和现实互相交织，杨万里在其中起伏幻灭。,,https://movie.douban.com/subject/30242177/,yes,0.8,南京话独立诗人片
34925392,拨浪鼓咚咚响,2020,白志强,汉语普通话 / 陕北方言,中国大陆,7.4,653,0,1,E2,本片呈现了一个痛失爱子的寻仇货郎和一个寻找父亲的孩子从不共戴天到形同父子的感人故事。这段寻父之旅使充满复仇心里的苟仁重新燃起对生活的希望，也使寻找父亲的孩子毛豆找到了心灵归宿，二人相互救赎了彼此。,,https://movie.douban.com/subject/34925392/,yes,0.85,陕北方言寻父公路片
10833882,危城之恋,2012,郑大圣,汉语普通话 / 天津话,中国大陆,6.9,652,0,1,E2,婉儿（闵春晓 饰）出自一个家道中落的书香门第，从父母之命嫁进侯家，丈夫是侯家的二少爷荣之。荣之是一个顽劣的富家少爷，只知吃喝玩乐，新婚第一夜，就撇下婉儿出走，同交际花露露同居，偶尔回家，也是为了讨要钱财。侯家三少爷萱之（周帅 饰）却与荣之秉性相反，为人忠厚善良，是个积极阳光的青年。他和婉儿都喜好文学，并因此在叔嫂的关系上多了一层感情。婉儿逐渐被萱之的文采和性格打动，以读者的名义给萱之写信，二人就此,,https://movie.douban.com/subject/10833882/,yes,0.85,天津话民国爱情片
1298362,益西卓玛,2000,谢飞,汉语普通话 / 藏语,中国大陆,7.5,645,0,1,E2,暑假，达娃回拉萨看望多年不见的姥爷和姥姥，正遇到姥爷病重、去世。在看护病人和料理丧事的过程中，姥姥益西卓玛给她讲述了自己曲折的一生，讲述了五十年来，她与三个男人的爱恨恩怨…… 益西卓玛老人一生的婚恋恩怨经历并不特别，在各民族、各时代的生活中常常都会遇到。但是，半个世纪以来西藏地区从农奴制到现代社会的巨大变迁，以及藏民族独特的宗教文化，对命运与轮回的信仰的人文精神，却使她的故事饱含了丰富、独特的审美,,https://movie.douban.com/subject/1298362/,yes,0.85,谢飞藏语半世纪史诗
26903988,越囧,2016,郭翔,汉语普通话 / 粤语 / 越南语 Vietnamese / 英语,中国大陆 / 越南,2.3,641,0,1,E2,40岁的未婚男人潘帕斯（马德钟 饰）想找到一个满意的老婆，于是请了濒临破产的婚介所老板赵小样（王大治 饰）做婚姻顾问，带着一个会半桶水越南语的女汉子白小白（刘力扬 饰）做翻译，前往越南追求大牌女明星阮氏芳（庆媚 饰)，三个不靠谱的人去完成一个看似不可能的任务，中间发生了一系列啼笑皆非的故事。,,https://movie.douban.com/subject/26903988/,no,0.9,越南公路喜剧粤语点缀
1915311,缘起,2002,甘露,汉语普通话 / 粤语,中国大陆,7.2,623,0,1,E2,历时四年的跟踪拍摄，四百个小时素材的累计，缘起——英雄，甘露告诉你一个不一样的张艺谋，一部不一样的《英雄》。,,https://movie.douban.com/subject/1915311/,uncertain,0.5,英雄幕后纪录片粤语
3047973,新天龙八部,1982,蕭笙,普通话/国语 / 粤语,中国香港,5.8,621,0,0,,吐蕃國師嶋摩智往天龍寺討六脈神劍秘笈， 寺僧暗將秘笈交予段譽， 譽緊記後毀之. 嶋索秘笈不遂， 傷眾僧後抓段譽往向慕容復交代， 途中段譽逃脫. 丐幫幫主喬查出乃契丹人後裔而遭排斥， 路上結識段譽， 峰被武林人仕追殺幸得虛竹所救， 三人結成兄弟. 慕容復利用表妹王語嫣哄段譽說出武功心法， 嫣不值其所為， 帶譽離去. 其後慕容復因復國無望， 終變神智失常. 喬峰不惜以武力阻止遼國君主耶律洪基侵宋， 使,,https://movie.douban.com/subject/3047973/,no,0.7,邵氏武侠默认排除
35000216,武汉战疫纪,2020,葛云飞,汉语普通话 / 英语 / 武汉话,中国大陆,8.3,610,0,0,,At 10 a.m. on January 23， Wuhan went into lockdown. This was done to stop a deadly virus from spreading further across the nation. It was one day before Chinese New Year's Eve， a major travel day for ,,https://movie.douban.com/subject/35000216/,yes,0.7,武汉话疫情纪录片
3074682,大头仔,1988,蔡扬名,汉语普通话 / 闽南语,中国台湾,7.4,604,0,1,E2,吴进成（万梓良 饰）出生在贫困的家庭中，因为一次为兄弟出头而失手杀了人锒铛入狱。一晃眼多年过去，吴进成终于结束了牢狱之灾返回家中，却遭到了父亲的驱逐，无奈之下，他只得来到了歌舞团，成为了那里的一名保镖。在歌舞团里，吴进成邂逅了名为阿君（甜妞 饰）的歌女，一天，阿君和地痞流氓之间产生了矛盾，所幸得到了吴进成的保护才幸免于难。阿君被吴进成的正义感所吸引，很快两人就走到了一起。然而，吴进成无法忍受阿君铺,,https://movie.douban.com/subject/3074682/,yes,0.8,万梓良闽南语黑帮片
3444612,成龙的传奇,1998,成龙,普通话/国语 / 粤语,中国香港,7.6,604,0,0,,有史以来，从来没有一位动作巨星能够像成龙一样如此受到全球影迷的热爱。事实上，成龙本身所代表的也就是一则传奇。【成龙的传奇】是成龙首度为自己制作的自传。在片中，成龙将亲自忆述他的出生，及不断奋斗进取的心路历程。片中还搜录许多成龙向死神挑战、令人瞠目结舌的特技画面！套句成龙的话说，他今日的成功，靠的就是“苦练、纪律与忍耐”，而这些，也正是让他在戏里戏外都永远活力十足的原因！绝无仅有的独家珍贵画面、以及,,https://movie.douban.com/subject/3444612/,uncertain,0.5,成龙自传纪录片粤语
3993565,额吉,2010,宁才,汉语普通话 / 蒙语,中国大陆,8.0,591,0,1,E2,60年代初，三千多名上海孤儿被大迁徒到内蒙古，琪琪格玛不顾丈夫的反对领养了珍珍和雨声。额吉的慈爱善良、草原上古老的劝奶歌，渐渐抚平了孤儿们幼小心灵上的伤痛使他们成为了真正的草原牧人。然而十几年后，他们亲生父母出现了，这些当年的孤儿们会如何做出他们的人生抉择呢？《额吉》在蒙语裡是母亲，蒙古人把草原也叫额吉。,,https://movie.douban.com/subject/3993565/,yes,0.85,草原蒙古语孤儿片
1926445,喜马拉雅王子,2006,胡雪桦,汉语普通话 / 藏语,中国大陆,5.5,590,0,1,E2,拉摩洛丹（蒲巴甲 饰）王子看到了最不想看到的一幕，父亲尸骨未寒，母后竟与叔叔克洛朗（多布杰 饰）大婚。夜晚，父亲的鬼魂找到王子，告诉他自已是被亲兄弟所害。一心为父报仇的王子遭到母后百般阻拦，情绪失控的拉摩洛丹杀死了恋人奥萨鲁央（索朗卓嘎 饰）的父亲，被派往遥远的波斯，而奥萨鲁央因此气绝身亡。因邂逅阿郗苏羯公主（俄玛 饰），拉摩洛丹幡然醒悟。奥萨鲁央的哥哥雷桑尔（扎西 饰）誓言为父亲和妹妹报仇，但关,,https://movie.douban.com/subject/1926445/,yes,0.8,藏语王子复仇片
34332494,红暑,2019,杨雨豪,汉语普通话 / 四川方言,中国大陆,7.5,589,0,1,E2,学校解散前的最后一个暑假，帮好朋友拍“电影”的五年级学生小宏无意中发现了父亲疑似出轨的证据。夏天即将过去，他们在拍片的过程中看到了镇上各种曾经非常热闹、但因为住户搬迁而已经荒废的地方，昔日好友也相继离开。对离开故乡的恐惧和对爸爸的不信任让小宏对于未来的选择产生了怀疑……,,https://movie.douban.com/subject/34332494/,yes,0.8,四川方言童年短片
26184568,奇人密码：古罗布之迷,2015,黄强华,汉语普通话 / 闽南语,中国台湾,6.6,586,0,1,E2,霹雳国际多媒体2015年度推出的3D木偶电影。为揭开灭门真相，遗孤张墨、张彤带着父亲遗物「奇人阿西」，依循线索亡命西域，寻找延续阿西生命的关键能源，野心勃勃的楼兰王子则欲夺取能源以复辟，借机利用张墨挥军古罗布，一场攸关天地存续的浩劫即将漫天而来。,,https://movie.douban.com/subject/26184568/,yes,0.75,霹雳木偶闽南语电影
1986783,芒种,2006,张律,汉语普通话 / 朝鲜语,中国大陆 / 韩国,7.2,577,0,1,E2,中国韩裔社群的边缘故事。崔顺姬在妓女小贩充扩之地非法摆卖泡菜，独力养育孩子。她结交同乡有妇之夫，让身体的需要有个寄托。不请自来的公安，又为她申请营业牌照。但好景不常，男人都不是好东西，崔把心一横，要他们付出代价。,,https://movie.douban.com/subject/1986783/,yes,0.85,张律朝鲜语边缘女性片
26731242,接线员,2017,卢谨明,汉语普通话 / 英语 / 闽南语,中国台湾 / 英国,6.1,567,0,0,,小袁跟许多年轻人一样，怀抱梦想远走他乡。她从台湾到英国伦敦求学，毕业后决定留在当地工作。2008 年金融海啸席卷全球，一职难求。在经济压力之下，她瞒著男友与家人到非法东方按摩院当起了接线员。按摩院小姐背后错综複杂的故事和异乡情结，挑战她的价值观跟道德观。小袁会不会迷失在这个非常世界裡，而忘了自己的初衷？,,https://movie.douban.com/subject/26731242/,yes,0.7,伦敦按摩院闽南语片
1401754,老莫的第二个春天,1984,李佑宁,汉语普通话 / 闽南语,中国台湾,7.9,555,0,1,E2,退伍老兵老莫（孙越）仿其老友常若松讨老婆的方法，用半生积蓄买来年轻貌美的高山族姑娘玉梅（张纯芳）作老婆。玉梅表面看来对老莫并无感情，其实打算同老莫好好过日子。眼见常若松婚后的凄惨景象，加上正值壮年的瓦斯工人金树（陈慧楼）常来帮玉梅的忙，两人在外人眼里正是般配的一对，老莫对自己花钱买来的家庭生活产生怀疑，而想起自己被白白牺牲掉的青春岁月，善良的他不忍再耽搁玉梅，有心成全她与金树，留下一笔钱离家出走，,,https://movie.douban.com/subject/1401754/,yes,0.85,闽南语退伍老兵经典
33451752,汉南夏日,2020,韩帅,汉语普通话 / 武汉话,中国大陆,6.9,555,0,1,E2,寄居姨妈家的女孩杨果，因目睹好友的一场意外陷入困局。在不断为逃离小城挣扎的夏天里，女孩渐渐获得了一个女人的朦胧自觉，学会面对生活，面对自己，长大成人。,,https://movie.douban.com/subject/33451752/,yes,0.85,武汉话少女成长片
35193163,夏风沉醉的晚上,2020,顾晓刚,汉语普通话 / 杭州话,中国大陆,5.5,540,0,1,E2,在《夏风沉醉的晚上》，导演顾晓刚又一次回家，在船上支起银幕放《春江水暖》，给家乡天地和人看。那瓢富春江的水放回江中，任它流向更广阔处。FIRST携手@雷克萨斯中国 邀请顾晓刚导演拍摄的短片上线。东方日常是在富阳的生活，吃茶、钓鱼、坐船，都是紧要的。和导演一起，我们向桃花源驶去。,,https://movie.douban.com/subject/35193163/,yes,0.8,富阳杭州话短片
30206417,好汉三条半,2019,林子聪 Tze Chung Lam,汉语普通话 / 粤语,中国大陆,3.1,530,0,1,E2,由林子聪执导，陈浩民、孟瑶、桂晶晶等主演的电影《猛男3条半》将于近期上映。该片讲述两车房老板因旧仇及私利互相斗气，请了4名猛男伙计与4名美女帮手，在互斗中发生爱意，进而引发一连串啼笑皆非、囧态百出的故事。,,https://movie.douban.com/subject/30206417/,no,0.9,港式闹剧粤语点缀
4841182,云上太阳,2012,丑丑,汉语普通话 / 法语 / 少数民族语,中国大陆,6.5,530,0,0,,一天，法国女画家波琳（菩翎男 Line Nane 饰）走进了中国贵州东南部神秘美丽大山深处的丹寨，她又突发性地晕倒在水田里，几乎失去生命。但在那里，两个苗族孩子发现了她，孩子的父亲把她背回家里，请来当地的苗医给她治病，后来病情越发严重时，全村寨的人都来帮助她，她感受到了当地善良的苗族人淳朴的爱，她感受到了人间还有温暖。在波琳病情危急的时候，当地善良淳朴的人们甚至用他们心目中最神圣的锦鸡给她治病，她,,https://movie.douban.com/subject/4841182/,yes,0.75,丹寨苗族语人文片
1858095,一代天骄成吉思汗,2000,塞夫 / 麦丽丝,汉语普通话 / 蒙古语,中国大陆,6.6,522,0,1,E2,公元12世纪，广袤辽阔的蒙古大草原，由于群龙无首，不同部落之间征伐兼并，屠戮仇杀，将原本的宁静祥和击得粉碎。是时，蒙古人依然保持着抢亲习俗，他们相信婚姻成就的越快，生下的孩子便越勇猛。在一个飘雪的寒冷日子里，乞颜部可汗也速该半路上抢走了蔑尔乞部的新娘诃额伦，而他们便成为了日后草原上的雄鹰——铁木真的父母。部落间的仇杀纷争没有穷尽，铁木真就在血雨腥风之中降生人间。曾经雄霸一方也速该也无法避免死于他人,,https://movie.douban.com/subject/1858095/,yes,0.85,蒙古语成吉思汗史诗片
20254287,爱呦，阿斗,2013,爱迪生,汉语普通话 / 大连话,中国大陆,7.6,518,0,1,E2,谢阿斗（刘谋峰 饰）、陈筱悠（杜雨宸 饰）、马壮（周鑫洋 饰）和毛彪（魏林 饰）是大学时代的同窗兼好友，四人之间感情十分要好。毕业季将至，虽然四人约定要做一辈子的好朋友永远不分开，但逐渐逼近的残酷而又冰冷的现实让四人都隐隐约约的开始明白，他们的约定或许永远都不会成为现实了。谢阿斗发现了自己内心里对于陈筱悠的强烈感情，他决定抓住最后的机会向后者表白。然而结局依旧是徒劳，各自怀揣着心事，四个小伙伴们分,,https://movie.douban.com/subject/20254287/,yes,0.8,大连话毕业青春片
1963953,月光下，我记得,2005,林正盛,汉语普通话 / 闽南语 / 日语,中国台湾,7.5,494,0,1,E2,宝猜带着花样年华的女儿西莲，回到位于台东都兰山上两层楼高的宅院，在阳光过盛的故乡，躲避着人群以及往昔男主人所凝聚而成的巨大阴影。与世隔绝的宝猜，经历了离婚的变故，认定自己的破碎的心将永久的存封于这片山林间；在国小教书的西莲，却无法抑止向往蓝天外的爱情以及自由。西莲与 表哥的爱情，在上一代的纠葛中被硬生生阻断，暗自伤心的西莲，在同事朱成的风趣体贴的言谈中，逐渐淡忘了初恋的哀伤，与朱成陷入热恋。此时朱,,https://movie.douban.com/subject/1963953/,yes,0.8,林正盛闽南语母女片
4258506,在那里,2007,贾樟柯,普通话/国语 / 粤语,中国大陆,4.9,489,0,0,,,,https://movie.douban.com/subject/4258506/,uncertain,0.4,贾樟柯短片无简介可考
26334947,空山异客,2017,杨恒,汉语普通话 / 湘西方言,中国大陆,5.9,481,0,1,E2,刚刚出狱的中年男子，在离家多年后，重新回到了家乡，他找到了儿时的朋友，曾经的女友，多年不见的兄长，他似乎在寻找什么，结果却是一无所获，他在过去和现在之间失去了联系，他无法看到未来，他只能走在路上，直到被另一种偶然击倒在地。生命或许就是如此，一直都走在路上，一直都充满偶然，犹如梦境。,,https://movie.douban.com/subject/26334947/,yes,0.8,湘西方言还乡片
3032884,风雪狼道,2007,高峰,汉语普通话 / 西北方言,中国大陆,6.6,457,0,1,E2,《风雪狼道》以本世纪初发生在新疆北部阿勒泰地区的特大雪灾为背景，讲述了我公安干警以大无畏的忘我精神、舍身挽救淘金客生命的感人故事。草原的美丽、雪山的巍峨、马背民族正在消失的生活样本以及新疆地区民族音乐等等元素造就了这部真正的中国西部大片。影片于2006年9月在喀纳斯风景区开拍，历时４个月完成，是新疆电影有史以来投资最多、制作工艺标准最高的一部电影。,,https://movie.douban.com/subject/3032884/,yes,0.7,西北方言新疆雪灾片
26352419,飞地,2016,李维,汉语普通话 / 彝语 Yi,中国大陆,6.7,441,0,1,E2,四川大凉山上的偏僻原民村落，过着人畜共食的生活。近年来，村庄通电有了电视，也陆续有大学生支教志愿者前来授课。苏甘以布与孤母相依为命，不识字的他借着电视与听课窥视外界。他赞许领导人政策，与来来去去的代课老师们谈起政治、经济、教育，不同认知与价值观针锋相对，带出对落后与文明的矛盾反思。,,https://movie.douban.com/subject/26352419/,yes,0.85,大凉山彝语纪录片
24867829,杠上开花,2016,贾一平,汉语普通话 / 武汉话,中国大陆,3.1,439,0,1,E2,电影讲述了一群麻友无意中碰见贩毒“老大”，继而斗智斗勇的过程，期间还穿插了文物走私犯罪分子被警方抓获的小插曲。预计贺岁上映！,,https://movie.douban.com/subject/24867829/,yes,0.7,武汉话麻将喜剧
26335565,河对岸是山,2017,张跃龄,汉语普通话 / 甘肃方言,中国大陆,6.6,436,0,1,E2,电影《河对岸是山》取材自黄河流域特有的打捞尸体事件。本片讲述了在黄河边一个偏僻封闭的小村庄里，十年前，以故意伤害罪锒铛入狱的魏德良，被关十年后，刑满释放。出狱后的魏德良人已中年，回家后发现村中的人和事早已物是人非，父亲老魏又被查出患有血癌，魏德良不得不介入父亲的捞尸工作。两个男人在艰辛的岁月中相依为命，但在他们二人的内心深处，却都隐藏着不可告人的秘密....,,https://movie.douban.com/subject/26335565/,yes,0.8,甘肃方言黄河捞尸片
3224840,芳草碧连天,1987,蔡扬名,汉语普通话 / 闽南语,中国台湾,7.6,432,0,1,E2,反映80年代的台湾农村生活，城市来的专科学校毕业的女技术员凌云峰(王祖贤饰)指导农民改种花卉，老一辈村民反对，而农校毕业的青年周永健(齐秦饰)在推广花卉种植技术的过程中给予大力支持，成为其助手，继而两人相爱.花卉种植成功，农民收入增加，村舍面貌改观.年轻一代在共同战胜困难中产生了爱情.但当女技术员获悉永健与村长之女千惠是青梅竹马以后，为了成全他们，她自己则回到了城市.<齐秦的说法，这是他“最喜爱”,,https://movie.douban.com/subject/3224840/,yes,0.8,闽南语农村爱情片
1790412,乡愁,2006,舒浩仑,汉语普通话 / 上海话,中国,7.4,432,0,1,E2,舒浩仑的《乡愁》是一部关于上海的私人影像记忆，记录了一个将要拆迁的静安区石库门小区大中里的当下和往昔，片中出现的人物都是和导演生活记忆息息相关的亲人和邻居，舒浩仑导演以平实的心态记录了作为宁波移民的祖孙三代在这个城市变迁过程里经历的一切，在这些耄耋老人的回忆里我们甚至可以感到我们自己的童年，这部记录片告诉了我们一个方法论，怎样在一个小的题材里反映城市的历史、文化和人文境遇。,,https://movie.douban.com/subject/1790412/,yes,0.85,舒浩仑沪语私纪录片
11226123,生活而已2,2012,魏晓波,汉语普通话 / 山东话,中国大陆,7.9,431,0,1,E2,故事梗概：W和X自大学毕业后一直生活在一起。生活中虽然有很多不如意，但也这么折腾过来了。随着年龄越来越大，他们将面临婚姻问题。这是个非常麻烦的事。导演阐述：这是我第二部自己拍自己的纪录片，它是我生活的一部分。其实，活得怎么样，只有自己知道。有些事自己不说，外人永远也不会知道。所以我觉得有必要记录下这些生活的细节，甚至是一些让我反感的细节。当然，本片也可作为研究当下一部分年轻人婚姻状况的样本。,,https://movie.douban.com/subject/11226123/,yes,0.8,山东话私纪录片
33420933,南方少女,2019,邱阳,汉语普通话 / 常州话,中国大陆 / 法国,7.1,424,0,1,E2,讲述了在中国南方小城的冬天，一个高中女生由于压力和身体的不适，试图退出学校的健美操队。,,https://movie.douban.com/subject/33420933/,yes,0.8,邱阳常州话短片
1868567,南北一家亲,1962,王天林,汉语普通话 / 粵語,中国香港,7.7,419,0,1,E2,南方人沈敬炳经营着一家粤菜馆，因为口味地道深受食客的青睐。一次偶然中，沈敬炳遇见了北方人李世普，两人因为误会而结了怨，更让沈敬炳感到生气的是，李世普竟然就在自己的餐馆对面开了一家京菜馆，这简直就是啪啪打自己的脸啊。在两位老板争得你死我活之际，他们的孩子清文与曼玲却早已经坠入了情网，这两人的恋情当然遭到了双方家人的强烈反对，但陷入真爱的男女才不会因为这点阻挠就轻易退缩，最后只能是家长们选择妥协。哪知,,https://movie.douban.com/subject/1868567/,uncertain,0.5,电懋国粤语喜剧
1962448,灵幻童子,1986,李作楠,汉语普通话 / 英语 / 粤语,中国台湾 / 中国香港,6.6,416,0,0,,林小楼与祖父为茅山南派的传人，潜藏在北派的道观偷偷习武。大岛尤加里之父、妹亦为南派之人，为道观住持所害；于一偶然机会认识林小楼祖孙，三人遂结合对抗道住持，于是展开一场茅山道术大斗法……,,https://movie.douban.com/subject/1962448/,no,0.7,台港合拍国语版
35230673,太阳底下,2020,马文 / 马武,汉语普通话 / 陕西方言,中国大陆,7.5,415,0,1,E2,某乡村，一个小女孩莫名遇害，凶手是一名有精神障碍的流浪汉，面对无妄之灾，家属一家四口没有选择接受，盘算自行复仇的计划，并实施。,,https://movie.douban.com/subject/35230673/,yes,0.8,陕西方言乡村复仇短片
27003499,生化药尸,2017,梁嘉铭,汉语普通话 / 粤语,中国大陆,3.0,413,0,1,E2,影片讲述了神医李药师(钱小豪饰演)在遭遇师兄雷万龙(楼南光饰演)后，被胁迫去治疗感染僵尸病毒的少帅，并由此展开了一段光怪陆离的冒险，也揭开了一个尘封多年的秘密。,,https://movie.douban.com/subject/27003499/,no,0.9,网络僵尸片粤语点缀
30162995,沿海出发,2018,殷玉洲,汉语普通话 / 胶辽官话,中国大陆,5.9,411,0,1,E2,北方的沿海小城生活着刘氏一家，脾气固执、恪守规矩独居村中的爷爷刘士堺；嘴硬心软、极爱面子的父亲刘卫国；宠溺儿子、热心公益的母亲王佩芬以及执着摄影梦想，在南方艰难谋生的孙子刘守闯，但一家人已经很久没有一起吃过一顿晚饭了。渔村一年一度的谷雨渔民节即将举行，但谷雨祭海仪式却只有刘士堺及老张一辈的老人十分上心。三年在外，突然归来的刘守闯带回了下个月结婚的消息，难得相聚的一顿晚饭，却不料将刘士堺与儿子刘卫国,,https://movie.douban.com/subject/30162995/,yes,0.8,胶辽官话渔村家庭片
10580093,操场,2012,汪崎,汉语普通话 / 上海话Shanghainese,中国大陆,6.5,405,0,1,E2,本片入围62届柏林电影节短片Generation竞赛单元.http://www.berlinale.de/en/programm/berlinale_programm/datenblatt.php?film_id=20121711电影讲述了90年代的上海.梅文俊是一所普通小学4年级的学生.一天他和一些男孩子玩游戏的时候误伤了一个经过女生的眼睛.父母被叫到学校来.梅文俊打算自己说出实情来承担责任.经,,https://movie.douban.com/subject/10580093/,yes,0.75,上海话童年短片
30265411,十年台湾,2018,廖克发 / 谢沛如 / 吕柏勋 / 邹隆娜 / 勒嘎·舒米,汉语普通话 / 英语 / 闽南语 / 台湾原住民语言,中国台湾,4.9,401,0,0,,《十年台湾》集结中生代与新生代的电影创作者，以他们独特的眼光，投射于城市的未来。本片由五部短片组成：《恶灵罐头》、《942》、《路半》、《虾饺》、《睏眠》。,,https://movie.douban.com/subject/30265411/,yes,0.7,五段闽南语原住民未来寓言
3113757,爆肚张和老吉家,2005,施润玖,汉语普通话 / 北京话,中国大陆,7.6,400,0,1,E2,2004年，已有百年历史的北京老字号小吃——爆肚张，正面临一个恼人的问题。为了迎接2008年奥运会，北京市政府出台政策，对什刹海一代老城区进行改造，许多老旧住房将被拆迁。爆肚张的传人张老爷子和家人担心拆迁将使原本就已式微的传统小吃走入末路，一家人的生计也令人担忧。“爆肚张”的老奶奶四处上访，希望相关部门能够对传统小吃予以照顾，让“爆肚张”留在什刹海。住在同院的老吉家曾显赫一时，如今也为拆迁后的住房,,https://movie.douban.com/subject/3113757/,yes,0.85,北京话什刹海拆迁纪录片
2252377,咸豆浆,2002,王明台,汉语普通话 / 闽南语,中国台湾,6.6,396,0,1,E2,作为台湾某个高三补习班的学生，明贤（马志翔）因为爱上不该爱的（心已属他人的）静芬（黄嘉千），在人生的十字路口选择与他的同龄人背道，慢慢走到无路可退的境地。作为他的好朋友，启文（范植伟）在作过各种形式的“拯救”努力后，发现他俩的青春并没简单到每日清晨可以安心去小食店喝碗咸 豆浆，而似断了弦的吉他，于是决定陪他放弃联考。启文的决定令他失去女友，亦失去对自我生命的自信。当他以为跌倒了再也站不起来时，却因,,https://movie.douban.com/subject/2252377/,yes,0.8,闽南语补习班青春片
3017916,马大夫的诊所,2007,丛峰,汉语普通话 / 甘肃方言,中国大陆,7.7,390,0,1,E2,“对西部乡村局部人文和自然生态细腻温暖绵长的记录，有力量的影象志”《马大夫的诊所》作者： 丛峰片长： 210分钟拍摄： 2007作者简历：1995年 毕业于南京大学2002年 出版诗集《那里有一列我看不见的火车》2002年 参加平遥国际摄影节单元展2005年 开始拍摄纪录片作品年表：《信仰》（2006）《持遥控器的人》（2007）《马大夫的诊所》（2007）影片简介：甘肃省古浪县黄羊川镇，这里干旱,,https://movie.douban.com/subject/3017916/,yes,0.85,甘肃方言乡村长纪录片
26658552,送别,2015,曾光,汉语普通话 / 东北官话,中国大陆,6.7,390,0,1,E2,1997年，中国东北某市。车间下岗女工董凤琴决定要和丈夫去南方做生意，车间同事李明辉明白两个人以后很难再相见了，于是两个人定下了第一次也是最后一次的“约会”。“约会”当晚，两个人在职工小区的楼道里发现门钥匙不见了，他们在寻找钥匙过程中的遭遇和经历使两个人之间的心理和情感产生了微妙的变化，他们渐渐感觉到一切已经开始变得荒诞、恐惧和疲惫，而永远逝去的也并不仅仅是对方那么简单……《送别》重新唤醒了九十年,,https://movie.douban.com/subject/26658552/,yes,0.7,东北官话下岗年代短片
4917689,读·豆瓣,2010,黄晓,汉语普通话 / 粤语,中国大陆,5.8,388,0,1,E2,21世纪之初，名为“豆瓣”的网站营运而生，截至2009年底，已经有两千八百多万注册用户。网友们通过豆瓣找到自己喜欢的音乐、电影、书籍以及各种同好，这里俨然成为线上线下交互性极强的网站。而很少有人知晓，豆瓣创立之初以推荐书籍为主。本片采访了生活在广州的数名年轻人，听他们谈论与豆瓣读书的缘分。在信息便利化和快捷化的年代，豆瓣以其独特的算法将大量好书推荐给用户，使他们轻松找到自己心仪的类型作品，从而大大,,https://movie.douban.com/subject/4917689/,yes,0.7,广州粤语读书访谈片
1306351,给我一支猫,2003,吴米森,汉语普通话 / 日语 / 粤语,中国台湾,6.7,384,0,0,,「給我一支貓」，是一部反映台灣社會荒謬現實與導演奇幻狂想的愛情電影。鐵雄是業餘作家，筆下的人物黑樹深信自己是日本人投胎轉世的，黑樹一事無成，最常做的事是與流浪貓在屋頂上曬太陽睡覺，一天貓不見了，貓託夢給黑樹說牠到遠方打工去了，黑樹突然覺得自己也該找份工作，誤打誤撞的加入一個叫「夢中見」的讀書會。一天他們接到富商預約的生意－他喪禮上的樂隊，然而成員中沒有人會樂器，大家只有開始勤奮的練習，黑樹無意中在,,https://movie.douban.com/subject/1306351/,yes,0.7,吴米森台北台语荒诞片
20470278,世界第一麦方,2013,林正盛,汉语普通话 / 闽南语,中国台湾,6.6,383,0,1,E2,世界麵包冠軍吳寶春 12 歲喪父，母親陳無嫌一人將八個小孩拉拔長大，調皮搗蛋的吳寶春，在外被其他小孩欺負，回家跟媽媽哭訴時，媽媽卻以「有什麼好計較的，人家吐口水在你身上，擦掉就好」安撫吳寶春，國中畢業後，吳寶春成為麵包學徒，17 歲那年，吳寶春隻身北上，到最接近夢想起點的臺北城打拚，陳無嫌以「要記得你是天公仔囝」鼓舞吳寶春，強調任何困境都能夠迎刃而解，後來吳寶春受到日本人研發麵包的刺激，致力研發新,,https://movie.douban.com/subject/20470278/,yes,0.8,林正盛闽南语面包传记
26752087,拉姆与嘎贝,2019,松太加,汉语普通话 / 藏语,中国大陆,6.9,383,0,1,E2,拉姆与嘎贝去登记结婚，才发现嘎贝昔日未成的婚事，在法律上仍未失效。嘎贝踏上寻找“前妻”措雅的旅程，惊讶得知她四年前失约悔婚时便已遁入空门。当措雅的宗教身份为离婚带来了重重阻碍，拉姆对嘎贝亦若即若离。她正参与排练、筹备春节上演的藏戏，拉姆将在《格萨尔王传》的选段中，饰演主角阿达拉姆——一个因罪业深重堕入地狱的女人。她对角色心生抵触，对婚姻揣有恐惧，同嘎贝一样，她也藏有未经揭晓的往事……,,https://movie.douban.com/subject/26752087/,yes,0.85,松太加藏语婚约片
3091050,爱情狗,2009,章明,汉语普通话 / 重庆话,中国大陆,7.3,382,0,1,E2,本片为一部爱情轻喜剧，讲述了五个小混混在打鱼回家的路上无意间发现了躺在汽车后车箱里脖带狗链、样子猥琐的亿万富翁董建国，在对其进行“审问”的过程中，得知董建国与心爱的女人“波波”之间的一段滑稽且无厘头的爱情故事，随后因为小混混想勒索钱财将董绑架，董最终被“波波”解救，两人开始了真正的幸福生活……本片的导演章明先生，中国第六代先锋派电影导演的领军人物，联手“影视大鳄邓建国，电影《爱情狗》则是两人合作的,,https://movie.douban.com/subject/3091050/,yes,0.75,章明重庆话轻喜剧
4914628,斗鸡人,2010,金瑞,汉语普通话 / 河南方言,中国大陆,7.3,372,0,1,E2,一个中原小镇，斗鸡竞技在民间，绵延数百年，经历革命，终究未灭。一个老派的中年退伍军人，一个煤矿新富的二代，一个斗鸡的竞技场。在这个竞技场上，由谁来制订规则，输赢又如何界定？,,https://movie.douban.com/subject/4914628/,yes,0.8,河南方言斗鸡片
27062663,塬上,2017,乔梁,汉语普通话 / 陕西方言,中国大陆,6.5,371,0,1,E2,在北京作记者的康文不得不回到阔别已久的故乡报道一只被无意发现的国宝朱鹮。这只鸟牵动了不同人的利益，在追逐和隐藏这只朱鹮的过程中，逐渐揭开了每个人的疮疤，在每个人生活真相的背后是当今中国炸裂年代的生存和发展的困境——如何面对污染？作品以一个还乡人的视角冷峻又充满情感地展示了当今中国乡村的真实状况以及人性困境。最后背弃故乡的人和故乡达成一个无奈的和解。影片入围第39届莫斯科国际电影节主竞赛单元。,,https://movie.douban.com/subject/27062663/,yes,0.8,乔梁陕西方言朱鹮片
26200601,钱在路上跑,2014,阿尔斯郎·阿布都克里木 / 木拉提·买买提 / 周军,汉语普通话 / 维吾尔语 Uyghur,中国大陆,6.9,367,0,1,E2,一袋无意中挖出的旧币，究竟是开启克里木、阿里木、赛里木三人幸福大门的钥匙？还是制造无数麻烦的绊脚石？ 该电影通过三个淳朴憨厚的农民：阿里木、克里木、赛里木与一袋旧钱币之间扯出的令人啼笑皆非的故事，探讨有关金钱、人性、亲情、爱情、友情的话题。剧中虽涉及人物不多，但主题思想鲜明，即树立正确人生观、金钱观，才能使我们心灵更纯净，道德更高尚，生活更幸福。这部影片，不仅是我们新疆少数民族轻喜剧题材电影创作的,,https://movie.douban.com/subject/26200601/,yes,0.85,维吾尔语农民喜剧
11604171,致敬青春,2012,赵睿,汉语普通话 / 山西太谷方言,中国大陆,7.0,364,0,1,E2,讲述了一位大学毕业生周君昶回到太谷古城，看到古城后，想到自己和古城的命运相似，都是辉煌过但却渐渐没落，淡出人们的视线。周君昶想到了那些曾经在自己成长的路上给予自己帮助的老师、同学，想到关爱自己的父母，想到在高三时重新审视自己敢于直面困难，最终由一个“差学生” 奋发努力取得高考胜利而金榜题名的事情。在回忆中顿悟，人活于世，总会有伤痛如藤蔓般攀附心室，然而随着时间的流逝，不美好终将被美好所替代，人要向,,https://movie.douban.com/subject/11604171/,yes,0.7,山西太谷方言校园片
26720391,大显神威,2016,辛季澧,汉语普通话 / 闽南语,中国台湾,4.6,344,0,1,E2,台灣喜劇泰斗國寶“豬哥亮”第一部暑假強檔奇幻喜劇！顛覆以往台灣喜劇片的故事走向豬式風格混搭全新陣容2016年暑假新滋味“大顯神威”,,https://movie.douban.com/subject/26720391/,yes,0.8,猪哥亮闽南语奇幻喜剧
2330657,凤冠情事,2003,杨凡,普通话/国语 / 苏州话,中国大陆,7.9,344,0,0,,以半剧情、半纪录方式刻画昆曲世界。片中展现了体现昆曲神韵的两出精彩折子戏──《烂柯山.痴梦》和《紫钗记.折柳阳关》，《痴梦》中的崔氏由著名昆剧艺术表演家张继青扮演，《折柳阳关》中的霍小玉和李益由苏州昆剧院的王芳和赵文林饰演，影片中同时融入了主角对于昆曲的赏析，及他们的日常生活情景、在苏昆剧院台前幕后的排戏场景。In Breaking the Willow， tells the story of t,,https://movie.douban.com/subject/2330657/,yes,0.75,昆曲苏白半纪录片
6428116,胆小鬼,2011,黄钇霖,汉语普通话 / 汕尾话,中国大陆,6.2,339,0,1,E2,晴朗的夏日，柔风微抚，晾在院子里的白色床单随风飘扬，好一派恬静安逸的景象。猫儿小黑站在墙头，不小心被邻居家顽皮的小男孩抓了过来。男孩将小黑扔进红色的小桶，举着小老鼠玩具吓唬小黑。男孩的妹妹见哥哥自得其乐，也走过来一起进行着恶劣的游戏。小黑的小主人四处寻不到宠物，她焦急万分，声声呼唤，这是便见到小黑从旁边的院子里夺路逃来，而男孩还紧随其后。小主人的声音吓倒男孩，他匆匆跑回自家，却遗落了玩具老鼠。不久,,https://movie.douban.com/subject/6428116/,yes,0.7,汕尾话童年短片
25772420,爸爸的晚餐,2015,郑正,汉语普通话 / 重庆话,中国大陆,7.2,339,0,1,E2,电影讲述一位60多岁的空巢老 人，之前是大厨的他在退休后，发现 儿女四散各自成家立业忙碌着，于是 这位父亲主动出发，轮流去每个子女 家中小住，帮他们做饭。在给子女做 菜的过程中，展现了两代人之间中国 当代家庭中的各种亲情观、伦理冲 突。,,https://movie.douban.com/subject/25772420/,yes,0.8,重庆话空巢老人片
4154643,天生绝配,2009,袁再显,汉语普通话 / 粤语,中国台湾,4.3,338,0,1,E2,黑人跟钱瑋杉是工作拍档，黑人假扮相亲公司的老板，钱瑋杉假扮要相亲的女方，两人合伙诈骗有钱人家，后来骗到一件传家之宝,,https://movie.douban.com/subject/4154643/,no,0.7,台产诈骗喜剧粤语点缀
26831256,2015湖南卫视跨年演唱会,2014,,汉语普通话 / 英语 / 粤语 / 韩语,中国大陆,7.4,328,0,0,,湖南卫视“在一起，更青春”快乐中国2014-2015加多宝凉茶跨年演唱会于2014年12月31日晚19时30分在广州国际体育演艺中心举行，湖南卫视以现场直播的方式把跨年演唱会呈现给现场观众及电视机前的观众。本次演唱会的主持阵容继续延续以往风格，由快乐家族与天天兄弟主持。这是湖南卫视继2005年提出举办跨年演唱会，创建跨年品牌后，第十次举办跨年演唱会。2015湖南卫视跨年演唱会 - 李易峰、陈伟霆 ,,https://movie.douban.com/subject/26831256/,no,0.95,跨年演唱会综艺
1484900,季风中的马,2005,宁才,汉语普通话 / Mongolian,中国大陆,8.1,317,0,1,E2,你不想去的地方， 马不可能把你驮去， 但你想去的地方， 就必须得马驮。所以， 在今天看来， 马已经不是蒙古人的理想， 而是实现理想的工具。”这是影片中的一句台词， 也是蒙古人在生活环境发生巨大变化的今天， 不得不正视的一个问题。影片把人文关怀的镜头， 对准了沙漠化越来越严重的草原上一个视草原为生命的普通牧民“乌日根”， 通过“乌日根”一家在草原沙漠化与保护生态环境、实现经济和社会可持续发展的、大的,,https://movie.douban.com/subject/1484900/,yes,0.85,宁才蒙古语草原片
26392401,裸山,2010,龙中华,汉语普通话 / 贵州方言,中国大陆,5.5,302,0,1,E2,俞美丽是一个普通的农村姑娘，因为长了一脸的“克夫斑”，一直嫁不出去；碰巧遇到了矿工大庆，结果等父亲认可了婚事的时候，大庆却遭遇了意外。 美丽治好了斑，穿着新娘服来到了灵堂，兑现了自己的承诺,,https://movie.douban.com/subject/26392401/,yes,0.8,贵州方言农村爱情片
24867840,甘南情歌,2014,高力强,汉语普通话 / 藏语,中国大陆,7.6,302,0,1,E2,《甘南情歌》描写了一位来自杭州的医科大学毕业生万鹏，克服南国都市与偏远藏地、理想与现实的巨大反差，靠着治病救人的医者良心，靠着对藏区发展医疗事业迫切性的亲身感受，特别是来自美丽善良的藏族姑娘德吉卓尕的真爱，使他选择扎根、坚守，最终收获了刻骨铭心的爱情和事业的成功。,,https://movie.douban.com/subject/24867840/,yes,0.75,藏区援医爱情藏语片
3403153,豫菜皇后,2008,韩万峰,汉语普通话 / 河南话,中国大陆,5.0,299,0,1,E2,河南农村女孩伊春喜（穆婷婷）因迷恋电视台一档饮食节目的主持人张杜康（张冰），只身来到省城郑州将他寻找。张正职是某酒店的名厨，春喜阴差阳错成为他身边的打荷工后，心里只有开心，并开始想尽办法讨张开心，却没等来爱情只被张狠狠羞辱。一番痛苦经历过，春喜暗下决心要成为一代豫菜名厨，要张杜康败在她的手下。卖茶叶蛋的大嫂宋小妮（蔡小艺）是春喜初到郑州结识的人，春喜惊奇其貌不扬的她竟是宋代名厨宋五嫂的第36代后人,,https://movie.douban.com/subject/3403153/,yes,0.7,河南话美食励志片
5382857,晓光,2001,钮承泽,汉语普通话 / 闽南语,中国台湾,7.4,298,0,1,E2,剧中以童星出身的男孩晓光的成长过程为主轴，诉说了在一个小家庭之中，从一段不为家族认可的婚姻所带来的种种烒炼与艰辛，到亲子之间相互理解的漫长历程。透过晓光的际遇，观众可认识光鲜的萤光幕后，艺人得面对充满变数、随时可能为你带来挫折感的演出环境，结交知心异性朋友的不易。,,https://movie.douban.com/subject/5382857/,yes,0.7,钮承泽闽南语童星片
26779536,血战铜锣湾,2016,陈家俊 / 张浩博,汉语普通话 / 粤语,中国大陆,3.4,298,0,1,E2,大聪哥决定带着两个小弟去泰国看看真正的人妖才算是不枉此生。于是很有气势的甩出银行卡，交给小五去订机票，他们也要来一场说走就走的旅行。飞机上，大聪坐在位置上手中紧握着箱子，箱子里是几人所有的现金，由于第一次坐飞机内心即兴奋，又紧张，经过了飞机的不适应，飞机降落在了香港中转，大聪抱 着箱子就冲下了飞机，二愣子和小五也跟随其后，空姐想去阻拦却失败。大聪因为紧张过度，突然尿急，冲进洗手间，把手中的箱子放在,,https://movie.douban.com/subject/26779536/,no,0.9,大陆恶搞港片
5179821,心锁,1986,何藩,普通话/国语 / 粤语,中国台湾,5.9,294,0,0,,根据台湾知名女作家郭良蕙长篇小说《心锁》拍摄。原著中因涉及叔嫂间恋情，有违中国传统礼俗而经台湾当局查禁，历三十年仍未解除。搬上银幕的《心琐》保留原著中大胆的描述而有更深入的揭露，将爱欲和苦闷、仿徨和挣扎刻划得完整而又有激情。江梦萍有一个玩世不恭而同父异母的二哥江梦石， 以及养子大哥江梦辉。二哥已结婚， 但却是不安于室的男人， 喜欢飞车， 而大哥却是个忠厚老成的未婚医师。江家圣诞舞会中来了一对情侣，,,https://movie.douban.com/subject/5179821/,no,0.8,台产伦理片
2153250,夜·明,2007,赵崇基,汉语普通话 / 粤语 / 日语 / 英语,中国大陆/马来西亚,7.2,293,0,1,E2,1910年，孙文（赵文瑄 饰）为躲避清政府通缉，暂避马来西亚小城庇能。当地同盟会成员将其安置在富商徐博衡家中，徐氏多年资助孙文革命，但此时各界指责孙文私吞公款、广州起义失败，加之徐氏本人为英国的鸦片生意纠缠，对待孙文颇为冷淡。孙文筹款不利，一度消沉，幸有相濡多年的伴侣陈粹芬（吴越 饰）抵马照顾起居，他本人亦从维护当地华人劳工利益的过程中获得了新的动力与信心，同时赢得陈家大小姐徐丹蓉（李心洁 饰）支,,https://movie.douban.com/subject/2153250/,uncertain,0.5,孙中山庇能时期粤语
3098844,长假,2008,郑芬芬,汉语普通话 / 闽南话,中国台湾,8.7,293,0,1,E2,假期之所以令人嚮往，是因為你知道會有回家的一天。如果假期之後回不了家，你會怎麼面對這段假期呢？氣質歌手萬芳突破溫婉形象扮演會罵街的清潔潑婦玫瑰，只是罵的都是自己的兒子：一個8歲，另一個則是只會賭博耍嘴皮的老公，就像她的第二個兒子，不過老了37歲。劇中主人翁玫瑰為了照顧家計辛勤工作，卻不幸罹癌即將辭世，生性樂觀的玫瑰微笑面對自己的死亡，當成去度一段再也無法返家的假期，設法在度假前完成對丈夫和兒子的心,,https://movie.douban.com/subject/3098844/,yes,0.8,郑芬芬闽南语电视片
30372078,小郭南方漫游记,2019,郭泽权,汉语普通话 / 粤语,中国大陆,7.1,291,0,1,E2,2017年2月，我拍了一部恶搞短片叫《郭泽权吃了他的鞋》，致敬伟大的德国电影导演沃纳·赫尔佐格。内容中，此片的摄影师在和我对话时，问我有没有想学赫尔佐格行走的想法？于是催生了2018年6月份上线的《我私人的赫尔佐格》。此后正值毕业作品设计提案关口，我没有很好的剧情片想法和拍摄资金；于是乎，在《郭泽权吃了他的鞋》里，我说过的一句话：“我都试试想走回家，走回顺德。”成为了我拍摄《小郭南方漫游记》的最大,,https://movie.douban.com/subject/30372078/,yes,0.8,徒步回顺德粤语纪录片
26948510,爱上女蒲团2,2017,吉米,汉语普通话 / 粤语,中国大陆,2.9,289,0,1,E2,本片讲述了以陈正伟（陶大宇饰）为首的香港陈氏集团面临接班人选举的时刻，寄予厚望的陈浩宇（民浩饰）却在此时惹了仙人跳团体凌风（梁证嘉饰）和辛云（张已桂饰）；凌风和辛云的羞辱让自尊心强的浩宇想要借机报复，他找到了酒吧老手小小（王一霏饰），让她帮自己。陷害、色情、欢声笑语都成为此次事件的地雷，一触即发。就在浩宇得逞辛云之时，真正的幕后黑手才慢慢出现，原来所有人都是这场争斗中的棋子……,,https://movie.douban.com/subject/26948510/,no,0.9,网络情色喜剧
27075252,夜以继夜,2019,张琦,汉语普通话 / 重庆方言,中国大陆,5.3,284,0,1,E2,姚宏离婚后带着 6 岁的女儿姚晔离开银川，到重庆生活。十余年过后，当姚宏的男友刘红波搬进宏家来三个人一起生活的时候，女儿姚晔却因为对原生父亲姚峰的思念而无法接受这件事。同时，刘红波对姚晔的态度更让姚晔无法分辨是关心还是暧昧，使她变得焦虑。这可能存在的暧昧让姚晔一次次的回溯到过往的生活中去验证、发泄，游走在支离破碎的现实生活和梦境中。直到姚宏连同刘红波都一起离去，种种情绪、对父亲的思念，现实与往昔混,,https://movie.douban.com/subject/27075252/,yes,0.8,重庆方言家庭文艺片
4896301,母大虫顾大嫂,2009,刘信义,汉语普通话 / 山东方言,中国大陆,5.6,280,0,1,E2,开场是一个赌局。对赌双方是解珍、解宝兄弟和当地大佬毛仲义。其实，憨头憨脑的哥哥解珍只是压脚助阵，狡猾嗜赌的弟弟解宝才是主角。解宝以一块上好的和田玉作赌注，这孤注一掷却输赢未卜…… 开场很简短，故事到此转入过去进行时。 顾大嫂正让解珍等人痛打老和。顾大嫂开赌局兼放高利贷，解珍给她看场子。过路客老和赌光了盘缠，本想赖账，捱不过痛打，从身上摸出一块玉来，号称是珍稀的和田玉。顾大嫂半信半疑，暂且把玉收了，,,https://movie.douban.com/subject/4896301/,yes,0.7,水浒系列山东方言片
5268683,黑白照片,2010,舒浩仑,汉语普通话 / 上海方言,中国大陆,7.2,278,0,1,E2,黑白照片，盛载着厚重的集体回忆，也灌注了浓烈的个人情怀。国内“海归派”70后电影人舒浩仑，自回国后独立拍片，短片《少年血》崭露头角，今次首出长片刚流露出一份怀旧的执着，尤其是她对成长中的哪个老上海的一份眷恋。一个少年失去红颜知己的成长创伤路，侧写了中国的变化，哪段开了花但没结果的初恋，一如哪些黑白照片，没有褪色，历史常新。,,https://movie.douban.com/subject/5268683/,yes,0.8,舒浩仑沪语怀旧片
3075903,好猫,2008,应亮,汉语普通话 / 自贡方言,中国大陆,7.5,276,0,1,E2,应亮是中国新生代独立导演中最被看好的一个，他自表述青春终结的处女作《背鸭子的男孩》和描摹城市女性生存状态的第二部作品《另一半》后，将目光关注于中国内地有膨胀态势的地产业。其视角敏锐，加之其影片一贯具有的独特视觉风格，应是戛纳心头所好。,,https://movie.douban.com/subject/3075903/,yes,0.85,应亮自贡方言地产片
6432145,博弈,2011,王清仁,汉语普通话 / 河北方言,中国大陆,8.1,269,0,1,E2,博弈参展纪录2010香港国际电影节2010南京中国独立影像年度展广州国际纪录片大会十佳纪录片台湾《明日家园》主题纪录片影展2011云之南纪录影像展2005年春，某企业要在麻营村耕地上建厂，五十四户农民住宅面临拆除，赵俊东等村民强烈反对。赵俊东的侄子赵友仓作为村书记，既是拆迁办的组成人员，同时也是这次的拆迁户。他在官民和亲情之间摇摆、斡旋，扮演着双面角色。同时，相隔三公里的梨园村，张连仲、陈志刚等二,,https://movie.douban.com/subject/6432145/,yes,0.85,河北方言拆迁纪录片
24860303,门巴将军,2013,马会雷,汉语普通话 / 藏语,中国大陆,6.3,260,0,1,E2,史上最高雪域影片、深入探索西藏秘密、全景展示西藏人文高寒山地的温情、极地世界的亲情、神秘人文的真情一个动人心魄的人文故事绝美的风光、独特的人文风貌也是影片的一大看点：牧民的生活、淳朴的民风、朝拜的信徒、恢弘的寺院、受人尊敬的大活佛、神圣的宗教仪式、雪域高原残酷又奇美的景致，让人叹为观止。西藏，一个神奇而又神秘的地方，这里有辽阔的草原、险峻的山峦、璀璨的文明、奇异的风景、浓厚的历史，这里有一所全世界,,https://movie.douban.com/subject/24860303/,uncertain,0.5,西藏军医片藏语穿插
6110557,乌鲁木齐的天空,2011,西尔扎提·亚合甫,汉语普通话 / 维语,中国大陆,7.3,256,0,1,E2,故事发生在上世纪六十年代，刘沛(于滨饰)是一个年轻的画家，一幅作品让他成为了当时批判的对象，当所有人都远离他时，只有贾如云(曹曦文饰)一直陪在他身边默默的照顾他，并不顾别人的眼光嫁给他，最终两人经历重重困难相互扶持携手一生。故事跨度半个世纪，展现了新疆各族民众之间无法割舍的情感维系，以及改革开放以来新疆发生翻天覆地的沧桑巨变。,,https://movie.douban.com/subject/6110557/,yes,0.8,新疆多民族维语年代片
35191327,秘密基地,2020,林齐颖,汉语普通话 / 潮汕话,中国大陆,6.5,249,1,1,E2,在广东汕头的一个工厂里，八岁的李博有一个属于他的秘密基地。在这个秘密基地中，他与他的外省好朋友孙伟每天中午都会偷偷地一块玩耍。但是有一天，当李博得知孙伟在学校里受到本地孩子的欺负后，他决定帮助孙伟，而这一决定使得一切开始发生改变…,,https://movie.douban.com/subject/35191327/,yes,0.9,潮汕话童年标杆片
3736057,邪魔,1981,张人杰,汉语普通话 / 英语 / 粤语,中国台湾,6.2,247,0,0,,一个女人和男人私奔，没想到男人背信弃义，用石头将女人砸死，最后女人化成恶鬼复仇 。,,https://movie.douban.com/subject/3736057/,uncertain,0.4,台产鬼片信息不足
27063404,壬午渝汐,2017,王博伦,汉语普通话 / 德语 / 重庆方言 / 日语,中国大陆,6.8,242,0,0,,1942年初，国民政府因对德宣战关闭了在陪都重庆的德国大使馆，出生使馆家庭的混血女孩史蒂芬妮遭遇不测，母亲死于暗杀，身受重伤的史蒂芬妮携带着一个藏有德军机密的胶卷，逃到了重庆鲁祖庙的一家火锅店，身怀功夫的老板娘叶念汐收留了她，不料他们却被不明身份的特务盯上，在大轰炸、家族仇恨和政治背景极为复杂的陪都重庆，叶念汐决定帮助史蒂芬妮逃脱追杀。,,https://movie.douban.com/subject/27063404/,yes,0.7,重庆方言抗战网络片
26335498,狼踪,2015,汪大纬,汉语普通话 / 英语 / 法语 / 蒙古语,中国大陆,8.0,238,0,-1,N2,电影《狼图腾》拍摄幕后纪录片，揭露电影《狼图腾》前期寻狼及拍摄时的酸甜苦辣。,,https://movie.douban.com/subject/26335498/,no,0.85,狼图腾幕后纪录片
5322605,消失的村庄,2011,林黎胜,汉语普通话 / 云南方言,中国大陆,6.5,236,0,1,E2,农村题材影片《消失的村庄》讲述了一个村庄为了保护黑顶鹤，全村迁徙的故事，唐一菲饰演女一号“芸草”，和朱雨辰饰演一对恋人，王学圻在片中饰演朱雨辰的父亲。该影片由第六代新锐导演林黎胜既编又导，其作品有《阿里山的女儿》、《我爱长发飘飘》、《情不自禁》、《浮华背后》、《天津往事》、《风雨澳门》、《海上圣火》、《天下无贼》等。主要演员有王学圻、朱雨辰、唐一菲。老村长由王学圻饰演，他先后与陈凯歌、张艺谋、何群,,https://movie.douban.com/subject/5322605/,yes,0.7,云南方言护鹤村庄片
26729320,笑侃三十年,2008,周立波,汉语普通话 / 中国上海话,中国大陆,8.6,235,0,1,E2,喇叭裤、爆炸头、老式收音机、砖头一样的大哥大……伴随着这些充满温馨记忆的怀旧元素，2008年底，由周立波创作的海派清口《笑侃三十年》在上海引起了强烈的轰动。2008年底到2009年春节期间，他的《笑侃三十年》，连演31场，场场爆满，创造了令人咂舌的票房奇迹。三十年之诸多变数：小人可以变成大人，大人可以变成老人，老人可以先成先人，亲人可以变成仇人。好人可以变成坏人，坏人可以变成恶人。前苏联可以变成独,,https://movie.douban.com/subject/26729320/,yes,0.9,周立波上海话海派清口
4830901,胶带,2010,李凝,汉语普通话 / 山东方言,中国大陆,7.7,233,0,1,E2,影片概述 . . . . . .历经多年，我对胶带的研究和使用达到了痴迷和疯狂的境地。我在舞台上再现、在生活中撕扯、在思想深处胶着……无处不与它共鸣、共生。在中国这样一个魔幻国度中，我的所作所为注定成为荒诞中的荒诞，以及最终走向徒劳与尴尬。随着国家大事件的不断发生，我被卷入各种极端行为中，在那里，我终于用自己的身体把“现实”重构，达到了与“超现实”浑然一体的艺术境界。但最终，我成为一张照片，被社会,,https://movie.douban.com/subject/4830901/,yes,0.7,李凝山东方言行为纪录
5977833,大太阳,2011,杨亚洲,汉语普通话 / 四川方言,中国大陆,5.3,231,0,1,E2,唐大川（刘佩奇 饰）与银杏（倪萍 饰）结婚多年，育有一子，不料在5.12大地震中儿子遇难，这让银杏很长时间不能接受丧子的事实，长时间生活在梦魇之中。内心的痛苦让她变的有点神经质，丈夫大川看在眼里却无可奈何，他何尝不痛心失去如自己生命般重要的孩子。救灾过后，银杏在废墟上摆起了卖祭品的摊位，还支起望远镜供游人参观。大川为照顾银杏，放弃了去广东打工的机会，以小本生意在家乡开了个饭馆，店里新雇的服务员桃子,,https://movie.douban.com/subject/5977833/,yes,0.7,四川方言震后重建片
33713078,浊风浪游,2019,张新阳,汉语普通话 / 武汉话,中国大陆,6.1,226,0,1,E2,一个寒冷的冬天，落魄的诗人辛弃疾从武汉渡过长江来到南京，想替死去的好友完成遗愿——出一本诗集，他在码头上遇见了一个叫潘西的女大学生，自此两个陌生的人开始有了短暂交集和难堪的离散。,,https://movie.douban.com/subject/33713078/,yes,0.8,张新阳武汉话诗人片
3558647,可爱的中国,2009,胡雪杨,汉语普通话 / 方言,中国大陆,6.1,218,0,1,E2,《可爱的中国》是上影集团向新中国成立60周年重点献礼影片，该片已被中宣部和国家广电总局列为“庆祝新中国成立60周年影片第二批重点推荐影片”。《可爱的中国》以三段式的结构，用方志敏同志的《血肉》、《清贫》、《可爱的中国》三篇文章标题为基础构筑全片，通过红十军突围、被捕前后、狱中斗争等时空交叉，讲述方志敏同志伟大而感人的一生。影片以波澜壮阔的战争场面，坚定不移的理想信念，感人肺腑的清廉行为，令人信服的,,https://movie.douban.com/subject/3558647/,uncertain,0.4,方志敏传记方言点缀
1307707,一生一台戏,1998,方育平,汉语普通话 / 闽南语,中国大陆 / 中国香港,7.4,217,0,1,E2,福建南部一个县级“歌仔戏”剧团在大陆改革开放大潮下产生了巨大变化。杨贵媚是是团长，剧团核心，排演、配戏、筹钱、拆棚，里里外外上上下下的事都得她操心，还要操心外出为当地人助兴演出。她还独自带着女儿和养女生活。团中乐手（赵文瑄扮）“下海”做生意，仍然与杨有深厚感情。一场大雨，杨贵媚与赵文宣重逢，之后保持密切往来。赵文瑄对杨贵媚的剧团业务不断支持。赵文瑄重踏舞台，在歌仔戏里，舞台上下，举手投足之间，寻找,,https://movie.douban.com/subject/1307707/,yes,0.85,方育平歌仔戏闽南语片
34970312,枝栖,2020,李季风,汉语普通话 / 重庆话,中国大陆,6.4,213,0,1,E2,老公儿子早逝，独居乡下的老太太方枝因查出绝症，担心死后墓地无人打理，毅然推掉老家坟头，携骨灰进城，只为买个有终生物业合葬墓。这是她人生最后的夙愿，却让她最后的人生精彩起来。一心为女儿筹集择校费的墓地中介郭大平，年轻倔强的城市漂流青年丁瑞和独立却善良正直的女朋友娜娜，他们本和方枝素昧平生，却又意外地相互牵绊，难以割离。于是，一段或有阴差阳错、唏嘘感慨，但也结生着爱、责任和不离不弃的故事，就这样发生了,,https://movie.douban.com/subject/34970312/,yes,0.75,重庆话老年买墓片
30234465,寻鳞,2018,黄文轩,汉语普通话 / 粤语,中国大陆,8.4,212,0,1,E2,（浙江传媒学院新闻系2018年度最佳毕业作品）本片记录了两位野保人士配合警方，从盗猎者和野味贩子手里解救出两只穿山甲的过程。中华穿山甲和马来穿山 甲在世界自然保护联盟濒危物种红色名录中被评为“极危”，大熊猫仅为“易危”。人们迷信穿山甲的药效，但对穿山甲鳞片的成分分析 揭示了这些鳞片与人的指甲成分无异。B站在线：https://www.bilibili.com/video/BV1d741167bA?,,https://movie.douban.com/subject/30234465/,yes,0.7,粤语野保纪录片
26795054,乘客,2019,许振昊,汉语普通话 / 重庆话,中国大陆,5.6,210,0,1,E2,带着神秘过去的女人宋雅洁，时隔二十年之久再回故乡重庆，准备开始新的生活。她结识了当地出租车司机高捷并闯入其表面看似平静的生活。出租车司机积塞的生活中充斥着情感压抑与传统责任的捆绑，女人面临着中年困扰和已无法融入的陌生家乡，儿子困惑于自己的青春和前途，在现实黑暗与超现实的白茫里，他们皆不见出口。过去千年长江巫峡神女峰为孤舟导航，未来亿年后仙女星系终将银河吞噬。而现在只有沉重呼吸映照着迷途中试图寻找答,,https://movie.douban.com/subject/26795054/,yes,0.75,重庆话出租车文艺片
30272101,我私人的赫尔佐格,2018,郭泽权,汉语普通话 / 粤语,中国大陆,6.0,205,0,1,E2,为了找寻邂逅的女孩，从江苏南京到安徽芜湖，郭泽权进行着一场孤独的行走。陪伴他的只有手上的摄影机，以及行囊中沃纳·赫尔佐格的冰雪纪行······观看地址：www.bilibili.com/video/av24739844/,,https://movie.douban.com/subject/30272101/,yes,0.7,郭泽权粤语行走纪录片
4323370,寻欢作乐,2010,赵大勇,普通话/国语 / 粤语,中国大陆,6.9,205,0,0,,看守所民警原來是詩人，用下流詩歌釋放心靈，並讓犯人朗讀他的作品，在囚室尋覓知音。另一邊廂，騙子訛稱可替人找工作，從中騙取介紹費，女友央他一起遠走，他卻情傾髮廊少女，以為發財便能解憂，在官黑勾結的南方城市，內心唯一淨土是披上戲服練習造手的時刻。趙大勇由紀錄片邁向劇情片創作，請來「垃圾派」詩人典裘沽酒（沈紹裘）粉墨登場演回自己，藉兩個男人的廣州故事，展示敗壞年代的困惑與抵抗。,,https://movie.douban.com/subject/4323370/,yes,0.7,赵大勇广州粤语独立片
3732547,我不要你管,2001,胡庶,普通话/国语 / 方言,中国大陆,6.8,201,0,0,,记录的则是几个三陪小姐的生活。叶子、杨红、杨红的男友梁磊，和一个绰号叫三温暖的女孩，是片中的四个主要人物。他们一起住在城市郊区某个租来的单元房中，故事就从这里开始；70分钟之后，人物先后离开了这个城市或不知所终——影像呈现了她们由秋至冬，在一个异乡城市的流落。但这样一个时间段落的季节特征在片中完全未能展现，因为这是一种在暗中的生活。人物只是在夜晚醒着，她们出没于夜总会、酒吧、发廊、歌舞厅——影片几,,https://movie.douban.com/subject/3732547/,uncertain,0.4,纪录片方言占比不明
3732806,羊肉泡馍麻辣烫,2009,蒲剑,普通话/国语 / 四川话,中国大陆,5.6,201,0,0,,成都某制药公司经理马浪涛到西安出高价购买了老中医陈太师专治不孕不育的祖传药方，准备推出新药。陕北矿主葫芦头不能生育，愿意高价转购药方，但马浪涛不同意。无奈之下，葫芦头决定铤而走险，让手下旺才把马浪涛的药方偷出来复印。但旺才不甚失手，将装有药方的手包落入环卫工人杨有宝的垃圾车中。生性憨厚耿直的杨有宝和妻子唐蒜花一心想把手包还给失主，由此引发出一连串啼笑皆非的故事……,,https://movie.douban.com/subject/3732806/,yes,0.7,川陕方言多线喜剧
26773954,大风水师,2016,黄羿,汉语普通话 / 粤语,中国大陆,4.6,199,0,1,E2,杨公秘传风水门派三一门，当代浪荡少掌门杨阳、傻子师兄杜客船和天煞孤星助手正樱三人，在一件委托中卷入诡异法阵杀人事件里，破阵后名声大震，但不停出现法阵杀人背后，长老莲姨发现牵涉到另一门派命水堂。杨阳虽不想得罪命水堂，但命水堂掌门四爷却瞄上了正樱特殊命格。四爷施法激发杨阳桃花劫，令杨阳破了正樱身子后作为阵眼，杨阳发现事情真相，和莲姨杜客船打败命水堂护法虎哥，破坏四爷的大阵，救出正樱。,,https://movie.douban.com/subject/26773954/,no,0.9,网络风水片粤语点缀
20645076,迷失,2013,邓婕 / 殷勇,汉语普通话 / 武汉话,中国大陆,4.8,196,0,1,E2,夜晚，新开通的二号线已经不再人潮涌动。在最后一班地铁上，青澄注意到了和女友发生争执的晓羽，并拾起后者遗落的一元硬币，若有所思。在一次重逢中，青澄向晓羽袒露了自己的同志身份，而他的真诚与率直也让晓羽开始对自己产生了怀疑。夜晚的公交上，晓羽依靠在了青澄的肩头，二人亦走入了一段迷失的情感之中……本片为华中科技大学11级广电专业学生习作。,,https://movie.douban.com/subject/20645076/,yes,0.7,武汉话地铁学生短片
2029107,心跳墨脱,2003,哈斯朝鲁,汉语普通话 / 藏语,中国大陆,7.2,193,0,1,E2,上海某报王记者来到西藏采访上海某厂78岁的退休职工杜胜老人，他在西藏墨脱，这个全国唯一不通公路的县里办起了希望小学。路上同行的有小学校长、他刚毕业的女儿、一位上海来的医生等10人，在杜胜老人曾走过的路上，他们历尽艰辛和坎坷。途中虽然没有杜胜老人，但老人的身影却无处不在。,,https://movie.douban.com/subject/2029107/,uncertain,0.5,墨脱公路片藏语穿插
26801581,动植物大战,2016,范文彬,汉语普通话 / 粤语,中国大陆,2.6,191,0,1,E2,奇幻的松松小镇，动物、植物们可以相互沟通，新奇天然。新来到小镇的小松鼠松松和乐乐用神树爷爷赐予的树叶眼镜观察到一个用肉眼看不到的世界——层层岩石土层覆盖下的地底根系森林、隐藏在植物表皮下的神奇能量流……开设造纸工厂的胡子叔叔的到来打破了松松小镇的平静，大片珍贵的红松林被吃树机器人吞噬后变成原料，埋藏在地下的工厂排污管道不断向地底排放着污水垃圾。大量污染的排放形成了力量强大的污染魔怪，污染魔怪在地底,,https://movie.douban.com/subject/26801581/,no,0.85,动画粤语配音点缀
25928812,龟兔再跑,2014,郑崇炘,汉语普通话 / 粤语,中国大陆,5.1,180,0,1,E2,某日，外出的农夫带回了四只兔子，初来乍到，这四只古灵精怪的兔子和住在农场里的四只乌龟相安无事，平分天下。然而，随着时间的推移，兔子们渐渐发现，主人对于乌龟们的偏爱要远远大于对于它们的。兔子们将个中缘由归结到曾经的那场龟兔赛跑比赛之中，兔子占尽了优势却最终败落，遭世人耻笑。于是，愤怒的兔子们决心再来一场龟兔赛跑，替族群正名。在兔子的不断挑拨和激将之下，海龟落入圈套，答应了兔子的比赛要求。比赛的日子渐,,https://movie.douban.com/subject/25928812/,no,0.85,动画粤语配音点缀
3773973,移动之外,2007,祝捷,普通话/国语 / 粤语，台语，四川话,中国大陆,6.4,179,0,0,,北京的胡同，這裡似乎是一個中心，但是計程車司機的收入卻不及這個城市該有的收入水準。成都，生活出了名的閒適和散淡，而這裡的計程車卻逃不過辛勞，也因此，單單一個會吹薩克斯風的司機便讓我們感受到可能只有這裡才能提供的情調。臺北，計程車也有藍綠之爭，而六十多歲的原住民司機還想著賺錢給子女，為了讓他們能經常來探望自己，也就能多見到孫子孫女。香港，很多計程車司機同時是義交，在管與被管之間，他們能得到什麼樣的滿,,https://movie.douban.com/subject/3773973/,yes,0.75,四城出租车方言纪录片
6905209,归去来,2011,孙浩然,汉语普通话 / 汉语普通话 汉语方言,中国大陆,7.3,178,0,1,E2,陕西终南山的一个村子里，住着一些和尚道士，还有不愿搬下山的村民，政府已经决定要开发这里的消息早就传开了，但是拆迁之前，山上来了一个诗人。诗人还带来了一群学生，他们有的刚刚退学，有的只是来看看。 离开城市的生活，是一种逃避，还是一种勇敢？他们将遇到怎样的生活？http: //site.douban.com/widget/photos/5467525/photo/1270590094/,,https://movie.douban.com/subject/6905209/,yes,0.7,终南山村陕西方言片
34968943,幸福选择题五部曲 - 孤鸟还乡,2020,李佳桦,汉语普通话 / 闽南语 / 日语,中国台湾,5.5,175,0,1,E2,「青春几何时，黄鸟鸣不歇。天涯失乡路，江外老华发。」秀场台前热闹滚滚，莺莺燕燕载歌载舞，颠鸾倒凤，雌雄莫辨；舞台后，幽幽往事百转千回如烟雾般，呢呢喃喃层层包覆，挥之不去。叱咤日本秀场的异色综艺团「恶之华剧团」团长冯丽华，在离开家乡、远赴东洋的三十多年后，突然接到来自台湾老家的电话，电话那端慌乱告知父亲已于日前过世，要冯丽华尽快返乡。浪迹天涯三十年，浪子回头，孤鸟还乡，景物依旧，人事全非，朱颜亦改。,,https://movie.douban.com/subject/34968943/,yes,0.75,闽南语秀场纪录片
34452977,船,2019,彭炜君,汉语普通话 / 粤语,中国大陆,6.3,173,0,1,E2,在一家海滨的家庭旅馆中，重男轻女的父亲、妖娆温情的继母、新来的神秘画家以及一艘满载秘密的游家渔船。他们是点亮她希望的烛光还是摧毁她信念的火焰？游渺渺，19岁女孩在这个浑浊的成人世界里，她将如何守护自己的情感……,,https://movie.douban.com/subject/34452977/,yes,0.7,海滨家庭粤语文艺片
2330117,龙眼粥,2005,张国甫,汉语普通话 / 英语 / 粤语,中国台湾,5.7,173,0,0,,電話鈴響…世明意識迷糊的接起電話，是永思從台灣打來的長途電話，邀請世明參與工作室的案子，順便來到台灣看一看，世明毫不考慮的就答應了。永思到機場接世明，當開著車下了高速公路，駛進市區，世明睡眼矇矓，看見的街道全回到１９6 6年，有個美麗的女子正在街上看他，世明一陣心動，欲再仔細看清，後面喇叭聲大作…世明隨著永思進入永思的工作室。世明又做了那個夢，夢中出現的景象似乎越來越清晰了，而且在街上瞥見的女子竟,,https://movie.douban.com/subject/2330117/,uncertain,0.5,时空爱情片粤语点缀
1298203,国道封闭,1997,何平,汉语普通话 / Min Nan,中国台湾,7.8,170,0,1,E2,有一天，高速公路突然宣布，从下午六点开始全线封闭，几十万辆车就这样塞在大大小小的公路上··从来不知责任的小玉，为了一个麻将牌局偷车赴约，并打算拿车上的行动电话消遗车主，在彼此看不到，只能听见的相处中，两人从敌封到了解，小玉和车主透过电话里的声音经历了一段不寻常的恋情。一个来路不明的年青杀手，为执行抢击任务校持了一部货运卡车，司机与杀手这一老一少在长夜里由冲突到和谐谅解，终于杀手自己找到他该有的平静,,https://movie.douban.com/subject/1298203/,yes,0.8,何平闽南语公路片
6900614,风铃,2011,亚娜,汉语普通话 / 四川话,中国大陆,4.1,167,0,1,E2,《风铃》再现了汶川大地震三年后普通人的生活，着重展现了人们的快乐生活及川式幽默。,,https://movie.douban.com/subject/6900614/,yes,0.7,四川话震后生活片
25851736,陈仓已冬,2011,魏龙彪,汉语普通话 / 地方方言,中国大陆,8.9,164,0,1,E2,影片讲述一个关于祖孙三人简单生活的故事，奶奶、父亲和孙子，描摹他们细微平凡的日常生活，以及生活里各自遇到的困境，还有他们的梦想。“创作初衷就是想简单描绘出一种属于心底印象的生活图景，尽可能的去挖掘生活表象下所蕴藏的情感力量。生活其实挺艰难的，生活中的人们如何在生命进程 中恪尽其 责的扮演自己，生活的意义又是什么？这些是我想要探究表达的核。 ”第五十届台北金马影展金马电影学院·参评2011深圳圆筒影,,https://movie.douban.com/subject/25851736/,yes,0.7,地方方言祖孙生活片
20645007,美好2013,2013,吕乐 / 张婉婷 / 黑泽清,汉语普通话 / 粤语 / 日语,中国香港,6.7,161,0,1,E2,大道理、小心愿的四重奏。吕乐的《一维》主要讲法师教太子分辨善恶，他分身为二，叫太子刺死恶的一个，太子下不了手，法师劈死太子，因为他不适合当国王。吴念真的《新年头，老日子》里，老罗六十六，要离家走走，讲出愿望，妻子儿女指他有外遇。老实总遇上荒诞。张婉婷的《深蓝》的新移民单亲母，为七十大寿的跳舞学生庆生，儿子走失了，无助的女儿受母亲所托去寻，寻出一个深蓝魔幻夜。黑泽清的《美丽新湾计划》有富二代社长去寻,,https://movie.douban.com/subject/20645007/,yes,0.7,四段短片含粤语闽南语
26331811,新西兰打工旅行2013-2014,2015,梁敬谦,汉语普通话 / 粤语 / 英语,中国大陆,8.4,159,0,1,E2,18到30岁，一生人只有一次机会，采访超过100位国内外打工旅行者，全国首部新西兰working holiday纪录片。每一位打工旅行者，每一个的故事，用声音和影像记录下最真实的打工旅行，最真实的情感交流，最真实的生活写照，原来我们的青春可以是另一个模样，让我们共同见证。为向往体验working holiday的人提供一个平台，为即将前往working holiday的人给予一些启发，为已经结束w,,https://movie.douban.com/subject/26331811/,uncertain,0.5,打工旅行纪录粤语采访
25732105,鄂尔多斯骑士,2015,禾家,汉语普通话 / 蒙语,中国大陆,5.6,159,0,1,E2,鄂尔多斯青年甘迪与自己的家人生活在地广人稀的草原上，日子过得宁静安详，和谐自足。但他也向往着外面的世界。一日，一位来自北京的名叫秦溯的游客，经朋友介绍来到甘迪家。游客寂寞、萧索的神情引起了甘迪的注意，两人彻夜长谈。接着故事另起一段，讲述女主角、勘探队员斯男，从内蒙古回京之后，先去见了一个男人，两人在宾馆终结了一段恋情。回到家中，斯男向丈夫秦溯提出离婚。丈夫无意中发现了妻子的婚外情，接下来的故事出人,,https://movie.douban.com/subject/25732105/,yes,0.7,草原蒙古语三段片
7163765,龙飞凤舞,2012,王育麟,汉语普通话 / 闽南语,中国台湾,6.7,156,0,1,E2,搞不定自己的男人，想要搞定兩個女人；當家小生沒辦法上台，遇上了印度郎中；落魄漢變男變女，花招百變要搶救戲班。一場戲曲與戀曲的浪漫邂逅 台上台下，我們都粉墨登場幸運受到一名智者開示，春梅決定返台重振旗鼓…歌仔戲老團主過世，浪子阿義無法承擔重任，台柱春梅又因車禍腿傷不能登台，屋漏偏逢連夜雨，戲班頓時陷入了困境。春梅的丈夫志宏靈機一動，找來一名與她相貌神似的男子奇米頂替演出，意外竟矇混過關，不但業主支持,,https://movie.douban.com/subject/7163765/,yes,0.8,王育麟歌仔戏闽南语片
6432156,龙船,2011,曹丹,汉语普通话 / 粤语,中国大陆,7.8,155,0,1,E2,離廣州城距離只有十幾公里的練溪村，在2001年仍保持著相當傳統的生活方式和習俗，村民主要由農民和漁民組成，他們熱衷劃龍船， 傳統的端午節龍舟競渡是村莊一年一度的盛事。2003年隨著廣州大學城的建設，練溪村村民不得不搬遷和重新安置。今天，小穀圍島和練溪村的名字已經從地圖上消失，縱橫交錯的高速公路和地鐵連接著小島與城市， 擁有十多所高校的廣州大學城， 其規模相當於可容納35到40萬人的中型城市。也許是,,https://movie.douban.com/subject/6432156/,yes,0.7,练溪村粤语龙舟纪录片
5279627,胡辣汤,2010,韩万峰,普通话/国语 / 河南周口话,中国大陆,6.4,155,0,0,,河南省周口市西华县逍遥胡辣汤源自北宋靖康年间，至今已经有800多年的历史，是中华民族传统饮食文化瑰宝，先后获“河南十大名吃”、“中华名小吃”等荣誉称号。为进一步做大做强胡辣汤产业，全面提升逍遥胡辣汤的知名度和竞争力，促进饮食文化产业和县域经济协调快速发展，西华县委、县政府于2003 年和2006年相继举办了“逍遥胡辣汤美食节”和“西华县胡辣汤美食节”。电影《胡辣汤》讲述了西华县逍遥镇胡辣汤传人赵立,,https://movie.douban.com/subject/5279627/,yes,0.7,河南周口话美食片
6796784,四年一梦,2011,陈里洋,汉语普通话 / 山东方言,中国大陆,7.5,142,0,1,E2,导演专业的阿戴在距离毕业还有27天零8个小时43分的时候突然发现自己的学生证不见了，为了找到这个陪伴了他四年的学生证，他煞费苦心地想出一个“寻证启示”的荒唐办法。于是，在疯狂寻找的过程中，又发生了其他的事情……而关于那个丢失的学生证，它为何又那么重要呢？谨以此片献给所有的毕业生，祝愿大家一路走好！希望四年所有的遗憾，永远都不会再来到回忆里捣乱。 毕业了，把青春留下，但我们永远年轻，永远热泪盈眶！本,,https://movie.douban.com/subject/6796784/,yes,0.7,山东方言毕业校园片
25773293,守望天湖,2014,唐敬睿,汉语普通话 / 藏语,中国大陆,8.0,138,0,1,E2,《守望天湖》数字电影，是“五个一”工程献礼片，由山东省委组织部、省委宣传 部牵头，山东影视中心负责拍摄制作。 《守望天湖》的剧本由山东省援藏干部 杨国莹、郭舜廷援藏期间共同创作，讲 述了一位从事水文工作的老站长和他的 同事们的平凡故事。,,https://movie.douban.com/subject/25773293/,no,0.65,援藏主旋律普通话为主
3773977,卡到了！,2007,林宏杰,汉语普通话 / 闽南语,中国台湾,6.2,137,0,1,E2,台灣第一位申請破產成功的「卡奴」鄭三和，由一開始的莫名其妙負債，到驚覺自己已欠下百萬債務，銀行的催繳與財務公司以威脅恐嚇的方法討債，令鄭三和從此墜入「以卡養卡」的無間地獄。台灣第一位成功以紅利積點從銀行獲利的「卡神」楊蕙如，以銀行紅利的漏洞，成功地串連親友集中刷卡購買機票或購物台商品，再以網拍賺取其中差額，倒賺銀行上百萬，後被銀行停止信用卡使用。同樣有過切身之痛的楊蕙如勸卡奴們要面對現實：「趕快把,,https://movie.douban.com/subject/3773977/,yes,0.7,闽南语卡债纪录片
3032852,黑道之无悔今生,2008,梁鸿华,普通话/国语 / 粤语,中国香港,6.2,136,0,0,,“根据一群黑道人物的真实故事，改编成的江湖电影。一个强奸犯、三个杀人犯、一个爱滋病、二个吸毒者、一个自残的、十个精神病和更生人…，加上七个电影学院学生，用了810小时，参与幕前幕后制作的诚意电影。”12年前的一个晚上，一辆大卡车因交通意外以高速撞入小豪家里，小豪的家在一瞬间消失了。小豪是唯一的生还者，可是孤独的伤痛，深深的刻在他心上，生存就好像是一种惩罚。 在成长的路上，小豪的性格变得十分乖癖暴戾,,https://movie.douban.com/subject/3032852/,yes,0.7,港式真实黑帮粤语片
3189968,生命列车,2001,马晓勇,汉语普通话 / 河南话,中国大陆,6.0,135,0,1,E2,由于迷信，农民张顺和二莫一定要回家生孩子，于是两人从医院偷跑出来登上了提速列车。二莫在车上马上要生产，但婴儿胎位不正，产妇产后又失血过多，必须送医院抢救。铁道部有关部门在既要保住列车上乘客的生命安全，又要保住产妇生命的前提下，经过科学的论证，决定停靠一分钟，人们都在紧张地准备着。生命宝贵，情感无价，对生命的尊重，上至政府，下至普通百姓，是人们共同的关注。,,https://movie.douban.com/subject/3189968/,yes,0.7,河南话列车生产电视片
3993255,香平丽,2005,蒋志,汉语普通话 / 粤语,中国大陆,6.9,133,0,1,E2,俏丽的香香和被她称为“奶妈”的丽君合租一套房子，一天，丽君的朋友饶饶来家中，正碰上穿着红裙子的香香要出外演出，饶饶和大多数第一次见到香香的人一样，未能看出他的真实性别，他惊叹于香香的美丽，展开追求。而香香也由开始的冷漠转为逐渐沉迷于这段恋情，丽君则冷眼旁观，认为这段感情定会随着香香性别的暴露而消逝。结果果然如此。香香走在街头，准备用一种极端方式证明自己的女性魅力……结果，他被一个嫖客打得鼻青脸肿，,,https://movie.douban.com/subject/3993255/,yes,0.7,蒋志深圳粤语纪录剧情片
27124931,陈冲·上海：梅雨季节的城市穿行,2017,范欣,汉语普通话 / 上海话,中国大陆,7.2,132,0,1,E2,听说我们要拍上海，陈冲一口应允下来。这既是对杂志创刊的支持，更出于对上海的爱。陈冲现在有两个家，一个在上海，一个在旧金山。她这次回家，除了我们的拍摄，也为了自己执导的新电影。“你见过早上5点钟的上海吗?”陈冲问我们。那是她心里最喜欢的上海时刻，梧桐成荫，街上没什么人，商店都还关着，路边的建筑安安静静地立在那儿。陈冲的手机里有许多关于上海的照片，与我们分享，有些是她拍的，有些是她收集的。而我们，拍下,,https://movie.douban.com/subject/27124931/,yes,0.7,沪语城市人文短片
4323362,坑,2007,牟晨玮,汉语普通话 / 日语 / 唐山方言,中国大陆,7.2,130,0,0,,影片讲述了在1942年冀中平原上，一个鬼子，一个伪军，两人贪嘴偷鸡，不小心阴差阳错间跌落进深坑的故事。受困于深坑中的两个人想尽办法想逃离升天，但是其中遇到的爆笑事件，让人忍俊不已。这部片子在喜剧的外衣下面，不乏对战争，对人性的深刻思考。第四届“角四”电影节大奖北京电 影学院国际学生短片展（ISFVF）中国优秀影片上海国际电影节短片大赛 评委会特别奖北京大学生电影节提名奖土豆映像节 最佳剧情片视频地,,https://movie.douban.com/subject/4323362/,yes,0.7,唐山方言抗战短片
3339284,茅山斗僵尸,1999,罗道邦,普通话/国语 / 粤语,中国香港,3.5,129,0,0,,二十世纪末，吸血僵尸在香港四处吸血害人高得人心惶惶，茅山第82代传人受香港人民所托来港进行捉僵尸任务，经历千山万水满以为成功消灭了所有的僵尸。可是他们却万万没有料到被一个成了精的千年野僵尸逃脱法网並进行了一场更恐怖的报复行动。野僵尸王统领群魔三界四处吸血害人但中了茅山真人的三味追尸符野僵尸只有遁地而走，茅山真人只有靠被僵尸咬过的人带路追寻野僵尸王的行踪……,,https://movie.douban.com/subject/3339284/,no,0.7,港式僵尸片默认排除
3737125,报告典狱长,1988,朱延平,汉语普通话 / 闽南话,中国台湾,6.4,128,0,1,E2,影片卖点：本片由台湾著名导演朱延平带领电影界超级喜剧巨星爆笑，无厘头巨献！具有肢体表演的黑色幽默，又有让你捧腹大笑的经典语言，寓教娱乐，老少皆宜。内容简介：一辆囚车载着一群所谓的社会垃圾向监狱方向行驶。其中有小马哥（曾志伟饰）与豪哥（廖峻饰）两位搞笑大王，为了怕监狱里的黑暗势力而假装黑社会大佬在身上画上大副刺青，可惜又戏剧性的被人发现，受到监狱大哥等人百般凌辱与殴打，真不愧是监狱十大酷刑。无奈与恐,,https://movie.douban.com/subject/3737125/,uncertain,0.5,朱延平监狱喜剧闽南话
2990256,天降横财心惊惊,2004,,普通话/国语 / 粤语,中国香港,7.4,126,0,0,,天降横财原是好事，为何变得心惊惊！杜平［王喜］是的士司机，因往银行存款而给正在推 销信用咭的银行小职员梁小玲［张可颐］缠住了。二人拉扯期间遇上了贼人打劫银行，贼赃 更辗转落在二人手上。平和玲最初是斗气冤家，后玲失恋，平不断安慰，二人渐发展成情铝。平失踪多时的同居女友琴［汤盈盈］因逃避追数人而突然出现。琴不但惹来连串麻 ，更发现赃款。琴以此不断威胁平、玲二人，令他俩不胜其烦，平于一次酒醉后戏言要买凶,,https://movie.douban.com/subject/2990256/,no,0.7,港式电视电影默认排除
24752295,青春小说,2013,郭奎永,汉语普通话 / 河南方言,中国大陆,6.1,125,0,1,E2,吴飞和林林是两个乡村青年，高考落榜后，吴飞要去县城复读，林林则要去广州寻找未婚夫进工厂打工。在秋日黄昏，他们结伴从村子出发去往县城。一路上，他们经过田野、河流、古桥、小镇、码头……故乡的风景一一滑过眼前，他们对彼此的眷恋也悄然浮出水面。随着旅程展开，吴飞的思绪不断来到他正在写的一本小说的故事里，在这个故事中，吴飞是另外一种性格，带着林林纵横江湖。电影在现实和幻想中交叉进行，直到吴飞恍惚和疯狂起来…,,https://movie.douban.com/subject/24752295/,yes,0.7,河南方言乡村公路片
26325651,逃学英雄,2015,黄一山,汉语普通话 / 粤语,中国大陆,2.4,125,0,1,E2,影片以周星驰的经典喜剧《逃学威龙》为原型，旨在向经典致敬，云集星爷喜剧御用班底黄一山、黄一飞、苑琼丹、李健仁等老牌港片演员，讲述了朱英雄（孙祖君 饰）进入贵族学校做卧底保护学生进而发生的一系列搞笑故事。,,https://movie.douban.com/subject/26325651/,no,0.9,致敬港片网络喜剧
3732179,卡布奇诺,2005,午马 / 孔刚,普通话/国语 / 粤语,中国香港,2.5,125,0,0,,阿威（杨子 饰）生长在一个非常冷漠的家庭环境之中，虽然拥有着用不完的钱，但是却没有亲人带来的温暖和爱护，这让阿威的性格变得古怪而又孤僻。长大之后，阿威成为了一个名副其实的渣男，每一段感情在他这里都只有七天的保质期，七天过后他就会非常果断的离开。一次偶然中，阿威在酒吧里邂逅了一名神秘女子，这个女人和他之前见过的所有女人都不同，浑身上下都充满了秘密的味道，这一点让阿威尤为着迷，甚至有些无法自拔。随着时,,https://movie.douban.com/subject/3732179/,no,0.7,港式爱情片默认排除
3024212,阿妹的诺言,2007,丁黑,汉语普通话 / 陕西话,中国大陆,7.2,124,0,1,E2,秦岭深处的一户普通人家，在贫困的生活状况下，养育了二个勤奋读书，善良懂事的孩子。大儿子钟阿妹高中毕业，刚刚结束高考，在等待录取通知书的这段时间里，单薄的他在县城“王记面馆”打工挣钱。迫于巨大的经济压力，为筹集学费，又一次次去献血。阿妹在面馆的日子里，以坚强的性格和做人的诚实，与简单朴实的面馆老板建立了友情，他的诚信和执著感染了周围的人。高考录取通知书下来了，阿妹以全县高考状元的身份考取了省重点大学,,https://movie.douban.com/subject/3024212/,yes,0.7,陕西话高考励志片
34997942,小春与猪排,2020,黃俊傑,台湾国语 / 闽南语,中国台湾,5.9,118,0,1,E2,柯佳蕙2018年的长片剧本作品，以主角女儿小春和偷来的小神猪串起故事主轴，讲述代沟、城乡差异的都市描绘。此作故事简单，但人物性格鲜明、不落俗套，剧情铺排相当细腻动人，引人入胜，荣获第十届“拍台北”电影剧本征选首奖。,,https://movie.douban.com/subject/34997942/,yes,0.7,闽南语城乡代沟片
3193464,爱的面包魂,2007,高炳權,普通话/国语 / 閩南語,中国台湾,7.2,118,0,0,,在一間面臨轉型危機的鄉村麵包攤，一個正港台客麵包師傅，遇到了來自英國的貴族麵包師傅，為了追求心愛的女孩，展開正面對決。兩個男人，鄉村麵包店的土洋大戰，誰輸誰贏，口味將決定一切。這是一部關於男人的喜劇，也是一部關於麵包的喜劇，更是一部探討文化差異的喜劇。,,https://movie.douban.com/subject/3193464/,yes,0.7,台客闽南语面包喜剧
4043852,我的潭子湾小学,1999,冯乔,普通话/国语 / 上海话,中国大陆,8.8,117,0,0,,《我的潭子湾小学》讲述的是在一万零五千户潭子湾和潘家湾居民的大动迁中，一千多潭子湾小学的学生随之搬迁和转学过程中发生的动人故事。获得国家对外宣传“彩虹奖”一等奖。,,https://movie.douban.com/subject/4043852/,uncertain,0.5,沪语动迁儿童片
3531098,庙街公主,2003,朱澄丰,普通话/国语 / 粤语,中国香港,6.3,117,0,0,,富家子Wilford自小染有嚴重潔癖，就連拍拖多年的女友Fian也忍受不了而跟他提出分手；傷心失意的Wilford在損友帶領下，初次踏進廟街，更誤打誤撞地結識了爽朗率直的「廟街公主」阿Sue。在阿Sue的輔導下，Wilford不單潔癖盡去，更與阿Sue情愫漸生，但Wilford與Fian約定再見的日期已是逐漸逼近……,,https://movie.douban.com/subject/3531098/,no,0.7,港式爱情片默认排除
26324974,钱，这东西......,1985,金淑琪,汉语普通话 / 维吾尔语,中国大陆,7.8,116,0,1,E2,主 演：阿·吐依贡 ；阿提坎姆 艾尼瓦尔 阿依努尔 居来提制作公司：天山电影制片厂越是贪财的人越会自作聪明。个体老皮鞋匠喀孜木就是这么一个人。实行经济开放政策以来，他的皮鞋生意很兴隆。但他贪得无厌，尽想些歪点子变着法赚昧心钱。他有一儿一女，儿子叫艾力，是个呆板、憨厚的人，但受他影响，也有点唯利是图；女儿谢依达漂亮、温柔，又有一手做小花帽的好手艺，她做的小花帽很受顾客欢迎。她靠劳动致富，不学父亲那一,,https://movie.douban.com/subject/26324974/,yes,0.8,天山厂维吾尔语喜剧
2353977,鬼马神偷,1982,魯俊谷,汉语普通话 / 粤语 / 英语,中国香港,5.8,115,0,1,E2,魯俊谷、張權、于洋三人乃沙煲兄弟，三人合力獲得寶物「雙面神」，不料卻給胡錦起尾注，將三人毒殺，獨吞「雙面神」，三沙煲兄弟臨死前囑其妻子以沙煲鐲鍊為憑，使其後人相認，並設法將寶物奪回。劉永、梁家仁及梁韻蕊是他們的後人，在不打不相識之下重逢，為了完成三人亡父的遺志，三人齊心向胡錦偷回寶物。梁韻蕊早已混入胡錦家中，色誘胡錦之子汪禹，作為內應查出「雙面神」之收藏地點。劉永與梁家仁則扮鬼扮馬，偷天換日，最後,,https://movie.douban.com/subject/2353977/,uncertain,0.5,邵氏偷宝喜剧粤语
1915881,一百年的歌声,2004,陈骞 / 乔艳琳 / 班映旭 / 金光宇 / 周亚玉 / 门欣熙,汉语普通话 / 上海话,中国大陆,9.0,115,0,1,E2,通过上个世纪百年里中国流行歌曲曲调、歌词的变化，涉及流行歌曲领域的词作者、曲作者、演唱者、制作人、经营管理者以及听众等不同层面的人物的故事，重新来回述和再现那段历史时期的社会生活和百姓心态。对一批流行歌曲的参与者进行详细地描述，展现个人的生活际遇与性格变化，关注个人与时代的碰撞，以及那个风云变换的时代对个人的影响。具体人物例如中国流行歌曲发展早期的黎锦晖、陈歌辛、周璇，及新中国成立后一批为当代听众,,https://movie.douban.com/subject/1915881/,yes,0.7,沪语流行歌曲纪录片
3999733,白领日志,2007,卞正乾,汉语普通话 / 上海话,中国大陆,8.4,113,0,1,E2,该片讲述了4个刚刚踏出校门的实习医生的故事。他们不但面临巨大的工作压力，而且常常会遭遇病人家属的不信任和医疗纠纷的困扰。面对越来越紧张的医患关系，实习的日子变得越来越难过，最后，面对理想与现实的冲突，4个实习医生中，只有一个留了下来，其他3个则分别选择了其他的人生道路：做医疗保险、出国留学和从事学术研究。演员全是卞正乾所在医院上海市仁济医院的医护人员（医生、护士和实习生)，无偿参演。,,https://movie.douban.com/subject/3999733/,yes,0.7,沪语实习医生独立片
26317308,我要上迷笛,2015,王骞,汉语普通话 / 粤语,中国大陆,7.4,112,0,1,E2,也许你的乐队停滞了，排练房拆掉了；也许你不再只听摇滚，不再像少年时对一切满腔愤怒；但是迷笛一直都在，我有幸用镜头留住了一些片段，聊以纪念那个夏天所有的激情与热忱、愤怒与困惑、光荣与梦想。关于四个乐队，关于一个男孩，关于所有摇滚之梦。,,https://movie.douban.com/subject/26317308/,uncertain,0.5,摇滚纪录片粤语采访
4135765,那时年纪小,2009,滕丛丛,普通话/国语 / 山东方言,中国大陆,6.5,112,0,0,,中国北方，正是计划生育开始实行的时候，农村妇女在第一胎是女孩的情况下，还可以生第二胎。阳阳七岁的这年，阳阳妈又怀孕了。阳阳尚不知道这意味着什么，她依然在爷爷的宠溺下过她无忧无虑的生活，暗恋着同班的小男生。直到爷爷的突然去世，阳阳的快乐生活急转而下。妈妈要临产，家里很热闹，阳阳却觉得孤单。她想念爷爷，到处哭着找爷爷，一哭不可收拾，怎么也停不下来。直到，妈妈出院，带回来了新生的弟弟阳阳停下了哭声……,,https://movie.douban.com/subject/4135765/,yes,0.7,山东方言计划生育短片
10776186,飞机,2012,耿军,汉语普通话 / 东北话,中国大陆,6.9,111,0,1,E2,一个寂寞潦倒的流浪诗人来到了种葡萄的地方，这里没人买他的诗集，但他遇到了一个姑娘。一对不和睦的小情侣路过种葡萄的地方，男的遇到了赌徒输掉了自己，女的在途中遇到了诗人。赌徒离开种葡萄的地方，在路上，他遇到了一个对手让他措手不及，在不可抑制的快感中，他输掉了尊严……,,https://movie.douban.com/subject/10776186/,yes,0.7,耿军东北话荒诞短片
26703380,再见318,2015,张大格,汉语普通话 / 藏语 Tibetan,中国大陆,5.7,111,0,1,E2,电影录音师马骏在结婚前重回曾经跟组的川西藏区，想与曾经深爱的藏族姑娘卓玛做最后的告别，但是身边陪伴着挚爱他的未婚妻杨月。马骏一路用采录声音做掩饰，途中，杨月意外收到一个DV机，打开来看到的是一个完全陌生的马骏。两人各自心怀鬼胎，一路的“旅程”貌合神离……,,https://movie.douban.com/subject/26703380/,uncertain,0.5,川西藏区藏语点缀
3337623,岁月情真,1995,梁材遠,普通话/国语 / 粤语,中国香港,7.9,111,0,0,,感人至深，让人无法不为之动容，三大实力派演员互斗演技。深入描述香港草根阶层在二十年风雨历程中的酸甜苦辣。二十年斗转星移，人已老、情在否？,,https://movie.douban.com/subject/3337623/,no,0.7,港式剧集电影默认排除
4899555,我的麻烦老友,2003,叶伟英 / 张珮诗,普通话/国语 / 粤语,中国香港,5.6,110,0,0,,市场销售员甘小文（谭耀文）生性吝啬，口没遮拦，视破坏朋友幸福为自然之事和生存之道。久而久之，他身边的人都对他敬而远之，直到有一天，甘小文做了一个梦：梦中见到自己的良心，良心告诉甘小文，他只剩下七天的性命，七天内甘小文必死无疑。甘小文对此半信半疑地去参加唯一的朋友铁男的婚礼，却在婚礼上胡说八道，爆出自己与新娘阿银的一夜情，使婚礼不欢而散，自己也被赶出酒楼。他带醉开车回家，不料被撞成重伤，昏迷时良心再,,https://movie.douban.com/subject/4899555/,no,0.7,港式喜剧默认排除
26831254,2013年江苏卫视跨年演唱会,2013,,汉语普通话 / 粤语 / 韩语,中国大陆,6.5,108,0,1,E2,2013年江苏卫视跨年演唱会于12月31日19:30在南京奥体中心体育馆火爆开唱，周杰伦、张学友、王力宏、罗志祥、莫文蔚、萧亚轩、周华健、林俊杰、林宥嘉、金贤重、EXO-M、SJ-M、任贤齐、黄品源、阿牛、黄小琥、萧煌奇、boyfriend等将携手奉上high歌盛宴。,,https://movie.douban.com/subject/26831254/,no,0.95,跨年演唱会综艺
34852806,狂飙一梦,2019,廖建华,汉语普通话 / 台语 Taiwanese,中国台湾,6.8,108,0,1,E2,民主化歷史的詮釋，多半是由不同陣營的菁英們互動詮釋而成，往往只點到了支持群眾的身影，而無臉孔。本片導演是一個充滿困惑的二十多歲的年輕人，透過兩個挫敗的基層街頭運動者的生命歷程，重新回溯近四十年來台灣社會的民主化歷程。並且試圖理解，反抗者們的初衷是什麼，以及他們本身的狀態為何侷限了理想的實踐。,,https://movie.douban.com/subject/34852806/,yes,0.7,台语社运纪录片
26732252,师生畸恋,1993,张绫育,汉语普通话 / 粤语,中国台湾,5.7,107,0,1,E2,个男生无意中发现自己的女教师（洪晓芸）被人强奸了，于是他勇敢地赶跑了那个强奸犯，而他自己也对老师由怜生爱，继而发生了不伦之恋。两人之间的亲密，引得他的女友（张萱）的不满，于是一场二女一男、欲海翻波的游戏开始…,,https://movie.douban.com/subject/26732252/,no,0.7,台产情色片默认排除
20444574,不耻,2012,余庆,汉语普通话 / 象山方言,中国大陆,6.1,104,0,1,E2,一家生意红火的四星级大酒店开张刚满三年，而政府政策下来，酒店面临拆迁的命运。在酒店内打工的中年妇女张萍兢兢业业，独自拉扯不爱说话的儿子长大。她的家境清贫，每天工作结束后只能打包剩菜回去对付一下。这天晚上，王经理的怒吼从后厨传来，原来经理在张萍的书包里发现一只烤鸭，他不顾张萍的解释，执意要将其开除。为人正派的张萍百口莫辩，只能躲在墙角兀自哭泣。不甘受辱的张萍发誓追查真相，还自己一个清白，谁知却在这一,,https://movie.douban.com/subject/20444574/,yes,0.7,象山方言酒店拆迁片
25790210,爱琳娜,2015,林靖杰,汉语普通话 / 台語,中国台湾,6.5,104,0,1,E2,《愛琳娜》是林靖傑導演繼《最遙遠的距離》睽違六年電影新作，《最》片當時榮獲威尼斯影展國際影評人周最佳影片，且由桂綸鎂主演。時隔六年，新作《愛琳娜》找來演技派的莊凱勛及陳怡蓉擔綱演出男女主角。這是一部台灣氣息濃厚的愛情輕喜劇，故事取材於林靖傑導演對台灣草根庶民的深刻體會，以「失敗者聯盟」的概念發想，希望各種現實生活中的不如意人生，都可以在這部電影中扳回一城，尋回希望。,,https://movie.douban.com/subject/25790210/,yes,0.8,林靖杰台语草根爱情片
3130172,恋人路上,2008,曾翠珊,普通话/国语 / 粤语,中国香港,7.0,104,0,0,,,,https://movie.douban.com/subject/3130172/,no,0.7,港式爱情短片默认排除
3773980,红谷子,2007,林稚沾,普通话/国语 / 云南方言,中国大陆,7.3,103,0,0,,熊傑鋒是一位從外地打工後決定回雲南鄉下種田的青年。這位天真無邪，卻又不想隨波逐流的年輕人回到了平寨村後，開始種起了一種「紅穀子」。但是紅穀子的栽種實在太過不易，收成的效果也不如既有的新品種。有機種植本源自中國，種植的技術全憑先祖們一代代的傳承，農民與土地一直有一份怎麼也說不清的歷史淵源與情感牽絆。諷刺的是，在農村種田的父母卻希望小孩子透過教育逃離農村。對樂天知命卻又單純率真的熊傑鋒而言，找到一位願,,https://movie.douban.com/subject/3773980/,yes,0.7,云南方言有机农耕纪录片
25802582,希望有个如你一般的人,2014,刘鸿志,汉语普通话 / 南京话,中国大陆,5.5,102,0,1,E2,本片根据张嘉佳同名短片故事改编；讲诉作者本人回忆名叫管春的哥们儿为女朋友付出所有的故事；,,https://movie.douban.com/subject/25802582/,yes,0.7,南京话青春短片
25849506,热带,2014,穆肃,汉语普通话 / 粤语,中国大陆,7.4,102,0,1,E2,电影《热带》通过一个“父亲寻子”的故事，关注中国城市化进程中人的精神处境。湖北老人许贵有，从老家来广东寻找失踪多年的儿子。儿子许望大学毕业之后下落不明。老许通过种种蛛丝马迹来搜寻儿子的信息。他先后遇到了儿子的前老板、同学、前房东、前女友，派出所民警，在这些人的讲述中，儿子失败形象得以呈现。儿子虽然最终并没有出现，但在他身上，却积聚着中国城市化进程中一代农村出身者的迷茫，既要解决生存问题，又要解决“,,https://movie.douban.com/subject/25849506/,yes,0.7,穆肃粤语寻子纪录片
21327875,台湾人在满洲国,2013,余明洙 / 丁雯静,汉语普通话 / 台语 Taiwanese,中国台湾 / 马来西亚,8.0,101,0,1,E2,1930年代，一群僅有二十來歲的青年離開臺灣這座日本強權下的蕞爾小島，「來去東北」成為當時年輕人闖蕩海外的一個流行話語，每個人都懷抱著不同的動機、憧憬與夢想，飄洋過海踏上東北這塊白雲黑土，希望在這極具爭議的國度中大展拳腳...《台湾人在满洲国》是长天传播继《黄金密档》《最后岛屿》《惊涛太平轮》后又一纪实力作。还原当年台湾年轻菁英在历经了清廷割让、日本殖民统治后，将“来去东北”视为勇闯天下的地方，以,,https://movie.douban.com/subject/21327875/,yes,0.7,台语历史纪录片
