组别,movie_id,片名,年份,豆瓣评分,评价人数,类型,Decade,语言字段原文,归一化语言,命中方言标签,方言大区,Tier层级,方言占比（推断）,占比推断依据,来源URL
方言片,1465552,细路祥,1950,7.1,212,剧情,Pre-1990s,粤语,粤语,粤语,粤语（广府片/白话）,Tier 1,≈100%（推断）,纯方言/少数民族语言标签，无普通话标签（对应'全部对白为方言'的狭义纯方言片）,https://movie.douban.com/subject/1465552/
方言片,1401527,危楼春晓,1953,7.6,361,剧情,Pre-1990s,粤语,粤语,粤语,粤语（广府片/白话）,Tier 1,≈100%（推断）,纯方言/少数民族语言标签，无普通话标签（对应'全部对白为方言'的狭义纯方言片）,https://movie.douban.com/subject/1401527/
方言片,1301330,寒夜,1955,7.4,102,剧情 / 家庭,Pre-1990s,粤语,粤语,粤语,粤语（广府片/白话）,Tier 1,≈100%（推断）,纯方言/少数民族语言标签，无普通话标签（对应'全部对白为方言'的狭义纯方言片）,https://movie.douban.com/subject/1301330/
方言片,5409873,杜十娘怒沉百宝箱,1956,7.9,137,剧情,Pre-1990s,粤语,粤语,粤语,粤语（广府片/白话）,Tier 1,≈100%（推断）,纯方言/少数民族语言标签，无普通话标签（对应'全部对白为方言'的狭义纯方言片）,https://movie.douban.com/subject/5409873/
方言片,1962340,雷雨,1957,7.6,144,剧情,Pre-1990s,粤语,粤语,粤语,粤语（广府片/白话）,Tier 1,≈100%（推断）,纯方言/少数民族语言标签，无普通话标签（对应'全部对白为方言'的狭义纯方言片）,https://movie.douban.com/subject/1962340/
方言片,2357392,王哥柳哥游台湾（上）,1959,6.5,126,喜剧,Pre-1990s,Taiwanese,taiwanese,taiwanese,台语（闽南语台湾变体）,Tier 1,≈100%（推断）,纯方言/少数民族语言标签，无普通话标签（对应'全部对白为方言'的狭义纯方言片）,https://movie.douban.com/subject/2357392/
方言片,1401219,紫钗记,1959,9.1,351,剧情 / 爱情 / 古装,Pre-1990s,粤语,粤语,粤语,粤语（广府片/白话）,Tier 1,≈100%（推断）,纯方言/少数民族语言标签，无普通话标签（对应'全部对白为方言'的狭义纯方言片）,https://movie.douban.com/subject/1401219/
方言片,1465556,可怜天下父母心,1960,7.3,148,剧情,Pre-1990s,粤语,粤语,粤语,粤语（广府片/白话）,Tier 1,≈100%（推断）,纯方言/少数民族语言标签，无普通话标签（对应'全部对白为方言'的狭义纯方言片）,https://movie.douban.com/subject/1465556/
方言片,1401528,难兄难弟,1960,7.6,155,喜剧,Pre-1990s,粤语,粤语,粤语,粤语（广府片/白话）,Tier 1,≈100%（推断）,纯方言/少数民族语言标签，无普通话标签（对应'全部对白为方言'的狭义纯方言片）,https://movie.douban.com/subject/1401528/
方言片,3438595,湖山盟,1962,6.0,103,剧情 / 爱情 / 奇幻,Pre-1990s,粤语,粤语,粤语,粤语（广府片/白话）,Tier 1,≈100%（推断）,纯方言/少数民族语言标签，无普通话标签（对应'全部对白为方言'的狭义纯方言片）,https://movie.douban.com/subject/3438595/
方言片,2274200,七十二家房客,1963,8.0,1398,剧情 / 喜剧,Pre-1990s,粤语,粤语,粤语,粤语（广府片/白话）,Tier 1,≈100%（推断）,纯方言/少数民族语言标签，无普通话标签（对应'全部对白为方言'的狭义纯方言片）,https://movie.douban.com/subject/2274200/
方言片,3032535,如此爹娘,1963,8.6,448,剧情,Pre-1990s,沪语,沪语,沪语,吴语（江浙片）,Tier 1,≈100%（推断）,纯方言/少数民族语言标签，无普通话标签（对应'全部对白为方言'的狭义纯方言片）,https://movie.douban.com/subject/3032535/
方言片,2216828,抓壮丁,1963,8.5,2428,喜剧,Pre-1990s,四川方言,四川方言,四川方言,西南官话（川渝滇黔片） / 通用汉语方言标签,Tier 1,≈100%（推断）,纯方言/少数民族语言标签，无普通话标签（对应'全部对白为方言'的狭义纯方言片）,https://movie.douban.com/subject/2216828/
方言片,2029110,如来神掌(上集),1964,7.6,198,奇幻,Pre-1990s,粤语,粤语,粤语,粤语（广府片/白话）,Tier 1,≈100%（推断）,纯方言/少数民族语言标签，无普通话标签（对应'全部对白为方言'的狭义纯方言片）,https://movie.douban.com/subject/2029110/
方言片,2351332,儒侠,1967,5.6,187,动作 / 冒险 / 爱情,Pre-1990s,粤语,粤语,粤语,粤语（广府片/白话）,Tier 1,≈100%（推断）,纯方言/少数民族语言标签，无普通话标签（对应'全部对白为方言'的狭义纯方言片）,https://movie.douban.com/subject/2351332/
方言片,1531980,幪面大侠,1967,5.9,113,动作 / 冒险,Pre-1990s,粤语,粤语,粤语,粤语（广府片/白话）,Tier 1,≈100%（推断）,纯方言/少数民族语言标签，无普通话标签（对应'全部对白为方言'的狭义纯方言片）,https://movie.douban.com/subject/1531980/
方言片,1777421,琴剑恩仇,1967,6.3,285,冒险 / 剧情,Pre-1990s,粤语,粤语,粤语,粤语（广府片/白话）,Tier 1,≈100%（推断）,纯方言/少数民族语言标签，无普通话标签（对应'全部对白为方言'的狭义纯方言片）,https://movie.douban.com/subject/1777421/
方言片,1401264,英雄本色,1967,8.5,1739,剧情 / 动作 / 犯罪,Pre-1990s,粤语,粤语,粤语,粤语（广府片/白话）,Tier 1,≈100%（推断）,纯方言/少数民族语言标签，无普通话标签（对应'全部对白为方言'的狭义纯方言片）,https://movie.douban.com/subject/1401264/
方言片,1300224,飞女正传,1969,6.6,107,剧情,Pre-1990s,粤语,粤语,粤语,粤语（广府片/白话）,Tier 1,≈100%（推断）,纯方言/少数民族语言标签，无普通话标签（对应'全部对白为方言'的狭义纯方言片）,https://movie.douban.com/subject/1300224/
方言片,1307050,钟馗娘子,1971,6.3,459,武侠,Pre-1990s,粤语,粤语,粤语,粤语（广府片/白话）,Tier 1,≈100%（推断）,纯方言/少数民族语言标签，无普通话标签（对应'全部对白为方言'的狭义纯方言片）,https://movie.douban.com/subject/1307050/
方言片,2122869,合气道,1972,6.0,359,动作 / 剧情,Pre-1990s,粤语,粤语,粤语,粤语（广府片/白话）,Tier 1,≈100%（推断）,纯方言/少数民族语言标签，无普通话标签（对应'全部对白为方言'的狭义纯方言片）,https://movie.douban.com/subject/2122869/
方言片,1294991,精武门,1972,8.5,36254,动作 / 剧情 / 爱情,Pre-1990s,粤语 / 英语,粤语 / 英语,粤语,粤语（广府片/白话）,Tier 1,≈100%（推断）,纯方言/少数民族语言标签，无普通话标签（对应'全部对白为方言'的狭义纯方言片）,https://movie.douban.com/subject/1294991/
方言片,1304957,七十二家房客,1973,7.4,3923,喜剧,Pre-1990s,粤语,粤语,粤语,粤语（广府片/白话）,Tier 1,≈100%（推断）,纯方言/少数民族语言标签，无普通话标签（对应'全部对白为方言'的狭义纯方言片）,https://movie.douban.com/subject/1304957/
方言片,1307726,北派功夫,1973,5.6,119,动作 / 剧情 / 战争,Pre-1990s,粤语,粤语,粤语,粤语（广府片/白话）,Tier 1,≈100%（推断）,纯方言/少数民族语言标签，无普通话标签（对应'全部对白为方言'的狭义纯方言片）,https://movie.douban.com/subject/1307726/
方言片,1305282,天网,1974,7.6,503,犯罪 / 剧情,Pre-1990s,粤语,粤语,粤语,粤语（广府片/白话）,Tier 1,≈100%（推断）,纯方言/少数民族语言标签，无普通话标签（对应'全部对白为方言'的狭义纯方言片）,https://movie.douban.com/subject/1305282/
方言片,2051834,怪人怪事,1974,6.5,513,喜剧,Pre-1990s,粤语,粤语,粤语,粤语（广府片/白话）,Tier 1,≈100%（推断）,纯方言/少数民族语言标签，无普通话标签（对应'全部对白为方言'的狭义纯方言片）,https://movie.douban.com/subject/2051834/
方言片,1300785,香港73,1974,7.7,475,喜剧,Pre-1990s,粤语,粤语,粤语,粤语（广府片/白话）,Tier 1,≈100%（推断）,纯方言/少数民族语言标签，无普通话标签（对应'全部对白为方言'的狭义纯方言片）,https://movie.douban.com/subject/1300785/
方言片,1301997,鬼马双星,1974,7.4,7306,喜剧,Pre-1990s,粤语,粤语,粤语,粤语（广府片/白话）,Tier 1,≈100%（推断）,纯方言/少数民族语言标签，无普通话标签（对应'全部对白为方言'的狭义纯方言片）,https://movie.douban.com/subject/1301997/
方言片,1307361,黄飞鸿少林拳,1974,6.0,429,动作,Pre-1990s,粤语,粤语,粤语,粤语（广府片/白话）,Tier 1,≈100%（推断）,纯方言/少数民族语言标签，无普通话标签（对应'全部对白为方言'的狭义纯方言片）,https://movie.douban.com/subject/1307361/
方言片,2149187,三笑姻缘,1975,8.6,151,剧情 / 爱情,Pre-1990s,粤语,粤语,粤语,粤语（广府片/白话）,Tier 1,≈100%（推断）,纯方言/少数民族语言标签，无普通话标签（对应'全部对白为方言'的狭义纯方言片）,https://movie.douban.com/subject/2149187/
方言片,26298837,城寨,1975,8.2,100,nan,Pre-1990s,粤语,粤语,粤语,粤语（广府片/白话）,Tier 1,≈100%（推断）,纯方言/少数民族语言标签，无普通话标签（对应'全部对白为方言'的狭义纯方言片）,https://movie.douban.com/subject/26298837/
方言片,1307950,大哥成,1975,6.7,377,动作 / 犯罪 / 剧情,Pre-1990s,粤语,粤语,粤语,粤语（广府片/白话）,Tier 1,≈100%（推断）,纯方言/少数民族语言标签，无普通话标签（对应'全部对白为方言'的狭义纯方言片）,https://movie.douban.com/subject/1307950/
方言片,5182417,天后,1975,6.7,172,剧情 / 奇幻 / 古装,Pre-1990s,闽南语,闽南语,闽南语,闽南语（闽台片）,Tier 1,≈100%（推断）,纯方言/少数民族语言标签，无普通话标签（对应'全部对白为方言'的狭义纯方言片）,https://movie.douban.com/subject/5182417/
方言片,1298003,天才与白痴,1975,7.5,5381,喜剧,Pre-1990s,粤语,粤语,粤语,粤语（广府片/白话）,Tier 1,≈100%（推断）,纯方言/少数民族语言标签，无普通话标签（对应'全部对白为方言'的狭义纯方言片）,https://movie.douban.com/subject/1298003/
方言片,1967472,廉政风暴,1975,6.9,153,犯罪 / 剧情,Pre-1990s,粤语,粤语,粤语,粤语（广府片/白话）,Tier 1,≈100%（推断）,纯方言/少数民族语言标签，无普通话标签（对应'全部对白为方言'的狭义纯方言片）,https://movie.douban.com/subject/1967472/
方言片,2152970,扭计祖宗陈梦吉,1975,6.5,254,喜剧,Pre-1990s,粤语,粤语,粤语,粤语（广府片/白话）,Tier 1,≈100%（推断）,纯方言/少数民族语言标签，无普通话标签（对应'全部对白为方言'的狭义纯方言片）,https://movie.douban.com/subject/2152970/
方言片,4100731,拍案惊奇,1975,6.6,173,剧情,Pre-1990s,粤语,粤语,粤语,粤语（广府片/白话）,Tier 1,≈100%（推断）,纯方言/少数民族语言标签，无普通话标签（对应'全部对白为方言'的狭义纯方言片）,https://movie.douban.com/subject/4100731/
方言片,4001868,的士大佬,1975,6.3,169,冒险 / 剧情,Pre-1990s,粤语,粤语,粤语,粤语（广府片/白话）,Tier 1,≈100%（推断）,纯方言/少数民族语言标签，无普通话标签（对应'全部对白为方言'的狭义纯方言片）,https://movie.douban.com/subject/4001868/
方言片,1903536,陈梦吉计破脂粉阵,1975,5.9,161,喜剧,Pre-1990s,粤语,粤语,粤语,粤语（广府片/白话）,Tier 1,≈100%（推断）,纯方言/少数民族语言标签，无普通话标签（对应'全部对白为方言'的狭义纯方言片）,https://movie.douban.com/subject/1903536/
方言片,1308448,马哥波罗,1975,5.6,269,动作 / 冒险,Pre-1990s,粤语,粤语,粤语,粤语（广府片/白话）,Tier 1,≈100%（推断）,纯方言/少数民族语言标签，无普通话标签（对应'全部对白为方言'的狭义纯方言片）,https://movie.douban.com/subject/1308448/
方言片,1493669,乾隆皇奇遇记,1976,6.6,545,喜剧,Pre-1990s,粤语,粤语,粤语,粤语（广府片/白话）,Tier 1,≈100%（推断）,纯方言/少数民族语言标签，无普通话标签（对应'全部对白为方言'的狭义纯方言片）,https://movie.douban.com/subject/1493669/
方言片,1448758,半斤八两,1976,8.2,22325,喜剧,Pre-1990s,粤语,粤语,粤语,粤语（广府片/白话）,Tier 1,≈100%（推断）,纯方言/少数民族语言标签，无普通话标签（对应'全部对白为方言'的狭义纯方言片）,https://movie.douban.com/subject/1448758/
方言片,1299339,帝女花,1976,7.9,373,剧情 / 爱情 / 冒险,Pre-1990s,粤语,粤语,粤语,粤语（广府片/白话）,Tier 1,≈100%（推断）,纯方言/少数民族语言标签，无普通话标签（对应'全部对白为方言'的狭义纯方言片）,https://movie.douban.com/subject/1299339/
方言片,2030852,江湖子弟,1976,7.2,112,动作 / 剧情,Pre-1990s,粤语,粤语,粤语,粤语（广府片/白话）,Tier 1,≈100%（推断）,纯方言/少数民族语言标签，无普通话标签（对应'全部对白为方言'的狭义纯方言片）,https://movie.douban.com/subject/2030852/
方言片,1308033,池女,1976,5.6,284,爱情,Pre-1990s,粤语,粤语,粤语,粤语（广府片/白话）,Tier 1,≈100%（推断）,纯方言/少数民族语言标签，无普通话标签（对应'全部对白为方言'的狭义纯方言片）,https://movie.douban.com/subject/1308033/
方言片,1962945,沙胆英,1976,7.2,181,动作 / 惊悚,Pre-1990s,粤语,粤语,粤语,粤语（广府片/白话）,Tier 1,≈100%（推断）,纯方言/少数民族语言标签，无普通话标签（对应'全部对白为方言'的狭义纯方言片）,https://movie.douban.com/subject/1962945/
方言片,3688563,老夫子,1976,6.0,702,喜剧,Pre-1990s,粤语,粤语,粤语,粤语（广府片/白话）,Tier 1,≈100%（推断）,纯方言/少数民族语言标签，无普通话标签（对应'全部对白为方言'的狭义纯方言片）,https://movie.douban.com/subject/3688563/
方言片,1466875,赌王大骗局,1976,7.6,945,喜剧 / 犯罪,Pre-1990s,粤语,粤语,粤语,粤语（广府片/白话）,Tier 1,≈100%（推断）,纯方言/少数民族语言标签，无普通话标签（对应'全部对白为方言'的狭义纯方言片）,https://movie.douban.com/subject/1466875/
方言片,1298061,跳灰,1976,6.6,192,动作 / 犯罪 / 惊悚,Pre-1990s,粤语,粤语,粤语,粤语（广府片/白话）,Tier 1,≈100%（推断）,纯方言/少数民族语言标签，无普通话标签（对应'全部对白为方言'的狭义纯方言片）,https://movie.douban.com/subject/1298061/
方言片,1463201,香港奇案,1976,6.1,967,剧情 / 犯罪,Pre-1990s,粤语,粤语,粤语,粤语（广府片/白话）,Tier 1,≈100%（推断）,纯方言/少数民族语言标签，无普通话标签（对应'全部对白为方言'的狭义纯方言片）,https://movie.douban.com/subject/1463201/
方言片,1796292,香港奇案之二：凶杀,1976,6.6,720,犯罪 / 剧情,Pre-1990s,粤语,粤语,粤语,粤语（广府片/白话）,Tier 1,≈100%（推断）,纯方言/少数民族语言标签，无普通话标签（对应'全部对白为方言'的狭义纯方言片）,https://movie.douban.com/subject/1796292/
方言片,5294268,鬼胎,1976,6.1,208,剧情 / 恐怖,Pre-1990s,粤语,粤语,粤语,粤语（广府片/白话）,Tier 1,≈100%（推断）,纯方言/少数民族语言标签，无普通话标签（对应'全部对白为方言'的狭义纯方言片）,https://movie.douban.com/subject/5294268/
方言片,1304951,三德和尚与舂米六,1977,6.2,1732,动作,Pre-1990s,粤语,粤语,粤语,粤语（广府片/白话）,Tier 1,≈100%（推断）,纯方言/少数民族语言标签，无普通话标签（对应'全部对白为方言'的狭义纯方言片）,https://movie.douban.com/subject/1304951/
方言片,1302454,乾隆下江南,1977,7.4,1549,喜剧 / 历史 / 古装,Pre-1990s,粤语,粤语,粤语,粤语（广府片/白话）,Tier 1,≈100%（推断）,纯方言/少数民族语言标签，无普通话标签（对应'全部对白为方言'的狭义纯方言片）,https://movie.douban.com/subject/1302454/
方言片,1297325,发钱寒,1977,6.8,1410,动作 / 喜剧 / 犯罪,Pre-1990s,粤语,粤语,粤语,粤语（广府片/白话）,Tier 1,≈100%（推断）,纯方言/少数民族语言标签，无普通话标签（对应'全部对白为方言'的狭义纯方言片）,https://movie.douban.com/subject/1297325/
方言片,2054498,李三脚威震地狱门,1977,6.1,342,动作 / 喜剧,Pre-1990s,粤语,粤语,粤语,粤语（广府片/白话）,Tier 1,≈100%（推断）,纯方言/少数民族语言标签，无普通话标签（对应'全部对白为方言'的狭义纯方言片）,https://movie.douban.com/subject/2054498/
方言片,5244084,狮子山下 野孩子,1977,8.3,138,剧情 / 儿童 / 短片,Pre-1990s,粤语,粤语,粤语,粤语（广府片/白话）,Tier 1,≈100%（推断）,纯方言/少数民族语言标签，无普通话标签（对应'全部对白为方言'的狭义纯方言片）,https://movie.douban.com/subject/5244084/
方言片,2981478,生死搏斗,1977,7.0,172,剧情 / 动作 / 科幻,Pre-1990s,粤语,粤语,粤语,粤语（广府片/白话）,Tier 1,≈100%（推断）,纯方言/少数民族语言标签，无普通话标签（对应'全部对白为方言'的狭义纯方言片）,https://movie.douban.com/subject/2981478/
方言片,1302197,破戒,1977,6.1,310,动作 / 古装,Pre-1990s,粤语,粤语,粤语,粤语（广府片/白话）,Tier 1,≈100%（推断）,纯方言/少数民族语言标签，无普通话标签（对应'全部对白为方言'的狭义纯方言片）,https://movie.douban.com/subject/1302197/
方言片,1998370,绝不低头,1977,7.1,232,剧情 / 动作,Pre-1990s,粤语,粤语,粤语,粤语（广府片/白话）,Tier 1,≈100%（推断）,纯方言/少数民族语言标签，无普通话标签（对应'全部对白为方言'的狭义纯方言片）,https://movie.douban.com/subject/1998370/
方言片,2996556,阴阳血滴子,1977,5.3,163,动作 / 冒险,Pre-1990s,粤语,粤语,粤语,粤语（广府片/白话）,Tier 1,≈100%（推断）,纯方言/少数民族语言标签，无普通话标签（对应'全部对白为方言'的狭义纯方言片）,https://movie.douban.com/subject/2996556/
方言片,3066592,香港奇案之三：老爷车纵火谋杀案,1977,5.7,280,犯罪,Pre-1990s,粤语,粤语,粤语,粤语（广府片/白话）,Tier 1,≈100%（推断）,纯方言/少数民族语言标签，无普通话标签（对应'全部对白为方言'的狭义纯方言片）,https://movie.douban.com/subject/3066592/
方言片,3419986,香港艾曼妞,1977,4.8,275,剧情 / 爱情,Pre-1990s,粤语,粤语,粤语,粤语（广府片/白话）,Tier 1,≈100%（推断）,纯方言/少数民族语言标签，无普通话标签（对应'全部对白为方言'的狭义纯方言片）,https://movie.douban.com/subject/3419986/
方言片,1456879,鹰爪铁布衫,1977,7.3,4088,动作 / 武侠 / 古装,Pre-1990s,粤语,粤语,粤语,粤语（广府片/白话）,Tier 1,≈100%（推断）,纯方言/少数民族语言标签，无普通话标签（对应'全部对白为方言'的狭义纯方言片）,https://movie.douban.com/subject/1456879/
方言片,1303193,乾隆下扬州,1978,7.5,1554,剧情 / 喜剧 / 动作,Pre-1990s,粤语,粤语,粤语,粤语（广府片/白话）,Tier 1,≈100%（推断）,纯方言/少数民族语言标签，无普通话标签（对应'全部对白为方言'的狭义纯方言片）,https://movie.douban.com/subject/1303193/
方言片,1482507,十字锁喉手,1978,6.0,577,动作,Pre-1990s,粤语,粤语,粤语,粤语（广府片/白话）,Tier 1,≈100%（推断）,纯方言/少数民族语言标签，无普通话标签（对应'全部对白为方言'的狭义纯方言片）,https://movie.douban.com/subject/1482507/
方言片,1304925,大煞星与小妹头,1978,6.6,984,动作 / 喜剧,Pre-1990s,粤语,粤语,粤语,粤语（广府片/白话）,Tier 1,≈100%（推断）,纯方言/少数民族语言标签，无普通话标签（对应'全部对白为方言'的狭义纯方言片）,https://movie.douban.com/subject/1304925/
方言片,3763239,屋檐下之十五，十六,1978,7.5,344,短片,Pre-1990s,粤语,粤语,粤语,粤语（广府片/白话）,Tier 1,≈100%（推断）,纯方言/少数民族语言标签，无普通话标签（对应'全部对白为方言'的狭义纯方言片）,https://movie.douban.com/subject/3763239/
方言片,1440588,巴士奇遇结良缘,1978,7.3,400,喜剧 / 剧情 / 爱情,Pre-1990s,粤语,粤语,粤语,粤语（广府片/白话）,Tier 1,≈100%（推断）,纯方言/少数民族语言标签，无普通话标签（对应'全部对白为方言'的狭义纯方言片）,https://movie.douban.com/subject/1440588/
方言片,1308308,拳精,1978,6.6,2647,动作,Pre-1990s,粤语,粤语,粤语,粤语（广府片/白话）,Tier 1,≈100%（推断）,纯方言/少数民族语言标签，无普通话标签（对应'全部对白为方言'的狭义纯方言片）,https://movie.douban.com/subject/1308308/
方言片,3100927,狗咬狗骨,1978,7.3,192,剧情,Pre-1990s,粤语,粤语,粤语,粤语（广府片/白话）,Tier 1,≈100%（推断）,纯方言/少数民族语言标签，无普通话标签（对应'全部对白为方言'的狭义纯方言片）,https://movie.douban.com/subject/3100927/
方言片,10864707,狮子山下：越南来客,1978,7.4,120,短片,Pre-1990s,粤语,粤语,粤语,粤语（广府片/白话）,Tier 1,≈100%（推断）,纯方言/少数民族语言标签，无普通话标签（对应'全部对白为方言'的狭义纯方言片）,https://movie.douban.com/subject/10864707/
方言片,1477800,老夫子奇趣录,1978,6.1,155,喜剧,Pre-1990s,粤语,粤语,粤语,粤语（广府片/白话）,Tier 1,≈100%（推断）,纯方言/少数民族语言标签，无普通话标签（对应'全部对白为方言'的狭义纯方言片）,https://movie.douban.com/subject/1477800/
方言片,2211925,老虎田鸡,1978,6.5,867,动作 / 喜剧 / 剧情,Pre-1990s,粤语,粤语,粤语,粤语（广府片/白话）,Tier 1,≈100%（推断）,纯方言/少数民族语言标签，无普通话标签（对应'全部对白为方言'的狭义纯方言片）,https://movie.douban.com/subject/2211925/
方言片,1293357,肥龙过江,1978,6.4,844,动作 / 喜剧,Pre-1990s,粤语,粤语,粤语,粤语（广府片/白话）,Tier 1,≈100%（推断）,纯方言/少数民族语言标签，无普通话标签（对应'全部对白为方言'的狭义纯方言片）,https://movie.douban.com/subject/1293357/
方言片,1498658,蛇形刁手,1978,7.2,19918,动作 / 喜剧,Pre-1990s,粤语,粤语,粤语,粤语（广府片/白话）,Tier 1,≈100%（推断）,纯方言/少数民族语言标签，无普通话标签（对应'全部对白为方言'的狭义纯方言片）,https://movie.douban.com/subject/1498658/
方言片,1438924,蛇鹤八步,1978,6.5,3595,动作 / 剧情,Pre-1990s,粤语,粤语,粤语,粤语（广府片/白话）,Tier 1,≈100%（推断）,纯方言/少数民族语言标签，无普通话标签（对应'全部对白为方言'的狭义纯方言片）,https://movie.douban.com/subject/1438924/
方言片,1306997,蝙蝠传奇,1978,7.1,2344,剧情 / 动作 / 武侠,Pre-1990s,粤语,粤语,粤语,粤语（广府片/白话）,Tier 1,≈100%（推断）,纯方言/少数民族语言标签，无普通话标签（对应'全部对白为方言'的狭义纯方言片）,https://movie.douban.com/subject/1306997/
方言片,1305322,赞先生与找钱华,1978,7.2,1812,动作 / 剧情,Pre-1990s,粤语,粤语,粤语,粤语（广府片/白话）,Tier 1,≈100%（推断）,纯方言/少数民族语言标签，无普通话标签（对应'全部对白为方言'的狭义纯方言片）,https://movie.douban.com/subject/1305322/
方言片,1298313,追赶跑跳碰,1978,6.7,296,剧情 / 喜剧,Pre-1990s,粤语,粤语,粤语,粤语（广府片/白话）,Tier 1,≈100%（推断）,纯方言/少数民族语言标签，无普通话标签（对应'全部对白为方言'的狭义纯方言片）,https://movie.douban.com/subject/1298313/
方言片,1296693,醉拳,1978,7.7,64439,喜剧 / 动作,Pre-1990s,粤语,粤语,粤语,粤语（广府片/白话）,Tier 1,≈100%（推断）,纯方言/少数民族语言标签，无普通话标签（对应'全部对白为方言'的狭义纯方言片）,https://movie.douban.com/subject/1296693/
方言片,1307140,飞渡卷云山,1978,6.4,1157,动作,Pre-1990s,粤语,粤语,粤语,粤语（广府片/白话）,Tier 1,≈100%（推断）,纯方言/少数民族语言标签，无普通话标签（对应'全部对白为方言'的狭义纯方言片）,https://movie.douban.com/subject/1307140/
方言片,4325942,伦文敘智斗柳先开,1979,6.6,121,喜剧,Pre-1990s,粤语,粤语,粤语,粤语（广府片/白话）,Tier 1,≈100%（推断）,纯方言/少数民族语言标签，无普通话标签（对应'全部对白为方言'的狭义纯方言片）,https://movie.douban.com/subject/4325942/
方言片,1779026,出笼马骝,1979,5.8,319,动作 / 剧情,Pre-1990s,粤语,粤语,粤语,粤语（广府片/白话）,Tier 1,≈100%（推断）,纯方言/少数民族语言标签，无普通话标签（对应'全部对白为方言'的狭义纯方言片）,https://movie.douban.com/subject/1779026/
方言片,2153584,南北醉拳,1979,7.0,330,动作 / 喜剧,Pre-1990s,粤语,粤语,粤语,粤语（广府片/白话）,Tier 1,≈100%（推断）,纯方言/少数民族语言标签，无普通话标签（对应'全部对白为方言'的狭义纯方言片）,https://movie.douban.com/subject/2153584/
方言片,2030894,唐山五虎,1979,5.6,211,动作 / 剧情,Pre-1990s,粤语,粤语,粤语,粤语（广府片/白话）,Tier 1,≈100%（推断）,纯方言/少数民族语言标签，无普通话标签（对应'全部对白为方言'的狭义纯方言片）,https://movie.douban.com/subject/2030894/
方言片,3758797,奇门怪招烂头蟀,1979,5.6,107,动作 / 喜剧,Pre-1990s,粤语,粤语,粤语,粤语（广府片/白话）,Tier 1,≈100%（推断）,纯方言/少数民族语言标签，无普通话标签（对应'全部对白为方言'的狭义纯方言片）,https://movie.douban.com/subject/3758797/
方言片,2029129,家法,1979,6.3,105,剧情,Pre-1990s,粤语,粤语,粤语,粤语（广府片/白话）,Tier 1,≈100%（推断）,纯方言/少数民族语言标签，无普通话标签（对应'全部对白为方言'的狭义纯方言片）,https://movie.douban.com/subject/2029129/
方言片,2072112,少林英雄榜,1979,6.3,538,动作 / 冒险,Pre-1990s,粤语,粤语,粤语,粤语（广府片/白话）,Tier 1,≈100%（推断）,纯方言/少数民族语言标签，无普通话标签（对应'全部对白为方言'的狭义纯方言片）,https://movie.douban.com/subject/2072112/
方言片,3217486,慌失失,1979,6.1,115,剧情,Pre-1990s,粤语,粤语,粤语,粤语（广府片/白话）,Tier 1,≈100%（推断）,纯方言/少数民族语言标签，无普通话标签（对应'全部对白为方言'的狭义纯方言片）,https://movie.douban.com/subject/3217486/
方言片,1485425,搏命单刀夺命枪,1979,6.7,655,动作 / 冒险,Pre-1990s,粤语,粤语,粤语,粤语（广府片/白话）,Tier 1,≈100%（推断）,纯方言/少数民族语言标签，无普通话标签（对应'全部对白为方言'的狭义纯方言片）,https://movie.douban.com/subject/1485425/
方言片,2996561,无名小卒,1979,6.7,128,喜剧 / 武侠,Pre-1990s,粤语,粤语,粤语,粤语（广府片/白话）,Tier 1,≈100%（推断）,纯方言/少数民族语言标签，无普通话标签（对应'全部对白为方言'的狭义纯方言片）,https://movie.douban.com/subject/2996561/
方言片,1917736,无招胜有招,1979,5.8,123,动作 / 喜剧,Pre-1990s,粤语,粤语,粤语,粤语（广府片/白话）,Tier 1,≈100%（推断）,纯方言/少数民族语言标签，无普通话标签（对应'全部对白为方言'的狭义纯方言片）,https://movie.douban.com/subject/1917736/
方言片,1304401,杂家小子,1979,7.4,4378,动作 / 喜剧,Pre-1990s,粤语,粤语,粤语,粤语（广府片/白话）,Tier 1,≈100%（推断）,纯方言/少数民族语言标签，无普通话标签（对应'全部对白为方言'的狭义纯方言片）,https://movie.douban.com/subject/1304401/
方言片,1306258,林世荣,1979,6.8,2467,喜剧 / 动作,Pre-1990s,粤语,粤语,粤语,粤语（广府片/白话）,Tier 1,≈100%（推断）,纯方言/少数民族语言标签，无普通话标签（对应'全部对白为方言'的狭义纯方言片）,https://movie.douban.com/subject/1306258/
方言片,3023175,点指兵兵,1979,7.2,968,剧情 / 犯罪,Pre-1990s,粤语,粤语,粤语,粤语（广府片/白话）,Tier 1,≈100%（推断）,纯方言/少数民族语言标签，无普通话标签（对应'全部对白为方言'的狭义纯方言片）,https://movie.douban.com/subject/3023175/
方言片,1481837,烂头何,1979,7.0,627,喜剧 / 武侠 / 古装,Pre-1990s,粵語,粵語,粵語,粤语（广府片/白话）,Tier 1,≈100%（推断）,纯方言/少数民族语言标签，无普通话标签（对应'全部对白为方言'的狭义纯方言片）,https://movie.douban.com/subject/1481837/
方言片,1301143,疯劫,1979,6.8,2425,剧情 / 悬疑 / 惊悚,Pre-1990s,粤语,粤语,粤语,粤语（广府片/白话）,Tier 1,≈100%（推断）,纯方言/少数民族语言标签，无普通话标签（对应'全部对白为方言'的狭义纯方言片）,https://movie.douban.com/subject/1301143/
方言片,1961959,疯猴,1979,7.3,1244,动作,Pre-1990s,粤语,粤语,粤语,粤语（广府片/白话）,Tier 1,≈100%（推断）,纯方言/少数民族语言标签，无普通话标签（对应'全部对白为方言'的狭义纯方言片）,https://movie.douban.com/subject/1961959/
方言片,1869829,神偷妙探手多多,1979,6.9,411,犯罪 / 剧情,Pre-1990s,粤语,粤语,粤语,粤语（广府片/白话）,Tier 1,≈100%（推断）,纯方言/少数民族语言标签，无普通话标签（对应'全部对白为方言'的狭义纯方言片）,https://movie.douban.com/subject/1869829/
方言片,1295273,笑拳怪招,1979,6.9,6916,喜剧 / 动作,Pre-1990s,粤语,粤语,粤语,粤语（广府片/白话）,Tier 1,≈100%（推断）,纯方言/少数民族语言标签，无普通话标签（对应'全部对白为方言'的狭义纯方言片）,https://movie.douban.com/subject/1295273/
方言片,1461923,绝代双骄,1979,6.5,994,动作 / 武侠 / 古装,Pre-1990s,粤语,粤语,粤语,粤语（广府片/白话）,Tier 1,≈100%（推断）,纯方言/少数民族语言标签，无普通话标签（对应'全部对白为方言'的狭义纯方言片）,https://movie.douban.com/subject/1461923/
方言片,1481829,茅山僵尸拳,1979,6.2,803,动作 / 喜剧 / 奇幻,Pre-1990s,粤语,粤语,粤语,粤语（广府片/白话）,Tier 1,≈100%（推断）,纯方言/少数民族语言标签，无普通话标签（对应'全部对白为方言'的狭义纯方言片）,https://movie.douban.com/subject/1481829/
方言片,1304940,蝶变,1979,7.3,6254,动作 / 悬疑 / 武侠,Pre-1990s,粤语,粤语,粤语,粤语（广府片/白话）,Tier 1,≈100%（推断）,纯方言/少数民族语言标签，无普通话标签（对应'全部对白为方言'的狭义纯方言片）,https://movie.douban.com/subject/1304940/
方言片,3072985,行规,1979,7.5,269,犯罪 / 剧情,Pre-1990s,粤语,粤语,粤语,粤语（广府片/白话）,Tier 1,≈100%（推断）,纯方言/少数民族语言标签，无普通话标签（对应'全部对白为方言'的狭义纯方言片）,https://movie.douban.com/subject/3072985/
方言片,1302738,豪侠,1979,7.2,1480,剧情 / 动作 / 武侠,Pre-1990s,粤语,粤语,粤语,粤语（广府片/白话）,Tier 1,≈100%（推断）,纯方言/少数民族语言标签，无普通话标签（对应'全部对白为方言'的狭义纯方言片）,https://movie.douban.com/subject/1302738/
方言片,2372999,醒目仔蛊惑招,1979,6.7,266,动作 / 喜剧,Pre-1990s,粤语,粤语,粤语,粤语（广府片/白话）,Tier 1,≈100%（推断）,纯方言/少数民族语言标签，无普通话标签（对应'全部对白为方言'的狭义纯方言片）,https://movie.douban.com/subject/2372999/
方言片,2356838,麻疯怪拳,1979,5.3,125,动作 / 喜剧,Pre-1990s,粤语,粤语,粤语,粤语（广府片/白话）,Tier 1,≈100%（推断）,纯方言/少数民族语言标签，无普通话标签（对应'全部对白为方言'的狭义纯方言片）,https://movie.douban.com/subject/2356838/
方言片,1292967,一招半式闯江湖,1980,6.4,2454,动作 / 喜剧,Pre-1990s,粤语,粤语,粤语,粤语（广府片/白话）,Tier 1,≈100%（推断）,纯方言/少数民族语言标签，无普通话标签（对应'全部对白为方言'的狭义纯方言片）,https://movie.douban.com/subject/1292967/
方言片,2145869,万人斩,1980,7.3,1442,剧情 / 动作 / 武侠,Pre-1990s,粤语,粤语,粤语,粤语（广府片/白话）,Tier 1,≈100%（推断）,纯方言/少数民族语言标签，无普通话标签（对应'全部对白为方言'的狭义纯方言片）,https://movie.douban.com/subject/2145869/
方言片,1824534,乾隆皇与三姑娘,1980,6.9,876,喜剧 / 动作 / 历史,Pre-1990s,粤语,粤语,粤语,粤语（广府片/白话）,Tier 1,≈100%（推断）,纯方言/少数民族语言标签，无普通话标签（对应'全部对白为方言'的狭义纯方言片）,https://movie.douban.com/subject/1824534/
方言片,2071007,佛都有火,1980,5.2,142,动作 / 喜剧,Pre-1990s,粤语,粤语,粤语,粤语（广府片/白话）,Tier 1,≈100%（推断）,纯方言/少数民族语言标签，无普通话标签（对应'全部对白为方言'的狭义纯方言片）,https://movie.douban.com/subject/2071007/
方言片,1419920,名剑,1980,7.6,2807,动作 / 爱情 / 武侠,Pre-1990s,粤语,粤语,粤语,粤语（广府片/白话）,Tier 1,≈100%（推断）,纯方言/少数民族语言标签，无普通话标签（对应'全部对白为方言'的狭义纯方言片）,https://movie.douban.com/subject/1419920/
方言片,1303952,咸鱼翻生,1980,6.6,1220,喜剧 / 动作,Pre-1990s,粤语,粤语,粤语,粤语（广府片/白话）,Tier 1,≈100%（推断）,纯方言/少数民族语言标签，无普通话标签（对应'全部对白为方言'的狭义纯方言片）,https://movie.douban.com/subject/1303952/
方言片,1470868,喝采,1980,7.5,1156,剧情,Pre-1990s,粤语,粤语,粤语,粤语（广府片/白话）,Tier 1,≈100%（推断）,纯方言/少数民族语言标签，无普通话标签（对应'全部对白为方言'的狭义纯方言片）,https://movie.douban.com/subject/1470868/
方言片,1296700,地狱无门,1980,7.4,5642,喜剧 / 动作 / 奇幻,Pre-1990s,粤语,粤语,粤语,粤语（广府片/白话）,Tier 1,≈100%（推断）,纯方言/少数民族语言标签，无普通话标签（对应'全部对白为方言'的狭义纯方言片）,https://movie.douban.com/subject/1296700/
方言片,1471780,夜车,1980,6.3,206,剧情,Pre-1990s,粤语,粤语,粤语,粤语（广府片/白话）,Tier 1,≈100%（推断）,纯方言/少数民族语言标签，无普通话标签（对应'全部对白为方言'的狭义纯方言片）,https://movie.douban.com/subject/1471780/
方言片,2071185,孖宝闯八关,1980,6.3,220,喜剧 / 动作,Pre-1990s,粤语,粤语,粤语,粤语（广府片/白话）,Tier 1,≈100%（推断）,纯方言/少数民族语言标签，无普通话标签（对应'全部对白为方言'的狭义纯方言片）,https://movie.douban.com/subject/2071185/
方言片,1982041,山狗,1980,6.5,2455,恐怖 / 惊悚,Pre-1990s,粤语,粤语,粤语,粤语（广府片/白话）,Tier 1,≈100%（推断）,纯方言/少数民族语言标签，无普通话标签（对应'全部对白为方言'的狭义纯方言片）,https://movie.douban.com/subject/1982041/
方言片,3608982,岁月河山之我家的女人,1980,8.5,1859,剧情 / 历史 / 爱情,Pre-1990s,粤语,粤语,粤语,粤语（广府片/白话）,Tier 1,≈100%（推断）,纯方言/少数民族语言标签，无普通话标签（对应'全部对白为方言'的狭义纯方言片）,https://movie.douban.com/subject/3608982/
方言片,1294131,师弟出马,1980,7.2,9799,剧情 / 喜剧 / 动作,Pre-1990s,粵語,粵語,粵語,粤语（广府片/白话）,Tier 1,≈100%（推断）,纯方言/少数民族语言标签，无普通话标签（对应'全部对白为方言'的狭义纯方言片）,https://movie.douban.com/subject/1294131/
方言片,1959778,师爸,1980,5.3,179,喜剧 / 动作,Pre-1990s,粤语,粤语,粤语,粤语（广府片/白话）,Tier 1,≈100%（推断）,纯方言/少数民族语言标签，无普通话标签（对应'全部对白为方言'的狭义纯方言片）,https://movie.douban.com/subject/1959778/
方言片,2244786,恶爷,1980,5.2,211,喜剧 / 动作,Pre-1990s,粤语,粤语,粤语,粤语（广府片/白话）,Tier 1,≈100%（推断）,纯方言/少数民族语言标签，无普通话标签（对应'全部对白为方言'的狭义纯方言片）,https://movie.douban.com/subject/2244786/
方言片,2352638,摩登土佬,1980,6.2,186,喜剧 / 音乐,Pre-1990s,粤语,粤语,粤语,粤语（广府片/白话）,Tier 1,≈100%（推断）,纯方言/少数民族语言标签，无普通话标签（对应'全部对白为方言'的狭义纯方言片）,https://movie.douban.com/subject/2352638/
方言片,1401486,撞到正,1980,6.6,524,喜剧 / 动作 / 惊悚,Pre-1990s,粤语,粤语,粤语,粤语（广府片/白话）,Tier 1,≈100%（推断）,纯方言/少数民族语言标签，无普通话标签（对应'全部对白为方言'的狭义纯方言片）,https://movie.douban.com/subject/1401486/
方言片,1958238,无翼蝙蝠,1980,6.5,705,武侠,Pre-1990s,粤语,粤语,粤语,粤语（广府片/白话）,Tier 1,≈100%（推断）,纯方言/少数民族语言标签，无普通话标签（对应'全部对白为方言'的狭义纯方言片）,https://movie.douban.com/subject/1958238/
方言片,5354502,毒咒,1980,4.9,192,恐怖,Pre-1990s,粤语,粤语,粤语,粤语（广府片/白话）,Tier 1,≈100%（推断）,纯方言/少数民族语言标签，无普通话标签（对应'全部对白为方言'的狭义纯方言片）,https://movie.douban.com/subject/5354502/
方言片,1298187,疯狂大老千,1980,6.5,678,动作 / 喜剧,Pre-1990s,粤语,粤语,粤语,粤语（广府片/白话）,Tier 1,≈100%（推断）,纯方言/少数民族语言标签，无普通话标签（对应'全部对白为方言'的狭义纯方言片）,https://movie.douban.com/subject/1298187/
方言片,1305359,碧水寒山夺命金,1980,6.1,890,动作 / 悬疑 / 武侠,Pre-1990s,粤语,粤语,粤语,粤语（广府片/白话）,Tier 1,≈100%（推断）,纯方言/少数民族语言标签，无普通话标签（对应'全部对白为方言'的狭义纯方言片）,https://movie.douban.com/subject/1305359/
方言片,1401265,第一类型危险,1980,7.7,2901,动作 / 犯罪 / 惊悚,Pre-1990s,粤语,粤语,粤语,粤语（广府片/白话）,Tier 1,≈100%（推断）,纯方言/少数民族语言标签，无普通话标签（对应'全部对白为方言'的狭义纯方言片）,https://movie.douban.com/subject/1401265/
方言片,1300650,第三类打斗,1980,5.7,283,动作 / 冒险 / 奇幻,Pre-1990s,粤语,粤语,粤语,粤语（广府片/白话）,Tier 1,≈100%（推断）,纯方言/少数民族语言标签，无普通话标签（对应'全部对白为方言'的狭义纯方言片）,https://movie.douban.com/subject/1300650/
方言片,2039789,背叛师门,1980,6.5,476,动作 / 剧情,Pre-1990s,粤语,粤语,粤语,粤语（广府片/白话）,Tier 1,≈100%（推断）,纯方言/少数民族语言标签，无普通话标签（对应'全部对白为方言'的狭义纯方言片）,https://movie.douban.com/subject/2039789/
方言片,2072116,踢馆,1980,6.5,228,动作,Pre-1990s,粤语,粤语,粤语,粤语（广府片/白话）,Tier 1,≈100%（推断）,纯方言/少数民族语言标签，无普通话标签（对应'全部对白为方言'的狭义纯方言片）,https://movie.douban.com/subject/2072116/
方言片,1302989,身不由己,1980,6.5,247,动作 / 剧情,Pre-1990s,粤语,粤语,粤语,粤语（广府片/白话）,Tier 1,≈100%（推断）,纯方言/少数民族语言标签，无普通话标签（对应'全部对白为方言'的狭义纯方言片）,https://movie.douban.com/subject/1302989/
方言片,2135387,连城诀,1980,6.5,1035,动作 / 武侠,Pre-1990s,粤语,粤语,粤语,粤语（广府片/白话）,Tier 1,≈100%（推断）,纯方言/少数民族语言标签，无普通话标签（对应'全部对白为方言'的狭义纯方言片）,https://movie.douban.com/subject/2135387/
方言片,2355274,通天小子红枪客,1980,6.5,217,动作 / 喜剧,Pre-1990s,粤语,粤语,粤语,粤语（广府片/白话）,Tier 1,≈100%（推断）,纯方言/少数民族语言标签，无普通话标签（对应'全部对白为方言'的狭义纯方言片）,https://movie.douban.com/subject/2355274/
方言片,2349060,金手指,1980,6.2,204,惊悚,Pre-1990s,粤语,粤语,粤语,粤语（广府片/白话）,Tier 1,≈100%（推断）,纯方言/少数民族语言标签，无普通话标签（对应'全部对白为方言'的狭义纯方言片）,https://movie.douban.com/subject/2349060/
方言片,1837656,钱作怪,1980,6.8,1765,喜剧 / 动作 / 冒险,Pre-1990s,粤语,粤语,粤语,粤语（广府片/白话）,Tier 1,≈100%（推断）,纯方言/少数民族语言标签，无普通话标签（对应'全部对白为方言'的狭义纯方言片）,https://movie.douban.com/subject/1837656/
方言片,1422908,鬼打鬼,1980,7.6,22621,动作 / 喜剧 / 奇幻,Pre-1990s,粤语,粤语,粤语,粤语（广府片/白话）,Tier 1,≈100%（推断）,纯方言/少数民族语言标签，无普通话标签（对应'全部对白为方言'的狭义纯方言片）,https://movie.douban.com/subject/1422908/
方言片,3831278,何方神圣,1981,6.2,140,喜剧,Pre-1990s,粤语,粤语,粤语,粤语（广府片/白话）,Tier 1,≈100%（推断）,纯方言/少数民族语言标签，无普通话标签（对应'全部对白为方言'的狭义纯方言片）,https://movie.douban.com/subject/3831278/
方言片,1888938,再生人,1981,6.8,1504,恐怖 / 惊悚,Pre-1990s,粤语,粤语,粤语,粤语（广府片/白话）,Tier 1,≈100%（推断）,纯方言/少数民族语言标签，无普通话标签（对应'全部对白为方言'的狭义纯方言片）,https://movie.douban.com/subject/1888938/
方言片,2213934,冲锋车,1981,7.0,327,动作,Pre-1990s,粤语,粤语,粤语,粤语（广府片/白话）,Tier 1,≈100%（推断）,纯方言/少数民族语言标签，无普通话标签（对应'全部对白为方言'的狭义纯方言片）,https://movie.douban.com/subject/2213934/
方言片,1416301,凶榜,1981,7.2,7863,恐怖,Pre-1990s,粤语,粤语,粤语,粤语（广府片/白话）,Tier 1,≈100%（推断）,纯方言/少数民族语言标签，无普通话标签（对应'全部对白为方言'的狭义纯方言片）,https://movie.douban.com/subject/1416301/
方言片,2130143,勇者无惧,1981,7.4,1058,喜剧 / 动作 / 武侠,Pre-1990s,粤语,粤语,粤语,粤语（广府片/白话）,Tier 1,≈100%（推断）,纯方言/少数民族语言标签，无普通话标签（对应'全部对白为方言'的狭义纯方言片）,https://movie.douban.com/subject/2130143/
方言片,1864196,千王斗千霸,1981,6.8,982,动作 / 剧情,Pre-1990s,粤语,粤语,粤语,粤语（广府片/白话）,Tier 1,≈100%（推断）,纯方言/少数民族语言标签，无普通话标签（对应'全部对白为方言'的狭义纯方言片）,https://movie.douban.com/subject/1864196/
方言片,2345997,单程路,1981,5.8,131,冒险 / 剧情,Pre-1990s,粤语,粤语,粤语,粤语（广府片/白话）,Tier 1,≈100%（推断）,纯方言/少数民族语言标签，无普通话标签（对应'全部对白为方言'的狭义纯方言片）,https://movie.douban.com/subject/2345997/
方言片,1482499,南北狮王,1981,6.5,288,动作 / 古装,Pre-1990s,粤语,粤语,粤语,粤语（广府片/白话）,Tier 1,≈100%（推断）,纯方言/少数民族语言标签，无普通话标签（对应'全部对白为方言'的狭义纯方言片）,https://movie.douban.com/subject/1482499/
方言片,1302873,叉手,1981,6.9,926,动作 / 剧情,Pre-1990s,粤语,粤语,粤语,粤语（广府片/白话）,Tier 1,≈100%（推断）,纯方言/少数民族语言标签，无普通话标签（对应'全部对白为方言'的狭义纯方言片）,https://movie.douban.com/subject/1302873/
方言片,4135764,天真有牙,1981,7.0,187,剧情,Pre-1990s,粤语,粤语,粤语,粤语（广府片/白话）,Tier 1,≈100%（推断）,纯方言/少数民族语言标签，无普通话标签（对应'全部对白为方言'的狭义纯方言片）,https://movie.douban.com/subject/4135764/
方言片,2156696,尸妖,1981,6.4,1812,犯罪 / 恐怖 / 悬疑,Pre-1990s,粤语,粤语,粤语,粤语（广府片/白话）,Tier 1,≈100%（推断）,纯方言/少数民族语言标签，无普通话标签（对应'全部对白为方言'的狭义纯方言片）,https://movie.douban.com/subject/2156696/
方言片,3763238,岛的故事之大屿山沙之城,1981,8.2,582,nan,Pre-1990s,粤语,粤语,粤语,粤语（广府片/白话）,Tier 1,≈100%（推断）,纯方言/少数民族语言标签，无普通话标签（对应'全部对白为方言'的狭义纯方言片）,https://movie.douban.com/subject/3763238/
方言片,1902733,忌廉沟鲜奶,1981,7.2,284,剧情,Pre-1990s,粤语,粤语,粤语,粤语（广府片/白话）,Tier 1,≈100%（推断）,纯方言/少数民族语言标签，无普通话标签（对应'全部对白为方言'的狭义纯方言片）,https://movie.douban.com/subject/1902733/
方言片,1302174,执法者,1981,5.6,185,动作 / 犯罪,Pre-1990s,粤语,粤语,粤语,粤语（广府片/白话）,Tier 1,≈100%（推断）,纯方言/少数民族语言标签，无普通话标签（对应'全部对白为方言'的狭义纯方言片）,https://movie.douban.com/subject/1302174/
方言片,2979787,旧梦不须记,1981,6.5,128,剧情,Pre-1990s,粤语,粤语,粤语,粤语（广府片/白话）,Tier 1,≈100%（推断）,纯方言/少数民族语言标签，无普通话标签（对应'全部对白为方言'的狭义纯方言片）,https://movie.douban.com/subject/2979787/
方言片,1474702,武馆,1981,7.8,1688,剧情 / 动作 / 古装,Pre-1990s,粤语,粤语,粤语,粤语（广府片/白话）,Tier 1,≈100%（推断）,纯方言/少数民族语言标签，无普通话标签（对应'全部对白为方言'的狭义纯方言片）,https://movie.douban.com/subject/1474702/
方言片,2136180,流氓千王,1981,5.8,267,剧情 / 动作,Pre-1990s,粤语,粤语,粤语,粤语（广府片/白话）,Tier 1,≈100%（推断）,纯方言/少数民族语言标签，无普通话标签（对应'全部对白为方言'的狭义纯方言片）,https://movie.douban.com/subject/2136180/
方言片,1353744,爱杀,1981,7.0,1431,剧情 / 悬疑 / 爱情,Pre-1990s,粤语 / 英语,粤语 / 英语,粤语,粤语（广府片/白话）,Tier 1,≈100%（推断）,纯方言/少数民族语言标签，无普通话标签（对应'全部对白为方言'的狭义纯方言片）,https://movie.douban.com/subject/1353744/
方言片,1302988,父子情,1981,7.6,1146,剧情 / 家庭,Pre-1990s,粤语,粤语,粤语,粤语（广府片/白话）,Tier 1,≈100%（推断）,纯方言/少数民族语言标签，无普通话标签（对应'全部对白为方言'的狭义纯方言片）,https://movie.douban.com/subject/1302988/
方言片,2133148,目无王法,1981,8.0,928,动作 / 犯罪 / 武侠,Pre-1990s,粤语,粤语,粤语,粤语（广府片/白话）,Tier 1,≈100%（推断）,纯方言/少数民族语言标签，无普通话标签（对应'全部对白为方言'的狭义纯方言片）,https://movie.douban.com/subject/2133148/
方言片,2338294,粉骷髅,1981,6.8,343,动作 / 剧情,Pre-1990s,粤语,粤语,粤语,粤语（广府片/白话）,Tier 1,≈100%（推断）,纯方言/少数民族语言标签，无普通话标签（对应'全部对白为方言'的狭义纯方言片）,https://movie.douban.com/subject/2338294/
方言片,1474440,红粉动江湖,1981,6.8,751,动作 / 冒险,Pre-1990s,粤语,粤语,粤语,粤语（广府片/白话）,Tier 1,≈100%（推断）,纯方言/少数民族语言标签，无普通话标签（对应'全部对白为方言'的狭义纯方言片）,https://movie.douban.com/subject/1474440/
方言片,4223337,老夫子,1981,8.3,2733,喜剧 / 动画,Pre-1990s,粤语,粤语,粤语,粤语（广府片/白话）,Tier 1,≈100%（推断）,纯方言/少数民族语言标签，无普通话标签（对应'全部对白为方言'的狭义纯方言片）,https://movie.douban.com/subject/4223337/
方言片,4824787,老鼠街,1981,6.0,121,动作 / 喜剧,Pre-1990s,粤语,粤语,粤语,粤语（广府片/白话）,Tier 1,≈100%（推断）,纯方言/少数民族语言标签，无普通话标签（对应'全部对白为方言'的狭义纯方言片）,https://movie.douban.com/subject/4824787/
方言片,1471794,胡越的故事,1981,7.0,2679,剧情 / 犯罪,Pre-1990s,粤语,粤语,粤语,粤语（广府片/白话）,Tier 1,≈100%（推断）,纯方言/少数民族语言标签，无普通话标签（对应'全部对白为方言'的狭义纯方言片）,https://movie.douban.com/subject/1471794/
方言片,3182781,舞厅,1981,6.9,202,动作 / 犯罪,Pre-1990s,粤语,粤语,粤语,粤语（广府片/白话）,Tier 1,≈100%（推断）,纯方言/少数民族语言标签，无普通话标签（对应'全部对白为方言'的狭义纯方言片）,https://movie.douban.com/subject/3182781/
方言片,1292601,败家仔,1981,7.7,6518,动作 / 喜剧,Pre-1990s,粤语,粤语,粤语,粤语（广府片/白话）,Tier 1,≈100%（推断）,纯方言/少数民族语言标签，无普通话标签（对应'全部对白为方言'的狭义纯方言片）,https://movie.douban.com/subject/1292601/
方言片,3333979,踩线,1981,6.6,162,剧情,Pre-1990s,粤语,粤语,粤语,粤语（广府片/白话）,Tier 1,≈100%（推断）,纯方言/少数民族语言标签，无普通话标签（对应'全部对白为方言'的狭义纯方言片）,https://movie.douban.com/subject/3333979/
方言片,1727285,边缘人,1981,7.8,1554,犯罪 / 剧情,Pre-1990s,粤语,粤语,粤语,粤语（广府片/白话）,Tier 1,≈100%（推断）,纯方言/少数民族语言标签，无普通话标签（对应'全部对白为方言'的狭义纯方言片）,https://movie.douban.com/subject/1727285/
方言片,1756788,追女仔,1981,6.5,1205,喜剧 / 爱情,Pre-1990s,粤语,粤语,粤语,粤语（广府片/白话）,Tier 1,≈100%（推断）,纯方言/少数民族语言标签，无普通话标签（对应'全部对白为方言'的狭义纯方言片）,https://movie.douban.com/subject/1756788/
方言片,1308735,长辈,1981,7.2,1354,喜剧 / 动作 / 武侠,Pre-1990s,粤语,粤语,粤语,粤语（广府片/白话）,Tier 1,≈100%（推断）,纯方言/少数民族语言标签，无普通话标签（对应'全部对白为方言'的狭义纯方言片）,https://movie.douban.com/subject/1308735/
方言片,4325960,飞尸,1981,6.7,941,动作 / 恐怖,Pre-1990s,粤语,粤语,粤语,粤语（广府片/白话）,Tier 1,≈100%（推断）,纯方言/少数民族语言标签，无普通话标签（对应'全部对白为方言'的狭义纯方言片）,https://movie.douban.com/subject/4325960/
方言片,3446727,鬼域,1981,5.8,221,恐怖,Pre-1990s,粤语,粤语,粤语,粤语（广府片/白话）,Tier 1,≈100%（推断）,纯方言/少数民族语言标签，无普通话标签（对应'全部对白为方言'的狭义纯方言片）,https://movie.douban.com/subject/3446727/
方言片,1302737,鬼马智多星,1981,6.7,3803,剧情 / 喜剧,Pre-1990s,粤语,粤语,粤语,粤语（广府片/白话）,Tier 1,≈100%（推断）,纯方言/少数民族语言标签，无普通话标签（对应'全部对白为方言'的狭义纯方言片）,https://movie.douban.com/subject/1302737/
方言片,3076796,龙咁威,1981,6.1,249,喜剧,Pre-1990s,粤语,粤语,粤语,粤语（广府片/白话）,Tier 1,≈100%（推断）,纯方言/少数民族语言标签，无普通话标签（对应'全部对白为方言'的狭义纯方言片）,https://movie.douban.com/subject/3076796/
方言片,2352629,82家房客,1982,6.5,401,喜剧,Pre-1990s,粤语,粤语,粤语,粤语（广府片/白话）,Tier 1,≈100%（推断）,纯方言/少数民族语言标签，无普通话标签（对应'全部对白为方言'的狭义纯方言片）,https://movie.douban.com/subject/2352629/
方言片,1301046,五遁忍术,1982,6.9,1655,动作 / 武侠 / 古装,Pre-1990s,粤语,粤语,粤语,粤语（广府片/白话）,Tier 1,≈100%（推断）,纯方言/少数民族语言标签，无普通话标签（对应'全部对白为方言'的狭义纯方言片）,https://movie.douban.com/subject/1301046/
方言片,1304021,人吓人,1982,7.3,14956,动作 / 喜剧 / 奇幻,Pre-1990s,粤语,粤语,粤语,粤语（广府片/白话）,Tier 1,≈100%（推断）,纯方言/少数民族语言标签，无普通话标签（对应'全部对白为方言'的狭义纯方言片）,https://movie.douban.com/subject/1304021/
方言片,1298123,佳人有约,1982,6.5,298,喜剧 / 爱情,Pre-1990s,粤语,粤语,粤语,粤语（广府片/白话）,Tier 1,≈100%（推断）,纯方言/少数民族语言标签，无普通话标签（对应'全部对白为方言'的狭义纯方言片）,https://movie.douban.com/subject/1298123/
方言片,1304208,八彩林亚珍,1982,7.0,1577,喜剧 / 动作,Pre-1990s,粤语,粤语,粤语,粤语（广府片/白话）,Tier 1,≈100%（推断）,纯方言/少数民族语言标签，无普通话标签（对应'全部对白为方言'的狭义纯方言片）,https://movie.douban.com/subject/1304208/
方言片,3869389,养鬼,1982,6.2,309,恐怖,Pre-1990s,粤语,粤语,粤语,粤语（广府片/白话）,Tier 1,≈100%（推断）,纯方言/少数民族语言标签，无普通话标签（对应'全部对白为方言'的狭义纯方言片）,https://movie.douban.com/subject/3869389/
方言片,1470852,冲激21,1982,7.0,1083,剧情,Pre-1990s,粤语,粤语,粤语,粤语（广府片/白话）,Tier 1,≈100%（推断）,纯方言/少数民族语言标签，无普通话标签（对应'全部对白为方言'的狭义纯方言片）,https://movie.douban.com/subject/1470852/
方言片,1307630,十八般武艺,1982,7.5,1717,剧情 / 动作 / 武侠,Pre-1990s,粤语,粤语,粤语,粤语（广府片/白话）,Tier 1,≈100%（推断）,纯方言/少数民族语言标签，无普通话标签（对应'全部对白为方言'的狭义纯方言片）,https://movie.douban.com/subject/1307630/
方言片,1485416,卒仔抽车,1982,6.3,295,喜剧,Pre-1990s,粤语,粤语,粤语,粤语（广府片/白话）,Tier 1,≈100%（推断）,纯方言/少数民族语言标签，无普通话标签（对应'全部对白为方言'的狭义纯方言片）,https://movie.douban.com/subject/1485416/
方言片,2133114,城寨出来者,1982,7.0,1097,犯罪 / 剧情,Pre-1990s,粤语,粤语,粤语,粤语（广府片/白话）,Tier 1,≈100%（推断）,纯方言/少数民族语言标签，无普通话标签（对应'全部对白为方言'的狭义纯方言片）,https://movie.douban.com/subject/2133114/
方言片,1298418,夜惊魂,1982,6.6,1157,喜剧 / 恐怖,Pre-1990s,粤语,粤语,粤语,粤语（广府片/白话）,Tier 1,≈100%（推断）,纯方言/少数民族语言标签，无普通话标签（对应'全部对白为方言'的狭义纯方言片）,https://movie.douban.com/subject/1298418/
方言片,1302654,奇门遁甲,1982,8.1,19284,喜剧 / 动作 / 奇幻,Pre-1990s,粤语,粤语,粤语,粤语（广府片/白话）,Tier 1,≈100%（推断）,纯方言/少数民族语言标签，无普通话标签（对应'全部对白为方言'的狭义纯方言片）,https://movie.douban.com/subject/1302654/
方言片,2159552,小子有种,1982,6.5,317,动作 / 喜剧,Pre-1990s,粤语,粤语,粤语,粤语（广府片/白话）,Tier 1,≈100%（推断）,纯方言/少数民族语言标签，无普通话标签（对应'全部对白为方言'的狭义纯方言片）,https://movie.douban.com/subject/2159552/
方言片,1307773,小生怕怕,1982,6.7,2985,喜剧 / 恐怖,Pre-1990s,粤语,粤语,粤语,粤语（广府片/白话）,Tier 1,≈100%（推断）,纯方言/少数民族语言标签，无普通话标签（对应'全部对白为方言'的狭义纯方言片）,https://movie.douban.com/subject/1307773/
方言片,1869834,巡城马,1982,6.4,1043,动作 / 冒险 / 剧情,Pre-1990s,粤语,粤语,粤语,粤语（广府片/白话）,Tier 1,≈100%（推断）,纯方言/少数民族语言标签，无普通话标签（对应'全部对白为方言'的狭义纯方言片）,https://movie.douban.com/subject/1869834/
方言片,2209613,幽灵山庄,1982,6.5,1627,动作 / 悬疑 / 武侠,Pre-1990s,粤语,粤语,粤语,粤语（广府片/白话）,Tier 1,≈100%（推断）,纯方言/少数民族语言标签，无普通话标签（对应'全部对白为方言'的狭义纯方言片）,https://movie.douban.com/subject/2209613/
方言片,5176954,广东靓仔玉,1982,5.9,229,喜剧 / 动作,Pre-1990s,粤语,粤语,粤语,粤语（广府片/白话）,Tier 1,≈100%（推断）,纯方言/少数民族语言标签，无普通话标签（对应'全部对白为方言'的狭义纯方言片）,https://movie.douban.com/subject/5176954/
方言片,1297854,彩云曲,1982,6.6,691,剧情,Pre-1990s,粤语 / 英语,粤语 / 英语,粤语,粤语（广府片/白话）,Tier 1,≈100%（推断）,纯方言/少数民族语言标签，无普通话标签（对应'全部对白为方言'的狭义纯方言片）,https://movie.douban.com/subject/1297854/
方言片,1301213,御猫三戏锦毛鼠,1982,6.7,822,喜剧 / 动作 / 武侠,Pre-1990s,粤语,粤语,粤语,粤语（广府片/白话）,Tier 1,≈100%（推断）,纯方言/少数民族语言标签，无普通话标签（对应'全部对白为方言'的狭义纯方言片）,https://movie.douban.com/subject/1301213/
方言片,1296557,投奔怒海,1982,8.5,16202,剧情,Pre-1990s,粤语 / 日语 / 法语 / 越南语,粤语 / 日语 / 法语 / 越南语,粤语,粤语（广府片/白话）,Tier 1,≈100%（推断）,纯方言/少数民族语言标签，无普通话标签（对应'全部对白为方言'的狭义纯方言片）,https://movie.douban.com/subject/1296557/
方言片,3249923,拳击小子,1982,5.0,195,冒险 / 剧情,Pre-1990s,粤语,粤语,粤语,粤语（广府片/白话）,Tier 1,≈100%（推断）,纯方言/少数民族语言标签，无普通话标签（对应'全部对白为方言'的狭义纯方言片）,https://movie.douban.com/subject/3249923/
方言片,1298310,提防小手,1982,7.0,2227,剧情 / 喜剧 / 动作,Pre-1990s,粤语,粤语,粤语,粤语（广府片/白话）,Tier 1,≈100%（推断）,纯方言/少数民族语言标签，无普通话标签（对应'全部对白为方言'的狭义纯方言片）,https://movie.douban.com/subject/1298310/
方言片,2311802,摩登天师,1982,6.2,921,喜剧 / 奇幻 / 恐怖,Pre-1990s,粤语,粤语,粤语,粤语（广府片/白话）,Tier 1,≈100%（推断）,纯方言/少数民族语言标签，无普通话标签（对应'全部对白为方言'的狭义纯方言片）,https://movie.douban.com/subject/2311802/
方言片,1306011,最佳拍档,1982,7.7,29510,动作 / 喜剧,Pre-1990s,粤语,粤语,粤语,粤语（广府片/白话）,Tier 1,≈100%（推断）,纯方言/少数民族语言标签，无普通话标签（对应'全部对白为方言'的狭义纯方言片）,https://movie.douban.com/subject/1306011/
方言片,1308716,杀出西营盘,1982,6.7,268,动作 / 犯罪 / 惊悚,Pre-1990s,粤语,粤语,粤语,粤语（广府片/白话）,Tier 1,≈100%（推断）,纯方言/少数民族语言标签，无普通话标签（对应'全部对白为方言'的狭义纯方言片）,https://movie.douban.com/subject/1308716/
方言片,1302739,浣花洗剑,1982,5.7,585,动作 / 剧情,Pre-1990s,粤语,粤语,粤语,粤语（广府片/白话）,Tier 1,≈100%（推断）,纯方言/少数民族语言标签，无普通话标签（对应'全部对白为方言'的狭义纯方言片）,https://movie.douban.com/subject/1302739/
方言片,1302564,猎头,1982,5.9,512,惊悚,Pre-1990s,粤语,粤语,粤语,粤语（广府片/白话）,Tier 1,≈100%（推断）,纯方言/少数民族语言标签，无普通话标签（对应'全部对白为方言'的狭义纯方言片）,https://movie.douban.com/subject/1302564/
方言片,1777420,猎魔者,1982,6.3,656,动作 / 剧情,Pre-1990s,粤语,粤语,粤语,粤语（广府片/白话）,Tier 1,≈100%（推断）,纯方言/少数民族语言标签，无普通话标签（对应'全部对白为方言'的狭义纯方言片）,https://movie.douban.com/subject/1777420/
方言片,4325964,神经大侠,1982,6.3,165,喜剧 / 动作 / 武侠,Pre-1990s,粤语,粤语,粤语,粤语（广府片/白话）,Tier 1,≈100%（推断）,纯方言/少数民族语言标签，无普通话标签（对应'全部对白为方言'的狭义纯方言片）,https://movie.douban.com/subject/4325964/
方言片,3003235,老夫子水虎传,1982,8.3,1077,喜剧 / 动画,Pre-1990s,粤语,粤语,粤语,粤语（广府片/白话）,Tier 1,≈100%（推断）,纯方言/少数民族语言标签，无普通话标签（对应'全部对白为方言'的狭义纯方言片）,https://movie.douban.com/subject/3003235/
方言片,1303762,薄荷咖啡,1982,6.8,122,剧情,Pre-1990s,粤语,粤语,粤语,粤语（广府片/白话）,Tier 1,≈100%（推断）,纯方言/少数民族语言标签，无普通话标签（对应'全部对白为方言'的狭义纯方言片）,https://movie.douban.com/subject/1303762/
方言片,2355307,蜈蚣咒,1982,6.4,617,恐怖,Pre-1990s,粤语,粤语,粤语,粤语（广府片/白话）,Tier 1,≈100%（推断）,纯方言/少数民族语言标签，无普通话标签（对应'全部对白为方言'的狭义纯方言片）,https://movie.douban.com/subject/2355307/
方言片,5173709,血洗唐人街,1982,5.6,108,动作,Pre-1990s,粤语 / 英语,粤语 / 英语,粤语,粤语（广府片/白话）,Tier 1,≈100%（推断）,纯方言/少数民族语言标签，无普通话标签（对应'全部对白为方言'的狭义纯方言片）,https://movie.douban.com/subject/5173709/
方言片,2139418,贼王之王,1982,6.1,459,喜剧,Pre-1990s,粤语,粤语,粤语,粤语（广府片/白话）,Tier 1,≈100%（推断）,纯方言/少数民族语言标签，无普通话标签（对应'全部对白为方言'的狭义纯方言片）,https://movie.douban.com/subject/2139418/
方言片,4325965,邪咒,1982,7.0,1287,犯罪 / 惊悚 / 恐怖,Pre-1990s,粤语,粤语,粤语,粤语（广府片/白话）,Tier 1,≈100%（推断）,纯方言/少数民族语言标签，无普通话标签（对应'全部对白为方言'的狭义纯方言片）,https://movie.douban.com/subject/4325965/
方言片,1770344,邪完再邪,1982,6.4,1249,喜剧,Pre-1990s,粤语,粤语,粤语,粤语（广府片/白话）,Tier 1,≈100%（推断）,纯方言/少数民族语言标签，无普通话标签（对应'全部对白为方言'的狭义纯方言片）,https://movie.douban.com/subject/1770344/
方言片,1307331,难兄难弟,1982,7.1,2077,喜剧,Pre-1990s,粤语,粤语,粤语,粤语（广府片/白话）,Tier 1,≈100%（推断）,纯方言/少数民族语言标签，无普通话标签（对应'全部对白为方言'的狭义纯方言片）,https://movie.douban.com/subject/1307331/
方言片,1868514,青春1000日,1982,6.3,175,剧情,Pre-1990s,粤语,粤语,粤语,粤语（广府片/白话）,Tier 1,≈100%（推断）,纯方言/少数民族语言标签，无普通话标签（对应'全部对白为方言'的狭义纯方言片）,https://movie.douban.com/subject/1868514/
方言片,1304528,靓妹仔,1982,6.6,2224,剧情,Pre-1990s,粤语,粤语,粤语,粤语（广府片/白话）,Tier 1,≈100%（推断）,纯方言/少数民族语言标签，无普通话标签（对应'全部对白为方言'的狭义纯方言片）,https://movie.douban.com/subject/1304528/
方言片,2333683,鬼画符,1982,6.3,600,剧情 / 恐怖,Pre-1990s,粤语,粤语,粤语,粤语（广府片/白话）,Tier 1,≈100%（推断）,纯方言/少数民族语言标签，无普通话标签（对应'全部对白为方言'的狭义纯方言片）,https://movie.douban.com/subject/2333683/
方言片,2244783,魔界,1982,7.1,947,恐怖,Pre-1990s,粤语,粤语,粤语,粤语（广府片/白话）,Tier 1,≈100%（推断）,纯方言/少数民族语言标签，无普通话标签（对应'全部对白为方言'的狭义纯方言片）,https://movie.douban.com/subject/2244783/
方言片,1297213,龙少爷,1982,6.8,11479,动作 / 喜剧 / 运动,Pre-1990s,粤语,粤语,粤语,粤语（广府片/白话）,Tier 1,≈100%（推断）,纯方言/少数民族语言标签，无普通话标签（对应'全部对白为方言'的狭义纯方言片）,https://movie.douban.com/subject/1297213/
方言片,1297909,A计划,1983,8.1,122625,动作 / 喜剧,Pre-1990s,粤语,粤语,粤语,粤语（广府片/白话）,Tier 1,≈100%（推断）,纯方言/少数民族语言标签，无普通话标签（对应'全部对白为方言'的狭义纯方言片）,https://movie.douban.com/subject/1297909/
方言片,1459978,三闯少林,1983,7.6,1641,动作 / 武侠 / 古装,Pre-1990s,粤语,粤语,粤语,粤语（广府片/白话）,Tier 1,≈100%（推断）,纯方言/少数民族语言标签，无普通话标签（对应'全部对白为方言'的狭义纯方言片）,https://movie.douban.com/subject/1459978/
方言片,6311260,上海滩,1983,8.9,9561,剧情,Pre-1990s,粤语,粤语,粤语,粤语（广府片/白话）,Tier 1,≈100%（推断）,纯方言/少数民族语言标签，无普通话标签（对应'全部对白为方言'的狭义纯方言片）,https://movie.douban.com/subject/6311260/
方言片,1302784,上海滩续集,1983,8.3,942,剧情 / 动作 / 爱情,Pre-1990s,粤语,粤语,粤语,粤语（广府片/白话）,Tier 1,≈100%（推断）,纯方言/少数民族语言标签，无普通话标签（对应'全部对白为方言'的狭义纯方言片）,https://movie.douban.com/subject/1302784/
方言片,1401573,专撬墙脚,1983,6.2,408,喜剧 / 爱情,Pre-1990s,粤语,粤语,粤语,粤语（广府片/白话）,Tier 1,≈100%（推断）,纯方言/少数民族语言标签，无普通话标签（对应'全部对白为方言'的狭义纯方言片）,https://movie.douban.com/subject/1401573/
方言片,1299619,半边人,1983,8.0,1367,剧情 / 爱情,Pre-1990s,粤语,粤语,粤语,粤语（广府片/白话）,Tier 1,≈100%（推断）,纯方言/少数民族语言标签，无普通话标签（对应'全部对白为方言'的狭义纯方言片）,https://movie.douban.com/subject/1299619/
方言片,1461409,天师撞邪,1983,7.8,2208,喜剧 / 动作,Pre-1990s,粤语,粤语,粤语,粤语（广府片/白话）,Tier 1,≈100%（推断）,纯方言/少数民族语言标签，无普通话标签（对应'全部对白为方言'的狭义纯方言片）,https://movie.douban.com/subject/1461409/
方言片,1293658,奇谋妙计五福星,1983,7.8,34803,动作 / 喜剧 / 犯罪,Pre-1990s,粤语,粤语,粤语,粤语（广府片/白话）,Tier 1,≈100%（推断）,纯方言/少数民族语言标签，无普通话标签（对应'全部对白为方言'的狭义纯方言片）,https://movie.douban.com/subject/1293658/
方言片,3275650,害时出世,1983,6.8,450,惊悚,Pre-1990s,粤语,粤语,粤语,粤语（广府片/白话）,Tier 1,≈100%（推断）,纯方言/少数民族语言标签，无普通话标签（对应'全部对白为方言'的狭义纯方言片）,https://movie.douban.com/subject/3275650/
方言片,2300223,封神劫,1983,6.2,279,动作 / 奇幻 / 古装,Pre-1990s,粤语,粤语,粤语,粤语（广府片/白话）,Tier 1,≈100%（推断）,纯方言/少数民族语言标签，无普通话标签（对应'全部对白为方言'的狭义纯方言片）,https://movie.douban.com/subject/2300223/
方言片,1872205,少林传人,1983,6.7,1219,动作 / 喜剧,Pre-1990s,粤语,粤语,粤语,粤语（广府片/白话）,Tier 1,≈100%（推断）,纯方言/少数民族语言标签，无普通话标签（对应'全部对白为方言'的狭义纯方言片）,https://movie.douban.com/subject/1872205/
方言片,1304936,少爷威威,1983,6.3,1132,喜剧,Pre-1990s,粤语,粤语,粤语,粤语（广府片/白话）,Tier 1,≈100%（推断）,纯方言/少数民族语言标签，无普通话标签（对应'全部对白为方言'的狭义纯方言片）,https://movie.douban.com/subject/1304936/
方言片,3003234,山T老夫子,1983,8.2,900,动画,Pre-1990s,粤语,粤语,粤语,粤语（广府片/白话）,Tier 1,≈100%（推断）,纯方言/少数民族语言标签，无普通话标签（对应'全部对白为方言'的狭义纯方言片）,https://movie.douban.com/subject/3003234/
方言片,1308248,我爱夜来香,1983,7.5,5358,动作 / 喜剧,Pre-1990s,粤语,粤语,粤语,粤语（广府片/白话）,Tier 1,≈100%（推断）,纯方言/少数民族语言标签，无普通话标签（对应'全部对白为方言'的狭义纯方言片）,https://movie.douban.com/subject/1308248/
方言片,1307069,打擂台,1983,5.9,334,剧情 / 动作,Pre-1990s,粤语,粤语,粤语,粤语（广府片/白话）,Tier 1,≈100%（推断）,纯方言/少数民族语言标签，无普通话标签（对应'全部对白为方言'的狭义纯方言片）,https://movie.douban.com/subject/1307069/
方言片,1480632,掌门人,1983,6.5,483,动作 / 喜剧,Pre-1990s,粤语,粤语,粤语,粤语（广府片/白话）,Tier 1,≈100%（推断）,纯方言/少数民族语言标签，无普通话标签（对应'全部对白为方言'的狭义纯方言片）,https://movie.douban.com/subject/1480632/
方言片,2072957,摩登衙门,1983,6.2,402,喜剧 / 动作,Pre-1990s,粤语,粤语,粤语,粤语（广府片/白话）,Tier 1,≈100%（推断）,纯方言/少数民族语言标签，无普通话标签（对应'全部对白为方言'的狭义纯方言片）,https://movie.douban.com/subject/2072957/
方言片,1308067,日劫,1983,5.5,834,武侠 / 鬼怪,Pre-1990s,粤语,粤语,粤语,粤语（广府片/白话）,Tier 1,≈100%（推断）,纯方言/少数民族语言标签，无普通话标签（对应'全部对白为方言'的狭义纯方言片）,https://movie.douban.com/subject/1308067/
方言片,1302011,星际钝胎,1983,5.3,520,科幻 / 喜剧,Pre-1990s,粤语,粤语,粤语,粤语（广府片/白话）,Tier 1,≈100%（推断）,纯方言/少数民族语言标签，无普通话标签（对应'全部对白为方言'的狭义纯方言片）,https://movie.douban.com/subject/1302011/
方言片,2133117,暗渠,1983,6.8,362,动作 / 犯罪 / 惊悚,Pre-1990s,粤语,粤语,粤语,粤语（广府片/白话）,Tier 1,≈100%（推断）,纯方言/少数民族语言标签，无普通话标签（对应'全部对白为方言'的狭义纯方言片）,https://movie.douban.com/subject/2133117/
方言片,1307582,最佳拍档2：大显神通,1983,7.6,13847,动作 / 喜剧,Pre-1990s,粤语,粤语,粤语,粤语（广府片/白话）,Tier 1,≈100%（推断）,纯方言/少数民族语言标签，无普通话标签（对应'全部对白为方言'的狭义纯方言片）,https://movie.douban.com/subject/1307582/
方言片,1301222,杨过与小龙女,1983,6.6,3446,动作 / 爱情 / 武侠,Pre-1990s,粤语,粤语,粤语,粤语（广府片/白话）,Tier 1,≈100%（推断）,纯方言/少数民族语言标签，无普通话标签（对应'全部对白为方言'的狭义纯方言片）,https://movie.douban.com/subject/1301222/
方言片,1482498,梁上君子,1983,6.8,250,动作 / 喜剧 / 犯罪,Pre-1990s,粤语,粤语,粤语,粤语（广府片/白话）,Tier 1,≈100%（推断）,纯方言/少数民族语言标签，无普通话标签（对应'全部对白为方言'的狭义纯方言片）,https://movie.douban.com/subject/1482498/
方言片,1776365,武林圣火令,1983,6.4,1405,喜剧 / 奇幻 / 武侠,Pre-1990s,粤语,粤语,粤语,粤语（广府片/白话）,Tier 1,≈100%（推断）,纯方言/少数民族语言标签，无普通话标签（对应'全部对白为方言'的狭义纯方言片）,https://movie.douban.com/subject/1776365/
方言片,2346913,毁灭号地车,1983,6.4,415,动作,Pre-1990s,粤语,粤语,粤语,粤语（广府片/白话）,Tier 1,≈100%（推断）,纯方言/少数民族语言标签，无普通话标签（对应'全部对白为方言'的狭义纯方言片）,https://movie.douban.com/subject/2346913/
方言片,5343618,毒蛊,1983,6.1,171,恐怖,Pre-1990s,粤语,粤语,粤语,粤语（广府片/白话）,Tier 1,≈100%（推断）,纯方言/少数民族语言标签，无普通话标签（对应'全部对白为方言'的狭义纯方言片）,https://movie.douban.com/subject/5343618/
方言片,1299497,波牛,1983,7.4,2161,剧情 / 喜剧 / 动作,Pre-1990s,粤语,粤语,粤语,粤语（广府片/白话）,Tier 1,≈100%（推断）,纯方言/少数民族语言标签，无普通话标签（对应'全部对白为方言'的狭义纯方言片）,https://movie.douban.com/subject/1299497/
方言片,3064984,满天神佛,1983,6.6,305,动作 / 喜剧,Pre-1990s,粤语,粤语,粤语,粤语（广府片/白话）,Tier 1,≈100%（推断）,纯方言/少数民族语言标签，无普通话标签（对应'全部对白为方言'的狭义纯方言片）,https://movie.douban.com/subject/3064984/
方言片,3013079,猛鬼出笼,1983,6.2,954,剧情 / 惊悚 / 恐怖,Pre-1990s,粤语,粤语,粤语,粤语（广府片/白话）,Tier 1,≈100%（推断）,纯方言/少数民族语言标签，无普通话标签（对应'全部对白为方言'的狭义纯方言片）,https://movie.douban.com/subject/3013079/
方言片,1456468,疯狂八三,1983,6.1,164,喜剧,Pre-1990s,粤语,粤语,粤语,粤语（广府片/白话）,Tier 1,≈100%（推断）,纯方言/少数民族语言标签，无普通话标签（对应'全部对白为方言'的狭义纯方言片）,https://movie.douban.com/subject/1456468/
方言片,2354893,皇帝保重,1983,6.0,407,剧情 / 喜剧 / 古装,Pre-1990s,粤语,粤语,粤语,粤语（广府片/白话）,Tier 1,≈100%（推断）,纯方言/少数民族语言标签，无普通话标签（对应'全部对白为方言'的狭义纯方言片）,https://movie.douban.com/subject/2354893/
方言片,1305341,神通术与小霸王,1983,5.3,335,动作 / 奇幻,Pre-1990s,粤语,粤语,粤语,粤语（广府片/白话）,Tier 1,≈100%（推断）,纯方言/少数民族语言标签，无普通话标签（对应'全部对白为方言'的狭义纯方言片）,https://movie.douban.com/subject/1305341/
方言片,2003432,空心大少爷,1983,6.6,763,喜剧 / 爱情,Pre-1990s,粤语,粤语,粤语,粤语（广府片/白话）,Tier 1,≈100%（推断）,纯方言/少数民族语言标签，无普通话标签（对应'全部对白为方言'的狭义纯方言片）,https://movie.douban.com/subject/2003432/
方言片,1302335,第一次,1983,7.3,793,剧情,Pre-1990s,粤语,粤语,粤语,粤语（广府片/白话）,Tier 1,≈100%（推断）,纯方言/少数民族语言标签，无普通话标签（对应'全部对白为方言'的狭义纯方言片）,https://movie.douban.com/subject/1302335/
方言片,1978018,红鬼仔,1983,5.7,316,恐怖,Pre-1990s,粤语,粤语,粤语,粤语（广府片/白话）,Tier 1,≈100%（推断）,纯方言/少数民族语言标签，无普通话标签（对应'全部对白为方言'的狭义纯方言片）,https://movie.douban.com/subject/1978018/
方言片,4016061,脑魔,1983,6.2,178,恐怖,Pre-1990s,粤语,粤语,粤语,粤语（广府片/白话）,Tier 1,≈100%（推断）,纯方言/少数民族语言标签，无普通话标签（对应'全部对白为方言'的狭义纯方言片）,https://movie.douban.com/subject/4016061/
方言片,1306006,花城,1983,6.4,1013,剧情 / 爱情,Pre-1990s,粤语,粤语,粤语,粤语（广府片/白话）,Tier 1,≈100%（推断）,纯方言/少数民族语言标签，无普通话标签（对应'全部对白为方言'的狭义纯方言片）,https://movie.douban.com/subject/1306006/
方言片,1298719,花心大少,1983,6.5,949,剧情 / 喜剧 / 爱情,Pre-1990s,粤语,粤语,粤语,粤语（广府片/白话）,Tier 1,≈100%（推断）,纯方言/少数民族语言标签，无普通话标签（对应'全部对白为方言'的狭义纯方言片）,https://movie.douban.com/subject/1298719/
方言片,1307775,蜀山：新蜀山剑侠,1983,7.0,20578,剧情 / 动作 / 奇幻,Pre-1990s,粤语,粤语,粤语,粤语（广府片/白话）,Tier 1,≈100%（推断）,纯方言/少数民族语言标签，无普通话标签（对应'全部对白为方言'的狭义纯方言片）,https://movie.douban.com/subject/1307775/
方言片,10491675,血中血,1983,6.3,139,剧情 / 犯罪 / 悬疑,Pre-1990s,粤语,粤语,粤语,粤语（广府片/白话）,Tier 1,≈100%（推断）,纯方言/少数民族语言标签，无普通话标签（对应'全部对白为方言'的狭义纯方言片）,https://movie.douban.com/subject/10491675/
方言片,1307051,表错7日情,1983,6.7,1424,喜剧 / 爱情,Pre-1990s,粤语,粤语,粤语,粤语（广府片/白话）,Tier 1,≈100%（推断）,纯方言/少数民族语言标签，无普通话标签（对应'全部对白为方言'的狭义纯方言片）,https://movie.douban.com/subject/1307051/
方言片,4933213,车魂,1983,7.2,216,恐怖,Pre-1990s,粤语 / 英语,粤语 / 英语,粤语,粤语（广府片/白话）,Tier 1,≈100%（推断）,纯方言/少数民族语言标签，无普通话标签（对应'全部对白为方言'的狭义纯方言片）,https://movie.douban.com/subject/4933213/
方言片,1308177,阴阳错,1983,7.3,2484,剧情 / 爱情 / 奇幻,Pre-1990s,粤语,粤语,粤语,粤语（广府片/白话）,Tier 1,≈100%（推断）,纯方言/少数民族语言标签，无普通话标签（对应'全部对白为方言'的狭义纯方言片）,https://movie.douban.com/subject/1308177/
方言片,2333698,除夕·前世冤·盟,1983,5.8,102,剧情,Pre-1990s,粤语,粤语,粤语,粤语（广府片/白话）,Tier 1,≈100%（推断）,纯方言/少数民族语言标签，无普通话标签（对应'全部对白为方言'的狭义纯方言片）,https://movie.douban.com/subject/2333698/
方言片,2139299,魔,1983,6.5,2452,剧情 / 奇幻 / 恐怖,Pre-1990s,粤语,粤语,粤语,粤语（广府片/白话）,Tier 1,≈100%（推断）,纯方言/少数民族语言标签，无普通话标签（对应'全部对白为方言'的狭义纯方言片）,https://movie.douban.com/subject/2139299/
方言片,2074597,魔胎,1983,6.3,3846,恐怖,Pre-1990s,粤语,粤语,粤语,粤语（广府片/白话）,Tier 1,≈100%（推断）,纯方言/少数民族语言标签，无普通话标签（对应'全部对白为方言'的狭义纯方言片）,https://movie.douban.com/subject/2074597/
方言片,1888310,鹿鼎记,1983,6.7,818,动作 / 武侠 / 古装,Pre-1990s,粤语,粤语,粤语,粤语（广府片/白话）,Tier 1,≈100%（推断）,纯方言/少数民族语言标签，无普通话标签（对应'全部对白为方言'的狭义纯方言片）,https://movie.douban.com/subject/1888310/
方言片,1424325,鼓手,1983,7.8,3201,剧情,Pre-1990s,粤语,粤语,粤语,粤语（广府片/白话）,Tier 1,≈100%（推断）,纯方言/少数民族语言标签，无普通话标签（对应'全部对白为方言'的狭义纯方言片）,https://movie.douban.com/subject/1424325/
方言片,1481649,龙腾虎跃,1983,6.3,1676,动作,Pre-1990s,粤语,粤语,粤语,粤语（广府片/白话）,Tier 1,≈100%（推断）,纯方言/少数民族语言标签，无普通话标签（对应'全部对白为方言'的狭义纯方言片）,https://movie.douban.com/subject/1481649/
方言片,1532263,三十处男,1984,6.2,596,喜剧 / 剧情,Pre-1990s,粤语,粤语,粤语,粤语（广府片/白话）,Tier 1,≈100%（推断）,纯方言/少数民族语言标签，无普通话标签（对应'全部对白为方言'的狭义纯方言片）,https://movie.douban.com/subject/1532263/
方言片,1302372,三文治,1984,7.4,171,剧情,Pre-1990s,粤语,粤语,粤语,粤语（广府片/白话）,Tier 1,≈100%（推断）,纯方言/少数民族语言标签，无普通话标签（对应'全部对白为方言'的狭义纯方言片）,https://movie.douban.com/subject/1302372/
方言片,1301984,上天救命,1984,6.4,1079,喜剧,Pre-1990s,粤语,粤语,粤语,粤语（广府片/白话）,Tier 1,≈100%（推断）,纯方言/少数民族语言标签，无普通话标签（对应'全部对白为方言'的狭义纯方言片）,https://movie.douban.com/subject/1301984/
方言片,1299523,上海之夜,1984,7.6,3421,剧情 / 喜剧 / 歌舞,Pre-1990s,粤语,粤语,粤语,粤语（广府片/白话）,Tier 1,≈100%（推断）,纯方言/少数民族语言标签，无普通话标签（对应'全部对白为方言'的狭义纯方言片）,https://movie.douban.com/subject/1299523/
方言片,1666889,五郎八卦棍,1984,7.1,3742,剧情 / 动作 / 武侠,Pre-1990s,粤语,粤语,粤语,粤语（广府片/白话）,Tier 1,≈100%（推断）,纯方言/少数民族语言标签，无普通话标签（对应'全部对白为方言'的狭义纯方言片）,https://movie.douban.com/subject/1666889/
方言片,2003667,人吓鬼,1984,6.8,5765,喜剧 / 奇幻,Pre-1990s,粤语,粤语,粤语,粤语（广府片/白话）,Tier 1,≈100%（推断）,纯方言/少数民族语言标签，无普通话标签（对应'全部对白为方言'的狭义纯方言片）,https://movie.douban.com/subject/2003667/
方言片,1479825,人骨麻将,1984,5.5,372,恐怖 / 情色,Pre-1990s,粤语,粤语,粤语,粤语（广府片/白话）,Tier 1,≈100%（推断）,纯方言/少数民族语言标签，无普通话标签（对应'全部对白为方言'的狭义纯方言片）,https://movie.douban.com/subject/1479825/
方言片,1298831,伊人再见,1984,7.0,484,喜剧 / 爱情,Pre-1990s,粤语,粤语,粤语,粤语（广府片/白话）,Tier 1,≈100%（推断）,纯方言/少数民族语言标签，无普通话标签（对应'全部对白为方言'的狭义纯方言片）,https://movie.douban.com/subject/1298831/
方言片,1307789,停不了的爱,1984,6.4,1253,剧情 / 爱情,Pre-1990s,粤语,粤语,粤语,粤语（广府片/白话）,Tier 1,≈100%（推断）,纯方言/少数民族语言标签，无普通话标签（对应'全部对白为方言'的狭义纯方言片）,https://movie.douban.com/subject/1307789/
方言片,2046228,先生贵姓,1984,6.8,136,爱情,Pre-1990s,粤语,粤语,粤语,粤语（广府片/白话）,Tier 1,≈100%（推断）,纯方言/少数民族语言标签，无普通话标签（对应'全部对白为方言'的狭义纯方言片）,https://movie.douban.com/subject/2046228/
方言片,1401572,全家福,1984,7.7,2271,喜剧 / 剧情,Pre-1990s,粤语,粤语,粤语,粤语（广府片/白话）,Tier 1,≈100%（推断）,纯方言/少数民族语言标签，无普通话标签（对应'全部对白为方言'的狭义纯方言片）,https://movie.douban.com/subject/1401572/
方言片,1307025,公仆,1984,7.5,2005,剧情 / 犯罪,Pre-1990s,粤语,粤语,粤语,粤语（广府片/白话）,Tier 1,≈100%（推断）,纯方言/少数民族语言标签，无普通话标签（对应'全部对白为方言'的狭义纯方言片）,https://movie.douban.com/subject/1307025/
方言片,1305410,双龙出海,1984,6.9,1913,动作 / 喜剧,Pre-1990s,粤语,粤语,粤语,粤语（广府片/白话）,Tier 1,≈100%（推断）,纯方言/少数民族语言标签，无普通话标签（对应'全部对白为方言'的狭义纯方言片）,https://movie.douban.com/subject/1305410/
方言片,1304260,君子好逑,1984,6.7,1426,喜剧 / 爱情,Pre-1990s,粤语,粤语,粤语,粤语（广府片/白话）,Tier 1,≈100%（推断）,纯方言/少数民族语言标签，无普通话标签（对应'全部对白为方言'的狭义纯方言片）,https://movie.douban.com/subject/1304260/
方言片,1304309,圣诞快乐,1984,7.8,7739,喜剧,Pre-1990s,粤语,粤语,粤语,粤语（广府片/白话）,Tier 1,≈100%（推断）,纯方言/少数民族语言标签，无普通话标签（对应'全部对白为方言'的狭义纯方言片）,https://movie.douban.com/subject/1304309/
方言片,1474457,城市之光,1984,6.8,314,剧情 / 喜剧,Pre-1990s,粤语,粤语,粤语,粤语（广府片/白话）,Tier 1,≈100%（推断）,纯方言/少数民族语言标签，无普通话标签（对应'全部对白为方言'的狭义纯方言片）,https://movie.douban.com/subject/1474457/
方言片,1307935,大小不良,1984,6.9,736,剧情 / 喜剧,Pre-1990s,粤语,粤语,粤语,粤语（广府片/白话）,Tier 1,≈100%（推断）,纯方言/少数民族语言标签，无普通话标签（对应'全部对白为方言'的狭义纯方言片）,https://movie.douban.com/subject/1307935/
方言片,1305102,失婚老豆,1984,7.4,569,剧情 / 喜剧,Pre-1990s,粤语,粤语,粤语,粤语（广府片/白话）,Tier 1,≈100%（推断）,纯方言/少数民族语言标签，无普通话标签（对应'全部对白为方言'的狭义纯方言片）,https://movie.douban.com/subject/1305102/
方言片,1307683,奸人鬼,1984,6.3,495,喜剧,Pre-1990s,粤语,粤语,粤语,粤语（广府片/白话）,Tier 1,≈100%（推断）,纯方言/少数民族语言标签，无普通话标签（对应'全部对白为方言'的狭义纯方言片）,https://movie.douban.com/subject/1307683/
方言片,1307751,少女日记,1984,7.0,205,剧情,Pre-1990s,粤语,粤语,粤语,粤语（广府片/白话）,Tier 1,≈100%（推断）,纯方言/少数民族语言标签，无普通话标签（对应'全部对白为方言'的狭义纯方言片）,https://movie.douban.com/subject/1307751/
方言片,1297726,少林小子,1984,7.3,8863,喜剧 / 动作 / 武侠,Pre-1990s,粤语,粤语,粤语,粤语（广府片/白话）,Tier 1,≈100%（推断）,纯方言/少数民族语言标签，无普通话标签（对应'全部对白为方言'的狭义纯方言片）,https://movie.douban.com/subject/1297726/
方言片,1307371,开心鬼,1984,7.5,46613,喜剧 / 家庭 / 奇幻,Pre-1990s,粤语,粤语,粤语,粤语（广府片/白话）,Tier 1,≈100%（推断）,纯方言/少数民族语言标签，无普通话标签（对应'全部对白为方言'的狭义纯方言片）,https://movie.douban.com/subject/1307371/
方言片,1292867,快餐车,1984,7.8,59308,动作 / 喜剧,Pre-1990s,粤语 / 英语,粤语 / 英语,粤语,粤语（广府片/白话）,Tier 1,≈100%（推断）,纯方言/少数民族语言标签，无普通话标签（对应'全部对白为方言'的狭义纯方言片）,https://movie.douban.com/subject/1292867/
方言片,1302721,我爱神仙遮,1984,6.5,1323,喜剧 / 奇幻,Pre-1990s,粤语,粤语,粤语,粤语（广府片/白话）,Tier 1,≈100%（推断）,纯方言/少数民族语言标签，无普通话标签（对应'全部对白为方言'的狭义纯方言片）,https://movie.douban.com/subject/1302721/
方言片,1299246,我爱罗兰度,1984,6.8,1069,剧情 / 喜剧,Pre-1990s,粤语,粤语,粤语,粤语（广府片/白话）,Tier 1,≈100%（推断）,纯方言/少数民族语言标签，无普通话标签（对应'全部对白为方言'的狭义纯方言片）,https://movie.douban.com/subject/1299246/
方言片,1482512,新飞狐外传,1984,6.5,1326,剧情 / 动作 / 武侠,Pre-1990s,粤语,粤语,粤语,粤语（广府片/白话）,Tier 1,≈100%（推断）,纯方言/少数民族语言标签，无普通话标签（对应'全部对白为方言'的狭义纯方言片）,https://movie.douban.com/subject/1482512/
方言片,1307090,无名火,1984,5.9,230,动作 / 犯罪,Pre-1990s,粤语,粤语,粤语,粤语（广府片/白话）,Tier 1,≈100%（推断）,纯方言/少数民族语言标签，无普通话标签（对应'全部对白为方言'的狭义纯方言片）,https://movie.douban.com/subject/1307090/
方言片,1305662,最佳拍档3：女皇密令,1984,7.3,13380,动作 / 喜剧,Pre-1990s,粤语,粤语,粤语,粤语（广府片/白话）,Tier 1,≈100%（推断）,纯方言/少数民族语言标签，无普通话标签（对应'全部对白为方言'的狭义纯方言片）,https://movie.douban.com/subject/1305662/
方言片,5364974,有Friend无惊,1984,5.9,109,剧情 / 犯罪,Pre-1990s,粤语,粤语,粤语,粤语（广府片/白话）,Tier 1,≈100%（推断）,纯方言/少数民族语言标签，无普通话标签（对应'全部对白为方言'的狭义纯方言片）,https://movie.douban.com/subject/5364974/
方言片,1299856,望子成虫,1984,6.5,219,冒险 / 喜剧,Pre-1990s,粤语,粤语,粤语,粤语（广府片/白话）,Tier 1,≈100%（推断）,纯方言/少数民族语言标签，无普通话标签（对应'全部对白为方言'的狭义纯方言片）,https://movie.douban.com/subject/1299856/
方言片,2029138,洪拳大师,1984,6.7,758,动作 / 剧情,Pre-1990s,粤语,粤语,粤语,粤语（广府片/白话）,Tier 1,≈100%（推断）,纯方言/少数民族语言标签，无普通话标签（对应'全部对白为方言'的狭义纯方言片）,https://movie.douban.com/subject/2029138/
方言片,3597190,淫种,1984,6.1,614,恐怖,Pre-1990s,粤语,粤语,粤语,粤语（广府片/白话）,Tier 1,≈100%（推断）,纯方言/少数民族语言标签，无普通话标签（对应'全部对白为方言'的狭义纯方言片）,https://movie.douban.com/subject/3597190/
方言片,1531948,游侠情,1984,6.3,518,武侠 / 古装,Pre-1990s,粤语,粤语,粤语,粤语（广府片/白话）,Tier 1,≈100%（推断）,纯方言/少数民族语言标签，无普通话标签（对应'全部对白为方言'的狭义纯方言片）,https://movie.douban.com/subject/1531948/
方言片,1307100,灵气逼人,1984,6.8,4658,喜剧 / 恐怖,Pre-1990s,粤语,粤语,粤语,粤语（广府片/白话）,Tier 1,≈100%（推断）,纯方言/少数民族语言标签，无普通话标签（对应'全部对白为方言'的狭义纯方言片）,https://movie.douban.com/subject/1307100/
方言片,1307374,猫头鹰与小飞象,1984,6.9,2043,剧情 / 喜剧 / 动作,Pre-1990s,粤语,粤语,粤语,粤语（广府片/白话）,Tier 1,≈100%（推断）,纯方言/少数民族语言标签，无普通话标签（对应'全部对白为方言'的狭义纯方言片）,https://movie.douban.com/subject/1307374/
方言片,4326040,男女方程式,1984,7.0,231,剧情 / 喜剧,Pre-1990s,粤语,粤语,粤语,粤语（广府片/白话）,Tier 1,≈100%（推断）,纯方言/少数民族语言标签，无普通话标签（对应'全部对白为方言'的狭义纯方言片）,https://movie.douban.com/subject/4326040/
方言片,1302200,癫凤狂龙,1984,6.3,474,喜剧,Pre-1990s,粤语,粤语,粤语,粤语（广府片/白话）,Tier 1,≈100%（推断）,纯方言/少数民族语言标签，无普通话标签（对应'全部对白为方言'的狭义纯方言片）,https://movie.douban.com/subject/1302200/
方言片,1304318,神勇双响炮,1984,7.0,4404,动作 / 喜剧,Pre-1990s,粤语,粤语,粤语,粤语（广府片/白话）,Tier 1,≈100%（推断）,纯方言/少数民族语言标签，无普通话标签（对应'全部对白为方言'的狭义纯方言片）,https://movie.douban.com/subject/1304318/
方言片,1308245,笑太极,1984,7.2,1379,动作 / 喜剧,Pre-1990s,粤语,粤语,粤语,粤语（广府片/白话）,Tier 1,≈100%（推断）,纯方言/少数民族语言标签，无普通话标签（对应'全部对白为方言'的狭义纯方言片）,https://movie.douban.com/subject/1308245/
方言片,1300553,等待黎明,1984,7.8,5020,动作 / 战争,Pre-1990s,粤语,粤语,粤语,粤语（广府片/白话）,Tier 1,≈100%（推断）,纯方言/少数民族语言标签，无普通话标签（对应'全部对白为方言'的狭义纯方言片）,https://movie.douban.com/subject/1300553/
方言片,2356939,至尊一剑,1984,6.2,760,动作,Pre-1990s,粤语,粤语,粤语,粤语（广府片/白话）,Tier 1,≈100%（推断）,纯方言/少数民族语言标签，无普通话标签（对应'全部对白为方言'的狭义纯方言片）,https://movie.douban.com/subject/2356939/
方言片,1299382,艳鬼发狂,1984,5.9,1011,犯罪 / 恐怖 / 悬疑,Pre-1990s,粤语,粤语,粤语,粤语（广府片/白话）,Tier 1,≈100%（推断）,纯方言/少数民族语言标签，无普通话标签（对应'全部对白为方言'的狭义纯方言片）,https://movie.douban.com/subject/1299382/
方言片,1294779,英伦琵琶,1984,6.6,634,剧情 / 喜剧,Pre-1990s,粤语,粤语,粤语,粤语（广府片/白话）,Tier 1,≈100%（推断）,纯方言/少数民族语言标签，无普通话标签（对应'全部对白为方言'的狭义纯方言片）,https://movie.douban.com/subject/1294779/
方言片,4326033,走火炮,1984,5.8,194,喜剧 / 悬疑,Pre-1990s,粤语,粤语,粤语,粤语（广府片/白话）,Tier 1,≈100%（推断）,纯方言/少数民族语言标签，无普通话标签（对应'全部对白为方言'的狭义纯方言片）,https://movie.douban.com/subject/4326033/
方言片,1849790,连体,1984,5.6,673,恐怖,Pre-1990s,粤语,粤语,粤语,粤语（广府片/白话）,Tier 1,≈100%（推断）,纯方言/少数民族语言标签，无普通话标签（对应'全部对白为方言'的狭义纯方言片）,https://movie.douban.com/subject/1849790/
方言片,1294293,铁板烧,1984,6.7,2473,喜剧,Pre-1990s,粤语,粤语,粤语,粤语（广府片/白话）,Tier 1,≈100%（推断）,纯方言/少数民族语言标签，无普通话标签（对应'全部对白为方言'的狭义纯方言片）,https://movie.douban.com/subject/1294293/
方言片,1473921,雪儿,1984,6.2,1194,剧情,Pre-1990s,粤语,粤语,粤语,粤语（广府片/白话）,Tier 1,≈100%（推断）,纯方言/少数民族语言标签，无普通话标签（对应'全部对白为方言'的狭义纯方言片）,https://movie.douban.com/subject/1473921/
方言片,3041660,霹雳雷电,1984,5.9,118,动作 / 冒险,Pre-1990s,粤语,粤语,粤语,粤语（广府片/白话）,Tier 1,≈100%（推断）,纯方言/少数民族语言标签，无普通话标签（对应'全部对白为方言'的狭义纯方言片）,https://movie.douban.com/subject/3041660/
方言片,1868173,风流冤鬼,1984,5.3,284,恐怖,Pre-1990s,粤语,粤语,粤语,粤语（广府片/白话）,Tier 1,≈100%（推断）,纯方言/少数民族语言标签，无普通话标签（对应'全部对白为方言'的狭义纯方言片）,https://movie.douban.com/subject/1868173/
方言片,3102757,马后炮,1984,6.8,229,喜剧 / 动作,Pre-1990s,粤语,粤语,粤语,粤语（广府片/白话）,Tier 1,≈100%（推断）,纯方言/少数民族语言标签，无普通话标签（对应'全部对白为方言'的狭义纯方言片）,https://movie.douban.com/subject/3102757/
方言片,1304349,鬼线人,1984,5.7,642,喜剧 / 鬼怪,Pre-1990s,粤语,粤语,粤语,粤语（广府片/白话）,Tier 1,≈100%（推断）,纯方言/少数民族语言标签，无普通话标签（对应'全部对白为方言'的狭义纯方言片）,https://movie.douban.com/subject/1304349/
方言片,2250205,鬼马天师,1984,6.8,1438,动作 / 喜剧 / 恐怖,Pre-1990s,粤语,粤语,粤语,粤语（广府片/白话）,Tier 1,≈100%（推断）,纯方言/少数民族语言标签，无普通话标签（对应'全部对白为方言'的狭义纯方言片）,https://movie.douban.com/subject/2250205/
方言片,1307757,魔战,1984,6.1,406,恐怖,Pre-1990s,粤语,粤语,粤语,粤语（广府片/白话）,Tier 1,≈100%（推断）,纯方言/少数民族语言标签，无普通话标签（对应'全部对白为方言'的狭义纯方言片）,https://movie.douban.com/subject/1307757/
方言片,1533608,魔殿屠龙,1984,5.1,823,科幻 / 古装,Pre-1990s,粤语,粤语,粤语,粤语（广府片/白话）,Tier 1,≈100%（推断）,纯方言/少数民族语言标签，无普通话标签（对应'全部对白为方言'的狭义纯方言片）,https://movie.douban.com/subject/1533608/
方言片,1305421,鸿运当头,1984,6.7,765,喜剧 / 惊悚,Pre-1990s,粤语,粤语,粤语,粤语（广府片/白话）,Tier 1,≈100%（推断）,纯方言/少数民族语言标签，无普通话标签（对应'全部对白为方言'的狭义纯方言片）,https://movie.douban.com/subject/1305421/
方言片,1464936,何必有我?,1985,8.0,5467,剧情,Pre-1990s,粤语,粤语,粤语,粤语（广府片/白话）,Tier 1,≈100%（推断）,纯方言/少数民族语言标签，无普通话标签（对应'全部对白为方言'的狭义纯方言片）,https://movie.douban.com/subject/1464936/
方言片,1295933,僵尸先生,1985,8.4,70931,动作 / 喜剧 / 奇幻,Pre-1990s,粤语,粤语,粤语,粤语（广府片/白话）,Tier 1,≈100%（推断）,纯方言/少数民族语言标签，无普通话标签（对应'全部对白为方言'的狭义纯方言片）,https://movie.douban.com/subject/1295933/
方言片,2140029,再见七日情,1985,6.3,748,喜剧,Pre-1990s,粤语,粤语,粤语,粤语（广府片/白话）,Tier 1,≈100%（推断）,纯方言/少数民族语言标签，无普通话标签（对应'全部对白为方言'的狭义纯方言片）,https://movie.douban.com/subject/2140029/
方言片,1304037,吉人天相,1985,6.5,509,喜剧,Pre-1990s,粤语,粤语,粤语,粤语（广府片/白话）,Tier 1,≈100%（推断）,纯方言/少数民族语言标签，无普通话标签（对应'全部对白为方言'的狭义纯方言片）,https://movie.douban.com/subject/1304037/
方言片,1304632,四眼仔,1985,6.7,1588,剧情,Pre-1990s,粤语,粤语,粤语,粤语（广府片/白话）,Tier 1,≈100%（推断）,纯方言/少数民族语言标签，无普通话标签（对应'全部对白为方言'的狭义纯方言片）,https://movie.douban.com/subject/1304632/
方言片,1307254,圣诞奇遇结良缘,1985,6.6,871,喜剧 / 犯罪,Pre-1990s,粤语,粤语,粤语,粤语（广府片/白话）,Tier 1,≈100%（推断）,纯方言/少数民族语言标签，无普通话标签（对应'全部对白为方言'的狭义纯方言片）,https://movie.douban.com/subject/1307254/
方言片,1303717,夏日福星,1985,7.4,22429,动作 / 喜剧,Pre-1990s,粤语,粤语,粤语,粤语（广府片/白话）,Tier 1,≈100%（推断）,纯方言/少数民族语言标签，无普通话标签（对应'全部对白为方言'的狭义纯方言片）,https://movie.douban.com/subject/1303717/
方言片,1829483,天使出更,1985,6.1,489,喜剧,Pre-1990s,粤语,粤语,粤语,粤语（广府片/白话）,Tier 1,≈100%（推断）,纯方言/少数民族语言标签，无普通话标签（对应'全部对白为方言'的狭义纯方言片）,https://movie.douban.com/subject/1829483/
方言片,1961912,天官赐福,1985,6.7,4004,喜剧,Pre-1990s,粤语,粤语,粤语,粤语（广府片/白话）,Tier 1,≈100%（推断）,纯方言/少数民族语言标签，无普通话标签（对应'全部对白为方言'的狭义纯方言片）,https://movie.douban.com/subject/1961912/
方言片,5353336,天生一对,1985,7.0,130,剧情 / 喜剧,Pre-1990s,粤语,粤语,粤语,粤语（广府片/白话）,Tier 1,≈100%（推断）,纯方言/少数民族语言标签，无普通话标签（对应'全部对白为方言'的狭义纯方言片）,https://movie.douban.com/subject/5353336/
方言片,1305283,女人心,1985,6.8,2473,剧情,Pre-1990s,粤语,粤语,粤语,粤语（广府片/白话）,Tier 1,≈100%（推断）,纯方言/少数民族语言标签，无普通话标签（对应'全部对白为方言'的狭义纯方言片）,https://movie.douban.com/subject/1305283/
方言片,1304270,女人风情话,1985,6.1,534,剧情,Pre-1990s,粤语,粤语,粤语,粤语（广府片/白话）,Tier 1,≈100%（推断）,纯方言/少数民族语言标签，无普通话标签（对应'全部对白为方言'的狭义纯方言片）,https://movie.douban.com/subject/1304270/
方言片,1479832,小狐仙,1985,7.4,2093,奇幻,Pre-1990s,粤语,粤语,粤语,粤语（广府片/白话）,Tier 1,≈100%（推断）,纯方言/少数民族语言标签，无普通话标签（对应'全部对白为方言'的狭义纯方言片）,https://movie.douban.com/subject/1479832/
方言片,3067291,尖东枭雄,1985,7.1,134,动作 / 惊悚,Pre-1990s,粤语,粤语,粤语,粤语（广府片/白话）,Tier 1,≈100%（推断）,纯方言/少数民族语言标签，无普通话标签（对应'全部对白为方言'的狭义纯方言片）,https://movie.douban.com/subject/3067291/
方言片,1307131,山东狂人,1985,6.5,129,动作,Pre-1990s,粤语,粤语,粤语,粤语（广府片/白话）,Tier 1,≈100%（推断）,纯方言/少数民族语言标签，无普通话标签（对应'全部对白为方言'的狭义纯方言片）,https://movie.douban.com/subject/1307131/
方言片,1298791,平安夜,1985,5.6,116,犯罪 / 恐怖 / 悬疑,Pre-1990s,粤语,粤语,粤语,粤语（广府片/白话）,Tier 1,≈100%（推断）,纯方言/少数民族语言标签，无普通话标签（对应'全部对白为方言'的狭义纯方言片）,https://movie.douban.com/subject/1298791/
方言片,2371922,开心三响炮,1985,6.5,899,喜剧,Pre-1990s,粤语,粤语,粤语,粤语（广府片/白话）,Tier 1,≈100%（推断）,纯方言/少数民族语言标签，无普通话标签（对应'全部对白为方言'的狭义纯方言片）,https://movie.douban.com/subject/2371922/
方言片,2138528,开心乐园,1985,7.6,3180,喜剧,Pre-1990s,粤语,粤语,粤语,粤语（广府片/白话）,Tier 1,≈100%（推断）,纯方言/少数民族语言标签，无普通话标签（对应'全部对白为方言'的狭义纯方言片）,https://movie.douban.com/subject/2138528/
方言片,1305915,开心鬼放暑假,1985,7.4,24238,喜剧 / 奇幻,Pre-1990s,粤语,粤语,粤语,粤语（广府片/白话）,Tier 1,≈100%（推断）,纯方言/少数民族语言标签，无普通话标签（对应'全部对白为方言'的狭义纯方言片）,https://movie.douban.com/subject/1305915/
方言片,1305711,弟子也疯狂,1985,6.0,304,喜剧 / 动作,Pre-1990s,粤语,粤语,粤语,粤语（广府片/白话）,Tier 1,≈100%（推断）,纯方言/少数民族语言标签，无普通话标签（对应'全部对白为方言'的狭义纯方言片）,https://movie.douban.com/subject/1305711/
方言片,2138519,恭喜发财,1985,6.7,1603,喜剧,Pre-1990s,粤语,粤语,粤语,粤语（广府片/白话）,Tier 1,≈100%（推断）,纯方言/少数民族语言标签，无普通话标签（对应'全部对白为方言'的狭义纯方言片）,https://movie.douban.com/subject/2138519/
方言片,1998751,情逢敌手,1985,7.5,3308,喜剧 / 爱情,Pre-1990s,粤语,粤语,粤语,粤语（广府片/白话）,Tier 1,≈100%（推断）,纯方言/少数民族语言标签，无普通话标签（对应'全部对白为方言'的狭义纯方言片）,https://movie.douban.com/subject/1998751/
方言片,2138575,我愿意,1985,6.8,313,喜剧 / 爱情,Pre-1990s,粤语,粤语,粤语,粤语（广府片/白话）,Tier 1,≈100%（推断）,纯方言/少数民族语言标签，无普通话标签（对应'全部对白为方言'的狭义纯方言片）,https://movie.douban.com/subject/2138575/
方言片,1304002,打工皇帝,1985,6.9,7802,喜剧,Pre-1990s,粤语,粤语,粤语,粤语（广府片/白话）,Tier 1,≈100%（推断）,纯方言/少数民族语言标签，无普通话标签（对应'全部对白为方言'的狭义纯方言片）,https://movie.douban.com/subject/1304002/
方言片,1304555,拍档闯情关,1985,5.6,1397,喜剧 / 爱情,Pre-1990s,粤语,粤语,粤语,粤语（广府片/白话）,Tier 1,≈100%（推断）,纯方言/少数民族语言标签，无普通话标签（对应'全部对白为方言'的狭义纯方言片）,https://movie.douban.com/subject/1304555/
方言片,1305599,拖错车,1985,6.7,525,冒险 / 犯罪,Pre-1990s,粤语,粤语,粤语,粤语（广府片/白话）,Tier 1,≈100%（推断）,纯方言/少数民族语言标签，无普通话标签（对应'全部对白为方言'的狭义纯方言片）,https://movie.douban.com/subject/1305599/
方言片,1303172,摩登仙履奇缘,1985,6.3,2362,喜剧 / 爱情,Pre-1990s,粤语,粤语,粤语,粤语（广府片/白话）,Tier 1,≈100%（推断）,纯方言/少数民族语言标签，无普通话标签（对应'全部对白为方言'的狭义纯方言片）,https://movie.douban.com/subject/1303172/
方言片,1304497,斗气小神仙,1985,6.7,651,喜剧 / 爱情,Pre-1990s,粤语,粤语,粤语,粤语（广府片/白话）,Tier 1,≈100%（推断）,纯方言/少数民族语言标签，无普通话标签（对应'全部对白为方言'的狭义纯方言片）,https://movie.douban.com/subject/1304497/
方言片,1304748,时来运转,1985,6.8,3532,喜剧 / 恐怖 / 武侠,Pre-1990s,粤语,粤语,粤语,粤语（广府片/白话）,Tier 1,≈100%（推断）,纯方言/少数民族语言标签，无普通话标签（对应'全部对白为方言'的狭义纯方言片）,https://movie.douban.com/subject/1304748/
方言片,1301738,智勇三宝,1985,6.4,1233,喜剧 / 动作,Pre-1990s,粤语,粤语,粤语,粤语（广府片/白话）,Tier 1,≈100%（推断）,纯方言/少数民族语言标签，无普通话标签（对应'全部对白为方言'的狭义纯方言片）,https://movie.douban.com/subject/1301738/
方言片,1914014,替枪老豆,1985,6.4,352,喜剧,Pre-1990s,粤语,粤语,粤语,粤语（广府片/白话）,Tier 1,≈100%（推断）,纯方言/少数民族语言标签，无普通话标签（对应'全部对白为方言'的狭义纯方言片）,https://movie.douban.com/subject/1914014/
方言片,2003837,校园点将录,1985,6.8,752,喜剧,Pre-1990s,粤语,粤语,粤语,粤语（广府片/白话）,Tier 1,≈100%（推断）,纯方言/少数民族语言标签，无普通话标签（对应'全部对白为方言'的狭义纯方言片）,https://movie.douban.com/subject/2003837/
方言片,1464820,欢场,1985,6.4,229,喜剧,Pre-1990s,粤语,粤语,粤语,粤语（广府片/白话）,Tier 1,≈100%（推断）,纯方言/少数民族语言标签，无普通话标签（对应'全部对白为方言'的狭义纯方言片）,https://movie.douban.com/subject/1464820/
方言片,1302424,歌舞升平,1985,6.0,274,爱情,Pre-1990s,粤语,粤语,粤语,粤语（广府片/白话）,Tier 1,≈100%（推断）,纯方言/少数民族语言标签，无普通话标签（对应'全部对白为方言'的狭义纯方言片）,https://movie.douban.com/subject/1302424/
方言片,2247097,水儿武士,1985,5.1,557,动作,Pre-1990s,粤语,粤语,粤语,粤语（广府片/白话）,Tier 1,≈100%（推断）,纯方言/少数民族语言标签，无普通话标签（对应'全部对白为方言'的狭义纯方言片）,https://movie.douban.com/subject/2247097/
方言片,1470856,求爱反斗星,1985,6.8,3135,喜剧,Pre-1990s,粤语,粤语,粤语,粤语（广府片/白话）,Tier 1,≈100%（推断）,纯方言/少数民族语言标签，无普通话标签（对应'全部对白为方言'的狭义纯方言片）,https://movie.douban.com/subject/1470856/
方言片,1306977,法外情,1985,7.5,6595,犯罪,Pre-1990s,粤语,粤语,粤语,粤语（广府片/白话）,Tier 1,≈100%（推断）,纯方言/少数民族语言标签，无普通话标签（对应'全部对白为方言'的狭义纯方言片）,https://movie.douban.com/subject/1306977/
方言片,1304009,流氓公仆,1985,6.2,247,动作 / 犯罪,Pre-1990s,粤语 / 英语,粤语 / 英语,粤语,粤语（广府片/白话）,Tier 1,≈100%（推断）,纯方言/少数民族语言标签，无普通话标签（对应'全部对白为方言'的狭义纯方言片）,https://movie.douban.com/subject/1304009/
方言片,1298885,猛鬼迫人,1985,5.1,242,恐怖,Pre-1990s,粤语,粤语,粤语,粤语（广府片/白话）,Tier 1,≈100%（推断）,纯方言/少数民族语言标签，无普通话标签（对应'全部对白为方言'的狭义纯方言片）,https://movie.douban.com/subject/1298885/
方言片,2062462,生死线,1985,6.9,1179,剧情 / 惊悚,Pre-1990s,粤语,粤语,粤语,粤语（广府片/白话）,Tier 1,≈100%（推断）,纯方言/少数民族语言标签，无普通话标签（对应'全部对白为方言'的狭义纯方言片）,https://movie.douban.com/subject/2062462/
方言片,1307259,皇家大贼,1985,6.4,162,动作 / 犯罪,Pre-1990s,粤语,粤语,粤语,粤语（广府片/白话）,Tier 1,≈100%（推断）,纯方言/少数民族语言标签，无普通话标签（对应'全部对白为方言'的狭义纯方言片）,https://movie.douban.com/subject/1307259/
方言片,1294467,皇家师姐,1985,6.6,2079,动作,Pre-1990s,粤语,粤语,粤语,粤语（广府片/白话）,Tier 1,≈100%（推断）,纯方言/少数民族语言标签，无普通话标签（对应'全部对白为方言'的狭义纯方言片）,https://movie.douban.com/subject/1294467/
方言片,1306650,祝您好运,1985,6.4,377,喜剧,Pre-1990s,粤语,粤语,粤语,粤语（广府片/白话）,Tier 1,≈100%（推断）,纯方言/少数民族语言标签，无普通话标签（对应'全部对白为方言'的狭义纯方言片）,https://movie.douban.com/subject/1306650/
方言片,1293732,福星高照,1985,7.5,23993,动作 / 喜剧,Pre-1990s,粤语,粤语,粤语,粤语（广府片/白话）,Tier 1,≈100%（推断）,纯方言/少数民族语言标签，无普通话标签（对应'全部对白为方言'的狭义纯方言片）,https://movie.douban.com/subject/1293732/
方言片,3992642,老友鬼鬼,1985,5.5,370,喜剧,Pre-1990s,粤语,粤语,粤语,粤语（广府片/白话）,Tier 1,≈100%（推断）,纯方言/少数民族语言标签，无普通话标签（对应'全部对白为方言'的狭义纯方言片）,https://movie.douban.com/subject/3992642/
方言片,1998672,花仔多情,1985,6.5,428,爱情,Pre-1990s,粤语,粤语,粤语,粤语（广府片/白话）,Tier 1,≈100%（推断）,纯方言/少数民族语言标签，无普通话标签（对应'全部对白为方言'的狭义纯方言片）,https://movie.douban.com/subject/1998672/
方言片,1456481,花心红杏,1985,5.9,126,喜剧,Pre-1990s,粤语,粤语,粤语,粤语（广府片/白话）,Tier 1,≈100%（推断）,纯方言/少数民族语言标签，无普通话标签（对应'全部对白为方言'的狭义纯方言片）,https://movie.douban.com/subject/1456481/
方言片,1470770,花街时代,1985,7.8,2688,剧情,Pre-1990s,粤语,粤语,粤语,粤语（广府片/白话）,Tier 1,≈100%（推断）,纯方言/少数民族语言标签，无普通话标签（对应'全部对白为方言'的狭义纯方言片）,https://movie.douban.com/subject/1470770/
方言片,3076793,补锅英雄,1985,6.3,123,动作 / 喜剧 / 剧情,Pre-1990s,粤语,粤语,粤语,粤语（广府片/白话）,Tier 1,≈100%（推断）,纯方言/少数民族语言标签，无普通话标签（对应'全部对白为方言'的狭义纯方言片）,https://movie.douban.com/subject/3076793/
方言片,1400868,警察故事,1985,8.0,95820,动作 / 喜剧 / 惊悚,Pre-1990s,粤语,粤语,粤语,粤语（广府片/白话）,Tier 1,≈100%（推断）,纯方言/少数民族语言标签，无普通话标签（对应'全部对白为方言'的狭义纯方言片）,https://movie.douban.com/subject/1400868/
方言片,1302852,错体人,1985,6.4,146,喜剧 / 奇幻,Pre-1990s,粤语,粤语,粤语,粤语（广府片/白话）,Tier 1,≈100%（推断）,纯方言/少数民族语言标签，无普通话标签（对应'全部对白为方言'的狭义纯方言片）,https://movie.douban.com/subject/1302852/
方言片,1456132,错点鸳鸯,1985,6.8,1043,剧情 / 喜剧,Pre-1990s,粤语,粤语,粤语,粤语（广府片/白话）,Tier 1,≈100%（推断）,纯方言/少数民族语言标签，无普通话标签（对应'全部对白为方言'的狭义纯方言片）,https://movie.douban.com/subject/1456132/
方言片,1890128,霹雳十杰,1985,6.1,953,动作,Pre-1990s,粤语,粤语,粤语,粤语（广府片/白话）,Tier 1,≈100%（推断）,纯方言/少数民族语言标签，无普通话标签（对应'全部对白为方言'的狭义纯方言片）,https://movie.douban.com/subject/1890128/
方言片,1302101,青春差馆,1985,6.6,340,喜剧 / 动作,Pre-1990s,粤语,粤语,粤语,粤语（广府片/白话）,Tier 1,≈100%（推断）,纯方言/少数民族语言标签，无普通话标签（对应'全部对白为方言'的狭义纯方言片）,https://movie.douban.com/subject/1302101/
方言片,1401245,非法移民,1985,7.2,1077,剧情 / 爱情,Pre-1990s,粤语,粤语,粤语,粤语（广府片/白话）,Tier 1,≈100%（推断）,纯方言/少数民族语言标签，无普通话标签（对应'全部对白为方言'的狭义纯方言片）,https://movie.douban.com/subject/1401245/
方言片,3143248,飞虎奇兵,1985,6.4,498,剧情 / 动作,Pre-1990s,粤语,粤语,粤语,粤语（广府片/白话）,Tier 1,≈100%（推断）,纯方言/少数民族语言标签，无普通话标签（对应'全部对白为方言'的狭义纯方言片）,https://movie.douban.com/subject/3143248/
方言片,1962683,鬼马飞人,1985,6.2,1614,喜剧 / 爱情 / 奇幻,Pre-1990s,粤语,粤语,粤语,粤语（广府片/白话）,Tier 1,≈100%（推断）,纯方言/少数民族语言标签，无普通话标签（对应'全部对白为方言'的狭义纯方言片）,https://movie.douban.com/subject/1962683/
方言片,1306891,龙凤智多星,1985,6.6,3541,剧情 / 喜剧 / 动作,Pre-1990s,粤语,粤语,粤语,粤语（广府片/白话）,Tier 1,≈100%（推断）,纯方言/少数民族语言标签，无普通话标签（对应'全部对白为方言'的狭义纯方言片）,https://movie.douban.com/subject/1306891/
方言片,1294251,龙的心,1985,7.3,16402,喜剧 / 动作 / 犯罪,Pre-1990s,粤语,粤语,粤语,粤语（广府片/白话）,Tier 1,≈100%（推断）,纯方言/少数民族语言标签，无普通话标签（对应'全部对白为方言'的狭义纯方言片）,https://movie.douban.com/subject/1294251/
方言片,1828616,两公婆八条心,1986,7.5,1534,科幻 / 惊悚,Pre-1990s,粤语,粤语,粤语,粤语（广府片/白话）,Tier 1,≈100%（推断）,纯方言/少数民族语言标签，无普通话标签（对应'全部对白为方言'的狭义纯方言片）,https://movie.douban.com/subject/1828616/
方言片,1297141,义盖云天,1986,6.8,5515,喜剧 / 爱情,Pre-1990s,粤语,粤语,粤语,粤语（广府片/白话）,Tier 1,≈100%（推断）,纯方言/少数民族语言标签，无普通话标签（对应'全部对白为方言'的狭义纯方言片）,https://movie.douban.com/subject/1297141/
方言片,1300623,乌龙大家庭,1986,5.9,155,喜剧,Pre-1990s,粤语,粤语,粤语,粤语（广府片/白话）,Tier 1,≈100%（推断）,纯方言/少数民族语言标签，无普通话标签（对应'全部对白为方言'的狭义纯方言片）,https://movie.douban.com/subject/1300623/
方言片,1308390,乱世英雄乱世情,1986,7.3,140,动作 / 奇幻 / 武侠,Pre-1990s,粤语,粤语,粤语,粤语（广府片/白话）,Tier 1,≈100%（推断）,纯方言/少数民族语言标签，无普通话标签（对应'全部对白为方言'的狭义纯方言片）,https://movie.douban.com/subject/1308390/
方言片,1918021,代客泊车,1986,6.1,418,喜剧,Pre-1990s,粤语,粤语,粤语,粤语（广府片/白话）,Tier 1,≈100%（推断）,纯方言/少数民族语言标签，无普通话标签（对应'全部对白为方言'的狭义纯方言片）,https://movie.douban.com/subject/1918021/
方言片,1305751,你情我愿,1986,6.3,403,喜剧 / 剧情 / 悬疑,Pre-1990s,粤语,粤语,粤语,粤语（广府片/白话）,Tier 1,≈100%（推断）,纯方言/少数民族语言标签，无普通话标签（对应'全部对白为方言'的狭义纯方言片）,https://movie.douban.com/subject/1305751/
方言片,1300247,偶然,1986,7.5,2489,剧情 / 爱情,Pre-1990s,粤语,粤语,粤语,粤语（广府片/白话）,Tier 1,≈100%（推断）,纯方言/少数民族语言标签，无普通话标签（对应'全部对白为方言'的狭义纯方言片）,https://movie.douban.com/subject/1300247/
方言片,1306403,僵尸家族,1986,7.4,26425,喜剧 / 悬疑,Pre-1990s,粤语,粤语,粤语,粤语（广府片/白话）,Tier 1,≈100%（推断）,纯方言/少数民族语言标签，无普通话标签（对应'全部对白为方言'的狭义纯方言片）,https://movie.douban.com/subject/1306403/
方言片,10788817,僵尸怕怕,1986,5.6,128,喜剧 / 动作 / 恐怖,Pre-1990s,粤语,粤语,粤语,粤语（广府片/白话）,Tier 1,≈100%（推断）,纯方言/少数民族语言标签，无普通话标签（对应'全部对白为方言'的狭义纯方言片）,https://movie.douban.com/subject/10788817/
方言片,2121954,僵尸翻生,1986,6.2,1707,喜剧 / 恐怖,Pre-1990s,粤语,粤语,粤语,粤语（广府片/白话）,Tier 1,≈100%（推断）,纯方言/少数民族语言标签，无普通话标签（对应'全部对白为方言'的狭义纯方言片）,https://movie.douban.com/subject/2121954/
方言片,1297361,兄弟,1986,6.6,388,动作 / 剧情,Pre-1990s,粤语,粤语,粤语,粤语（广府片/白话）,Tier 1,≈100%（推断）,纯方言/少数民族语言标签，无普通话标签（对应'全部对白为方言'的狭义纯方言片）,https://movie.douban.com/subject/1297361/
方言片,2335100,八喜临门,1986,7.3,2001,剧情 / 喜剧 / 家庭,Pre-1990s,粤语,粤语,粤语,粤语（广府片/白话）,Tier 1,≈100%（推断）,纯方言/少数民族语言标签，无普通话标签（对应'全部对白为方言'的狭义纯方言片）,https://movie.douban.com/subject/2335100/
方言片,3143932,再见妈咪,1986,7.4,355,剧情,Pre-1990s,粤语,粤语,粤语,粤语（广府片/白话）,Tier 1,≈100%（推断）,纯方言/少数民族语言标签，无普通话标签（对应'全部对白为方言'的狭义纯方言片）,https://movie.douban.com/subject/3143932/
方言片,1298873,刀马旦,1986,7.7,23352,喜剧 / 动作,Pre-1990s,粤语,粤语,粤语,粤语（广府片/白话）,Tier 1,≈100%（推断）,纯方言/少数民族语言标签，无普通话标签（对应'全部对白为方言'的狭义纯方言片）,https://movie.douban.com/subject/1298873/
方言片,1300611,初一十五,1986,6.2,128,剧情,Pre-1990s,粤语,粤语,粤语,粤语（广府片/白话）,Tier 1,≈100%（推断）,纯方言/少数民族语言标签，无普通话标签（对应'全部对白为方言'的狭义纯方言片）,https://movie.douban.com/subject/1300611/
方言片,3066821,午夜丽人,1986,5.9,358,剧情,Pre-1990s,粤语,粤语,粤语,粤语（广府片/白话）,Tier 1,≈100%（推断）,纯方言/少数民族语言标签，无普通话标签（对应'全部对白为方言'的狭义纯方言片）,https://movie.douban.com/subject/3066821/
方言片,1294279,原振侠与卫斯理,1986,6.4,6339,动作 / 恐怖,Pre-1990s,粤语,粤语,粤语,粤语（广府片/白话）,Tier 1,≈100%（推断）,纯方言/少数民族语言标签，无普通话标签（对应'全部对白为方言'的狭义纯方言片）,https://movie.douban.com/subject/1294279/
方言片,1306758,双龙吐珠,1986,6.5,717,动作 / 喜剧,Pre-1990s,粤语,粤语,粤语,粤语（广府片/白话）,Tier 1,≈100%（推断）,纯方言/少数民族语言标签，无普通话标签（对应'全部对白为方言'的狭义纯方言片）,https://movie.douban.com/subject/1306758/
方言片,1306783,听不到的说话,1986,7.6,1191,剧情,Pre-1990s,粤语,粤语,粤语,粤语（广府片/白话）,Tier 1,≈100%（推断）,纯方言/少数民族语言标签，无普通话标签（对应'全部对白为方言'的狭义纯方言片）,https://movie.douban.com/subject/1306783/
方言片,4928696,哥哥的女友,1986,8.1,368,剧情,Pre-1990s,粤语,粤语,粤语,粤语（广府片/白话）,Tier 1,≈100%（推断）,纯方言/少数民族语言标签，无普通话标签（对应'全部对白为方言'的狭义纯方言片）,https://movie.douban.com/subject/4928696/
方言片,1308323,坏女孩,1986,6.5,871,喜剧,Pre-1990s,粤语,粤语,粤语,粤语（广府片/白话）,Tier 1,≈100%（推断）,纯方言/少数民族语言标签，无普通话标签（对应'全部对白为方言'的狭义纯方言片）,https://movie.douban.com/subject/1308323/
方言片,1484141,天灵灵地灵灵,1986,6.0,598,喜剧 / 恐怖,Pre-1990s,粤语,粤语,粤语,粤语（广府片/白话）,Tier 1,≈100%（推断）,纯方言/少数民族语言标签，无普通话标签（对应'全部对白为方言'的狭义纯方言片）,https://movie.douban.com/subject/1484141/
方言片,19897686,天煞,1986,5.8,195,剧情 / 恐怖,Pre-1990s,粤语,粤语,粤语,粤语（广府片/白话）,Tier 1,≈100%（推断）,纯方言/少数民族语言标签，无普通话标签（对应'全部对白为方言'的狭义纯方言片）,https://movie.douban.com/subject/19897686/
方言片,1301354,奇缘,1986,5.7,965,恐怖 / 动作,Pre-1990s,粤语,粤语,粤语,粤语（广府片/白话）,Tier 1,≈100%（推断）,纯方言/少数民族语言标签，无普通话标签（对应'全部对白为方言'的狭义纯方言片）,https://movie.douban.com/subject/1301354/
方言片,1299598,奪宝計上計,1986,6.6,627,喜剧 / 犯罪,Pre-1990s,粤语,粤语,粤语,粤语（广府片/白话）,Tier 1,≈100%（推断）,纯方言/少数民族语言标签，无普通话标签（对应'全部对白为方言'的狭义纯方言片）,https://movie.douban.com/subject/1299598/
方言片,1300508,富贵列车,1986,7.4,9770,动作 / 喜剧 / 西部,Pre-1990s,粤语,粤语,粤语,粤语（广府片/白话）,Tier 1,≈100%（推断）,纯方言/少数民族语言标签，无普通话标签（对应'全部对白为方言'的狭义纯方言片）,https://movie.douban.com/subject/1300508/
方言片,2348491,尽诉心中情,1986,7.0,135,剧情,Pre-1990s,粤语,粤语,粤语,粤语（广府片/白话）,Tier 1,≈100%（推断）,纯方言/少数民族语言标签，无普通话标签（对应'全部对白为方言'的狭义纯方言片）,https://movie.douban.com/subject/2348491/
方言片,1305079,师姐撞邪,1986,5.6,453,动作 / 惊悚 / 恐怖,Pre-1990s,粤语,粤语,粤语,粤语（广府片/白话）,Tier 1,≈100%（推断）,纯方言/少数民族语言标签，无普通话标签（对应'全部对白为方言'的狭义纯方言片）,https://movie.douban.com/subject/1305079/
方言片,1306712,开心鬼撞鬼,1986,7.4,35022,喜剧 / 奇幻,Pre-1990s,粤语,粤语,粤语,粤语（广府片/白话）,Tier 1,≈100%（推断）,纯方言/少数民族语言标签，无普通话标签（对应'全部对白为方言'的狭义纯方言片）,https://movie.douban.com/subject/1306712/
方言片,1306965,开心鬼精灵,1986,6.2,186,喜剧 / 恐怖,Pre-1990s,粤语,粤语,粤语,粤语（广府片/白话）,Tier 1,≈100%（推断）,纯方言/少数民族语言标签，无普通话标签（对应'全部对白为方言'的狭义纯方言片）,https://movie.douban.com/subject/1306965/
方言片,3215548,心动,1986,6.7,1489,剧情 / 爱情,Pre-1990s,粤语,粤语,粤语,粤语（广府片/白话）,Tier 1,≈100%（推断）,纯方言/少数民族语言标签，无普通话标签（对应'全部对白为方言'的狭义纯方言片）,https://movie.douban.com/subject/3215548/
方言片,1358425,恋爱季节,1986,7.0,915,剧情 / 爱情,Pre-1990s,粤语,粤语,粤语,粤语（广府片/白话）,Tier 1,≈100%（推断）,纯方言/少数民族语言标签，无普通话标签（对应'全部对白为方言'的狭义纯方言片）,https://movie.douban.com/subject/1358425/
方言片,1306884,恶男,1986,6.8,443,动作 / 爱情,Pre-1990s,粤语,粤语,粤语,粤语（广府片/白话）,Tier 1,≈100%（推断）,纯方言/少数民族语言标签，无普通话标签（对应'全部对白为方言'的狭义纯方言片）,https://movie.douban.com/subject/1306884/
方言片,1303776,成吉思汗,1986,6.9,134,冒险,Pre-1990s,蒙古语 Mongolian,蒙古语 mongolian,蒙古语 mongolian,中国少数民族语言,Tier 1,≈100%（推断）,纯方言/少数民族语言标签，无普通话标签（对应'全部对白为方言'的狭义纯方言片）,https://movie.douban.com/subject/1303776/
方言片,1300472,我的爱神,1986,6.0,113,爱情,Pre-1990s,粤语,粤语,粤语,粤语（广府片/白话）,Tier 1,≈100%（推断）,纯方言/少数民族语言标签，无普通话标签（对应'全部对白为方言'的狭义纯方言片）,https://movie.douban.com/subject/1300472/
方言片,2003429,我要金龟婿,1986,6.6,401,喜剧,Pre-1990s,粤语,粤语,粤语,粤语（广府片/白话）,Tier 1,≈100%（推断）,纯方言/少数民族语言标签，无普通话标签（对应'全部对白为方言'的狭义纯方言片）,https://movie.douban.com/subject/2003429/
方言片,1294696,执法先锋,1986,6.9,1076,动作,Pre-1990s,粤语,粤语,粤语,粤语（广府片/白话）,Tier 1,≈100%（推断）,纯方言/少数民族语言标签，无普通话标签（对应'全部对白为方言'的狭义纯方言片）,https://movie.douban.com/subject/1294696/
方言片,1484137,扭计杂牌军,1986,5.9,522,喜剧 / 动作,Pre-1990s,粤语,粤语,粤语,粤语（广府片/白话）,Tier 1,≈100%（推断）,纯方言/少数民族语言标签，无普通话标签（对应'全部对白为方言'的狭义纯方言片）,https://movie.douban.com/subject/1484137/
方言片,2337597,操行零分,1986,7.0,219,剧情,Pre-1990s,粤语,粤语,粤语,粤语（广府片/白话）,Tier 1,≈100%（推断）,纯方言/少数民族语言标签，无普通话标签（对应'全部对白为方言'的狭义纯方言片）,https://movie.douban.com/subject/2337597/
方言片,1294350,最佳拍档4：千里救差婆,1986,7.0,9308,动作 / 喜剧,Pre-1990s,粤语,粤语,粤语,粤语（广府片/白话）,Tier 1,≈100%（推断）,纯方言/少数民族语言标签，无普通话标签（对应'全部对白为方言'的狭义纯方言片）,https://movie.douban.com/subject/1294350/
方言片,1297981,最佳福星,1986,6.9,8529,剧情 / 喜剧,Pre-1990s,粤语,粤语,粤语,粤语（广府片/白话）,Tier 1,≈100%（推断）,纯方言/少数民族语言标签，无普通话标签（对应'全部对白为方言'的狭义纯方言片）,https://movie.douban.com/subject/1297981/
方言片,1304100,最爱,1986,7.5,4993,剧情 / 爱情,Pre-1990s,粤语,粤语,粤语,粤语（广府片/白话）,Tier 1,≈100%（推断）,纯方言/少数民族语言标签，无普通话标签（对应'全部对白为方言'的狭义纯方言片）,https://movie.douban.com/subject/1304100/
方言片,1305343,杀妻2人组,1986,6.5,6168,喜剧,Pre-1990s,粤语,粤语,粤语,粤语（广府片/白话）,Tier 1,≈100%（推断）,纯方言/少数民族语言标签，无普通话标签（对应'全部对白为方言'的狭义纯方言片）,https://movie.douban.com/subject/1305343/
方言片,1297446,梦中人,1986,6.3,3503,剧情,Pre-1990s,粤语,粤语,粤语,粤语（广府片/白话）,Tier 1,≈100%（推断）,纯方言/少数民族语言标签，无普通话标签（对应'全部对白为方言'的狭义纯方言片）,https://movie.douban.com/subject/1297446/
方言片,1304617,欢乐叮当,1986,6.5,2527,喜剧 / 爱情,Pre-1990s,粤语,粤语,粤语,粤语（广府片/白话）,Tier 1,≈100%（推断）,纯方言/少数民族语言标签，无普通话标签（对应'全部对白为方言'的狭义纯方言片）,https://movie.douban.com/subject/1304617/
方言片,1395087,玫瑰的故事,1986,6.3,2665,剧情 / 爱情,Pre-1990s,粤语,粤语,粤语,粤语（广府片/白话）,Tier 1,≈100%（推断）,纯方言/少数民族语言标签，无普通话标签（对应'全部对白为方言'的狭义纯方言片）,https://movie.douban.com/subject/1395087/
方言片,3619073,甜蜜十六岁,1986,6.1,120,爱情,Pre-1990s,粤语,粤语,粤语,粤语（广府片/白话）,Tier 1,≈100%（推断）,纯方言/少数民族语言标签，无普通话标签（对应'全部对白为方言'的狭义纯方言片）,https://movie.douban.com/subject/3619073/
方言片,1301047,痴心的我,1986,7.4,1725,剧情 / 喜剧 / 爱情,Pre-1990s,粤语,粤语,粤语,粤语（广府片/白话）,Tier 1,≈100%（推断）,纯方言/少数民族语言标签，无普通话标签（对应'全部对白为方言'的狭义纯方言片）,https://movie.douban.com/subject/1301047/
方言片,1303823,癫佬正传,1986,8.6,16604,剧情,Pre-1990s,粤语,粤语,粤语,粤语（广府片/白话）,Tier 1,≈100%（推断）,纯方言/少数民族语言标签，无普通话标签（对应'全部对白为方言'的狭义纯方言片）,https://movie.douban.com/subject/1303823/
方言片,1308199,皇家战士,1986,6.7,1017,动作,Pre-1990s,粤语,粤语,粤语,粤语（广府片/白话）,Tier 1,≈100%（推断）,纯方言/少数民族语言标签，无普通话标签（对应'全部对白为方言'的狭义纯方言片）,https://movie.douban.com/subject/1308199/
方言片,1303965,皇家饭,1986,6.4,467,动作 / 犯罪,Pre-1990s,粤语,粤语,粤语,粤语（广府片/白话）,Tier 1,≈100%（推断）,纯方言/少数民族语言标签，无普通话标签（对应'全部对白为方言'的狭义纯方言片）,https://movie.douban.com/subject/1303965/
方言片,1298677,神勇双响炮续集,1986,6.7,1028,喜剧 / 动作,Pre-1990s,粤语,粤语,粤语,粤语（广府片/白话）,Tier 1,≈100%（推断）,纯方言/少数民族语言标签，无普通话标签（对应'全部对白为方言'的狭义纯方言片）,https://movie.douban.com/subject/1298677/
方言片,1307487,神探朱古力,1986,6.7,2540,喜剧 / 犯罪,Pre-1990s,粤语,粤语,粤语,粤语（广府片/白话）,Tier 1,≈100%（推断）,纯方言/少数民族语言标签，无普通话标签（对应'全部对白为方言'的狭义纯方言片）,https://movie.douban.com/subject/1307487/
方言片,1301041,美国心,1986,7.3,215,剧情 / 爱情,Pre-1990s,粤语,粤语,粤语,粤语（广府片/白话）,Tier 1,≈100%（推断）,纯方言/少数民族语言标签，无普通话标签（对应'全部对白为方言'的狭义纯方言片）,https://movie.douban.com/subject/1301041/
方言片,1295396,英雄无泪,1986,6.3,1251,动作 / 剧情,Pre-1990s,粤语,粤语,粤语,粤语（广府片/白话）,Tier 1,≈100%（推断）,纯方言/少数民族语言标签，无普通话标签（对应'全部对白为方言'的狭义纯方言片）,https://movie.douban.com/subject/1295396/
方言片,1305458,英雄正传,1986,6.4,603,动作 / 犯罪 / 剧情,Pre-1990s,粤语,粤语,粤语,粤语（广府片/白话）,Tier 1,≈100%（推断）,纯方言/少数民族语言标签，无普通话标签（对应'全部对白为方言'的狭义纯方言片）,https://movie.douban.com/subject/1305458/
方言片,1307455,警贼兄弟,1986,6.8,158,动作 / 犯罪,Pre-1990s,粤语,粤语,粤语,粤语（广府片/白话）,Tier 1,≈100%（推断）,纯方言/少数民族语言标签，无普通话标签（对应'全部对白为方言'的狭义纯方言片）,https://movie.douban.com/subject/1307455/
方言片,1479816,谁是鬼?,1986,6.5,2559,喜剧 / 奇幻 / 恐怖,Pre-1990s,粤语,粤语,粤语,粤语（广府片/白话）,Tier 1,≈100%（推断）,纯方言/少数民族语言标签，无普通话标签（对应'全部对白为方言'的狭义纯方言片）,https://movie.douban.com/subject/1479816/
方言片,4283240,连环炮,1986,4.6,141,动作,Pre-1990s,粤语,粤语,粤语,粤语（广府片/白话）,Tier 1,≈100%（推断）,纯方言/少数民族语言标签，无普通话标签（对应'全部对白为方言'的狭义纯方言片）,https://movie.douban.com/subject/4283240/
方言片,4310234,逃出珊瑚海,1986,6.0,189,恐怖,Pre-1990s,粤语,粤语,粤语,粤语（广府片/白话）,Tier 1,≈100%（推断）,纯方言/少数民族语言标签，无普通话标签（对应'全部对白为方言'的狭义纯方言片）,https://movie.douban.com/subject/4310234/
方言片,4185763,阴阳奇兵,1986,6.4,578,剧情 / 喜剧 / 动作,Pre-1990s,粤语,粤语,粤语,粤语（广府片/白话）,Tier 1,≈100%（推断）,纯方言/少数民族语言标签，无普通话标签（对应'全部对白为方言'的狭义纯方言片）,https://movie.douban.com/subject/4185763/
方言片,1477288,霹雳大喇叭,1986,6.6,3266,喜剧 / 恐怖,Pre-1990s,粤语,粤语,粤语,粤语（广府片/白话）,Tier 1,≈100%（推断）,纯方言/少数民族语言标签，无普通话标签（对应'全部对白为方言'的狭义纯方言片）,https://movie.douban.com/subject/1477288/
方言片,1299137,飞跃羚羊,1986,7.1,499,动作,Pre-1990s,粤语,粤语,粤语,粤语（广府片/白话）,Tier 1,≈100%（推断）,纯方言/少数民族语言标签，无普通话标签（对应'全部对白为方言'的狭义纯方言片）,https://movie.douban.com/subject/1299137/
方言片,1308237,魔翡翠,1986,6.4,5677,喜剧 / 动作 / 科幻,Pre-1990s,粤语,粤语,粤语,粤语（广府片/白话）,Tier 1,≈100%（推断）,纯方言/少数民族语言标签，无普通话标签（对应'全部对白为方言'的狭义纯方言片）,https://movie.douban.com/subject/1308237/
方言片,1296518,龙在江湖,1986,6.1,447,动作,Pre-1990s,粤语,粤语,粤语,粤语（广府片/白话）,Tier 1,≈100%（推断）,纯方言/少数民族语言标签，无普通话标签（对应'全部对白为方言'的狭义纯方言片）,https://movie.douban.com/subject/1296518/
方言片,1299120,A计划续集,1987,7.8,63263,动作 / 喜剧 / 犯罪,Pre-1990s,粤语,粤语,粤语,粤语（广府片/白话）,Tier 1,≈100%（推断）,纯方言/少数民族语言标签，无普通话标签（对应'全部对白为方言'的狭义纯方言片）,https://movie.douban.com/subject/1299120/
方言片,1306333,一哥,1987,5.6,180,动作,Pre-1990s,粤语,粤语,粤语,粤语（广府片/白话）,Tier 1,≈100%（推断）,纯方言/少数民族语言标签，无普通话标签（对应'全部对白为方言'的狭义纯方言片）,https://movie.douban.com/subject/1306333/
方言片,1298507,一屋两妻,1987,6.4,1362,喜剧,Pre-1990s,粤语,粤语,粤语,粤语（广府片/白话）,Tier 1,≈100%（推断）,纯方言/少数民族语言标签，无普通话标签（对应'全部对白为方言'的狭义纯方言片）,https://movie.douban.com/subject/1298507/
方言片,1308091,七年之痒,1987,6.3,1392,喜剧 / 剧情,Pre-1990s,粤语,粤语,粤语,粤语（广府片/白话）,Tier 1,≈100%（推断）,纯方言/少数民族语言标签，无普通话标签（对应'全部对白为方言'的狭义纯方言片）,https://movie.douban.com/subject/1308091/
方言片,3057948,不夜天,1987,6.3,486,犯罪 / 剧情 / 惊悚,Pre-1990s,粤语,粤语,粤语,粤语（广府片/白话）,Tier 1,≈100%（推断）,纯方言/少数民族语言标签，无普通话标签（对应'全部对白为方言'的狭义纯方言片）,https://movie.douban.com/subject/3057948/
方言片,1299394,不是冤家不聚头,1987,7.0,797,剧情,Pre-1990s,粤语,粤语,粤语,粤语（广府片/白话）,Tier 1,≈100%（推断）,纯方言/少数民族语言标签，无普通话标签（对应'全部对白为方言'的狭义纯方言片）,https://movie.douban.com/subject/1299394/
方言片,1306396,东方秃鹰,1987,7.5,8794,动作 / 剧情 / 战争,Pre-1990s,粤语,粤语,粤语,粤语（广府片/白话）,Tier 1,≈100%（推断）,纯方言/少数民族语言标签，无普通话标签（对应'全部对白为方言'的狭义纯方言片）,https://movie.douban.com/subject/1306396/
方言片,1292839,中华战士,1987,6.5,791,剧情 / 动作,Pre-1990s,粤语,粤语,粤语,粤语（广府片/白话）,Tier 1,≈100%（推断）,纯方言/少数民族语言标签，无普通话标签（对应'全部对白为方言'的狭义纯方言片）,https://movie.douban.com/subject/1292839/
方言片,1300038,中国最后一个太监,1987,7.4,14238,剧情 / 传记 / 古装,Pre-1990s,粤语,粤语,粤语,粤语（广府片/白话）,Tier 1,≈100%（推断）,纯方言/少数民族语言标签，无普通话标签（对应'全部对白为方言'的狭义纯方言片）,https://movie.douban.com/subject/1300038/
方言片,1890162,义本无言,1987,6.8,1157,动作 / 剧情,Pre-1990s,粤语,粤语,粤语,粤语（广府片/白话）,Tier 1,≈100%（推断）,纯方言/少数民族语言标签，无普通话标签（对应'全部对白为方言'的狭义纯方言片）,https://movie.douban.com/subject/1890162/
方言片,1304753,人民英雄,1987,7.8,7896,剧情 / 动作 / 犯罪,Pre-1990s,粤语,粤语,粤语,粤语（广府片/白话）,Tier 1,≈100%（推断）,纯方言/少数民族语言标签，无普通话标签（对应'全部对白为方言'的狭义纯方言片）,https://movie.douban.com/subject/1304753/
方言片,1305269,养鬼仔,1987,5.4,195,剧情 / 喜剧,Pre-1990s,粤语,粤语,粤语,粤语（广府片/白话）,Tier 1,≈100%（推断）,纯方言/少数民族语言标签，无普通话标签（对应'全部对白为方言'的狭义纯方言片）,https://movie.douban.com/subject/1305269/
方言片,1308268,凌晨晚餐,1987,6.6,1710,剧情 / 恐怖,Pre-1990s,粤语,粤语,粤语,粤语（广府片/白话）,Tier 1,≈100%（推断）,纯方言/少数民族语言标签，无普通话标签（对应'全部对白为方言'的狭义纯方言片）,https://movie.douban.com/subject/1308268/
方言片,1302648,凶猫,1987,6.4,3206,喜剧 / 奇幻 / 恐怖,Pre-1990s,粤语,粤语,粤语,粤语（广府片/白话）,Tier 1,≈100%（推断）,纯方言/少数民族语言标签，无普通话标签（对应'全部对白为方言'的狭义纯方言片）,https://movie.douban.com/subject/1302648/
方言片,1302799,卫斯理传奇,1987,6.6,4665,动作 / 冒险 / 科幻,Pre-1990s,粤语 / 日语,粤语 / 日语,粤语,粤语（广府片/白话）,Tier 1,≈100%（推断）,纯方言/少数民族语言标签，无普通话标签（对应'全部对白为方言'的狭义纯方言片）,https://movie.douban.com/subject/1302799/
方言片,1307822,呷醋大丈夫,1987,6.4,758,喜剧,Pre-1990s,粤语,粤语,粤语,粤语（广府片/白话）,Tier 1,≈100%（推断）,纯方言/少数民族语言标签，无普通话标签（对应'全部对白为方言'的狭义纯方言片）,https://movie.douban.com/subject/1307822/
方言片,6866797,处女降,1987,4.9,176,恐怖 / 情色,Pre-1990s,粤语,粤语,粤语,粤语（广府片/白话）,Tier 1,≈100%（推断）,纯方言/少数民族语言标签，无普通话标签（对应'全部对白为方言'的狭义纯方言片）,https://movie.douban.com/subject/6866797/
方言片,1307752,天官赐福,1987,6.7,117,喜剧,Pre-1990s,粤语,粤语,粤语,粤语（广府片/白话）,Tier 1,≈100%（推断）,纯方言/少数民族语言标签，无普通话标签（对应'全部对白为方言'的狭义纯方言片）,https://movie.douban.com/subject/1307752/
方言片,1294368,天菩萨,1987,8.0,194,历史 / 爱情,Pre-1990s,粤语,粤语,粤语,粤语（广府片/白话）,Tier 1,≈100%（推断）,纯方言/少数民族语言标签，无普通话标签（对应'全部对白为方言'的狭义纯方言片）,https://movie.douban.com/subject/1294368/
方言片,1305907,天赐良缘,1987,6.7,2322,喜剧,Pre-1990s,粤语,粤语,粤语,粤语（广府片/白话）,Tier 1,≈100%（推断）,纯方言/少数民族语言标签，无普通话标签（对应'全部对白为方言'的狭义纯方言片）,https://movie.douban.com/subject/1305907/
方言片,1308198,夺命佳人,1987,6.7,1495,剧情 / 惊悚,Pre-1990s,粤语,粤语,粤语,粤语（广府片/白话）,Tier 1,≈100%（推断）,纯方言/少数民族语言标签，无普通话标签（对应'全部对白为方言'的狭义纯方言片）,https://movie.douban.com/subject/1308198/
方言片,1302927,富贵逼人,1987,7.6,21757,喜剧 / 家庭 / 奇幻,Pre-1990s,粤语,粤语,粤语,粤语（广府片/白话）,Tier 1,≈100%（推断）,纯方言/少数民族语言标签，无普通话标签（对应'全部对白为方言'的狭义纯方言片）,https://movie.douban.com/subject/1302927/
方言片,3993181,小说家族之对倒,1987,7.7,153,短片,Pre-1990s,粤语,粤语,粤语,粤语（广府片/白话）,Tier 1,≈100%（推断）,纯方言/少数民族语言标签，无普通话标签（对应'全部对白为方言'的狭义纯方言片）,https://movie.douban.com/subject/3993181/
方言片,4258523,小说家族之男烧衣,1987,7.3,130,爱情 / 短片,Pre-1990s,粤语,粤语,粤语,粤语（广府片/白话）,Tier 1,≈100%（推断）,纯方言/少数民族语言标签，无普通话标签（对应'全部对白为方言'的狭义纯方言片）,https://movie.douban.com/subject/4258523/
方言片,1299359,开心勿语,1987,6.7,2279,喜剧 / 爱情,Pre-1990s,粤语,粤语,粤语,粤语（广府片/白话）,Tier 1,≈100%（推断）,纯方言/少数民族语言标签，无普通话标签（对应'全部对白为方言'的狭义纯方言片）,https://movie.douban.com/subject/1299359/
方言片,1304105,开心快活人,1987,6.2,1030,喜剧 / 爱情,Pre-1990s,粤语,粤语,粤语,粤语（广府片/白话）,Tier 1,≈100%（推断）,纯方言/少数民族语言标签，无普通话标签（对应'全部对白为方言'的狭义纯方言片）,https://movie.douban.com/subject/1304105/
方言片,3067310,异乡故事,1987,7.4,113,剧情,Pre-1990s,粤语 / 日语,粤语 / 日语,粤语,粤语（广府片/白话）,Tier 1,≈100%（推断）,纯方言/少数民族语言标签，无普通话标签（对应'全部对白为方言'的狭义纯方言片）,https://movie.douban.com/subject/3067310/
方言片,1299828,心跳一百,1987,6.6,881,喜剧 / 犯罪 / 恐怖,Pre-1990s,粤语,粤语,粤语,粤语（广府片/白话）,Tier 1,≈100%（推断）,纯方言/少数民族语言标签，无普通话标签（对应'全部对白为方言'的狭义纯方言片）,https://movie.douban.com/subject/1299828/
方言片,1307689,意乱情迷,1987,5.9,694,爱情 / 惊悚,Pre-1990s,粤语,粤语,粤语,粤语（广府片/白话）,Tier 1,≈100%（推断）,纯方言/少数民族语言标签，无普通话标签（对应'全部对白为方言'的狭义纯方言片）,https://movie.douban.com/subject/1307689/
方言片,1297910,最后一战,1987,6.6,233,科幻,Pre-1990s,粤语,粤语,粤语,粤语（广府片/白话）,Tier 1,≈100%（推断）,纯方言/少数民族语言标签，无普通话标签（对应'全部对白为方言'的狭义纯方言片）,https://movie.douban.com/subject/1297910/
方言片,1306708,最后胜利,1987,7.2,3552,犯罪 / 剧情 / 爱情,Pre-1990s,粤语,粤语,粤语,粤语（广府片/白话）,Tier 1,≈100%（推断）,纯方言/少数民族语言标签，无普通话标签（对应'全部对白为方言'的狭义纯方言片）,https://movie.douban.com/subject/1306708/
方言片,1303392,朝花夕拾,1987,6.7,613,爱情 / 科幻,Pre-1990s,粤语,粤语,粤语,粤语（广府片/白话）,Tier 1,≈100%（推断）,纯方言/少数民族语言标签，无普通话标签（对应'全部对白为方言'的狭义纯方言片）,https://movie.douban.com/subject/1303392/
方言片,1307846,标错参,1987,7.0,1930,喜剧 / 犯罪,Pre-1990s,粤语,粤语,粤语,粤语（广府片/白话）,Tier 1,≈100%（推断）,纯方言/少数民族语言标签，无普通话标签（对应'全部对白为方言'的狭义纯方言片）,https://movie.douban.com/subject/1307846/
方言片,3060400,欢乐5人组,1987,5.9,331,喜剧,Pre-1990s,粤语,粤语,粤语,粤语（广府片/白话）,Tier 1,≈100%（推断）,纯方言/少数民族语言标签，无普通话标签（对应'全部对白为方言'的狭义纯方言片）,https://movie.douban.com/subject/3060400/
方言片,1297497,江湖情,1987,7.2,10823,动作 / 犯罪 / 剧情,Pre-1990s,粤语,粤语,粤语,粤语（广府片/白话）,Tier 1,≈100%（推断）,纯方言/少数民族语言标签，无普通话标签（对应'全部对白为方言'的狭义纯方言片）,https://movie.douban.com/subject/1297497/
方言片,1306209,江湖龙虎斗,1987,6.9,4698,动作 / 犯罪,Pre-1990s,粤语,粤语,粤语,粤语（广府片/白话）,Tier 1,≈100%（推断）,纯方言/少数民族语言标签，无普通话标签（对应'全部对白为方言'的狭义纯方言片）,https://movie.douban.com/subject/1306209/
方言片,1303492,海市蜃楼,1987,7.6,2399,动作 / 冒险,Pre-1990s,粤语,粤语,粤语,粤语（广府片/白话）,Tier 1,≈100%（推断）,纯方言/少数民族语言标签，无普通话标签（对应'全部对白为方言'的狭义纯方言片）,https://movie.douban.com/subject/1303492/
方言片,2127388,灵幻先生,1987,7.8,21518,喜剧 / 动作 / 奇幻,Pre-1990s,粤语,粤语,粤语,粤语（广府片/白话）,Tier 1,≈100%（推断）,纯方言/少数民族语言标签，无普通话标签（对应'全部对白为方言'的狭义纯方言片）,https://movie.douban.com/subject/2127388/
方言片,1305398,烂赌英雄,1987,6.4,1523,剧情 / 喜剧 / 爱情,Pre-1990s,粤语,粤语,粤语,粤语（广府片/白话）,Tier 1,≈100%（推断）,纯方言/少数民族语言标签，无普通话标签（对应'全部对白为方言'的狭义纯方言片）,https://movie.douban.com/subject/1305398/
方言片,1461401,猛鬼差馆,1987,7.1,14632,喜剧 / 恐怖,Pre-1990s,粤语,粤语,粤语,粤语（广府片/白话）,Tier 1,≈100%（推断）,纯方言/少数民族语言标签，无普通话标签（对应'全部对白为方言'的狭义纯方言片）,https://movie.douban.com/subject/1461401/
方言片,1863626,用爱捉伊人,1987,6.7,476,喜剧,Pre-1990s,粤语 / 日语,粤语 / 日语,粤语,粤语（广府片/白话）,Tier 1,≈100%（推断）,纯方言/少数民族语言标签，无普通话标签（对应'全部对白为方言'的狭义纯方言片）,https://movie.douban.com/subject/1863626/
方言片,4057432,痴线特警出更,1987,6.7,120,剧情 / 喜剧,Pre-1990s,粤语,粤语,粤语,粤语（广府片/白话）,Tier 1,≈100%（推断）,纯方言/少数民族语言标签，无普通话标签（对应'全部对白为方言'的狭义纯方言片）,https://movie.douban.com/subject/4057432/
方言片,1293422,监狱风云,1987,8.4,104222,剧情 / 动作 / 犯罪,Pre-1990s,粤语,粤语,粤语,粤语（广府片/白话）,Tier 1,≈100%（推断）,纯方言/少数民族语言标签，无普通话标签（对应'全部对白为方言'的狭义纯方言片）,https://movie.douban.com/subject/1293422/
方言片,1780428,省港旗兵2：兵分两路,1987,7.7,7723,动作 / 犯罪,Pre-1990s,粤语,粤语,粤语,粤语（广府片/白话）,Tier 1,≈100%（推断）,纯方言/少数民族语言标签，无普通话标签（对应'全部对白为方言'的狭义纯方言片）,https://movie.douban.com/subject/1780428/
方言片,1308393,神奇两女侠,1987,6.8,1125,剧情 / 喜剧,Pre-1990s,粤语,粤语,粤语,粤语（广府片/白话）,Tier 1,≈100%（推断）,纯方言/少数民族语言标签，无普通话标签（对应'全部对白为方言'的狭义纯方言片）,https://movie.douban.com/subject/1308393/
方言片,1301912,秋天的童话,1987,8.5,81053,剧情 / 爱情,Pre-1990s,粤语 / 英语 / 日语,粤语 / 英语 / 日语,粤语,粤语（广府片/白话）,Tier 1,≈100%（推断）,纯方言/少数民族语言标签，无普通话标签（对应'全部对白为方言'的狭义纯方言片）,https://movie.douban.com/subject/1301912/
方言片,1299282,精装追女仔,1987,6.8,16343,喜剧 / 爱情,Pre-1990s,粤语,粤语,粤语,粤语（广府片/白话）,Tier 1,≈100%（推断）,纯方言/少数民族语言标签，无普通话标签（对应'全部对白为方言'的狭义纯方言片）,https://movie.douban.com/subject/1299282/
方言片,1295522,肝胆相照,1987,6.4,1301,动作 / 剧情,Pre-1990s,粤语,粤语,粤语,粤语（广府片/白话）,Tier 1,≈100%（推断）,纯方言/少数民族语言标签，无普通话标签（对应'全部对白为方言'的狭义纯方言片）,https://movie.douban.com/subject/1295522/
方言片,1299288,胭脂扣,1987,8.4,246367,剧情 / 爱情 / 奇幻,Pre-1990s,粤语,粤语,粤语,粤语（广府片/白话）,Tier 1,≈100%（推断）,纯方言/少数民族语言标签，无普通话标签（对应'全部对白为方言'的狭义纯方言片）,https://movie.douban.com/subject/1299288/
方言片,1299876,良宵花弄月,1987,6.4,137,喜剧 / 爱情,Pre-1990s,粤语,粤语,粤语,粤语（广府片/白话）,Tier 1,≈100%（推断）,纯方言/少数民族语言标签，无普通话标签（对应'全部对白为方言'的狭义纯方言片）,https://movie.douban.com/subject/1299876/
方言片,1306677,表哥到,1987,6.5,2021,喜剧 / 奇幻 / 恐怖,Pre-1990s,粤语,粤语,粤语,粤语（广府片/白话）,Tier 1,≈100%（推断）,纯方言/少数民族语言标签，无普通话标签（对应'全部对白为方言'的狭义纯方言片）,https://movie.douban.com/subject/1306677/
方言片,1301193,通天大盗,1987,6.4,360,动作 / 爱情 / 犯罪,Pre-1990s,粤语,粤语,粤语,粤语（广府片/白话）,Tier 1,≈100%（推断）,纯方言/少数民族语言标签，无普通话标签（对应'全部对白为方言'的狭义纯方言片）,https://movie.douban.com/subject/1301193/
方言片,1306407,金燕子,1987,6.1,797,冒险 / 剧情 / 奇幻,Pre-1990s,粤语,粤语,粤语,粤语（广府片/白话）,Tier 1,≈100%（推断）,纯方言/少数民族语言标签，无普通话标签（对应'全部对白为方言'的狭义纯方言片）,https://movie.douban.com/subject/1306407/
方言片,1302748,铁血骑警,1987,7.0,525,动作,Pre-1990s,粤语,粤语,粤语,粤语（广府片/白话）,Tier 1,≈100%（推断）,纯方言/少数民族语言标签，无普通话标签（对应'全部对白为方言'的狭义纯方言片）,https://movie.douban.com/subject/1302748/
方言片,1305729,靓妹正传,1987,5.8,142,剧情,Pre-1990s,粤语,粤语,粤语,粤语（广府片/白话）,Tier 1,≈100%（推断）,纯方言/少数民族语言标签，无普通话标签（对应'全部对白为方言'的狭义纯方言片）,https://movie.douban.com/subject/1305729/
方言片,3012808,香港小姐写真,1987,6.3,1516,剧情 / 爱情,Pre-1990s,粤语,粤语,粤语,粤语（广府片/白话）,Tier 1,≈100%（推断）,纯方言/少数民族语言标签，无普通话标签（对应'全部对白为方言'的狭义纯方言片）,https://movie.douban.com/subject/3012808/
方言片,1294123,鬼新娘,1987,6.8,6543,喜剧 / 剧情 / 恐怖,Pre-1990s,粤语,粤语,粤语,粤语（广府片/白话）,Tier 1,≈100%（推断）,纯方言/少数民族语言标签，无普通话标签（对应'全部对白为方言'的狭义纯方言片）,https://movie.douban.com/subject/1294123/
方言片,1307075,魔高一丈,1987,6.5,1804,喜剧 / 恐怖,Pre-1990s,粤语,粤语,粤语,粤语（广府片/白话）,Tier 1,≈100%（推断）,纯方言/少数民族语言标签，无普通话标签（对应'全部对白为方言'的狭义纯方言片）,https://movie.douban.com/subject/1307075/
方言片,1299858,龙兄虎弟,1987,7.4,25690,动作 / 冒险 / 喜剧,Pre-1990s,粤语 / 英语,粤语 / 英语,粤语,粤语（广府片/白话）,Tier 1,≈100%（推断）,纯方言/少数民族语言标签，无普通话标签（对应'全部对白为方言'的狭义纯方言片）,https://movie.douban.com/subject/1299858/
方言片,1919846,一妻两夫,1988,6.3,1101,喜剧,Pre-1990s,粤语,粤语,粤语,粤语（广府片/白话）,Tier 1,≈100%（推断）,纯方言/少数民族语言标签，无普通话标签（对应'全部对白为方言'的狭义纯方言片）,https://movie.douban.com/subject/1919846/
方言片,1296044,七小福,1988,7.7,4360,动作,Pre-1990s,粤语,粤语,粤语,粤语（广府片/白话）,Tier 1,≈100%（推断）,纯方言/少数民族语言标签，无普通话标签（对应'全部对白为方言'的狭义纯方言片）,https://movie.douban.com/subject/1296044/
方言片,1297746,三人世界,1988,6.9,1809,喜剧 / 爱情,Pre-1990s,粤语,粤语,粤语,粤语（广府片/白话）,Tier 1,≈100%（推断）,纯方言/少数民族语言标签，无普通话标签（对应'全部对白为方言'的狭义纯方言片）,https://movie.douban.com/subject/1297746/
方言片,3117696,三对鸳鸯一张床,1988,6.5,1255,喜剧 / 剧情 / 爱情,Pre-1990s,粤语,粤语,粤语,粤语（广府片/白话）,Tier 1,≈100%（推断）,纯方言/少数民族语言标签，无普通话标签（对应'全部对白为方言'的狭义纯方言片）,https://movie.douban.com/subject/3117696/
方言片,3818825,丑探七个半,1988,6.8,170,喜剧 / 悬疑 / 惊悚,Pre-1990s,粤语,粤语,粤语,粤语（广府片/白话）,Tier 1,≈100%（推断）,纯方言/少数民族语言标签，无普通话标签（对应'全部对白为方言'的狭义纯方言片）,https://movie.douban.com/subject/3818825/
方言片,1823501,义胆红唇,1988,6.6,2412,动作,Pre-1990s,粤语 / 英语 / 日语,粤语 / 英语 / 日语,粤语,粤语（广府片/白话）,Tier 1,≈100%（推断）,纯方言/少数民族语言标签，无普通话标签（对应'全部对白为方言'的狭义纯方言片）,https://movie.douban.com/subject/1823501/
方言片,3060284,亡命鸳鸯,1988,6.9,872,犯罪 / 剧情,Pre-1990s,粤语,粤语,粤语,粤语（广府片/白话）,Tier 1,≈100%（推断）,纯方言/少数民族语言标签，无普通话标签（对应'全部对白为方言'的狭义纯方言片）,https://movie.douban.com/subject/3060284/
方言片,1305180,今夜星光灿烂,1988,6.7,1612,剧情 / 爱情,Pre-1990s,粤语,粤语,粤语,粤语（广府片/白话）,Tier 1,≈100%（推断）,纯方言/少数民族语言标签，无普通话标签（对应'全部对白为方言'的狭义纯方言片）,https://movie.douban.com/subject/1305180/
方言片,1302393,僵尸叔叔,1988,8.1,29512,喜剧 / 恐怖,Pre-1990s,粤语,粤语,粤语,粤语（广府片/白话）,Tier 1,≈100%（推断）,纯方言/少数民族语言标签，无普通话标签（对应'全部对白为方言'的狭义纯方言片）,https://movie.douban.com/subject/1302393/
方言片,1305564,八星报喜,1988,7.4,24056,喜剧,Pre-1990s,粤语,粤语,粤语,粤语（广府片/白话）,Tier 1,≈100%（推断）,纯方言/少数民族语言标签，无普通话标签（对应'全部对白为方言'的狭义纯方言片）,https://movie.douban.com/subject/1305564/
方言片,1304813,公子多情,1988,7.0,5112,喜剧 / 爱情,Pre-1990s,粤语,粤语,粤语,粤语（广府片/白话）,Tier 1,≈100%（推断）,纯方言/少数民族语言标签，无普通话标签（对应'全部对白为方言'的狭义纯方言片）,https://movie.douban.com/subject/1304813/
方言片,3081333,刑警本色,1988,6.3,1276,动作 / 犯罪,Pre-1990s,粤语,粤语,粤语,粤语（广府片/白话）,Tier 1,≈100%（推断）,纯方言/少数民族语言标签，无普通话标签（对应'全部对白为方言'的狭义纯方言片）,https://movie.douban.com/subject/3081333/
方言片,3692169,半暹降,1988,4.6,161,恐怖,Pre-1990s,粤语,粤语,粤语,粤语（广府片/白话）,Tier 1,≈100%（推断）,纯方言/少数民族语言标签，无普通话标签（对应'全部对白为方言'的狭义纯方言片）,https://movie.douban.com/subject/3692169/
方言片,1302679,南北妈打,1988,6.7,1736,喜剧,Pre-1990s,粤语,粤语,粤语,粤语（广府片/白话）,Tier 1,≈100%（推断）,纯方言/少数民族语言标签，无普通话标签（对应'全部对白为方言'的狭义纯方言片）,https://movie.douban.com/subject/1302679/
方言片,2968552,又见冤家,1988,7.0,169,剧情 / 家庭,Pre-1990s,粤语,粤语,粤语,粤语（广府片/白话）,Tier 1,≈100%（推断）,纯方言/少数民族语言标签，无普通话标签（对应'全部对白为方言'的狭义纯方言片）,https://movie.douban.com/subject/2968552/
方言片,1482525,双肥临门,1988,6.9,2973,喜剧,Pre-1990s,粤语,粤语,粤语,粤语（广府片/白话）,Tier 1,≈100%（推断）,纯方言/少数民族语言标签，无普通话标签（对应'全部对白为方言'的狭义纯方言片）,https://movie.douban.com/subject/1482525/
方言片,2158905,吉屋藏娇,1988,7.3,2515,家庭 / 喜剧 / 奇幻,Pre-1990s,粤语,粤语,粤语,粤语（广府片/白话）,Tier 1,≈100%（推断）,纯方言/少数民族语言标签，无普通话标签（对应'全部对白为方言'的狭义纯方言片）,https://movie.douban.com/subject/2158905/
方言片,1484007,喜宝,1988,5.9,1525,剧情,Pre-1990s,粤语,粤语,粤语,粤语（广府片/白话）,Tier 1,≈100%（推断）,纯方言/少数民族语言标签，无普通话标签（对应'全部对白为方言'的狭义纯方言片）,https://movie.douban.com/subject/1484007/
方言片,1876081,城市特警,1988,6.5,1151,动作 / 犯罪 / 惊悚,Pre-1990s,粤语 / Malay,粤语 / malay,粤语,粤语（广府片/白话）,Tier 1,≈100%（推断）,纯方言/少数民族语言标签，无普通话标签（对应'全部对白为方言'的狭义纯方言片）,https://movie.douban.com/subject/1876081/
方言片,1295675,大丈夫日记,1988,7.5,22545,喜剧 / 爱情,Pre-1990s,粤语,粤语,粤语,粤语（广府片/白话）,Tier 1,≈100%（推断）,纯方言/少数民族语言标签，无普通话标签（对应'全部对白为方言'的狭义纯方言片）,https://movie.douban.com/subject/1295675/
方言片,2225347,大话神探,1988,5.5,790,喜剧 / 动作,Pre-1990s,粤语,粤语,粤语,粤语（广府片/白话）,Tier 1,≈100%（推断）,纯方言/少数民族语言标签，无普通话标签（对应'全部对白为方言'的狭义纯方言片）,https://movie.douban.com/subject/2225347/
方言片,3073584,天使行动2：火凤狂龙,1988,6.2,248,动作 / 犯罪 / 惊悚,Pre-1990s,粤语,粤语,粤语,粤语（广府片/白话）,Tier 1,≈100%（推断）,纯方言/少数民族语言标签，无普通话标签（对应'全部对白为方言'的狭义纯方言片）,https://movie.douban.com/subject/3073584/
方言片,1297137,天罗地网,1988,6.2,470,剧情,Pre-1990s,粤语 / 法语,粤语 / 法语,粤语,粤语（广府片/白话）,Tier 1,≈100%（推断）,纯方言/少数民族语言标签，无普通话标签（对应'全部对白为方言'的狭义纯方言片）,https://movie.douban.com/subject/1297137/
方言片,2071525,女子监狱,1988,7.2,5649,剧情 / 犯罪,Pre-1990s,粤语,粤语,粤语,粤语（广府片/白话）,Tier 1,≈100%（推断）,纯方言/少数民族语言标签，无普通话标签（对应'全部对白为方言'的狭义纯方言片）,https://movie.douban.com/subject/2071525/
方言片,1482530,奸人本色,1988,6.4,497,喜剧,Pre-1990s,粤语,粤语,粤语,粤语（广府片/白话）,Tier 1,≈100%（推断）,纯方言/少数民族语言标签，无普通话标签（对应'全部对白为方言'的狭义纯方言片）,https://movie.douban.com/subject/1482530/
方言片,1855106,好女十八嫁,1988,6.8,1189,剧情 / 喜剧,Pre-1990s,粤语,粤语,粤语,粤语（广府片/白话）,Tier 1,≈100%（推断）,纯方言/少数民族语言标签，无普通话标签（对应'全部对白为方言'的狭义纯方言片）,https://movie.douban.com/subject/1855106/
方言片,3060959,婚外情,1988,6.3,197,喜剧 / 爱情,Pre-1990s,粤语,粤语,粤语,粤语（广府片/白话）,Tier 1,≈100%（推断）,纯方言/少数民族语言标签，无普通话标签（对应'全部对白为方言'的狭义纯方言片）,https://movie.douban.com/subject/3060959/
方言片,1468547,学校风云,1988,8.1,15158,动作 / 犯罪 / 剧情,Pre-1990s,粤语,粤语,粤语,粤语（广府片/白话）,Tier 1,≈100%（推断）,纯方言/少数民族语言标签，无普通话标签（对应'全部对白为方言'的狭义纯方言片）,https://movie.douban.com/subject/1468547/
方言片,1385567,富贵再逼人,1988,7.4,14949,喜剧 / 家庭,Pre-1990s,粤语,粤语,粤语,粤语（广府片/白话）,Tier 1,≈100%（推断）,纯方言/少数民族语言标签，无普通话标签（对应'全部对白为方言'的狭义纯方言片）,https://movie.douban.com/subject/1385567/
方言片,1306790,应召女郎1988,1988,7.1,2239,剧情,Pre-1990s,粤语,粤语,粤语,粤语（广府片/白话）,Tier 1,≈100%（推断）,纯方言/少数民族语言标签，无普通话标签（对应'全部对白为方言'的狭义纯方言片）,https://movie.douban.com/subject/1306790/
方言片,1298243,情义心,1988,5.9,128,剧情 / 动作 / 犯罪,Pre-1990s,粤语,粤语,粤语,粤语（广府片/白话）,Tier 1,≈100%（推断）,纯方言/少数民族语言标签，无普通话标签（对应'全部对白为方言'的狭义纯方言片）,https://movie.douban.com/subject/1298243/
方言片,1302686,我爱太空人,1988,6.8,241,剧情,Pre-1990s,粤语,粤语,粤语,粤语（广府片/白话）,Tier 1,≈100%（推断）,纯方言/少数民族语言标签，无普通话标签（对应'全部对白为方言'的狭义纯方言片）,https://movie.douban.com/subject/1302686/
方言片,2711373,我要逃亡,1988,6.6,162,剧情 / 动作,Pre-1990s,粤语,粤语,粤语,粤语（广府片/白话）,Tier 1,≈100%（推断）,纯方言/少数民族语言标签，无普通话标签（对应'全部对白为方言'的狭义纯方言片）,https://movie.douban.com/subject/2711373/
方言片,1298374,挑情,1988,6.3,229,剧情,Pre-1990s,粤语,粤语,粤语,粤语（广府片/白话）,Tier 1,≈100%（推断）,纯方言/少数民族语言标签，无普通话标签（对应'全部对白为方言'的狭义纯方言片）,https://movie.douban.com/subject/1298374/
方言片,1306080,捕风汉子,1988,6.1,1130,剧情,Pre-1990s,粤语,粤语,粤语,粤语（广府片/白话）,Tier 1,≈100%（推断）,纯方言/少数民族语言标签，无普通话标签（对应'全部对白为方言'的狭义纯方言片）,https://movie.douban.com/subject/1306080/
方言片,1958779,撞邪先生,1988,6.4,2036,喜剧 / 恐怖 / 爱情,Pre-1990s,粤语,粤语,粤语,粤语（广府片/白话）,Tier 1,≈100%（推断）,纯方言/少数民族语言标签，无普通话标签（对应'全部对白为方言'的狭义纯方言片）,https://movie.douban.com/subject/1958779/
方言片,1304624,旺角卡门,1988,7.8,179285,犯罪 / 剧情 / 爱情,Pre-1990s,粤语,粤语,粤语,粤语（广府片/白话）,Tier 1,≈100%（推断）,纯方言/少数民族语言标签，无普通话标签（对应'全部对白为方言'的狭义纯方言片）,https://movie.douban.com/subject/1304624/
方言片,1400666,最佳女婿,1988,6.6,24732,喜剧,Pre-1990s,粤语,粤语,粤语,粤语（广府片/白话）,Tier 1,≈100%（推断）,纯方言/少数民族语言标签，无普通话标签（对应'全部对白为方言'的狭义纯方言片）,https://movie.douban.com/subject/1400666/
方言片,1304382,最佳损友,1988,6.8,11505,喜剧,Pre-1990s,粤语,粤语,粤语,粤语（广府片/白话）,Tier 1,≈100%（推断）,纯方言/少数民族语言标签，无普通话标签（对应'全部对白为方言'的狭义纯方言片）,https://movie.douban.com/subject/1304382/
方言片,1303724,最佳损友闯情关,1988,6.7,6680,喜剧,Pre-1990s,粤语,粤语,粤语,粤语（广府片/白话）,Tier 1,≈100%（推断）,纯方言/少数民族语言标签，无普通话标签（对应'全部对白为方言'的狭义纯方言片）,https://movie.douban.com/subject/1303724/
方言片,1482961,月亮星星太阳,1988,7.5,3792,剧情,Pre-1990s,粤语,粤语,粤语,粤语（广府片/白话）,Tier 1,≈100%（推断）,纯方言/少数民族语言标签，无普通话标签（对应'全部对白为方言'的狭义纯方言片）,https://movie.douban.com/subject/1482961/
方言片,1298334,杀之恋,1988,7.3,6214,爱情 / 惊悚,Pre-1990s,粤语,粤语,粤语,粤语（广府片/白话）,Tier 1,≈100%（推断）,纯方言/少数民族语言标签，无普通话标签（对应'全部对白为方言'的狭义纯方言片）,https://movie.douban.com/subject/1298334/
方言片,7062598,梦边缘,1988,8.6,1487,爱情,Pre-1990s,粤语,粤语,粤语,粤语（广府片/白话）,Tier 1,≈100%（推断）,纯方言/少数民族语言标签，无普通话标签（对应'全部对白为方言'的狭义纯方言片）,https://movie.douban.com/subject/7062598/
方言片,1945434,梦过界,1988,6.2,268,恐怖,Pre-1990s,粤语,粤语,粤语,粤语（广府片/白话）,Tier 1,≈100%（推断）,纯方言/少数民族语言标签，无普通话标签（对应'全部对白为方言'的狭义纯方言片）,https://movie.douban.com/subject/1945434/
方言片,1925068,武生决,1988,6.8,410,动作 / 奇幻,Pre-1990s,粤语,粤语,粤语,粤语（广府片/白话）,Tier 1,≈100%（推断）,纯方言/少数民族语言标签，无普通话标签（对应'全部对白为方言'的狭义纯方言片）,https://movie.douban.com/subject/1925068/
方言片,1301162,求爱敢死队,1988,6.3,3010,喜剧 / 爱情,Pre-1990s,粤语,粤语,粤语,粤语（广府片/白话）,Tier 1,≈100%（推断）,纯方言/少数民族语言标签，无普通话标签（对应'全部对白为方言'的狭义纯方言片）,https://movie.douban.com/subject/1301162/
方言片,1306866,江湖接班人,1988,6.4,392,剧情 / 动作 / 犯罪,Pre-1990s,粤语,粤语,粤语,粤语（广府片/白话）,Tier 1,≈100%（推断）,纯方言/少数民族语言标签，无普通话标签（对应'全部对白为方言'的狭义纯方言片）,https://movie.douban.com/subject/1306866/
方言片,1305688,法中情,1988,6.7,1466,犯罪 / 剧情,Pre-1990s,粤语,粤语,粤语,粤语（广府片/白话）,Tier 1,≈100%（推断）,纯方言/少数民族语言标签，无普通话标签（对应'全部对白为方言'的狭义纯方言片）,https://movie.douban.com/subject/1305688/
方言片,2215964,法内情,1988,7.5,4905,剧情 / 惊悚,Pre-1990s,粤语,粤语,粤语,粤语（广府片/白话）,Tier 1,≈100%（推断）,纯方言/少数民族语言标签，无普通话标签（对应'全部对白为方言'的狭义纯方言片）,https://movie.douban.com/subject/2215964/
方言片,1305696,流金岁月,1988,7.2,9600,爱情,Pre-1990s,粤语,粤语,粤语,粤语（广府片/白话）,Tier 1,≈100%（推断）,纯方言/少数民族语言标签，无普通话标签（对应'全部对白为方言'的狭义纯方言片）,https://movie.douban.com/subject/1305696/
方言片,1294207,火舞风云,1988,6.6,1749,动作 / 犯罪 / 剧情,Pre-1990s,粤语,粤语,粤语,粤语（广府片/白话）,Tier 1,≈100%（推断）,纯方言/少数民族语言标签，无普通话标签（对应'全部对白为方言'的狭义纯方言片）,https://movie.douban.com/subject/1294207/
方言片,1303375,点指贼贼,1988,6.4,175,剧情 / 喜剧 / 悬疑,Pre-1990s,粤语,粤语,粤语,粤语（广府片/白话）,Tier 1,≈100%（推断）,纯方言/少数民族语言标签，无普通话标签（对应'全部对白为方言'的狭义纯方言片）,https://movie.douban.com/subject/1303375/
方言片,3000166,烈血风云,1988,5.5,136,动作,Pre-1990s,粤语,粤语,粤语,粤语（广府片/白话）,Tier 1,≈100%（推断）,纯方言/少数民族语言标签，无普通话标签（对应'全部对白为方言'的狭义纯方言片）,https://movie.douban.com/subject/3000166/
方言片,1302901,爱情谜语,1988,6.2,339,喜剧 / 爱情,Pre-1990s,粤语,粤语,粤语,粤语（广府片/白话）,Tier 1,≈100%（推断）,纯方言/少数民族语言标签，无普通话标签（对应'全部对白为方言'的狭义纯方言片）,https://movie.douban.com/subject/1302901/
方言片,1917820,爱的逃兵,1988,6.6,855,喜剧 / 爱情,Pre-1990s,粤语,粤语,粤语,粤语（广府片/白话）,Tier 1,≈100%（推断）,纯方言/少数民族语言标签，无普通话标签（对应'全部对白为方言'的狭义纯方言片）,https://movie.douban.com/subject/1917820/
方言片,1294365,特警屠龙,1988,6.4,2152,动作,Pre-1990s,粤语,粤语,粤语,粤语（广府片/白话）,Tier 1,≈100%（推断）,纯方言/少数民族语言标签，无普通话标签（对应'全部对白为方言'的狭义纯方言片）,https://movie.douban.com/subject/1294365/
方言片,1305338,猎鹰行动,1988,6.6,1432,动作 / 犯罪,Pre-1990s,粤语,粤语,粤语,粤语（广府片/白话）,Tier 1,≈100%（推断）,纯方言/少数民族语言标签，无普通话标签（对应'全部对白为方言'的狭义纯方言片）,https://movie.douban.com/subject/1305338/
方言片,1473078,猛鬼学堂,1988,6.7,7475,科幻 / 恐怖,Pre-1990s,粤语,粤语,粤语,粤语（广府片/白话）,Tier 1,≈100%（推断）,纯方言/少数民族语言标签，无普通话标签（对应'全部对白为方言'的狭义纯方言片）,https://movie.douban.com/subject/1473078/
方言片,1841777,电灯着，鬼掹脚,1988,6.7,1583,喜剧 / 恐怖 / 奇幻,Pre-1990s,粤语,粤语,粤语,粤语（广府片/白话）,Tier 1,≈100%（推断）,纯方言/少数民族语言标签，无普通话标签（对应'全部对白为方言'的狭义纯方言片）,https://movie.douban.com/subject/1841777/
方言片,1479821,画中仙,1988,6.6,7227,剧情 / 爱情 / 奇幻,Pre-1990s,粤语,粤语,粤语,粤语（广府片/白话）,Tier 1,≈100%（推断）,纯方言/少数民族语言标签，无普通话标签（对应'全部对白为方言'的狭义纯方言片）,https://movie.douban.com/subject/1479821/
方言片,1305342,神探父子兵,1988,6.3,381,犯罪,Pre-1990s,粤语,粤语,粤语,粤语（广府片/白话）,Tier 1,≈100%（推断）,纯方言/少数民族语言标签，无普通话标签（对应'全部对白为方言'的狭义纯方言片）,https://movie.douban.com/subject/1305342/
方言片,1764251,童党,1988,7.3,417,剧情 / 动作 / 犯罪,Pre-1990s,粤语,粤语,粤语,粤语（广府片/白话）,Tier 1,≈100%（推断）,纯方言/少数民族语言标签，无普通话标签（对应'全部对白为方言'的狭义纯方言片）,https://movie.douban.com/subject/1764251/
方言片,1303781,精装追女仔之2,1988,6.6,8108,喜剧 / 爱情,Pre-1990s,粤语,粤语,粤语,粤语（广府片/白话）,Tier 1,≈100%（推断）,纯方言/少数民族语言标签，无普通话标签（对应'全部对白为方言'的狭义纯方言片）,https://movie.douban.com/subject/1303781/
方言片,1301303,继续跳舞,1988,6.1,200,喜剧,Pre-1990s,粤语,粤语,粤语,粤语（广府片/白话）,Tier 1,≈100%（推断）,纯方言/少数民族语言标签，无普通话标签（对应'全部对白为方言'的狭义纯方言片）,https://movie.douban.com/subject/1301303/
方言片,1298205,群莺乱舞,1988,6.7,873,剧情,Pre-1990s,粤语,粤语,粤语,粤语（广府片/白话）,Tier 1,≈100%（推断）,纯方言/少数民族语言标签，无普通话标签（对应'全部对白为方言'的狭义纯方言片）,https://movie.douban.com/subject/1298205/
方言片,1297395,群龙夺宝,1988,7.3,5655,剧情 / 动作,Pre-1990s,粤语,粤语,粤语,粤语（广府片/白话）,Tier 1,≈100%（推断）,纯方言/少数民族语言标签，无普通话标签（对应'全部对白为方言'的狭义纯方言片）,https://movie.douban.com/subject/1297395/
方言片,1308356,老娘够骚,1988,5.2,201,剧情,Pre-1990s,粤语,粤语,粤语,粤语（广府片/白话）,Tier 1,≈100%（推断）,纯方言/少数民族语言标签，无普通话标签（对应'全部对白为方言'的狭义纯方言片）,https://movie.douban.com/subject/1308356/
方言片,1293854,老虎出更,1988,6.9,9418,动作 / 喜剧 / 犯罪,Pre-1990s,粤语,粤语,粤语,粤语（广府片/白话）,Tier 1,≈100%（推断）,纯方言/少数民族语言标签，无普通话标签（对应'全部对白为方言'的狭义纯方言片）,https://movie.douban.com/subject/1293854/
方言片,1506851,肥猫流浪记,1988,7.4,4869,剧情,Pre-1990s,粤语,粤语,粤语,粤语（广府片/白话）,Tier 1,≈100%（推断）,纯方言/少数民族语言标签，无普通话标签（对应'全部对白为方言'的狭义纯方言片）,https://movie.douban.com/subject/1506851/
方言片,1484139,血玫瑰,1988,6.3,1179,剧情 / 惊悚 / 恐怖,Pre-1990s,粤语,粤语,粤语,粤语（广府片/白话）,Tier 1,≈100%（推断）,纯方言/少数民族语言标签，无普通话标签（对应'全部对白为方言'的狭义纯方言片）,https://movie.douban.com/subject/1484139/
方言片,1303806,血衣天使,1988,6.0,723,恐怖 / 惊悚,Pre-1990s,粤语,粤语,粤语,粤语（广府片/白话）,Tier 1,≈100%（推断）,纯方言/少数民族语言标签，无普通话标签（对应'全部对白为方言'的狭义纯方言片）,https://movie.douban.com/subject/1303806/
方言片,1297477,裤甲天下,1988,6.5,556,喜剧,Pre-1990s,粤语,粤语,粤语,粤语（广府片/白话）,Tier 1,≈100%（推断）,纯方言/少数民族语言标签，无普通话标签（对应'全部对白为方言'的狭义纯方言片）,https://movie.douban.com/subject/1297477/
方言片,1304726,警察故事续集,1988,7.7,51680,喜剧 / 动作 / 犯罪,Pre-1990s,粤语,粤语,粤语,粤语（广府片/白话）,Tier 1,≈100%（推断）,纯方言/少数民族语言标签，无普通话标签（对应'全部对白为方言'的狭义纯方言片）,https://movie.douban.com/subject/1304726/
方言片,3063352,赤胆情,1988,6.7,271,动作 / 犯罪,Pre-1990s,粤语 / 英语,粤语 / 英语,粤语,粤语（广府片/白话）,Tier 1,≈100%（推断）,纯方言/少数民族语言标签，无普通话标签（对应'全部对白为方言'的狭义纯方言片）,https://movie.douban.com/subject/3063352/
方言片,1484140,过埠新娘,1988,6.5,1547,动作 / 喜剧,Pre-1990s,粤语,粤语,粤语,粤语（广府片/白话）,Tier 1,≈100%（推断）,纯方言/少数民族语言标签，无普通话标签（对应'全部对白为方言'的狭义纯方言片）,https://movie.douban.com/subject/1484140/
方言片,1305979,郁达夫传奇,1988,6.8,1903,剧情 / 传记 / 爱情,Pre-1990s,粤语,粤语,粤语,粤语（广府片/白话）,Tier 1,≈100%（推断）,纯方言/少数民族语言标签，无普通话标签（对应'全部对白为方言'的狭义纯方言片）,https://movie.douban.com/subject/1305979/
方言片,1303130,金装大酒店,1988,6.3,3167,喜剧,Pre-1990s,粤语,粤语,粤语,粤语（广府片/白话）,Tier 1,≈100%（推断）,纯方言/少数民族语言标签，无普通话标签（对应'全部对白为方言'的狭义纯方言片）,https://movie.douban.com/subject/1303130/
方言片,1304465,铁甲无敌玛利亚,1988,6.2,3040,科幻,Pre-1990s,粤语,粤语,粤语,粤语（广府片/白话）,Tier 1,≈100%（推断）,纯方言/少数民族语言标签，无普通话标签（对应'全部对白为方言'的狭义纯方言片）,https://movie.douban.com/subject/1304465/
方言片,1302683,陷阱边沿,1988,7.8,202,剧情 / 动作 / 犯罪,Pre-1990s,粤语,粤语,粤语,粤语（广府片/白话）,Tier 1,≈100%（推断）,纯方言/少数民族语言标签，无普通话标签（对应'全部对白为方言'的狭义纯方言片）,https://movie.douban.com/subject/1302683/
方言片,1299741,霸王女福星,1988,6.1,358,动作,Pre-1990s,粤语,粤语,粤语,粤语（广府片/白话）,Tier 1,≈100%（推断）,纯方言/少数民族语言标签，无普通话标签（对应'全部对白为方言'的狭义纯方言片）,https://movie.douban.com/subject/1299741/
方言片,1408315,霸王花,1988,6.9,15000,动作,Pre-1990s,粤语,粤语,粤语,粤语（广府片/白话）,Tier 1,≈100%（推断）,纯方言/少数民族语言标签，无普通话标签（对应'全部对白为方言'的狭义纯方言片）,https://movie.douban.com/subject/1408315/
方言片,1871220,霹雳先锋,1988,7.2,14134,动作 / 喜剧 / 犯罪,Pre-1990s,粤语 / 英语,粤语 / 英语,粤语,粤语（广府片/白话）,Tier 1,≈100%（推断）,纯方言/少数民族语言标签，无普通话标签（对应'全部对白为方言'的狭义纯方言片）,https://movie.douban.com/subject/1871220/
方言片,1300714,飞龙猛将,1988,7.5,14678,动作 / 喜剧 / 爱情,Pre-1990s,粤语,粤语,粤语,粤语（广府片/白话）,Tier 1,≈100%（推断）,纯方言/少数民族语言标签，无普通话标签（对应'全部对白为方言'的狭义纯方言片）,https://movie.douban.com/subject/1300714/
方言片,1300981,鬼马保镖贼美人,1988,6.6,814,动作,Pre-1990s,粤语,粤语,粤语,粤语（广府片/白话）,Tier 1,≈100%（推断）,纯方言/少数民族语言标签，无普通话标签（对应'全部对白为方言'的狭义纯方言片）,https://movie.douban.com/subject/1300981/
方言片,1299392,黑心鬼,1988,6.5,2143,喜剧 / 恐怖 / 鬼怪,Pre-1990s,粤语,粤语,粤语,粤语（广府片/白话）,Tier 1,≈100%（推断）,纯方言/少数民族语言标签，无普通话标签（对应'全部对白为方言'的狭义纯方言片）,https://movie.douban.com/subject/1299392/
方言片,1762699,龙之家族,1988,6.5,1949,动作 / 犯罪,Pre-1990s,粤语,粤语,粤语,粤语（广府片/白话）,Tier 1,≈100%（推断）,纯方言/少数民族语言标签，无普通话标签（对应'全部对白为方言'的狭义纯方言片）,https://movie.douban.com/subject/1762699/
方言片,1301343,龙虎智多星,1988,5.7,144,动作 / 犯罪 / 剧情,Pre-1990s,粤语,粤语,粤语,粤语（广府片/白话）,Tier 1,≈100%（推断）,纯方言/少数民族语言标签，无普通话标签（对应'全部对白为方言'的狭义纯方言片）,https://movie.douban.com/subject/1301343/
方言片,1472783,一眉道人,1989,7.8,34976,动作 / 喜剧 / 恐怖,Pre-1990s,粤语,粤语,粤语,粤语（广府片/白话）,Tier 1,≈100%（推断）,纯方言/少数民族语言标签，无普通话标签（对应'全部对白为方言'的狭义纯方言片）,https://movie.douban.com/subject/1472783/
方言片,1821443,七匹狼2,1989,6.5,318,动作 / 犯罪,Pre-1990s,粤语,粤语,粤语,粤语（广府片/白话）,Tier 1,≈100%（推断）,纯方言/少数民族语言标签，无普通话标签（对应'全部对白为方言'的狭义纯方言片）,https://movie.douban.com/subject/1821443/
方言片,1299367,三狼奇案,1989,7.3,5331,犯罪,Pre-1990s,粤语,粤语,粤语,粤语（广府片/白话）,Tier 1,≈100%（推断）,纯方言/少数民族语言标签，无普通话标签（对应'全部对白为方言'的狭义纯方言片）,https://movie.douban.com/subject/1299367/
方言片,1394425,不脱袜的人,1989,7.2,3818,剧情 / 爱情,Pre-1990s,粤语 / 英语 / 上海话,粤语 / 英语 / 上海话,粤语 / 上海话,粤语（广府片/白话） / 吴语（江浙片）,Tier 1,≈100%（推断）,纯方言/少数民族语言标签，无普通话标签（对应'全部对白为方言'的狭义纯方言片）,https://movie.douban.com/subject/1394425/
方言片,1401684,专钓大鳄,1989,6.4,578,动作 / 喜剧,Pre-1990s,粤语 / 英语,粤语 / 英语,粤语,粤语（广府片/白话）,Tier 1,≈100%（推断）,纯方言/少数民族语言标签，无普通话标签（对应'全部对白为方言'的狭义纯方言片）,https://movie.douban.com/subject/1401684/
方言片,1300889,中日南北和,1989,6.3,350,喜剧,Pre-1990s,粤语,粤语,粤语,粤语（广府片/白话）,Tier 1,≈100%（推断）,纯方言/少数民族语言标签，无普通话标签（对应'全部对白为方言'的狭义纯方言片）,https://movie.douban.com/subject/1300889/
方言片,1299057,义胆群英,1989,7.0,5084,动作,Pre-1990s,粤语,粤语,粤语,粤语（广府片/白话）,Tier 1,≈100%（推断）,纯方言/少数民族语言标签，无普通话标签（对应'全部对白为方言'的狭义纯方言片）,https://movie.douban.com/subject/1299057/
方言片,1298648,人海孤雄,1989,6.9,1575,动作,Pre-1990s,粤语,粤语,粤语,粤语（广府片/白话）,Tier 1,≈100%（推断）,纯方言/少数民族语言标签，无普通话标签（对应'全部对白为方言'的狭义纯方言片）,https://movie.douban.com/subject/1298648/
方言片,1302586,偷情先生,1989,6.7,967,喜剧,Pre-1990s,粤语,粤语,粤语,粤语（广府片/白话）,Tier 1,≈100%（推断）,纯方言/少数民族语言标签，无普通话标签（对应'全部对白为方言'的狭义纯方言片）,https://movie.douban.com/subject/1302586/
方言片,1298654,傲气雄鹰,1989,6.6,885,动作,Pre-1990s,粤语,粤语,粤语,粤语（广府片/白话）,Tier 1,≈100%（推断）,纯方言/少数民族语言标签，无普通话标签（对应'全部对白为方言'的狭义纯方言片）,https://movie.douban.com/subject/1298654/
方言片,1305695,八宝奇兵,1989,5.7,1293,剧情 / 喜剧 / 动作,Pre-1990s,粤语,粤语,粤语,粤语（广府片/白话）,Tier 1,≈100%（推断）,纯方言/少数民族语言标签，无普通话标签（对应'全部对白为方言'的狭义纯方言片）,https://movie.douban.com/subject/1305695/
方言片,1299763,再见王老五,1989,7.2,1483,喜剧,Pre-1990s,粤语,粤语,粤语,粤语（广府片/白话）,Tier 1,≈100%（推断）,纯方言/少数民族语言标签，无普通话标签（对应'全部对白为方言'的狭义纯方言片）,https://movie.douban.com/subject/1299763/
方言片,3089160,再起风云,1989,6.6,825,犯罪,Pre-1990s,粤语,粤语,粤语,粤语（广府片/白话）,Tier 1,≈100%（推断）,纯方言/少数民族语言标签，无普通话标签（对应'全部对白为方言'的狭义纯方言片）,https://movie.douban.com/subject/3089160/
方言片,1298748,冲天小子,1989,6.3,417,剧情 / 动作,Pre-1990s,粤语,粤语,粤语,粤语（广府片/白话）,Tier 1,≈100%（推断）,纯方言/少数民族语言标签，无普通话标签（对应'全部对白为方言'的狭义纯方言片）,https://movie.douban.com/subject/1298748/
方言片,3060682,单身贵族,1989,6.6,1020,喜剧 / 爱情,Pre-1990s,粤语,粤语,粤语,粤语（广府片/白话）,Tier 1,≈100%（推断）,纯方言/少数民族语言标签，无普通话标签（对应'全部对白为方言'的狭义纯方言片）,https://movie.douban.com/subject/3060682/
方言片,1401212,双镯,1989,7.5,2171,剧情 / 同性,Pre-1990s,粤语,粤语,粤语,粤语（广府片/白话）,Tier 1,≈100%（推断）,纯方言/少数民族语言标签，无普通话标签（对应'全部对白为方言'的狭义纯方言片）,https://movie.douban.com/subject/1401212/
方言片,2003669,发财秘笈,1989,7.1,1821,喜剧,Pre-1990s,粤语,粤语,粤语,粤语（广府片/白话）,Tier 1,≈100%（推断）,纯方言/少数民族语言标签，无普通话标签（对应'全部对白为方言'的狭义纯方言片）,https://movie.douban.com/subject/2003669/
方言片,1303486,发达先生,1989,6.3,499,喜剧,Pre-1990s,粤语,粤语,粤语,粤语（广府片/白话）,Tier 1,≈100%（推断）,纯方言/少数民族语言标签，无普通话标签（对应'全部对白为方言'的狭义纯方言片）,https://movie.douban.com/subject/1303486/
方言片,1297038,合家欢,1989,7.5,5380,喜剧,Pre-1990s,粤语,粤语,粤语,粤语（广府片/白话）,Tier 1,≈100%（推断）,纯方言/少数民族语言标签，无普通话标签（对应'全部对白为方言'的狭义纯方言片）,https://movie.douban.com/subject/1297038/
方言片,1298803,同根生,1989,6.5,891,动作,Pre-1990s,粤语,粤语,粤语,粤语（广府片/白话）,Tier 1,≈100%（推断）,纯方言/少数民族语言标签，无普通话标签（对应'全部对白为方言'的狭义纯方言片）,https://movie.douban.com/subject/1298803/
方言片,1296519,喋血双雄,1989,8.5,71834,动作 / 犯罪 / 剧情,Pre-1990s,粤语,粤语,粤语,粤语（广府片/白话）,Tier 1,≈100%（推断）,纯方言/少数民族语言标签，无普通话标签（对应'全部对白为方言'的狭义纯方言片）,https://movie.douban.com/subject/1296519/
方言片,2335088,四千金,1989,6.7,1351,喜剧 / 剧情 / 爱情,Pre-1990s,粤语,粤语,粤语,粤语（广府片/白话）,Tier 1,≈100%（推断）,纯方言/少数民族语言标签，无普通话标签（对应'全部对白为方言'的狭义纯方言片）,https://movie.douban.com/subject/2335088/
方言片,1308096,壮志豪情,1989,6.6,170,战争,Pre-1990s,粤语,粤语,粤语,粤语（广府片/白话）,Tier 1,≈100%（推断）,纯方言/少数民族语言标签，无普通话标签（对应'全部对白为方言'的狭义纯方言片）,https://movie.douban.com/subject/1308096/
方言片,3178147,壮志雄心,1989,7.0,556,剧情,Pre-1990s,粤语,粤语,粤语,粤语（广府片/白话）,Tier 1,≈100%（推断）,纯方言/少数民族语言标签，无普通话标签（对应'全部对白为方言'的狭义纯方言片）,https://movie.douban.com/subject/3178147/
方言片,1977941,夜激情,1989,6.0,138,剧情 / 爱情,Pre-1990s,粤语,粤语,粤语,粤语（广府片/白话）,Tier 1,≈100%（推断）,纯方言/少数民族语言标签，无普通话标签（对应'全部对白为方言'的狭义纯方言片）,https://movie.douban.com/subject/1977941/
方言片,1932573,夜疯狂,1989,6.7,460,剧情 / 喜剧 / 犯罪,Pre-1990s,粤语,粤语,粤语,粤语（广府片/白话）,Tier 1,≈100%（推断）,纯方言/少数民族语言标签，无普通话标签（对应'全部对白为方言'的狭义纯方言片）,https://movie.douban.com/subject/1932573/
方言片,1298932,天使行动3：魔女末日,1989,6.2,244,动作 / 犯罪 / 惊悚,Pre-1990s,粤语,粤语,粤语,粤语（广府片/白话）,Tier 1,≈100%（推断）,纯方言/少数民族语言标签，无普通话标签（对应'全部对白为方言'的狭义纯方言片）,https://movie.douban.com/subject/1298932/
方言片,1293941,奇迹,1989,8.0,32099,动作 / 喜剧 / 犯罪,Pre-1990s,粤语 / 英语,粤语 / 英语,粤语,粤语（广府片/白话）,Tier 1,≈100%（推断）,纯方言/少数民族语言标签，无普通话标签（对应'全部对白为方言'的狭义纯方言片）,https://movie.douban.com/subject/1293941/
方言片,1305442,妙探双龙,1989,5.7,191,犯罪,Pre-1990s,粤语 / 英语,粤语 / 英语,粤语,粤语（广府片/白话）,Tier 1,≈100%（推断）,纯方言/少数民族语言标签，无普通话标签（对应'全部对白为方言'的狭义纯方言片）,https://movie.douban.com/subject/1305442/
方言片,1307445,孔雀王子,1989,6.5,2829,动作 / 冒险 / 奇幻,Pre-1990s,粤语 / 日语,粤语 / 日语,粤语,粤语（广府片/白话）,Tier 1,≈100%（推断）,纯方言/少数民族语言标签，无普通话标签（对应'全部对白为方言'的狭义纯方言片）,https://movie.douban.com/subject/1307445/
方言片,1482495,富贵再三逼人,1989,7.1,11554,喜剧 / 家庭,Pre-1990s,粤语,粤语,粤语,粤语（广府片/白话）,Tier 1,≈100%（推断）,纯方言/少数民族语言标签，无普通话标签（对应'全部对白为方言'的狭义纯方言片）,https://movie.douban.com/subject/1482495/
方言片,1299182,富贵开心鬼,1989,6.8,6481,剧情 / 喜剧 / 惊悚,Pre-1990s,粤语,粤语,粤语,粤语（广府片/白话）,Tier 1,≈100%（推断）,纯方言/少数民族语言标签，无普通话标签（对应'全部对白为方言'的狭义纯方言片）,https://movie.douban.com/subject/1299182/
方言片,1302359,小小小警察,1989,6.7,1776,剧情 / 喜剧,Pre-1990s,粤语,粤语,粤语,粤语（广府片/白话）,Tier 1,≈100%（推断）,纯方言/少数民族语言标签，无普通话标签（对应'全部对白为方言'的狭义纯方言片）,https://movie.douban.com/subject/1302359/
方言片,1473919,小男人周记,1989,6.7,1885,喜剧 / 爱情,Pre-1990s,粤语,粤语,粤语,粤语（广府片/白话）,Tier 1,≈100%（推断）,纯方言/少数民族语言标签，无普通话标签（对应'全部对白为方言'的狭义纯方言片）,https://movie.douban.com/subject/1473919/
方言片,1298088,少女心,1989,6.4,133,剧情,Pre-1990s,粤语,粤语,粤语,粤语（广府片/白话）,Tier 1,≈100%（推断）,纯方言/少数民族语言标签，无普通话标签（对应'全部对白为方言'的狭义纯方言片）,https://movie.douban.com/subject/1298088/
方言片,1998696,师姐大晒,1989,6.3,293,动作,Pre-1990s,粤语,粤语,粤语,粤语（广府片/白话）,Tier 1,≈100%（推断）,纯方言/少数民族语言标签，无普通话标签（对应'全部对白为方言'的狭义纯方言片）,https://movie.douban.com/subject/1998696/
方言片,1305370,开心巨无霸,1989,6.4,292,喜剧 / 犯罪 / 家庭,Pre-1990s,粤语,粤语,粤语,粤语（广府片/白话）,Tier 1,≈100%（推断）,纯方言/少数民族语言标签，无普通话标签（对应'全部对白为方言'的狭义纯方言片）,https://movie.douban.com/subject/1305370/
方言片,1305230,忠义群英,1989,6.5,2374,动作 / 犯罪 / 剧情,Pre-1990s,粤语,粤语,粤语,粤语（广府片/白话）,Tier 1,≈100%（推断）,纯方言/少数民族语言标签，无普通话标签（对应'全部对白为方言'的狭义纯方言片）,https://movie.douban.com/subject/1305230/
方言片,1293729,急冻奇侠,1989,6.6,4916,动作 / 爱情 / 科幻,Pre-1990s,粤语,粤语,粤语,粤语（广府片/白话）,Tier 1,≈100%（推断）,纯方言/少数民族语言标签，无普通话标签（对应'全部对白为方言'的狭义纯方言片）,https://movie.douban.com/subject/1293729/
方言片,3218644,情义我心知,1989,7.1,193,剧情,Pre-1990s,粤语,粤语,粤语,粤语（广府片/白话）,Tier 1,≈100%（推断）,纯方言/少数民族语言标签，无普通话标签（对应'全部对白为方言'的狭义纯方言片）,https://movie.douban.com/subject/3218644/
方言片,1300288,惊魂记,1989,7.4,5309,惊悚,Pre-1990s,粤语,粤语,粤语,粤语（广府片/白话）,Tier 1,≈100%（推断）,纯方言/少数民族语言标签，无普通话标签（对应'全部对白为方言'的狭义纯方言片）,https://movie.douban.com/subject/1300288/
方言片,1301185,我在黑社会的日子,1989,6.5,7019,犯罪 / 剧情,Pre-1990s,粤语 / 英语,粤语 / 英语,粤语,粤语（广府片/白话）,Tier 1,≈100%（推断）,纯方言/少数民族语言标签，无普通话标签（对应'全部对白为方言'的狭义纯方言片）,https://movie.douban.com/subject/1301185/
方言片,1899948,我爱唐人街,1989,6.1,635,爱情,Pre-1990s,粤语,粤语,粤语,粤语（广府片/白话）,Tier 1,≈100%（推断）,纯方言/少数民族语言标签，无普通话标签（对应'全部对白为方言'的狭义纯方言片）,https://movie.douban.com/subject/1899948/
方言片,1307682,我要富贵,1989,7.1,1158,剧情,Pre-1990s,粤语,粤语,粤语,粤语（广府片/白话）,Tier 1,≈100%（推断）,纯方言/少数民族语言标签，无普通话标签（对应'全部对白为方言'的狭义纯方言片）,https://movie.douban.com/subject/1307682/
方言片,3211323,打工狂想曲,1989,7.1,3386,喜剧,Pre-1990s,粤语,粤语,粤语,粤语（广府片/白话）,Tier 1,≈100%（推断）,纯方言/少数民族语言标签，无普通话标签（对应'全部对白为方言'的狭义纯方言片）,https://movie.douban.com/subject/3211323/
方言片,1294309,捉鬼大师,1989,6.5,2518,喜剧 / 恐怖,Pre-1990s,粤语,粤语,粤语,粤语（广府片/白话）,Tier 1,≈100%（推断）,纯方言/少数民族语言标签，无普通话标签（对应'全部对白为方言'的狭义纯方言片）,https://movie.douban.com/subject/1294309/
方言片,1772850,捉鬼有限公司,1989,6.1,1261,喜剧 / 奇幻 / 恐怖,Pre-1990s,粤语,粤语,粤语,粤语（广府片/白话）,Tier 1,≈100%（推断）,纯方言/少数民族语言标签，无普通话标签（对应'全部对白为方言'的狭义纯方言片）,https://movie.douban.com/subject/1772850/
方言片,1299790,新最佳拍档,1989,6.9,6984,动作 / 喜剧 / 犯罪,Pre-1990s,粤语,粤语,粤语,粤语（广府片/白话）,Tier 1,≈100%（推断）,纯方言/少数民族语言标签，无普通话标签（对应'全部对白为方言'的狭义纯方言片）,https://movie.douban.com/subject/1299790/
方言片,3724004,日落巴黎,1989,7.9,5123,剧情 / 爱情 / 短片,Pre-1990s,粤语,粤语,粤语,粤语（广府片/白话）,Tier 1,≈100%（推断）,纯方言/少数民族语言标签，无普通话标签（对应'全部对白为方言'的狭义纯方言片）,https://movie.douban.com/subject/3724004/
方言片,1305572,最佳男朋友,1989,6.3,1266,喜剧 / 爱情,Pre-1990s,粤语,粤语,粤语,粤语（广府片/白话）,Tier 1,≈100%（推断）,纯方言/少数民族语言标签，无普通话标签（对应'全部对白为方言'的狭义纯方言片）,https://movie.douban.com/subject/1305572/
方言片,2174229,杀手天使,1989,5.5,209,动作 / 犯罪 / 惊悚,Pre-1990s,粤语,粤语,粤语,粤语（广府片/白话）,Tier 1,≈100%（推断）,纯方言/少数民族语言标签，无普通话标签（对应'全部对白为方言'的狭义纯方言片）,https://movie.douban.com/subject/2174229/
方言片,1306313,杀手蝴蝶梦,1989,6.8,5765,爱情 / 惊悚,Pre-1990s,粤语,粤语,粤语,粤语（广府片/白话）,Tier 1,≈100%（推断）,纯方言/少数民族语言标签，无普通话标签（对应'全部对白为方言'的狭义纯方言片）,https://movie.douban.com/subject/1306313/
方言片,1302173,求爱夜惊魂,1989,5.9,901,恐怖,Pre-1990s,粤语,粤语,粤语,粤语（广府片/白话）,Tier 1,≈100%（推断）,纯方言/少数民族语言标签，无普通话标签（对应'全部对白为方言'的狭义纯方言片）,https://movie.douban.com/subject/1302173/
方言片,1302098,沉底鳄,1989,5.8,313,动作,Pre-1990s,粤语,粤语,粤语,粤语（广府片/白话）,Tier 1,≈100%（推断）,纯方言/少数民族语言标签，无普通话标签（对应'全部对白为方言'的狭义纯方言片）,https://movie.douban.com/subject/1302098/
方言片,1475119,法内情大结局,1989,7.1,1353,剧情,Pre-1990s,粤语,粤语,粤语,粤语（广府片/白话）,Tier 1,≈100%（推断）,纯方言/少数民族语言标签，无普通话标签（对应'全部对白为方言'的狭义纯方言片）,https://movie.douban.com/subject/1475119/
方言片,3060729,潇洒先生,1989,7.7,955,喜剧,Pre-1990s,粤语,粤语,粤语,粤语（广府片/白话）,Tier 1,≈100%（推断）,纯方言/少数民族语言标签，无普通话标签（对应'全部对白为方言'的狭义纯方言片）,https://movie.douban.com/subject/3060729/
方言片,1301367,潘金莲之前世今生,1989,6.7,12882,剧情 / 悬疑 / 奇幻,Pre-1990s,粤语,粤语,粤语,粤语（广府片/白话）,Tier 1,≈100%（推断）,纯方言/少数民族语言标签，无普通话标签（对应'全部对白为方言'的狭义纯方言片）,https://movie.douban.com/subject/1301367/
方言片,2138545,火烛鬼,1989,6.8,1697,喜剧 / 爱情 / 恐怖,Pre-1990s,粤语,粤语,粤语,粤语（广府片/白话）,Tier 1,≈100%（推断）,纯方言/少数民族语言标签，无普通话标签（对应'全部对白为方言'的狭义纯方言片）,https://movie.douban.com/subject/2138545/
方言片,3264580,烈火街头,1989,7.7,404,动作,Pre-1990s,粤语,粤语,粤语,粤语（广府片/白话）,Tier 1,≈100%（推断）,纯方言/少数民族语言标签，无普通话标签（对应'全部对白为方言'的狭义纯方言片）,https://movie.douban.com/subject/3264580/
方言片,1308229,爱人同志,1989,6.6,2718,剧情 / 战争,Pre-1990s,粤语,粤语,粤语,粤语（广府片/白话）,Tier 1,≈100%（推断）,纯方言/少数民族语言标签，无普通话标签（对应'全部对白为方言'的狭义纯方言片）,https://movie.douban.com/subject/1308229/
方言片,1305478,猎魔群英,1989,6.2,798,动作,Pre-1990s,粤语,粤语,粤语,粤语（广府片/白话）,Tier 1,≈100%（推断）,纯方言/少数民族语言标签，无普通话标签（对应'全部对白为方言'的狭义纯方言片）,https://movie.douban.com/subject/1305478/
方言片,1303676,猛鬼大厦,1989,6.9,7621,喜剧 / 恐怖,Pre-1990s,粤语,粤语,粤语,粤语（广府片/白话）,Tier 1,≈100%（推断）,纯方言/少数民族语言标签，无普通话标签（对应'全部对白为方言'的狭义纯方言片）,https://movie.douban.com/subject/1303676/
方言片,1305083,猛鬼山坟,1989,5.4,1071,恐怖,Pre-1990s,粤语,粤语,粤语,粤语（广府片/白话）,Tier 1,≈100%（推断）,纯方言/少数民族语言标签，无普通话标签（对应'全部对白为方言'的狭义纯方言片）,https://movie.douban.com/subject/1305083/
方言片,1303011,猛鬼撞鬼,1989,6.6,1903,喜剧 / 恐怖,Pre-1990s,粤语,粤语,粤语,粤语（广府片/白话）,Tier 1,≈100%（推断）,纯方言/少数民族语言标签，无普通话标签（对应'全部对白为方言'的狭义纯方言片）,https://movie.douban.com/subject/1303011/
方言片,1461353,皇家师姐4：直击证人,1989,7.0,2085,动作 / 犯罪,Pre-1990s,粤语,粤语,粤语,粤语（广府片/白话）,Tier 1,≈100%（推断）,纯方言/少数民族语言标签，无普通话标签（对应'全部对白为方言'的狭义纯方言片）,https://movie.douban.com/subject/1461353/
方言片,5384541,皇家飛鳳,1989,5.3,124,动作,Pre-1990s,粤语,粤语,粤语,粤语（广府片/白话）,Tier 1,≈100%（推断）,纯方言/少数民族语言标签，无普通话标签（对应'全部对白为方言'的狭义纯方言片）,https://movie.douban.com/subject/5384541/
方言片,1863808,目中无人,1989,5.8,127,动作,Pre-1990s,粤语,粤语,粤语,粤语（广府片/白话）,Tier 1,≈100%（推断）,纯方言/少数民族语言标签，无普通话标签（对应'全部对白为方言'的狭义纯方言片）,https://movie.douban.com/subject/1863808/
方言片,5114916,相见好,1989,6.9,1054,喜剧 / 爱情,Pre-1990s,粤语,粤语,粤语,粤语（广府片/白话）,Tier 1,≈100%（推断）,纯方言/少数民族语言标签，无普通话标签（对应'全部对白为方言'的狭义纯方言片）,https://movie.douban.com/subject/5114916/
方言片,1298051,神勇双妹唛,1989,6.4,1570,喜剧,Pre-1990s,粤语,粤语,粤语,粤语（广府片/白话）,Tier 1,≈100%（推断）,纯方言/少数民族语言标签，无普通话标签（对应'全部对白为方言'的狭义纯方言片）,https://movie.douban.com/subject/1298051/
方言片,1305016,神勇飞虎霸王花,1989,6.9,6898,喜剧 / 动作,Pre-1990s,粤语,粤语,粤语,粤语（广府片/白话）,Tier 1,≈100%（推断）,纯方言/少数民族语言标签，无普通话标签（对应'全部对白为方言'的狭义纯方言片）,https://movie.douban.com/subject/1305016/
方言片,2295794,神行太保,1989,6.4,697,惊悚,Pre-1990s,粤语,粤语,粤语,粤语（广府片/白话）,Tier 1,≈100%（推断）,纯方言/少数民族语言标签，无普通话标签（对应'全部对白为方言'的狭义纯方言片）,https://movie.douban.com/subject/2295794/
方言片,2084338,福星临门,1989,6.1,333,喜剧,Pre-1990s,粤语,粤语,粤语,粤语（广府片/白话）,Tier 1,≈100%（推断）,纯方言/少数民族语言标签，无普通话标签（对应'全部对白为方言'的狭义纯方言片）,https://movie.douban.com/subject/2084338/
方言片,1302110,福星闯江湖,1989,6.5,4093,喜剧,Pre-1990s,粤语,粤语,粤语,粤语（广府片/白话）,Tier 1,≈100%（推断）,纯方言/少数民族语言标签，无普通话标签（对应'全部对白为方言'的狭义纯方言片）,https://movie.douban.com/subject/1302110/
方言片,1301324,第一茧,1989,7.1,1558,剧情 / 爱情 / 惊悚,Pre-1990s,粤语,粤语,粤语,粤语（广府片/白话）,Tier 1,≈100%（推断）,纯方言/少数民族语言标签，无普通话标签（对应'全部对白为方言'的狭义纯方言片）,https://movie.douban.com/subject/1301324/
方言片,1464932,精装追女仔之3狼之一族,1989,6.2,4754,喜剧,Pre-1990s,粤语,粤语,粤语,粤语（广府片/白话）,Tier 1,≈100%（推断）,纯方言/少数民族语言标签，无普通话标签（对应'全部对白为方言'的狭义纯方言片）,https://movie.douban.com/subject/1464932/
方言片,1305420,群龙戏凤,1989,7.1,2010,动作 / 喜剧 / 爱情,Pre-1990s,粤语,粤语,粤语,粤语（广府片/白话）,Tier 1,≈100%（推断）,纯方言/少数民族语言标签，无普通话标签（对应'全部对白为方言'的狭义纯方言片）,https://movie.douban.com/subject/1305420/
方言片,1304994,花心三剑侠,1989,5.9,866,喜剧 / 爱情,Pre-1990s,粤语,粤语,粤语,粤语（广府片/白话）,Tier 1,≈100%（推断）,纯方言/少数民族语言标签，无普通话标签（对应'全部对白为方言'的狭义纯方言片）,https://movie.douban.com/subject/1304994/
方言片,2062919,花心梦里人,1989,6.7,432,喜剧 / 爱情,Pre-1990s,粤语,粤语,粤语,粤语（广府片/白话）,Tier 1,≈100%（推断）,纯方言/少数民族语言标签，无普通话标签（对应'全部对白为方言'的狭义纯方言片）,https://movie.douban.com/subject/2062919/
方言片,1293759,英雄本色3：夕阳之歌,1989,7.5,48748,动作 / 战争,Pre-1990s,粤语,粤语,粤语,粤语（广府片/白话）,Tier 1,≈100%（推断）,纯方言/少数民族语言标签，无普通话标签（对应'全部对白为方言'的狭义纯方言片）,https://movie.douban.com/subject/1293759/
方言片,3112461,血裸祭,1989,5.6,161,犯罪 / 恐怖,Pre-1990s,粤语,粤语,粤语,粤语（广府片/白话）,Tier 1,≈100%（推断）,纯方言/少数民族语言标签，无普通话标签（对应'全部对白为方言'的狭义纯方言片）,https://movie.douban.com/subject/3112461/
方言片,1304983,说谎的女人,1989,7.1,1747,剧情,Pre-1990s,粤语,粤语,粤语,粤语（广府片/白话）,Tier 1,≈100%（推断）,纯方言/少数民族语言标签，无普通话标签（对应'全部对白为方言'的狭义纯方言片）,https://movie.douban.com/subject/1304983/
方言片,1300883,赌神,1989,8.4,212127,喜剧 / 剧情,Pre-1990s,粤语 / 日语 / 英语,粤语 / 日语 / 英语,粤语,粤语（广府片/白话）,Tier 1,≈100%（推断）,纯方言/少数民族语言标签，无普通话标签（对应'全部对白为方言'的狭义纯方言片）,https://movie.douban.com/subject/1300883/
方言片,1299968,轰天龙虎会,1989,5.1,655,犯罪 / 剧情 / 爱情,Pre-1990s,粤语,粤语,粤语,粤语（广府片/白话）,Tier 1,≈100%（推断）,纯方言/少数民族语言标签，无普通话标签（对应'全部对白为方言'的狭义纯方言片）,https://movie.douban.com/subject/1299968/
方言片,3143967,返老还童,1989,6.6,2302,喜剧,Pre-1990s,粤语,粤语,粤语,粤语（广府片/白话）,Tier 1,≈100%（推断）,纯方言/少数民族语言标签，无普通话标签（对应'全部对白为方言'的狭义纯方言片）,https://movie.douban.com/subject/3143967/
方言片,1298570,都市猎人,1989,6.1,905,悬疑 / 惊悚,Pre-1990s,粤语,粤语,粤语,粤语（广府片/白话）,Tier 1,≈100%（推断）,纯方言/少数民族语言标签，无普通话标签（对应'全部对白为方言'的狭义纯方言片）,https://movie.douban.com/subject/1298570/
方言片,1307833,金牌师姐,1989,6.3,228,动作,Pre-1990s,粤语,粤语,粤语,粤语（广府片/白话）,Tier 1,≈100%（推断）,纯方言/少数民族语言标签，无普通话标签（对应'全部对白为方言'的狭义纯方言片）,https://movie.douban.com/subject/1307833/
方言片,1293315,阿郎的故事,1989,8.6,101598,剧情 / 家庭,Pre-1990s,粤语,粤语,粤语,粤语（广府片/白话）,Tier 1,≈100%（推断）,纯方言/少数民族语言标签，无普通话标签（对应'全部对白为方言'的狭义纯方言片）,https://movie.douban.com/subject/1293315/
方言片,1298029,雌雄双辣,1989,6.2,3508,动作 / 犯罪 / 剧情,Pre-1990s,粤语,粤语,粤语,粤语（广府片/白话）,Tier 1,≈100%（推断）,纯方言/少数民族语言标签，无普通话标签（对应'全部对白为方言'的狭义纯方言片）,https://movie.douban.com/subject/1298029/
方言片,1299630,飙城,1989,7.2,763,犯罪 / 剧情 / 爱情,Pre-1990s,粤语,粤语,粤语,粤语（广府片/白话）,Tier 1,≈100%（推断）,纯方言/少数民族语言标签，无普通话标签（对应'全部对白为方言'的狭义纯方言片）,https://movie.douban.com/subject/1299630/
方言片,1303321,飞越危墙,1989,6.2,219,动作,Pre-1990s,粤语,粤语,粤语,粤语（广府片/白话）,Tier 1,≈100%（推断）,纯方言/少数民族语言标签，无普通话标签（对应'全部对白为方言'的狭义纯方言片）,https://movie.douban.com/subject/1303321/
方言片,1302238,飞越黄昏,1989,7.9,957,剧情,Pre-1990s,粤语 / 英语,粤语 / 英语,粤语,粤语（广府片/白话）,Tier 1,≈100%（推断）,纯方言/少数民族语言标签，无普通话标签（对应'全部对白为方言'的狭义纯方言片）,https://movie.douban.com/subject/1302238/
方言片,1479819,鬼媾人,1989,5.9,2060,喜剧 / 恐怖,Pre-1990s,粤语,粤语,粤语,粤语（广府片/白话）,Tier 1,≈100%（推断）,纯方言/少数民族语言标签，无普通话标签（对应'全部对白为方言'的狭义纯方言片）,https://movie.douban.com/subject/1479819/
方言片,1304075,黑道福星,1989,5.7,290,喜剧 / 动作 / 犯罪,Pre-1990s,粤语,粤语,粤语,粤语（广府片/白话）,Tier 1,≈100%（推断）,纯方言/少数民族语言标签，无普通话标签（对应'全部对白为方言'的狭义纯方言片）,https://movie.douban.com/subject/1304075/
方言片,1863817,龙之争霸,1989,6.3,541,动作 / 犯罪,Pre-1990s,粤语,粤语,粤语,粤语（广府片/白话）,Tier 1,≈100%（推断）,纯方言/少数民族语言标签，无普通话标签（对应'全部对白为方言'的狭义纯方言片）,https://movie.douban.com/subject/1863817/
方言片,1294227,龙在天涯,1989,6.5,11901,动作,Pre-1990s,粤语,粤语,粤语,粤语（广府片/白话）,Tier 1,≈100%（推断）,纯方言/少数民族语言标签，无普通话标签（对应'全部对白为方言'的狭义纯方言片）,https://movie.douban.com/subject/1294227/
方言片,3059556,BB 30,1990,6.3,213,喜剧,1990s,粤语,粤语,粤语,粤语（广府片/白话）,Tier 1,≈100%（推断）,纯方言/少数民族语言标签，无普通话标签（对应'全部对白为方言'的狭义纯方言片）,https://movie.douban.com/subject/3059556/
方言片,1303431,一咬OK,1990,5.7,1122,喜剧 / 恐怖,1990s,粤语,粤语,粤语,粤语（广府片/白话）,Tier 1,≈100%（推断）,纯方言/少数民族语言标签，无普通话标签（对应'全部对白为方言'的狭义纯方言片）,https://movie.douban.com/subject/1303431/
方言片,1307456,一本漫画闯天涯,1990,6.8,30966,剧情 / 喜剧 / 动作,1990s,粤语,粤语,粤语,粤语（广府片/白话）,Tier 1,≈100%（推断）,纯方言/少数民族语言标签，无普通话标签（对应'全部对白为方言'的狭义纯方言片）,https://movie.douban.com/subject/1307456/
方言片,1298515,三人新世界,1990,6.4,1153,喜剧,1990s,粤语,粤语,粤语,粤语（广府片/白话）,Tier 1,≈100%（推断）,纯方言/少数民族语言标签，无普通话标签（对应'全部对白为方言'的狭义纯方言片）,https://movie.douban.com/subject/1298515/
方言片,1301128,东方老虎,1990,5.6,262,动作,1990s,粤语,粤语,粤语,粤语（广府片/白话）,Tier 1,≈100%（推断）,纯方言/少数民族语言标签，无普通话标签（对应'全部对白为方言'的狭义纯方言片）,https://movie.douban.com/subject/1301128/
方言片,1307543,义胆雄心,1990,6.5,1050,动作,1990s,粤语,粤语,粤语,粤语（广府片/白话）,Tier 1,≈100%（推断）,纯方言/少数民族语言标签，无普通话标签（对应'全部对白为方言'的狭义纯方言片）,https://movie.douban.com/subject/1307543/
方言片,1300843,乱世儿女,1990,6.6,1425,动作,1990s,粤语,粤语,粤语,粤语（广府片/白话）,Tier 1,≈100%（推断）,纯方言/少数民族语言标签，无普通话标签（对应'全部对白为方言'的狭义纯方言片）,https://movie.douban.com/subject/1300843/
方言片,1296629,倩女幽魂2：人间道,1990,8.0,153888,爱情 / 奇幻 / 武侠,1990s,粤语,粤语,粤语,粤语（广府片/白话）,Tier 1,≈100%（推断）,纯方言/少数民族语言标签，无普通话标签（对应'全部对白为方言'的狭义纯方言片）,https://movie.douban.com/subject/1296629/
方言片,1479855,僵尸医生,1990,6.1,2677,喜剧 / 恐怖 / 爱情,1990s,粤语,粤语,粤语,粤语（广府片/白话）,Tier 1,≈100%（推断）,纯方言/少数民族语言标签，无普通话标签（对应'全部对白为方言'的狭义纯方言片）,https://movie.douban.com/subject/1479855/
方言片,1302482,再战江湖,1990,6.7,2271,动作 / 剧情,1990s,粤语 / 英语,粤语 / 英语,粤语,粤语（广府片/白话）,Tier 1,≈100%（推断）,纯方言/少数民族语言标签，无普通话标签（对应'全部对白为方言'的狭义纯方言片）,https://movie.douban.com/subject/1302482/
方言片,2378596,别姬,1990,6.2,371,nan,1990s,粤语,粤语,粤语,粤语（广府片/白话）,Tier 1,≈100%（推断）,纯方言/少数民族语言标签，无普通话标签（对应'全部对白为方言'的狭义纯方言片）,https://movie.douban.com/subject/2378596/
方言片,1308400,勇闯天下,1990,7.0,130,剧情 / 动作 / 犯罪,1990s,粤语,粤语,粤语,粤语（广府片/白话）,Tier 1,≈100%（推断）,纯方言/少数民族语言标签，无普通话标签（对应'全部对白为方言'的狭义纯方言片）,https://movie.douban.com/subject/1308400/
方言片,1307282,千年女妖,1990,6.3,2824,恐怖,1990s,粤语,粤语,粤语,粤语（广府片/白话）,Tier 1,≈100%（推断）,纯方言/少数民族语言标签，无普通话标签（对应'全部对白为方言'的狭义纯方言片）,https://movie.douban.com/subject/1307282/
方言片,1307667,古惑大律师,1990,6.8,1159,剧情 / 犯罪,1990s,粤语,粤语,粤语,粤语（广府片/白话）,Tier 1,≈100%（推断）,纯方言/少数民族语言标签，无普通话标签（对应'全部对白为方言'的狭义纯方言片）,https://movie.douban.com/subject/1307667/
方言片,1302443,吉星拱照,1990,7.5,11280,喜剧,1990s,粤语,粤语,粤语,粤语（广府片/白话）,Tier 1,≈100%（推断）,纯方言/少数民族语言标签，无普通话标签（对应'全部对白为方言'的狭义纯方言片）,https://movie.douban.com/subject/1302443/
方言片,1301865,咖喱辣椒,1990,7.3,53403,犯罪 / 动作 / 爱情,1990s,粤语 / 英语 / 马来语,粤语 / 英语 / 马来语,粤语,粤语（广府片/白话）,Tier 1,≈100%（推断）,纯方言/少数民族语言标签，无普通话标签（对应'全部对白为方言'的狭义纯方言片）,https://movie.douban.com/subject/1301865/
方言片,1813764,唯我独尊,1990,6.0,1441,动作 / 犯罪,1990s,粤语,粤语,粤语,粤语（广府片/白话）,Tier 1,≈100%（推断）,纯方言/少数民族语言标签，无普通话标签（对应'全部对白为方言'的狭义纯方言片）,https://movie.douban.com/subject/1813764/
方言片,1295344,喋血街头,1990,8.2,43322,剧情 / 动作 / 犯罪,1990s,粤语 / 英语 / 越南语 / 法语,粤语 / 英语 / 越南语 / 法语,粤语,粤语（广府片/白话）,Tier 1,≈100%（推断）,纯方言/少数民族语言标签，无普通话标签（对应'全部对白为方言'的狭义纯方言片）,https://movie.douban.com/subject/1295344/
方言片,1307421,喋血风云,1990,5.9,197,动作,1990s,粤语,粤语,粤语,粤语（广府片/白话）,Tier 1,≈100%（推断）,纯方言/少数民族语言标签，无普通话标签（对应'全部对白为方言'的狭义纯方言片）,https://movie.douban.com/subject/1307421/
方言片,3155241,四人新世界,1990,6.4,199,喜剧,1990s,粤语,粤语,粤语,粤语（广府片/白话）,Tier 1,≈100%（推断）,纯方言/少数民族语言标签，无普通话标签（对应'全部对白为方言'的狭义纯方言片）,https://movie.douban.com/subject/3155241/
方言片,1298048,圣战风云,1990,5.8,516,动作 / 犯罪 / 惊悚,1990s,粤语 / 英语 / 波兰语,粤语 / 英语 / 波兰语,粤语,粤语（广府片/白话）,Tier 1,≈100%（推断）,纯方言/少数民族语言标签，无普通话标签（对应'全部对白为方言'的狭义纯方言片）,https://movie.douban.com/subject/1298048/
方言片,3066891,夜魔先生,1990,6.2,415,喜剧 / 恐怖,1990s,粤语,粤语,粤语,粤语（广府片/白话）,Tier 1,≈100%（推断）,纯方言/少数民族语言标签，无普通话标签（对应'全部对白为方言'的狭义纯方言片）,https://movie.douban.com/subject/3066891/
方言片,1300541,天师捉奸,1990,6.0,901,喜剧 / 恐怖,1990s,粤语,粤语,粤语,粤语（广府片/白话）,Tier 1,≈100%（推断）,纯方言/少数民族语言标签，无普通话标签（对应'全部对白为方言'的狭义纯方言片）,https://movie.douban.com/subject/1300541/
方言片,1297710,天若有情,1990,8.4,83769,动作 / 剧情 / 爱情,1990s,粤语,粤语,粤语,粤语（广府片/白话）,Tier 1,≈100%（推断）,纯方言/少数民族语言标签，无普通话标签（对应'全部对白为方言'的狭义纯方言片）,https://movie.douban.com/subject/1297710/
方言片,1308358,奇兵,1990,6.0,121,动作,1990s,粤语,粤语,粤语,粤语（广府片/白话）,Tier 1,≈100%（推断）,纯方言/少数民族语言标签，无普通话标签（对应'全部对白为方言'的狭义纯方言片）,https://movie.douban.com/subject/1308358/
方言片,25786046,娱乐圈血肉史,1990,9.3,1968,真人秀,1990s,粤语,粤语,粤语,粤语（广府片/白话）,Tier 1,≈100%（推断）,纯方言/少数民族语言标签，无普通话标签（对应'全部对白为方言'的狭义纯方言片）,https://movie.douban.com/subject/25786046/
方言片,1863361,安乐战场,1990,6.6,2510,剧情 / 动作 / 恐怖,1990s,粤语 / 英语 / 塔加路语 / 菲律宾语,粤语 / 英语 / 塔加路语 / 菲律宾语,粤语,粤语（广府片/白话）,Tier 1,≈100%（推断）,纯方言/少数民族语言标签，无普通话标签（对应'全部对白为方言'的狭义纯方言片）,https://movie.douban.com/subject/1863361/
方言片,1298155,富贵兵团,1990,6.8,9670,动作 / 喜剧,1990s,粤语,粤语,粤语,粤语（广府片/白话）,Tier 1,≈100%（推断）,纯方言/少数民族语言标签，无普通话标签（对应'全部对白为方言'的狭义纯方言片）,https://movie.douban.com/subject/1298155/
方言片,1400667,小偷阿星,1990,6.5,14884,剧情 / 喜剧,1990s,粤语,粤语,粤语,粤语（广府片/白话）,Tier 1,≈100%（推断）,纯方言/少数民族语言标签，无普通话标签（对应'全部对白为方言'的狭义纯方言片）,https://movie.douban.com/subject/1400667/
方言片,1295570,小心间谍,1990,6.5,684,动作 / 喜剧 / 悬疑,1990s,粤语,粤语,粤语,粤语（广府片/白话）,Tier 1,≈100%（推断）,纯方言/少数民族语言标签，无普通话标签（对应'全部对白为方言'的狭义纯方言片）,https://movie.douban.com/subject/1295570/
方言片,1300085,尸家重地,1990,7.2,11185,喜剧 / 恐怖,1990s,粤语,粤语,粤语,粤语（广府片/白话）,Tier 1,≈100%（推断）,纯方言/少数民族语言标签，无普通话标签（对应'全部对白为方言'的狭义纯方言片）,https://movie.douban.com/subject/1300085/
方言片,3081360,屠龙擒魔,1990,5.6,263,动作 / 剧情,1990s,粤语,粤语,粤语,粤语（广府片/白话）,Tier 1,≈100%（推断）,纯方言/少数民族语言标签，无普通话标签（对应'全部对白为方言'的狭义纯方言片）,https://movie.douban.com/subject/3081360/
方言片,1419924,师兄撞鬼,1990,7.1,26446,喜剧 / 动作 / 奇幻,1990s,粤语,粤语,粤语,粤语（广府片/白话）,Tier 1,≈100%（推断）,纯方言/少数民族语言标签，无普通话标签（对应'全部对白为方言'的狭义纯方言片）,https://movie.douban.com/subject/1419924/
方言片,1302177,平凡英雄,1990,5.6,142,动作 / 悬疑 / 犯罪,1990s,粤语,粤语,粤语,粤语（广府片/白话）,Tier 1,≈100%（推断）,纯方言/少数民族语言标签，无普通话标签（对应'全部对白为方言'的狭义纯方言片）,https://movie.douban.com/subject/1302177/
方言片,1302331,庙街皇后,1990,7.3,694,剧情,1990s,粤语,粤语,粤语,粤语（广府片/白话）,Tier 1,≈100%（推断）,纯方言/少数民族语言标签，无普通话标签（对应'全部对白为方言'的狭义纯方言片）,https://movie.douban.com/subject/1302331/
方言片,1307221,开心鬼救开心鬼,1990,7.3,18285,喜剧 / 奇幻 / 恐怖,1990s,粤语,粤语,粤语,粤语（广府片/白话）,Tier 1,≈100%（推断）,纯方言/少数民族语言标签，无普通话标签（对应'全部对白为方言'的狭义纯方言片）,https://movie.douban.com/subject/1307221/
方言片,1949645,快乐的小鸡,1990,6.7,668,剧情,1990s,粤语,粤语,粤语,粤语（广府片/白话）,Tier 1,≈100%（推断）,纯方言/少数民族语言标签，无普通话标签（对应'全部对白为方言'的狭义纯方言片）,https://movie.douban.com/subject/1949645/
方言片,1479860,捉鬼合家欢,1990,7.0,2444,家庭 / 喜剧 / 奇幻,1990s,粤语,粤语,粤语,粤语（广府片/白话）,Tier 1,≈100%（推断）,纯方言/少数民族语言标签，无普通话标签（对应'全部对白为方言'的狭义纯方言片）,https://movie.douban.com/subject/1479860/
方言片,1306381,摩登如来神掌,1990,6.5,14750,喜剧 / 奇幻 / 古装,1990s,粤语,粤语,粤语,粤语（广府片/白话）,Tier 1,≈100%（推断）,纯方言/少数民族语言标签，无普通话标签（对应'全部对白为方言'的狭义纯方言片）,https://movie.douban.com/subject/1306381/
方言片,1307492,救命宣言,1990,7.1,505,剧情,1990s,粤语,粤语,粤语,粤语（广府片/白话）,Tier 1,≈100%（推断）,纯方言/少数民族语言标签，无普通话标签（对应'全部对白为方言'的狭义纯方言片）,https://movie.douban.com/subject/1307492/
方言片,1468527,新半斤八两,1990,7.4,6267,喜剧,1990s,粤语,粤语,粤语,粤语（广府片/白话）,Tier 1,≈100%（推断）,纯方言/少数民族语言标签，无普通话标签（对应'全部对白为方言'的狭义纯方言片）,https://movie.douban.com/subject/1468527/
方言片,1296156,无名家族,1990,6.1,145,剧情 / 动作,1990s,粤语,粤语,粤语,粤语（广府片/白话）,Tier 1,≈100%（推断）,纯方言/少数民族语言标签，无普通话标签（对应'全部对白为方言'的狭义纯方言片）,https://movie.douban.com/subject/1296156/
方言片,1400668,无敌幸运星,1990,7.1,57775,喜剧 / 动作,1990s,粤语,粤语,粤语,粤语（广府片/白话）,Tier 1,≈100%（推断）,纯方言/少数民族语言标签，无普通话标签（对应'全部对白为方言'的狭义纯方言片）,https://movie.douban.com/subject/1400668/
方言片,2150745,最佳贼拍档,1990,6.8,684,动作 / 犯罪 / 惊悚,1990s,粤语,粤语,粤语,粤语（广府片/白话）,Tier 1,≈100%（推断）,纯方言/少数民族语言标签，无普通话标签（对应'全部对白为方言'的狭义纯方言片）,https://movie.douban.com/subject/2150745/
方言片,1307776,有鬼住在隔壁,1990,5.9,1107,动作 / 喜剧 / 奇幻,1990s,粤语,粤语,粤语,粤语（广府片/白话）,Tier 1,≈100%（推断）,纯方言/少数民族语言标签，无普通话标签（对应'全部对白为方言'的狭义纯方言片）,https://movie.douban.com/subject/1307776/
方言片,2351416,朋党,1990,6.5,820,犯罪 / 剧情,1990s,粤语,粤语,粤语,粤语（广府片/白话）,Tier 1,≈100%（推断）,纯方言/少数民族语言标签，无普通话标签（对应'全部对白为方言'的狭义纯方言片）,https://movie.douban.com/subject/2351416/
方言片,1298603,望夫成龙,1990,7.4,36449,喜剧 / 爱情,1990s,粤语,粤语,粤语,粤语（广府片/白话）,Tier 1,≈100%（推断）,纯方言/少数民族语言标签，无普通话标签（对应'全部对白为方言'的狭义纯方言片）,https://movie.douban.com/subject/1298603/
方言片,1297952,横冲直撞火凤凰,1990,5.5,189,喜剧 / 动作,1990s,粤语,粤语,粤语,粤语（广府片/白话）,Tier 1,≈100%（推断）,纯方言/少数民族语言标签，无普通话标签（对应'全部对白为方言'的狭义纯方言片）,https://movie.douban.com/subject/1297952/
方言片,1307655,水玲珑,1990,6.4,308,剧情 / 奇幻,1990s,粤语,粤语,粤语,粤语（广府片/白话）,Tier 1,≈100%（推断）,纯方言/少数民族语言标签，无普通话标签（对应'全部对白为方言'的狭义纯方言片）,https://movie.douban.com/subject/1307655/
方言片,1306573,江湖最后一个大佬,1990,6.6,10376,剧情 / 动作 / 犯罪,1990s,粤语,粤语,粤语,粤语（广府片/白话）,Tier 1,≈100%（推断）,纯方言/少数民族语言标签，无普通话标签（对应'全部对白为方言'的狭义纯方言片）,https://movie.douban.com/subject/1306573/
方言片,1301240,洗黑钱,1990,6.7,4074,动作 / 犯罪,1990s,粤语,粤语,粤语,粤语（广府片/白话）,Tier 1,≈100%（推断）,纯方言/少数民族语言标签，无普通话标签（对应'全部对白为方言'的狭义纯方言片）,https://movie.douban.com/subject/1301240/
方言片,2334129,浪漫杀手自由人,1990,6.2,573,动作,1990s,粤语 / 英语 / 日语,粤语 / 英语 / 日语,粤语,粤语（广府片/白话）,Tier 1,≈100%（推断）,纯方言/少数民族语言标签，无普通话标签（对应'全部对白为方言'的狭义纯方言片）,https://movie.douban.com/subject/2334129/
方言片,1916516,爱的世界,1990,7.3,1842,剧情,1990s,粤语,粤语,粤语,粤语（广府片/白话）,Tier 1,≈100%（推断）,纯方言/少数民族语言标签，无普通话标签（对应'全部对白为方言'的狭义纯方言片）,https://movie.douban.com/subject/1916516/
方言片,1302292,狱中龙,1990,7.0,5478,动作 / 犯罪,1990s,粤语,粤语,粤语,粤语（广府片/白话）,Tier 1,≈100%（推断）,纯方言/少数民族语言标签，无普通话标签（对应'全部对白为方言'的狭义纯方言片）,https://movie.douban.com/subject/1302292/
方言片,1308215,猛鬼霸王花,1990,6.2,1970,动作 / 恐怖,1990s,粤语,粤语,粤语,粤语（广府片/白话）,Tier 1,≈100%（推断）,纯方言/少数民族语言标签，无普通话标签（对应'全部对白为方言'的狭义纯方言片）,https://movie.douban.com/subject/1308215/
方言片,1301034,猪标一族,1990,6.6,1125,剧情 / 喜剧 / 犯罪,1990s,粤语,粤语,粤语,粤语（广府片/白话）,Tier 1,≈100%（推断）,纯方言/少数民族语言标签，无普通话标签（对应'全部对白为方言'的狭义纯方言片）,https://movie.douban.com/subject/1301034/
方言片,1300144,玩命双雄,1990,6.7,257,剧情,1990s,粤语,粤语,粤语,粤语（广府片/白话）,Tier 1,≈100%（推断）,纯方言/少数民族语言标签，无普通话标签（对应'全部对白为方言'的狭义纯方言片）,https://movie.douban.com/subject/1300144/
方言片,1300819,瘦虎肥龙,1990,7.0,3481,动作 / 喜剧,1990s,粤语,粤语,粤语,粤语（广府片/白话）,Tier 1,≈100%（推断）,纯方言/少数民族语言标签，无普通话标签（对应'全部对白为方言'的狭义纯方言片）,https://movie.douban.com/subject/1300819/
方言片,2362260,皇家师姐5中间人,1990,5.8,502,动作,1990s,粤语,粤语,粤语,粤语（广府片/白话）,Tier 1,≈100%（推断）,纯方言/少数民族语言标签，无普通话标签（对应'全部对白为方言'的狭义纯方言片）,https://movie.douban.com/subject/2362260/
方言片,1299943,皇家赌船,1990,6.3,1106,喜剧 / 动作,1990s,粤语,粤语,粤语,粤语（广府片/白话）,Tier 1,≈100%（推断）,纯方言/少数民族语言标签，无普通话标签（对应'全部对白为方言'的狭义纯方言片）,https://movie.douban.com/subject/1299943/
方言片,1297304,笑傲江湖,1990,8.0,88814,动作 / 武侠 / 古装,1990s,粤语,粤语,粤语,粤语（广府片/白话）,Tier 1,≈100%（推断）,纯方言/少数民族语言标签，无普通话标签（对应'全部对白为方言'的狭义纯方言片）,https://movie.douban.com/subject/1297304/
方言片,2311805,笑星撞地球,1990,6.1,749,喜剧,1990s,粤语,粤语,粤语,粤语（广府片/白话）,Tier 1,≈100%（推断）,纯方言/少数民族语言标签，无普通话标签（对应'全部对白为方言'的狭义纯方言片）,https://movie.douban.com/subject/2311805/
方言片,1308312,红场飞龙,1990,5.8,1875,动作,1990s,粤语,粤语,粤语,粤语（广府片/白话）,Tier 1,≈100%（推断）,纯方言/少数民族语言标签，无普通话标签（对应'全部对白为方言'的狭义纯方言片）,https://movie.douban.com/subject/1308312/
方言片,1298220,绝桥智多星,1990,6.4,464,动作 / 犯罪,1990s,粤语,粤语,粤语,粤语（广府片/白话）,Tier 1,≈100%（推断）,纯方言/少数民族语言标签，无普通话标签（对应'全部对白为方言'的狭义纯方言片）,https://movie.douban.com/subject/1298220/
方言片,1306867,老婆，你好嘢！,1990,6.3,167,喜剧,1990s,粤语,粤语,粤语,粤语（广府片/白话）,Tier 1,≈100%（推断）,纯方言/少数民族语言标签，无普通话标签（对应'全部对白为方言'的狭义纯方言片）,https://movie.douban.com/subject/1306867/
方言片,1307510,脂粉双雄,1990,6.9,422,喜剧 / 动作 / 惊悚,1990s,粤语,粤语,粤语,粤语（广府片/白话）,Tier 1,≈100%（推断）,纯方言/少数民族语言标签，无普通话标签（对应'全部对白为方言'的狭义纯方言片）,https://movie.douban.com/subject/1307510/
方言片,1307704,至尊计状元才,1990,6.5,4268,剧情 / 犯罪,1990s,粤语 / 英语,粤语 / 英语,粤语,粤语（广府片/白话）,Tier 1,≈100%（推断）,纯方言/少数民族语言标签，无普通话标签（对应'全部对白为方言'的狭义纯方言片）,https://movie.douban.com/subject/1307704/
方言片,1895615,舞台姊妹,1990,7.3,819,剧情 / 动作,1990s,粤语,粤语,粤语,粤语（广府片/白话）,Tier 1,≈100%（推断）,纯方言/少数民族语言标签，无普通话标签（对应'全部对白为方言'的狭义纯方言片）,https://movie.douban.com/subject/1895615/
方言片,1302367,虎胆女儿红,1990,6.6,566,剧情 / 动作 / 犯罪,1990s,粤语,粤语,粤语,粤语（广府片/白话）,Tier 1,≈100%（推断）,纯方言/少数民族语言标签，无普通话标签（对应'全部对白为方言'的狭义纯方言片）,https://movie.douban.com/subject/1302367/
方言片,1307674,衰鬼撬墙脚,1990,6.4,1852,喜剧,1990s,粤语,粤语,粤语,粤语（广府片/白话）,Tier 1,≈100%（推断）,纯方言/少数民族语言标签，无普通话标签（对应'全部对白为方言'的狭义纯方言片）,https://movie.douban.com/subject/1307674/
方言片,2208942,西环的故事,1990,6.5,1026,剧情 / 犯罪,1990s,粤语,粤语,粤语,粤语（广府片/白话）,Tier 1,≈100%（推断）,纯方言/少数民族语言标签，无普通话标签（对应'全部对白为方言'的狭义纯方言片）,https://movie.douban.com/subject/2208942/
方言片,1307871,警察扒手两家亲,1990,6.8,458,喜剧,1990s,粤语,粤语,粤语,粤语（广府片/白话）,Tier 1,≈100%（推断）,纯方言/少数民族语言标签，无普通话标签（对应'全部对白为方言'的狭义纯方言片）,https://movie.douban.com/subject/1307871/
方言片,1300566,赌侠,1990,7.8,173239,剧情 / 喜剧,1990s,粤语,粤语,粤语,粤语（广府片/白话）,Tier 1,≈100%（推断）,纯方言/少数民族语言标签，无普通话标签（对应'全部对白为方言'的狭义纯方言片）,https://movie.douban.com/subject/1300566/
方言片,1298644,赌圣,1990,7.8,179620,喜剧 / 动作,1990s,粤语,粤语,粤语,粤语（广府片/白话）,Tier 1,≈100%（推断）,纯方言/少数民族语言标签，无普通话标签（对应'全部对白为方言'的狭义纯方言片）,https://movie.douban.com/subject/1298644/
方言片,1301065,赌王,1990,6.2,429,动作,1990s,粤语,粤语,粤语,粤语（广府片/白话）,Tier 1,≈100%（推断）,纯方言/少数民族语言标签，无普通话标签（对应'全部对白为方言'的狭义纯方言片）,https://movie.douban.com/subject/1301065/
方言片,2367827,起尾注,1990,6.3,462,喜剧,1990s,粤语,粤语,粤语,粤语（广府片/白话）,Tier 1,≈100%（推断）,纯方言/少数民族语言标签，无普通话标签（对应'全部对白为方言'的狭义纯方言片）,https://movie.douban.com/subject/2367827/
方言片,1307933,都市煞星,1990,6.1,572,动作 / 犯罪,1990s,粤语,粤语,粤语,粤语（广府片/白话）,Tier 1,≈100%（推断）,纯方言/少数民族语言标签，无普通话标签（对应'全部对白为方言'的狭义纯方言片）,https://movie.douban.com/subject/1307933/
方言片,1296957,错在新宿,1990,6.6,788,喜剧 / 爱情,1990s,粤语,粤语,粤语,粤语（广府片/白话）,Tier 1,≈100%（推断）,纯方言/少数民族语言标签，无普通话标签（对应'全部对白为方言'的狭义纯方言片）,https://movie.douban.com/subject/1296957/
方言片,1917010,靓足100分,1990,6.2,1548,喜剧,1990s,粤语,粤语,粤语,粤语（广府片/白话）,Tier 1,≈100%（推断）,纯方言/少数民族语言标签，无普通话标签（对应'全部对白为方言'的狭义纯方言片）,https://movie.douban.com/subject/1917010/
方言片,1302451,风雨同路,1990,7.6,15858,剧情 / 动作 / 犯罪,1990s,粤语,粤语,粤语,粤语（广府片/白话）,Tier 1,≈100%（推断）,纯方言/少数民族语言标签，无普通话标签（对应'全部对白为方言'的狭义纯方言片）,https://movie.douban.com/subject/1302451/
方言片,1299667,驱魔警察,1990,7.8,22492,喜剧 / 动作 / 奇幻,1990s,粤语,粤语,粤语,粤语（广府片/白话）,Tier 1,≈100%（推断）,纯方言/少数民族语言标签，无普通话标签（对应'全部对白为方言'的狭义纯方言片）,https://movie.douban.com/subject/1299667/
方言片,1303944,鬼咬鬼,1990,7.4,9942,动作 / 恐怖 / 喜剧,1990s,粤语,粤语,粤语,粤语（广府片/白话）,Tier 1,≈100%（推断）,纯方言/少数民族语言标签，无普通话标签（对应'全部对白为方言'的狭义纯方言片）,https://movie.douban.com/subject/1303944/
方言片,1305335,魔画情,1990,6.1,3178,奇幻 / 爱情,1990s,粤语,粤语,粤语,粤语（广府片/白话）,Tier 1,≈100%（推断）,纯方言/少数民族语言标签，无普通话标签（对应'全部对白为方言'的狭义纯方言片）,https://movie.douban.com/subject/1305335/
方言片,2159254,麻衣传奇,1990,6.4,1181,剧情 / 恐怖,1990s,粤语,粤语,粤语,粤语（广府片/白话）,Tier 1,≈100%（推断）,纯方言/少数民族语言标签，无普通话标签（对应'全部对白为方言'的狭义纯方言片）,https://movie.douban.com/subject/2159254/
方言片,1421480,龙凤茶楼,1990,6.7,10858,剧情,1990s,粤语,粤语,粤语,粤语（广府片/白话）,Tier 1,≈100%（推断）,纯方言/少数民族语言标签，无普通话标签（对应'全部对白为方言'的狭义纯方言片）,https://movie.douban.com/subject/1421480/
方言片,1307879,龙凤贼捉贼,1990,6.2,288,动作,1990s,粤语,粤语,粤语,粤语（广府片/白话）,Tier 1,≈100%（推断）,纯方言/少数民族语言标签，无普通话标签（对应'全部对白为方言'的狭义纯方言片）,https://movie.douban.com/subject/1307879/
方言片,1308424,BEYOND日记之莫欺少年穷,1991,8.1,8376,喜剧 / 音乐,1990s,粤语,粤语,粤语,粤语（广府片/白话）,Tier 1,≈100%（推断）,纯方言/少数民族语言标签，无普通话标签（对应'全部对白为方言'的狭义纯方言片）,https://movie.douban.com/subject/1308424/
方言片,1780436,YES一族,1991,7.2,1284,喜剧 / 剧情,1990s,粤语,粤语,粤语,粤语（广府片/白话）,Tier 1,≈100%（推断）,纯方言/少数民族语言标签，无普通话标签（对应'全部对白为方言'的狭义纯方言片）,https://movie.douban.com/subject/1780436/
方言片,1295094,一触即发,1991,6.2,741,动作 / 剧情,1990s,粤语,粤语,粤语,粤语（广府片/白话）,Tier 1,≈100%（推断）,纯方言/少数民族语言标签，无普通话标签（对应'全部对白为方言'的狭义纯方言片）,https://movie.douban.com/subject/1295094/
方言片,1307862,与龙共舞,1991,7.3,16759,喜剧 / 剧情 / 爱情,1990s,粤语,粤语,粤语,粤语（广府片/白话）,Tier 1,≈100%（推断）,纯方言/少数民族语言标签，无普通话标签（对应'全部对白为方言'的狭义纯方言片）,https://movie.douban.com/subject/1307862/
方言片,1297694,中环英雄,1991,6.4,3716,喜剧,1990s,粤语,粤语,粤语,粤语（广府片/白话）,Tier 1,≈100%（推断）,纯方言/少数民族语言标签，无普通话标签（对应'全部对白为方言'的狭义纯方言片）,https://movie.douban.com/subject/1297694/
方言片,1301278,九一神雕侠侣,1991,6.4,8694,动作 / 剧情 / 奇幻,1990s,粤语,粤语,粤语,粤语（广府片/白话）,Tier 1,≈100%（推断）,纯方言/少数民族语言标签，无普通话标签（对应'全部对白为方言'的狭义纯方言片）,https://movie.douban.com/subject/1301278/
方言片,1297248,五亿探长雷洛传1：雷老虎,1991,7.8,50662,动作 / 犯罪 / 剧情,1990s,粤语,粤语,粤语,粤语（广府片/白话）,Tier 1,≈100%（推断）,纯方言/少数民族语言标签，无普通话标签（对应'全部对白为方言'的狭义纯方言片）,https://movie.douban.com/subject/1297248/
方言片,1300774,五亿探长雷洛传2：父子情仇,1991,7.5,33258,剧情 / 犯罪,1990s,粤语,粤语,粤语,粤语（广府片/白话）,Tier 1,≈100%（推断）,纯方言/少数民族语言标签，无普通话标签（对应'全部对白为方言'的狭义纯方言片）,https://movie.douban.com/subject/1300774/
方言片,1297629,五虎将之决裂,1991,6.8,6108,剧情 / 动作 / 犯罪,1990s,粤语,粤语,粤语,粤语（广府片/白话）,Tier 1,≈100%（推断）,纯方言/少数民族语言标签，无普通话标签（对应'全部对白为方言'的狭义纯方言片）,https://movie.douban.com/subject/1297629/
方言片,1419925,何日君再来,1991,7.2,2595,剧情 / 爱情 / 战争,1990s,粤语,粤语,粤语,粤语（广府片/白话）,Tier 1,≈100%（推断）,纯方言/少数民族语言标签，无普通话标签（对应'全部对白为方言'的狭义纯方言片）,https://movie.douban.com/subject/1419925/
方言片,1298040,倩女幽魂3：道道道,1991,7.6,93775,动作 / 爱情 / 奇幻,1990s,粤语,粤语,粤语,粤语（广府片/白话）,Tier 1,≈100%（推断）,纯方言/少数民族语言标签，无普通话标签（对应'全部对白为方言'的狭义纯方言片）,https://movie.douban.com/subject/1298040/
方言片,1301338,僵尸福星仔,1991,5.1,1309,喜剧 / 恐怖,1990s,粤语,粤语,粤语,粤语（广府片/白话）,Tier 1,≈100%（推断）,纯方言/少数民族语言标签，无普通话标签（对应'全部对白为方言'的狭义纯方言片）,https://movie.douban.com/subject/1301338/
方言片,3066798,僵尸至尊,1991,7.5,14241,喜剧 / 动作 / 恐怖,1990s,粤语,粤语,粤语,粤语（广府片/白话）,Tier 1,≈100%（推断）,纯方言/少数民族语言标签，无普通话标签（对应'全部对白为方言'的狭义纯方言片）,https://movie.douban.com/subject/3066798/
方言片,3804431,关人鬼事,1991,5.9,312,喜剧 / 动作 / 恐怖,1990s,粤语,粤语,粤语,粤语（广府片/白话）,Tier 1,≈100%（推断）,纯方言/少数民族语言标签，无普通话标签（对应'全部对白为方言'的狭义纯方言片）,https://movie.douban.com/subject/3804431/
方言片,1302668,冲击天子门生,1991,6.2,1419,动作 / 犯罪 / 惊悚,1990s,粤语,粤语,粤语,粤语（广府片/白话）,Tier 1,≈100%（推断）,纯方言/少数民族语言标签，无普通话标签（对应'全部对白为方言'的狭义纯方言片）,https://movie.douban.com/subject/1302668/
方言片,1301842,冷面狙击手,1991,5.7,390,动作,1990s,粤语,粤语,粤语,粤语（广府片/白话）,Tier 1,≈100%（推断）,纯方言/少数民族语言标签，无普通话标签（对应'全部对白为方言'的狭义纯方言片）,https://movie.douban.com/subject/1301842/
方言片,1305625,千王1991,1991,6.6,4409,喜剧,1990s,粤语,粤语,粤语,粤语（广府片/白话）,Tier 1,≈100%（推断）,纯方言/少数民族语言标签，无普通话标签（对应'全部对白为方言'的狭义纯方言片）,https://movie.douban.com/subject/1305625/
方言片,1298014,卫斯理之霸王卸甲,1991,6.4,2856,动作 / 奇幻,1990s,粤语,粤语,粤语,粤语（广府片/白话）,Tier 1,≈100%（推断）,纯方言/少数民族语言标签，无普通话标签（对应'全部对白为方言'的狭义纯方言片）,https://movie.douban.com/subject/1298014/
方言片,1302662,双城故事,1991,7.8,10563,剧情 / 爱情,1990s,粤语,粤语,粤语,粤语（广府片/白话）,Tier 1,≈100%（推断）,纯方言/少数民族语言标签，无普通话标签（对应'全部对白为方言'的狭义纯方言片）,https://movie.douban.com/subject/1302662/
方言片,10581318,四大家族之龙虎兄弟,1991,7.8,2509,剧情 / 犯罪,1990s,粤语,粤语,粤语,粤语（广府片/白话）,Tier 1,≈100%（推断）,纯方言/少数民族语言标签，无普通话标签（对应'全部对白为方言'的狭义纯方言片）,https://movie.douban.com/subject/10581318/
方言片,1299564,地下兵工厂,1991,6.0,410,动作,1990s,粤语,粤语,粤语,粤语（广府片/白话）,Tier 1,≈100%（推断）,纯方言/少数民族语言标签，无普通话标签（对应'全部对白为方言'的狭义纯方言片）,https://movie.douban.com/subject/1299564/
方言片,1299865,天地玄门,1991,6.4,5884,奇幻,1990s,粤语,粤语,粤语,粤语（广府片/白话）,Tier 1,≈100%（推断）,纯方言/少数民族语言标签，无普通话标签（对应'全部对白为方言'的狭义纯方言片）,https://movie.douban.com/subject/1299865/
方言片,1301341,契妈不易做,1991,6.5,568,喜剧 / 犯罪,1990s,粤语,粤语,粤语,粤语（广府片/白话）,Tier 1,≈100%（推断）,纯方言/少数民族语言标签，无普通话标签（对应'全部对白为方言'的狭义纯方言片）,https://movie.douban.com/subject/1301341/
方言片,1298669,妖魔道,1991,6.6,3142,动作 / 奇幻 / 爱情,1990s,粤语,粤语,粤语,粤语（广府片/白话）,Tier 1,≈100%（推断）,纯方言/少数民族语言标签，无普通话标签（对应'全部对白为方言'的狭义纯方言片）,https://movie.douban.com/subject/1298669/
方言片,1303212,婚姻勿语,1991,7.4,601,喜剧 / 剧情 / 爱情,1990s,粤语,粤语,粤语,粤语（广府片/白话）,Tier 1,≈100%（推断）,纯方言/少数民族语言标签，无普通话标签（对应'全部对白为方言'的狭义纯方言片）,https://movie.douban.com/subject/1303212/
方言片,1305544,子弹出租,1991,6.3,995,剧情 / 动作 / 犯罪,1990s,粤语 / 英语,粤语 / 英语,粤语,粤语（广府片/白话）,Tier 1,≈100%（推断）,纯方言/少数民族语言标签，无普通话标签（对应'全部对白为方言'的狭义纯方言片）,https://movie.douban.com/subject/1305544/
方言片,1305511,密宗威龙,1991,5.9,1380,动作 / 鬼怪,1990s,粤语,粤语,粤语,粤语（广府片/白话）,Tier 1,≈100%（推断）,纯方言/少数民族语言标签，无普通话标签（对应'全部对白为方言'的狭义纯方言片）,https://movie.douban.com/subject/1305511/
方言片,1307949,富贵吉祥,1991,6.4,1818,喜剧 / 爱情,1990s,粤语,粤语,粤语,粤语（广府片/白话）,Tier 1,≈100%（推断）,纯方言/少数民族语言标签，无普通话标签（对应'全部对白为方言'的狭义纯方言片）,https://movie.douban.com/subject/1307949/
方言片,1296960,小鬼三个爸,1991,6.7,1362,喜剧,1990s,粤语,粤语,粤语,粤语（广府片/白话）,Tier 1,≈100%（推断）,纯方言/少数民族语言标签，无普通话标签（对应'全部对白为方言'的狭义纯方言片）,https://movie.douban.com/subject/1296960/
方言片,2288893,带子洪郎,1991,6.7,471,剧情,1990s,粤语,粤语,粤语,粤语（广府片/白话）,Tier 1,≈100%（推断）,纯方言/少数民族语言标签，无普通话标签（对应'全部对白为方言'的狭义纯方言片）,https://movie.douban.com/subject/2288893/
方言片,1759975,开心鬼上错身,1991,7.0,17292,喜剧 / 奇幻,1990s,粤语,粤语,粤语,粤语（广府片/白话）,Tier 1,≈100%（推断）,纯方言/少数民族语言标签，无普通话标签（对应'全部对白为方言'的狭义纯方言片）,https://movie.douban.com/subject/1759975/
方言片,1297281,志在出位,1991,6.7,1166,喜剧,1990s,粤语,粤语,粤语,粤语（广府片/白话）,Tier 1,≈100%（推断）,纯方言/少数民族语言标签，无普通话标签（对应'全部对白为方言'的狭义纯方言片）,https://movie.douban.com/subject/1297281/
方言片,1307747,情圣,1991,7.5,85123,喜剧,1990s,粤语,粤语,粤语,粤语（广府片/白话）,Tier 1,≈100%（推断）,纯方言/少数民族语言标签，无普通话标签（对应'全部对白为方言'的狭义纯方言片）,https://movie.douban.com/subject/1307747/
方言片,1308219,我老婆不是人,1991,6.7,3876,喜剧 / 悬疑,1990s,粤语,粤语,粤语,粤语（广府片/白话）,Tier 1,≈100%（推断）,纯方言/少数民族语言标签，无普通话标签（对应'全部对白为方言'的狭义纯方言片）,https://movie.douban.com/subject/1308219/
方言片,1298440,捉鬼专门店,1991,5.9,1214,喜剧 / 恐怖,1990s,粤语,粤语,粤语,粤语（广府片/白话）,Tier 1,≈100%（推断）,纯方言/少数民族语言标签，无普通话标签（对应'全部对白为方言'的狭义纯方言片）,https://movie.douban.com/subject/1298440/
方言片,1299680,整蛊专家,1991,7.8,234510,喜剧 / 爱情,1990s,粤语,粤语,粤语,粤语（广府片/白话）,Tier 1,≈100%（推断）,纯方言/少数民族语言标签，无普通话标签（对应'全部对白为方言'的狭义纯方言片）,https://movie.douban.com/subject/1299680/
方言片,1306733,新精武门1991,1991,7.3,44876,动作 / 喜剧,1990s,粤语,粤语,粤语,粤语（广府片/白话）,Tier 1,≈100%（推断）,纯方言/少数民族语言标签，无普通话标签（对应'全部对白为方言'的狭义纯方言片）,https://movie.douban.com/subject/1306733/
方言片,1304136,曝光人物,1991,6.6,531,动作,1990s,粤语,粤语,粤语,粤语（广府片/白话）,Tier 1,≈100%（推断）,纯方言/少数民族语言标签，无普通话标签（对应'全部对白为方言'的狭义纯方言片）,https://movie.douban.com/subject/1304136/
方言片,1298745,极道追踪,1991,6.3,1878,犯罪 / 剧情 / 爱情,1990s,粤语,粤语,粤语,粤语（广府片/白话）,Tier 1,≈100%（推断）,纯方言/少数民族语言标签，无普通话标签（对应'全部对白为方言'的狭义纯方言片）,https://movie.douban.com/subject/1298745/
方言片,2004903,梦醒血未停,1991,6.6,200,犯罪 / 剧情 / 惊悚,1990s,粤语,粤语,粤语,粤语（广府片/白话）,Tier 1,≈100%（推断）,纯方言/少数民族语言标签，无普通话标签（对应'全部对白为方言'的狭义纯方言片）,https://movie.douban.com/subject/2004903/
方言片,2922089,正红旗下,1991,5.8,265,剧情 / 犯罪,1990s,粤语,粤语,粤语,粤语（广府片/白话）,Tier 1,≈100%（推断）,纯方言/少数民族语言标签，无普通话标签（对应'全部对白为方言'的狭义纯方言片）,https://movie.douban.com/subject/2922089/
方言片,1419923,沙滩仔与周师奶,1991,6.3,2516,喜剧,1990s,粤语,粤语,粤语,粤语（广府片/白话）,Tier 1,≈100%（推断）,纯方言/少数民族语言标签，无普通话标签（对应'全部对白为方言'的狭义纯方言片）,https://movie.douban.com/subject/1419923/
方言片,1300438,洪福齐天,1991,6.5,2945,动作 / 喜剧 / 奇幻,1990s,粤语,粤语,粤语,粤语（广府片/白话）,Tier 1,≈100%（推断）,纯方言/少数民族语言标签，无普通话标签（对应'全部对白为方言'的狭义纯方言片）,https://movie.douban.com/subject/1300438/
方言片,1307478,海狼,1991,6.0,405,动作,1990s,粤语,粤语,粤语,粤语（广府片/白话）,Tier 1,≈100%（推断）,纯方言/少数民族语言标签，无普通话标签（对应'全部对白为方言'的狭义纯方言片）,https://movie.douban.com/subject/1307478/
方言片,1307572,火爆浪子,1991,5.8,265,动作,1990s,粤语,粤语,粤语,粤语（广府片/白话）,Tier 1,≈100%（推断）,纯方言/少数民族语言标签，无普通话标签（对应'全部对白为方言'的狭义纯方言片）,https://movie.douban.com/subject/1307572/
方言片,5366664,灵幻新娘,1991,5.7,247,情色,1990s,粤语,粤语,粤语,粤语（广府片/白话）,Tier 1,≈100%（推断）,纯方言/少数民族语言标签，无普通话标签（对应'全部对白为方言'的狭义纯方言片）,https://movie.douban.com/subject/5366664/
方言片,1479864,灵幻至尊,1991,7.1,7917,奇幻 / 恐怖,1990s,粤语,粤语,粤语,粤语（广府片/白话）,Tier 1,≈100%（推断）,纯方言/少数民族语言标签，无普通话标签（对应'全部对白为方言'的狭义纯方言片）,https://movie.douban.com/subject/1479864/
方言片,1302991,灵狐,1991,5.5,1396,奇幻,1990s,粤语,粤语,粤语,粤语（广府片/白话）,Tier 1,≈100%（推断）,纯方言/少数民族语言标签，无普通话标签（对应'全部对白为方言'的狭义纯方言片）,https://movie.douban.com/subject/1302991/
方言片,1302682,烈火情仇,1991,5.4,180,动作,1990s,粤语,粤语,粤语,粤语（广府片/白话）,Tier 1,≈100%（推断）,纯方言/少数民族语言标签，无普通话标签（对应'全部对白为方言'的狭义纯方言片）,https://movie.douban.com/subject/1302682/
方言片,1298785,猛鬼入侵黑社会,1991,6.5,1500,动作 / 喜剧 / 奇幻,1990s,粤语,粤语,粤语,粤语（广府片/白话）,Tier 1,≈100%（推断）,纯方言/少数民族语言标签，无普通话标签（对应'全部对白为方言'的狭义纯方言片）,https://movie.douban.com/subject/1298785/
方言片,4781085,猛鬼山坟2,1991,5.1,319,恐怖,1990s,粤语,粤语,粤语,粤语（广府片/白话）,Tier 1,≈100%（推断）,纯方言/少数民族语言标签，无普通话标签（对应'全部对白为方言'的狭义纯方言片）,https://movie.douban.com/subject/4781085/
方言片,3020543,猛鬼狐狸精,1991,6.0,867,动作 / 喜剧 / 奇幻,1990s,粤语,粤语,粤语,粤语（广府片/白话）,Tier 1,≈100%（推断）,纯方言/少数民族语言标签，无普通话标签（对应'全部对白为方言'的狭义纯方言片）,https://movie.douban.com/subject/3020543/
方言片,1294019,监狱风云2：逃犯,1991,7.9,35184,剧情 / 动作 / 犯罪,1990s,粤语,粤语,粤语,粤语（广府片/白话）,Tier 1,≈100%（推断）,纯方言/少数民族语言标签，无普通话标签（对应'全部对白为方言'的狭义纯方言片）,https://movie.douban.com/subject/1294019/
方言片,1299722,着牛仔裤的钟馗,1991,6.4,1591,动作 / 喜剧 / 恐怖,1990s,粤语,粤语,粤语,粤语（广府片/白话）,Tier 1,≈100%（推断）,纯方言/少数民族语言标签，无普通话标签（对应'全部对白为方言'的狭义纯方言片）,https://movie.douban.com/subject/1299722/
方言片,1296723,神探马如龙,1991,5.8,1223,喜剧 / 犯罪,1990s,粤语,粤语,粤语,粤语（广府片/白话）,Tier 1,≈100%（推断）,纯方言/少数民族语言标签，无普通话标签（对应'全部对白为方言'的狭义纯方言片）,https://movie.douban.com/subject/1296723/
方言片,2301433,秃鹰档案,1991,5.7,151,动作,1990s,粤语,粤语,粤语,粤语（广府片/白话）,Tier 1,≈100%（推断）,纯方言/少数民族语言标签，无普通话标签（对应'全部对白为方言'的狭义纯方言片）,https://movie.douban.com/subject/2301433/
方言片,2977983,羞羞鬼,1991,5.8,1846,喜剧 / 恐怖 / 武侠,1990s,粤语,粤语,粤语,粤语（广府片/白话）,Tier 1,≈100%（推断）,纯方言/少数民族语言标签，无普通话标签（对应'全部对白为方言'的狭义纯方言片）,https://movie.douban.com/subject/2977983/
方言片,3053131,老表发钱寒,1991,5.4,464,动作 / 喜剧 / 犯罪,1990s,粤语,粤语,粤语,粤语（广府片/白话）,Tier 1,≈100%（推断）,纯方言/少数民族语言标签，无普通话标签（对应'全部对白为方言'的狭义纯方言片）,https://movie.douban.com/subject/3053131/
方言片,3066874,老表，你好嘢！,1991,6.6,705,喜剧,1990s,粤语,粤语,粤语,粤语（广府片/白话）,Tier 1,≈100%（推断）,纯方言/少数民族语言标签，无普通话标签（对应'全部对白为方言'的狭义纯方言片）,https://movie.douban.com/subject/3066874/
方言片,25824054,聊斋惊艳,1991,4.8,115,剧情 / 动作 / 爱情,1990s,粤语,粤语,粤语,粤语（广府片/白话）,Tier 1,≈100%（推断）,纯方言/少数民族语言标签，无普通话标签（对应'全部对白为方言'的狭义纯方言片）,https://movie.douban.com/subject/25824054/
方言片,1300264,至尊无上II之永霸天下,1991,7.3,9834,动作 / 犯罪 / 剧情,1990s,粤语,粤语,粤语,粤语（广府片/白话）,Tier 1,≈100%（推断）,纯方言/少数民族语言标签，无普通话标签（对应'全部对白为方言'的狭义纯方言片）,https://movie.douban.com/subject/1300264/
方言片,1304112,莎莎嘉嘉站起来,1991,7.1,860,喜剧 / 剧情,1990s,粤语,粤语,粤语,粤语（广府片/白话）,Tier 1,≈100%（推断）,纯方言/少数民族语言标签，无普通话标签（对应'全部对白为方言'的狭义纯方言片）,https://movie.douban.com/subject/1304112/
方言片,1307844,蓝色霹雳火,1991,6.2,546,动作 / 犯罪,1990s,粤语,粤语,粤语,粤语（广府片/白话）,Tier 1,≈100%（推断）,纯方言/少数民族语言标签，无普通话标签（对应'全部对白为方言'的狭义纯方言片）,https://movie.douban.com/subject/1307844/
方言片,1298895,蛮荒的童话,1991,7.3,2125,喜剧 / 爱情,1990s,粤语,粤语,粤语,粤语（广府片/白话）,Tier 1,≈100%（推断）,纯方言/少数民族语言标签，无普通话标签（对应'全部对白为方言'的狭义纯方言片）,https://movie.douban.com/subject/1298895/
方言片,1299873,表哥我来也,1991,6.3,244,喜剧,1990s,粤语,粤语,粤语,粤语（广府片/白话）,Tier 1,≈100%（推断）,纯方言/少数民族语言标签，无普通话标签（对应'全部对白为方言'的狭义纯方言片）,https://movie.douban.com/subject/1299873/
方言片,1776803,表姐，你好嘢！2,1991,6.7,3056,动作 / 喜剧,1990s,粤语,粤语,粤语,粤语（广府片/白话）,Tier 1,≈100%（推断）,纯方言/少数民族语言标签，无普通话标签（对应'全部对白为方言'的狭义纯方言片）,https://movie.douban.com/subject/1776803/
方言片,1306392,豪门夜宴,1991,7.0,20753,喜剧,1990s,粤语,粤语,粤语,粤语（广府片/白话）,Tier 1,≈100%（推断）,纯方言/少数民族语言标签，无普通话标签（对应'全部对白为方言'的狭义纯方言片）,https://movie.douban.com/subject/1306392/
方言片,1296062,财叔之横扫千军,1991,6.4,2195,动作 / 冒险 / 喜剧,1990s,粤语,粤语,粤语,粤语（广府片/白话）,Tier 1,≈100%（推断）,纯方言/少数民族语言标签，无普通话标签（对应'全部对白为方言'的狭义纯方言片）,https://movie.douban.com/subject/1296062/
方言片,1306966,赌尊,1991,4.5,166,剧情 / 动作,1990s,粤语,粤语,粤语,粤语（广府片/白话）,Tier 1,≈100%（推断）,纯方言/少数民族语言标签，无普通话标签（对应'全部对白为方言'的狭义纯方言片）,https://movie.douban.com/subject/1306966/
方言片,1296826,赌霸,1991,6.5,13570,动作 / 喜剧 / 爱情,1990s,粤语,粤语,粤语,粤语（广府片/白话）,Tier 1,≈100%（推断）,纯方言/少数民族语言标签，无普通话标签（对应'全部对白为方言'的狭义纯方言片）,https://movie.douban.com/subject/1296826/
方言片,1308274,赢钱专家,1991,6.1,2595,喜剧,1990s,粤语,粤语,粤语,粤语（广府片/白话）,Tier 1,≈100%（推断）,纯方言/少数民族语言标签，无普通话标签（对应'全部对白为方言'的狭义纯方言片）,https://movie.douban.com/subject/1308274/
方言片,1302207,越青,1991,5.7,151,动作 / 犯罪,1990s,粤语,粤语,粤语,粤语（广府片/白话）,Tier 1,≈100%（推断）,纯方言/少数民族语言标签，无普通话标签（对应'全部对白为方言'的狭义纯方言片）,https://movie.douban.com/subject/1302207/
方言片,1296272,跛豪,1991,8.3,67115,传记 / 犯罪 / 剧情,1990s,粤语,粤语,粤语,粤语（广府片/白话）,Tier 1,≈100%（推断）,纯方言/少数民族语言标签，无普通话标签（对应'全部对白为方言'的狭义纯方言片）,https://movie.douban.com/subject/1296272/
方言片,1305638,追日,1991,6.4,2044,动作 / 冒险 / 剧情,1990s,粤语,粤语,粤语,粤语（广府片/白话）,Tier 1,≈100%（推断）,纯方言/少数民族语言标签，无普通话标签（对应'全部对白为方言'的狭义纯方言片）,https://movie.douban.com/subject/1305638/
方言片,1302090,逃学威龙,1991,8.0,286036,喜剧 / 动作 / 爱情,1990s,粤语,粤语,粤语,粤语（广府片/白话）,Tier 1,≈100%（推断）,纯方言/少数民族语言标签，无普通话标签（对应'全部对白为方言'的狭义纯方言片）,https://movie.douban.com/subject/1302090/
方言片,3065595,难得有情郎,1991,6.8,494,剧情 / 爱情 / 奇幻,1990s,粤语,粤语,粤语,粤语（广府片/白话）,Tier 1,≈100%（推断）,纯方言/少数民族语言标签，无普通话标签（对应'全部对白为方言'的狭义纯方言片）,https://movie.douban.com/subject/3065595/
方言片,1302553,雷霆掃穴,1991,5.8,158,动作,1990s,粤语,粤语,粤语,粤语（广府片/白话）,Tier 1,≈100%（推断）,纯方言/少数民族语言标签，无普通话标签（对应'全部对白为方言'的狭义纯方言片）,https://movie.douban.com/subject/1302553/
方言片,3711835,霸王花之捉鬼女天师,1991,5.2,104,恐怖,1990s,粤语,粤语,粤语,粤语（广府片/白话）,Tier 1,≈100%（推断）,纯方言/少数民族语言标签，无普通话标签（对应'全部对白为方言'的狭义纯方言片）,https://movie.douban.com/subject/3711835/
方言片,1303407,非洲和尚,1991,7.0,10423,喜剧 / 奇幻,1990s,粤语,粤语,粤语,粤语（广府片/白话）,Tier 1,≈100%（推断）,纯方言/少数民族语言标签，无普通话标签（对应'全部对白为方言'的狭义纯方言片）,https://movie.douban.com/subject/1303407/
方言片,1302753,飞鹰计划,1991,7.8,66553,喜剧 / 动作 / 冒险,1990s,粤语,粤语,粤语,粤语（广府片/白话）,Tier 1,≈100%（推断）,纯方言/少数民族语言标签，无普通话标签（对应'全部对白为方言'的狭义纯方言片）,https://movie.douban.com/subject/1302753/
方言片,26581190,香港奇案之雾夜屠夫,1991,5.4,324,剧情 / 恐怖 / 情色,1990s,粤语,粤语,粤语,粤语（广府片/白话）,Tier 1,≈100%（推断）,纯方言/少数民族语言标签，无普通话标签（对应'全部对白为方言'的狭义纯方言片）,https://movie.douban.com/subject/26581190/
方言片,1300586,马路英雄,1991,5.8,408,动作,1990s,粤语,粤语,粤语,粤语（广府片/白话）,Tier 1,≈100%（推断）,纯方言/少数民族语言标签，无普通话标签（对应'全部对白为方言'的狭义纯方言片）,https://movie.douban.com/subject/1300586/
方言片,4754458,驳脚差佬,1991,6.0,128,喜剧 / 犯罪 / 奇幻,1990s,粤语,粤语,粤语,粤语（广府片/白话）,Tier 1,≈100%（推断）,纯方言/少数民族语言标签，无普通话标签（对应'全部对白为方言'的狭义纯方言片）,https://movie.douban.com/subject/4754458/
方言片,1308413,魔唇劫,1991,5.0,1020,动作 / 喜剧 / 恐怖,1990s,粤语,粤语,粤语,粤语（广府片/白话）,Tier 1,≈100%（推断）,纯方言/少数民族语言标签，无普通话标签（对应'全部对白为方言'的狭义纯方言片）,https://movie.douban.com/subject/1308413/
方言片,2237651,魔域飞龙,1991,5.9,225,动作,1990s,粤语,粤语,粤语,粤语（广府片/白话）,Tier 1,≈100%（推断）,纯方言/少数民族语言标签，无普通话标签（对应'全部对白为方言'的狭义纯方言片）,https://movie.douban.com/subject/2237651/
方言片,26796663,黃子華栋笃笑之色情家庭,1991,9.3,1075,nan,1990s,粤语,粤语,粤语,粤语（广府片/白话）,Tier 1,≈100%（推断）,纯方言/少数民族语言标签，无普通话标签（对应'全部对白为方言'的狭义纯方言片）,https://movie.douban.com/subject/26796663/
方言片,1299322,黐线枕边人,1991,6.4,630,喜剧 / 犯罪,1990s,粤语,粤语,粤语,粤语（广府片/白话）,Tier 1,≈100%（推断）,纯方言/少数民族语言标签，无普通话标签（对应'全部对白为方言'的狭义纯方言片）,https://movie.douban.com/subject/1299322/
方言片,2073652,黑雪,1991,6.3,710,动作 / 犯罪,1990s,粤语,粤语,粤语,粤语（广府片/白话）,Tier 1,≈100%（推断）,纯方言/少数民族语言标签，无普通话标签（对应'全部对白为方言'的狭义纯方言片）,https://movie.douban.com/subject/2073652/
方言片,1306057,龙的传人,1991,7.2,52119,喜剧,1990s,粤语,粤语,粤语,粤语（广府片/白话）,Tier 1,≈100%（推断）,纯方言/少数民族语言标签，无普通话标签（对应'全部对白为方言'的狭义纯方言片）,https://movie.douban.com/subject/1306057/
方言片,2059774,龙虎戏凤,1991,5.9,1054,喜剧,1990s,粤语,粤语,粤语,粤语（广府片/白话）,Tier 1,≈100%（推断）,纯方言/少数民族语言标签，无普通话标签（对应'全部对白为方言'的狭义纯方言片）,https://movie.douban.com/subject/2059774/
方言片,1299135,92黑玫瑰对黑玫瑰,1992,7.4,20832,动作 / 喜剧 / 歌舞,1990s,粤语,粤语,粤语,粤语（广府片/白话）,Tier 1,≈100%（推断）,纯方言/少数民族语言标签，无普通话标签（对应'全部对白为方言'的狭义纯方言片）,https://movie.douban.com/subject/1299135/
方言片,4116974,一千灵异夜之凶宅,1992,6.6,140,恐怖,1990s,粤语,粤语,粤语,粤语（广府片/白话）,Tier 1,≈100%（推断）,纯方言/少数民族语言标签，无普通话标签（对应'全部对白为方言'的狭义纯方言片）,https://movie.douban.com/subject/4116974/
方言片,4316188,一千灵异夜之灵魂实验,1992,7.0,300,恐怖,1990s,粤语,粤语,粤语,粤语（广府片/白话）,Tier 1,≈100%（推断）,纯方言/少数民族语言标签，无普通话标签（对应'全部对白为方言'的狭义纯方言片）,https://movie.douban.com/subject/4316188/
方言片,1308426,三人做世界,1992,6.4,834,喜剧,1990s,粤语,粤语,粤语,粤语（广府片/白话）,Tier 1,≈100%（推断）,纯方言/少数民族语言标签，无普通话标签（对应'全部对白为方言'的狭义纯方言片）,https://movie.douban.com/subject/1308426/
方言片,1401180,丐世英雄,1992,7.1,1438,动作 / 喜剧 / 剧情,1990s,粤语,粤语,粤语,粤语（广府片/白话）,Tier 1,≈100%（推断）,纯方言/少数民族语言标签，无普通话标签（对应'全部对白为方言'的狭义纯方言片）,https://movie.douban.com/subject/1401180/
方言片,3020755,两屋一妻,1992,6.6,161,剧情,1990s,粤语,粤语,粤语,粤语（广府片/白话）,Tier 1,≈100%（推断）,纯方言/少数民族语言标签，无普通话标签（对应'全部对白为方言'的狭义纯方言片）,https://movie.douban.com/subject/3020755/
方言片,1437554,九二神雕之痴心情长剑,1992,6.0,6081,喜剧 / 爱情 / 奇幻,1990s,粤语,粤语,粤语,粤语（广府片/白话）,Tier 1,≈100%（推断）,纯方言/少数民族语言标签，无普通话标签（对应'全部对白为方言'的狭义纯方言片）,https://movie.douban.com/subject/1437554/
方言片,4070859,九命怪猫,1992,5.8,157,恐怖,1990s,粤语,粤语,粤语,粤语（广府片/白话）,Tier 1,≈100%（推断）,纯方言/少数民族语言标签，无普通话标签（对应'全部对白为方言'的狭义纯方言片）,https://movie.douban.com/subject/4070859/
方言片,3175243,买起曼克顿,1992,6.1,119,动作 / 犯罪 / 惊悚,1990s,粤语,粤语,粤语,粤语（广府片/白话）,Tier 1,≈100%（推断）,纯方言/少数民族语言标签，无普通话标签（对应'全部对白为方言'的狭义纯方言片）,https://movie.douban.com/subject/3175243/
方言片,1304220,云雨第六感,1992,5.5,470,恐怖,1990s,粤语,粤语,粤语,粤语（广府片/白话）,Tier 1,≈100%（推断）,纯方言/少数民族语言标签，无普通话标签（对应'全部对白为方言'的狭义纯方言片）,https://movie.douban.com/subject/1304220/
方言片,3078566,五个寂寞的心,1992,7.0,426,剧情 / 爱情,1990s,粤语,粤语,粤语,粤语（广府片/白话）,Tier 1,≈100%（推断）,纯方言/少数民族语言标签，无普通话标签（对应'全部对白为方言'的狭义纯方言片）,https://movie.douban.com/subject/3078566/
方言片,1299671,五湖四海,1992,6.2,145,动作 / 犯罪 / 惊悚,1990s,粤语,粤语,粤语,粤语（广府片/白话）,Tier 1,≈100%（推断）,纯方言/少数民族语言标签，无普通话标签（对应'全部对白为方言'的狭义纯方言片）,https://movie.douban.com/subject/1299671/
方言片,1930829,五福星撞鬼,1992,6.4,7257,喜剧,1990s,粤语,粤语,粤语,粤语（广府片/白话）,Tier 1,≈100%（推断）,纯方言/少数民族语言标签，无普通话标签（对应'全部对白为方言'的狭义纯方言片）,https://movie.douban.com/subject/1930829/
方言片,1305440,亚飞与亚基,1992,7.7,16311,喜剧,1990s,粤语,粤语,粤语,粤语（广府片/白话）,Tier 1,≈100%（推断）,纯方言/少数民族语言标签，无普通话标签（对应'全部对白为方言'的狭义纯方言片）,https://movie.douban.com/subject/1305440/
方言片,1772047,伙头福星,1992,6.7,1162,喜剧 / 爱情,1990s,粤语,粤语,粤语,粤语（广府片/白话）,Tier 1,≈100%（推断）,纯方言/少数民族语言标签，无普通话标签（对应'全部对白为方言'的狭义纯方言片）,https://movie.douban.com/subject/1772047/
方言片,1302106,伴我纵横,1992,6.9,1494,犯罪 / 剧情,1990s,粤语,粤语,粤语,粤语（广府片/白话）,Tier 1,≈100%（推断）,纯方言/少数民族语言标签，无普通话标签（对应'全部对白为方言'的狭义纯方言片）,https://movie.douban.com/subject/1302106/
方言片,1305176,何日金再来,1992,6.4,337,喜剧 / 情色,1990s,粤语,粤语,粤语,粤语（广府片/白话）,Tier 1,≈100%（推断）,纯方言/少数民族语言标签，无普通话标签（对应'全部对白为方言'的狭义纯方言片）,https://movie.douban.com/subject/1305176/
方言片,1294221,侠圣,1992,6.1,2959,喜剧,1990s,粤语,粤语,粤语,粤语（广府片/白话）,Tier 1,≈100%（推断）,纯方言/少数民族语言标签，无普通话标签（对应'全部对白为方言'的狭义纯方言片）,https://movie.douban.com/subject/1294221/
方言片,1300857,侠盗高飞,1992,7.0,10591,动作 / 犯罪 / 剧情,1990s,粤语,粤语,粤语,粤语（广府片/白话）,Tier 1,≈100%（推断）,纯方言/少数民族语言标签，无普通话标签（对应'全部对白为方言'的狭义纯方言片）,https://movie.douban.com/subject/1300857/
方言片,1300886,偷神家族,1992,6.0,682,喜剧,1990s,粤语,粤语,粤语,粤语（广府片/白话）,Tier 1,≈100%（推断）,纯方言/少数民族语言标签，无普通话标签（对应'全部对白为方言'的狭义纯方言片）,https://movie.douban.com/subject/1300886/
方言片,2328753,八月鬱金香,1992,6.8,128,剧情 / 动作 / 犯罪,1990s,粤语,粤语,粤语,粤语（广府片/白话）,Tier 1,≈100%（推断）,纯方言/少数民族语言标签，无普通话标签（对应'全部对白为方言'的狭义纯方言片）,https://movie.douban.com/subject/2328753/
方言片,1308912,力王,1992,7.0,36052,动作 / 犯罪 / 惊悚,1990s,粤语,粤语,粤语,粤语（广府片/白话）,Tier 1,≈100%（推断）,纯方言/少数民族语言标签，无普通话标签（对应'全部对白为方言'的狭义纯方言片）,https://movie.douban.com/subject/1308912/
方言片,3419778,千火玫瑰,1992,5.2,202,剧情,1990s,粤语,粤语,粤语,粤语（广府片/白话）,Tier 1,≈100%（推断）,纯方言/少数民族语言标签，无普通话标签（对应'全部对白为方言'的狭义纯方言片）,https://movie.douban.com/subject/3419778/
方言片,1484138,卫斯理之老猫,1992,6.3,2293,科幻 / 悬疑 / 惊悚,1990s,粤语,粤语,粤语,粤语（广府片/白话）,Tier 1,≈100%（推断）,纯方言/少数民族语言标签，无普通话标签（对应'全部对白为方言'的狭义纯方言片）,https://movie.douban.com/subject/1484138/
方言片,1863735,危险情人,1992,6.4,906,剧情 / 爱情 / 犯罪,1990s,粤语,粤语,粤语,粤语（广府片/白话）,Tier 1,≈100%（推断）,纯方言/少数民族语言标签，无普通话标签（对应'全部对白为方言'的狭义纯方言片）,https://movie.douban.com/subject/1863735/
方言片,1296978,双龙会,1992,7.6,79449,动作 / 喜剧,1990s,粤语,粤语,粤语,粤语（广府片/白话）,Tier 1,≈100%（推断）,纯方言/少数民族语言标签，无普通话标签（对应'全部对白为方言'的狭义纯方言片）,https://movie.douban.com/subject/1296978/
方言片,1415213,吴三桂与陈圆圆,1992,6.2,741,喜剧 / 爱情,1990s,粤语,粤语,粤语,粤语（广府片/白话）,Tier 1,≈100%（推断）,纯方言/少数民族语言标签，无普通话标签（对应'全部对白为方言'的狭义纯方言片）,https://movie.douban.com/subject/1415213/
方言片,1440736,告别紫禁城,1992,6.5,1625,剧情 / 传记 / 动作,1990s,粤语,粤语,粤语,粤语（广府片/白话）,Tier 1,≈100%（推断）,纯方言/少数民族语言标签，无普通话标签（对应'全部对白为方言'的狭义纯方言片）,https://movie.douban.com/subject/1440736/
方言片,1301257,哗鬼旅行团,1992,6.6,4658,喜剧 / 恐怖,1990s,粤语,粤语,粤语,粤语（广府片/白话）,Tier 1,≈100%（推断）,纯方言/少数民族语言标签，无普通话标签（对应'全部对白为方言'的狭义纯方言片）,https://movie.douban.com/subject/1301257/
方言片,1301022,哗！英雄,1992,6.0,4298,动作 / 喜剧,1990s,粤语,粤语,粤语,粤语（广府片/白话）,Tier 1,≈100%（推断）,纯方言/少数民族语言标签，无普通话标签（对应'全部对白为方言'的狭义纯方言片）,https://movie.douban.com/subject/1301022/
方言片,1303989,喷火女郎,1992,6.2,4919,动作 / 喜剧,1990s,粤语,粤语,粤语,粤语（广府片/白话）,Tier 1,≈100%（推断）,纯方言/少数民族语言标签，无普通话标签（对应'全部对白为方言'的狭义纯方言片）,https://movie.douban.com/subject/1303989/
方言片,1307257,四大探长,1992,6.6,1918,剧情 / 犯罪,1990s,粤语,粤语,粤语,粤语（广府片/白话）,Tier 1,≈100%（推断）,纯方言/少数民族语言标签，无普通话标签（对应'全部对白为方言'的狭义纯方言片）,https://movie.douban.com/subject/1307257/
方言片,1401181,夏日情人,1992,6.1,539,喜剧 / 爱情,1990s,粤语,粤语,粤语,粤语（广府片/白话）,Tier 1,≈100%（推断）,纯方言/少数民族语言标签，无普通话标签（对应'全部对白为方言'的狭义纯方言片）,https://movie.douban.com/subject/1401181/
方言片,3020643,夜夜伴肥娇,1992,6.6,750,剧情 / 喜剧 / 犯罪,1990s,粤语,粤语,粤语,粤语（广府片/白话）,Tier 1,≈100%（推断）,纯方言/少数民族语言标签，无普通话标签（对应'全部对白为方言'的狭义纯方言片）,https://movie.douban.com/subject/3020643/
方言片,3017910,大咸湿,1992,7.5,2187,喜剧 / 纪录片 / 情色,1990s,粤语,粤语,粤语,粤语（广府片/白话）,Tier 1,≈100%（推断）,纯方言/少数民族语言标签，无普通话标签（对应'全部对白为方言'的狭义纯方言片）,https://movie.douban.com/subject/3017910/
方言片,2337827,大迷信,1992,5.9,285,纪录片,1990s,粤语,粤语,粤语,粤语（广府片/白话）,Tier 1,≈100%（推断）,纯方言/少数民族语言标签，无普通话标签（对应'全部对白为方言'的狭义纯方言片）,https://movie.douban.com/subject/2337827/
方言片,1482540,太子爷出差,1992,5.9,317,动作,1990s,粤语,粤语,粤语,粤语（广府片/白话）,Tier 1,≈100%（推断）,纯方言/少数民族语言标签，无普通话标签（对应'全部对白为方言'的狭义纯方言片）,https://movie.douban.com/subject/1482540/
方言片,1768636,女黑侠黄莺,1992,6.1,901,动作 / 奇幻,1990s,粤语,粤语,粤语,粤语（广府片/白话）,Tier 1,≈100%（推断）,纯方言/少数民族语言标签，无普通话标签（对应'全部对白为方言'的狭义纯方言片）,https://movie.douban.com/subject/1768636/
方言片,1293452,妖兽都市,1992,6.2,14273,动作 / 科幻,1990s,粤语,粤语,粤语,粤语（广府片/白话）,Tier 1,≈100%（推断）,纯方言/少数民族语言标签，无普通话标签（对应'全部对白为方言'的狭义纯方言片）,https://movie.douban.com/subject/1293452/
方言片,1302033,妖怪都市,1992,6.4,4255,喜剧 / 奇幻,1990s,粤语,粤语,粤语,粤语（广府片/白话）,Tier 1,≈100%（推断）,纯方言/少数民族语言标签，无普通话标签（对应'全部对白为方言'的狭义纯方言片）,https://movie.douban.com/subject/1302033/
方言片,3797128,妙探双娇,1992,6.0,243,动作,1990s,粤语,粤语,粤语,粤语（广府片/白话）,Tier 1,≈100%（推断）,纯方言/少数民族语言标签，无普通话标签（对应'全部对白为方言'的狭义纯方言片）,https://movie.douban.com/subject/3797128/
方言片,1305355,审死官,1992,7.8,183991,喜剧 / 古装,1990s,粤语,粤语,粤语,粤语（广府片/白话）,Tier 1,≈100%（推断）,纯方言/少数民族语言标签，无普通话标签（对应'全部对白为方言'的狭义纯方言片）,https://movie.douban.com/subject/1305355/
方言片,1300064,家有喜事,1992,8.4,227274,剧情 / 喜剧 / 爱情,1990s,粤语,粤语,粤语,粤语（广府片/白话）,Tier 1,≈100%（推断）,纯方言/少数民族语言标签，无普通话标签（对应'全部对白为方言'的狭义纯方言片）,https://movie.douban.com/subject/1300064/
方言片,1390011,富贵黄金屋,1992,7.5,7706,喜剧,1990s,粤语,粤语,粤语,粤语（广府片/白话）,Tier 1,≈100%（推断）,纯方言/少数民族语言标签，无普通话标签（对应'全部对白为方言'的狭义纯方言片）,https://movie.douban.com/subject/1390011/
方言片,26433334,带你嫖韩日,1992,5.7,144,纪录片,1990s,粤语,粤语,粤语,粤语（广府片/白话）,Tier 1,≈100%（推断）,纯方言/少数民族语言标签，无普通话标签（对应'全部对白为方言'的狭义纯方言片）,https://movie.douban.com/subject/26433334/
方言片,1306755,庙街十二少,1992,6.4,5377,犯罪 / 剧情 / 爱情,1990s,粤语 / 英语,粤语 / 英语,粤语,粤语（广府片/白话）,Tier 1,≈100%（推断）,纯方言/少数民族语言标签，无普通话标签（对应'全部对白为方言'的狭义纯方言片）,https://movie.douban.com/subject/1306755/
方言片,2147867,怒火威龙,1992,5.8,501,动作 / 冒险,1990s,粤语,粤语,粤语,粤语（广府片/白话）,Tier 1,≈100%（推断）,纯方言/少数民族语言标签，无普通话标签（对应'全部对白为方言'的狭义纯方言片）,https://movie.douban.com/subject/2147867/
方言片,3571767,情不自禁II霎时冲动,1992,5.2,237,情色,1990s,粤语,粤语,粤语,粤语（广府片/白话）,Tier 1,≈100%（推断）,纯方言/少数民族语言标签，无普通话标签（对应'全部对白为方言'的狭义纯方言片）,https://movie.douban.com/subject/3571767/
方言片,1306787,我爱扭纹柴,1992,6.8,2390,喜剧 / 剧情 / 爱情,1990s,粤语,粤语,粤语,粤语（广府片/白话）,Tier 1,≈100%（推断）,纯方言/少数民族语言标签，无普通话标签（对应'全部对白为方言'的狭义纯方言片）,https://movie.douban.com/subject/1306787/
方言片,1300060,战神传说,1992,6.3,5398,动作 / 冒险 / 爱情,1990s,粤语,粤语,粤语,粤语（广府片/白话）,Tier 1,≈100%（推断）,纯方言/少数民族语言标签，无普通话标签（对应'全部对白为方言'的狭义纯方言片）,https://movie.douban.com/subject/1300060/
方言片,1305415,战龙在野,1992,6.8,698,动作,1990s,粤语,粤语,粤语,粤语（广府片/白话）,Tier 1,≈100%（推断）,纯方言/少数民族语言标签，无普通话标签（对应'全部对白为方言'的狭义纯方言片）,https://movie.douban.com/subject/1305415/
方言片,1305789,新僵尸先生,1992,7.8,27732,喜剧 / 动作 / 恐怖,1990s,粤语,粤语,粤语,粤语（广府片/白话）,Tier 1,≈100%（推断）,纯方言/少数民族语言标签，无普通话标签（对应'全部对白为方言'的狭义纯方言片）,https://movie.douban.com/subject/1305789/
方言片,4212211,新龙争虎斗,1992,5.9,219,剧情 / 动作,1990s,粤语,粤语,粤语,粤语（广府片/白话）,Tier 1,≈100%（推断）,纯方言/少数民族语言标签，无普通话标签（对应'全部对白为方言'的狭义纯方言片）,https://movie.douban.com/subject/4212211/
方言片,1298944,无言的山丘,1992,9.2,14784,剧情 / 历史,1990s,闽南语 / 日语,闽南语 / 日语,闽南语,闽南语（闽台片）,Tier 1,≈100%（推断）,纯方言/少数民族语言标签，无普通话标签（对应'全部对白为方言'的狭义纯方言片）,https://movie.douban.com/subject/1298944/
方言片,1307780,明月照尖东,1992,6.7,2297,动作 / 爱情,1990s,粤语 / 英语,粤语 / 英语,粤语,粤语（广府片/白话）,Tier 1,≈100%（推断）,纯方言/少数民族语言标签，无普通话标签（对应'全部对白为方言'的狭义纯方言片）,https://movie.douban.com/subject/1307780/
方言片,1308157,机Boy小子之真假威龙,1992,6.4,4922,动作 / 喜剧,1990s,粤语,粤语,粤语,粤语（广府片/白话）,Tier 1,≈100%（推断）,纯方言/少数民族语言标签，无普通话标签（对应'全部对白为方言'的狭义纯方言片）,https://movie.douban.com/subject/1308157/
方言片,1297863,武状元苏乞儿,1992,8.0,321491,喜剧 / 动作 / 武侠,1990s,粤语,粤语,粤语,粤语（广府片/白话）,Tier 1,≈100%（推断）,纯方言/少数民族语言标签，无普通话标签（对应'全部对白为方言'的狭义纯方言片）,https://movie.douban.com/subject/1297863/
方言片,1307108,浮世恋曲,1992,7.7,538,剧情,1990s,粤语 / 英语,粤语 / 英语,粤语,粤语（广府片/白话）,Tier 1,≈100%（推断）,纯方言/少数民族语言标签，无普通话标签（对应'全部对白为方言'的狭义纯方言片）,https://movie.douban.com/subject/1307108/
方言片,1400673,漫画威龙,1992,7.0,25306,喜剧 / 动作,1990s,粤语,粤语,粤语,粤语（广府片/白话）,Tier 1,≈100%（推断）,纯方言/少数民族语言标签，无普通话标签（对应'全部对白为方言'的狭义纯方言片）,https://movie.douban.com/subject/1400673/
方言片,1300702,特异功能猩求人,1992,6.1,544,喜剧 / 奇幻,1990s,粤语,粤语,粤语,粤语（广府片/白话）,Tier 1,≈100%（推断）,纯方言/少数民族语言标签，无普通话标签（对应'全部对白为方言'的狭义纯方言片）,https://movie.douban.com/subject/1300702/
方言片,1303979,现代应召女郎,1992,7.3,3270,爱情,1990s,粤语,粤语,粤语,粤语（广府片/白话）,Tier 1,≈100%（推断）,纯方言/少数民族语言标签，无普通话标签（对应'全部对白为方言'的狭义纯方言片）,https://movie.douban.com/subject/1303979/
方言片,2133405,甩皮鬼,1992,6.2,4755,恐怖,1990s,粤语,粤语,粤语,粤语（广府片/白话）,Tier 1,≈100%（推断）,纯方言/少数民族语言标签，无普通话标签（对应'全部对白为方言'的狭义纯方言片）,https://movie.douban.com/subject/2133405/
方言片,25859493,男儿无罪,1992,5.4,125,犯罪,1990s,粤语,粤语,粤语,粤语（广府片/白话）,Tier 1,≈100%（推断）,纯方言/少数民族语言标签，无普通话标签（对应'全部对白为方言'的狭义纯方言片）,https://movie.douban.com/subject/25859493/
方言片,1307026,画皮之阴阳法王,1992,6.6,11508,动作 / 奇幻 / 恐怖,1990s,粤语,粤语,粤语,粤语（广府片/白话）,Tier 1,≈100%（推断）,纯方言/少数民族语言标签，无普通话标签（对应'全部对白为方言'的狭义纯方言片）,https://movie.douban.com/subject/1307026/
方言片,1768204,痴情快婿,1992,6.7,1209,喜剧,1990s,粤语,粤语,粤语,粤语（广府片/白话）,Tier 1,≈100%（推断）,纯方言/少数民族语言标签，无普通话标签（对应'全部对白为方言'的狭义纯方言片）,https://movie.douban.com/subject/1768204/
方言片,1305815,白玫瑰,1992,7.5,2191,动作 / 爱情,1990s,粤语,粤语,粤语,粤语（广府片/白话）,Tier 1,≈100%（推断）,纯方言/少数民族语言标签，无普通话标签（对应'全部对白为方言'的狭义纯方言片）,https://movie.douban.com/subject/1305815/
方言片,1305009,真的爱你,1992,7.4,5269,爱情,1990s,粤语,粤语,粤语,粤语（广府片/白话）,Tier 1,≈100%（推断）,纯方言/少数民族语言标签，无普通话标签（对应'全部对白为方言'的狭义纯方言片）,https://movie.douban.com/subject/1305009/
方言片,1299004,神枪手与咖喱鸡,1992,6.7,1369,喜剧 / 动作,1990s,粤语,粤语,粤语,粤语（广府片/白话）,Tier 1,≈100%（推断）,纯方言/少数民族语言标签，无普通话标签（对应'全部对白为方言'的狭义纯方言片）,https://movie.douban.com/subject/1299004/
方言片,1451895,神算,1992,7.0,5140,喜剧 / 犯罪,1990s,粤语,粤语,粤语,粤语（广府片/白话）,Tier 1,≈100%（推断）,纯方言/少数民族语言标签，无普通话标签（对应'全部对白为方言'的狭义纯方言片）,https://movie.douban.com/subject/1451895/
方言片,2039585,禁色,1992,5.9,437,情色 / 同性,1990s,粤语,粤语,粤语,粤语（广府片/白话）,Tier 1,≈100%（推断）,纯方言/少数民族语言标签，无普通话标签（对应'全部对白为方言'的狭义纯方言片）,https://movie.douban.com/subject/2039585/
方言片,1295745,秋月,1992,7.7,516,喜剧 / 剧情,1990s,粤语 / 日语 / 英语,粤语 / 日语 / 英语,粤语,粤语（广府片/白话）,Tier 1,≈100%（推断）,纯方言/少数民族语言标签，无普通话标签（对应'全部对白为方言'的狭义纯方言片）,https://movie.douban.com/subject/1295745/
方言片,3024059,积奇玛莉,1992,6.3,352,动作 / 犯罪,1990s,粤语,粤语,粤语,粤语（广府片/白话）,Tier 1,≈100%（推断）,纯方言/少数民族语言标签，无普通话标签（对应'全部对白为方言'的狭义纯方言片）,https://movie.douban.com/subject/3024059/
方言片,3237371,童党之街头霸王,1992,5.7,136,动作,1990s,粤语,粤语,粤语,粤语（广府片/白话）,Tier 1,≈100%（推断）,纯方言/少数民族语言标签，无普通话标签（对应'全部对白为方言'的狭义纯方言片）,https://movie.douban.com/subject/3237371/
方言片,1294417,笑傲江湖2：东方不败,1992,8.5,177244,剧情 / 爱情 / 武侠,1990s,粤语,粤语,粤语,粤语（广府片/白话）,Tier 1,≈100%（推断）,纯方言/少数民族语言标签，无普通话标签（对应'全部对白为方言'的狭义纯方言片）,https://movie.douban.com/subject/1294417/
方言片,2130988,精灵变,1992,6.6,2276,喜剧 / 奇幻 / 惊悚,1990s,粤语,粤语,粤语,粤语（广府片/白话）,Tier 1,≈100%（推断）,纯方言/少数民族语言标签，无普通话标签（对应'全部对白为方言'的狭义纯方言片）,https://movie.douban.com/subject/2130988/
方言片,3075163,細佬識講野!,1992,6.7,207,喜剧,1990s,粤语,粤语,粤语,粤语（广府片/白话）,Tier 1,≈100%（推断）,纯方言/少数民族语言标签，无普通话标签（对应'全部对白为方言'的狭义纯方言片）,https://movie.douban.com/subject/3075163/
方言片,1295987,绝代双骄,1992,6.4,20412,喜剧 / 动作 / 武侠,1990s,粤语,粤语,粤语,粤语（广府片/白话）,Tier 1,≈100%（推断）,纯方言/少数民族语言标签，无普通话标签（对应'全部对白为方言'的狭义纯方言片）,https://movie.douban.com/subject/1295987/
方言片,1718158,羔羊医生,1992,6.3,2598,动作 / 犯罪 / 恐怖,1990s,粤语,粤语,粤语,粤语（广府片/白话）,Tier 1,≈100%（推断）,纯方言/少数民族语言标签，无普通话标签（对应'全部对白为方言'的狭义纯方言片）,https://movie.douban.com/subject/1718158/
方言片,3093298,羔羊大律师,1992,4.6,151,犯罪 / 情色,1990s,粤语,粤语,粤语,粤语（广府片/白话）,Tier 1,≈100%（推断）,纯方言/少数民族语言标签，无普通话标签（对应'全部对白为方言'的狭义纯方言片）,https://movie.douban.com/subject/3093298/
方言片,1461068,群星会,1992,6.9,4864,剧情 / 喜剧 / 奇幻,1990s,粤语,粤语,粤语,粤语（广府片/白话）,Tier 1,≈100%（推断）,纯方言/少数民族语言标签，无普通话标签（对应'全部对白为方言'的狭义纯方言片）,https://movie.douban.com/subject/1461068/
方言片,3020928,老友鬼上身,1992,5.7,661,喜剧 / 恐怖,1990s,粤语,粤语,粤语,粤语（广府片/白话）,Tier 1,≈100%（推断）,纯方言/少数民族语言标签，无普通话标签（对应'全部对白为方言'的狭义纯方言片）,https://movie.douban.com/subject/3020928/
方言片,11523773,舢舨92之爱的出航,1992,4.7,135,剧情 / 情色,1990s,粤语,粤语,粤语,粤语（广府片/白话）,Tier 1,≈100%（推断）,纯方言/少数民族语言标签，无普通话标签（对应'全部对白为方言'的狭义纯方言片）,https://movie.douban.com/subject/11523773/
方言片,26593716,色降2之血玫瑰,1992,4.7,185,恐怖 / 情色,1990s,粤语,粤语,粤语,粤语（广府片/白话）,Tier 1,≈100%（推断）,纯方言/少数民族语言标签，无普通话标签（对应'全部对白为方言'的狭义纯方言片）,https://movie.douban.com/subject/26593716/
方言片,25743034,艳客临门,1992,6.5,177,情色 / 鬼怪,1990s,粤语,粤语,粤语,粤语（广府片/白话）,Tier 1,≈100%（推断）,纯方言/少数民族语言标签，无普通话标签（对应'全部对白为方言'的狭义纯方言片）,https://movie.douban.com/subject/25743034/
方言片,4888094,花货,1992,5.9,103,剧情,1990s,粤语,粤语,粤语,粤语（广府片/白话）,Tier 1,≈100%（推断）,纯方言/少数民族语言标签，无普通话标签（对应'全部对白为方言'的狭义纯方言片）,https://movie.douban.com/subject/4888094/
方言片,1299315,英雄地之小刀会,1992,7.2,954,动作,1990s,粤语,粤语,粤语,粤语（广府片/白话）,Tier 1,≈100%（推断）,纯方言/少数民族语言标签，无普通话标签（对应'全部对白为方言'的狭义纯方言片）,https://movie.douban.com/subject/1299315/
方言片,1306406,草莽英雌,1992,6.9,136,喜剧 / 动作 / 犯罪,1990s,粤语,粤语,粤语,粤语（广府片/白话）,Tier 1,≈100%（推断）,纯方言/少数民族语言标签，无普通话标签（对应'全部对白为方言'的狭义纯方言片）,https://movie.douban.com/subject/1306406/
方言片,1297071,蓝江传之反飞组风云,1992,6.9,2760,犯罪 / 剧情,1990s,粤语,粤语,粤语,粤语（广府片/白话）,Tier 1,≈100%（推断）,纯方言/少数民族语言标签，无普通话标签（对应'全部对白为方言'的狭义纯方言片）,https://movie.douban.com/subject/1297071/
方言片,5113152,蛇魔追魂降,1992,5.2,280,恐怖,1990s,粤语,粤语,粤语,粤语（广府片/白话）,Tier 1,≈100%（推断）,纯方言/少数民族语言标签，无普通话标签（对应'全部对白为方言'的狭义纯方言片）,https://movie.douban.com/subject/5113152/
方言片,1299298,蛤蟆英雄传,1992,6.9,307,喜剧 / 动作 / 爱情,1990s,粤语,粤语,粤语,粤语（广府片/白话）,Tier 1,≈100%（推断）,纯方言/少数民族语言标签，无普通话标签（对应'全部对白为方言'的狭义纯方言片）,https://movie.douban.com/subject/1299298/
方言片,1958190,蝎子战士,1992,7.4,3341,动作 / 喜剧,1990s,粤语,粤语,粤语,粤语（广府片/白话）,Tier 1,≈100%（推断）,纯方言/少数民族语言标签，无普通话标签（对应'全部对白为方言'的狭义纯方言片）,https://movie.douban.com/subject/1958190/
方言片,1776806,表姐，你好嘢！3之大人驾到,1992,7.1,2868,剧情 / 喜剧,1990s,粤语,粤语,粤语,粤语（广府片/白话）,Tier 1,≈100%（推断）,纯方言/少数民族语言标签，无普通话标签（对应'全部对白为方言'的狭义纯方言片）,https://movie.douban.com/subject/1776806/
方言片,2072947,西藏小子,1992,6.3,1036,动作,1990s,粤语,粤语,粤语,粤语（广府片/白话）,Tier 1,≈100%（推断）,纯方言/少数民族语言标签，无普通话标签（对应'全部对白为方言'的狭义纯方言片）,https://movie.douban.com/subject/2072947/
方言片,1304131,誓不忘情,1992,6.6,754,动作 / 爱情,1990s,粤语,粤语,粤语,粤语（广府片/白话）,Tier 1,≈100%（推断）,纯方言/少数民族语言标签，无普通话标签（对应'全部对白为方言'的狭义纯方言片）,https://movie.douban.com/subject/1304131/
方言片,1303783,赌城大亨II之至尊无敌,1992,6.6,7167,剧情 / 悬疑,1990s,粤语,粤语,粤语,粤语（广府片/白话）,Tier 1,≈100%（推断）,纯方言/少数民族语言标签，无普通话标签（对应'全部对白为方言'的狭义纯方言片）,https://movie.douban.com/subject/1303783/
方言片,1300330,赌城大亨之新哥传奇,1992,6.7,8611,剧情 / 爱情,1990s,粤语,粤语,粤语,粤语（广府片/白话）,Tier 1,≈100%（推断）,纯方言/少数民族语言标签，无普通话标签（对应'全部对白为方言'的狭义纯方言片）,https://movie.douban.com/subject/1300330/
方言片,1298700,赌煞,1992,5.8,221,剧情 / 动作,1990s,粤语,粤语,粤语,粤语（广府片/白话）,Tier 1,≈100%（推断）,纯方言/少数民族语言标签，无普通话标签（对应'全部对白为方言'的狭义纯方言片）,https://movie.douban.com/subject/1298700/
方言片,19941733,赤裸迷情,1992,5.4,233,爱情 / 古装 / 情色,1990s,粤语,粤语,粤语,粤语（广府片/白话）,Tier 1,≈100%（推断）,纯方言/少数民族语言标签，无普通话标签（对应'全部对白为方言'的狭义纯方言片）,https://movie.douban.com/subject/19941733/
方言片,26767519,跟住去边度,1992,9.3,996,喜剧 / 真人秀 / 脱口秀,1990s,粤语,粤语,粤语,粤语（广府片/白话）,Tier 1,≈100%（推断）,纯方言/少数民族语言标签，无普通话标签（对应'全部对白为方言'的狭义纯方言片）,https://movie.douban.com/subject/26767519/
方言片,1456496,踢到宝,1992,6.4,1833,喜剧 / 奇幻,1990s,粤语,粤语,粤语,粤语（广府片/白话）,Tier 1,≈100%（推断）,纯方言/少数民族语言标签，无普通话标签（对应'全部对白为方言'的狭义纯方言片）,https://movie.douban.com/subject/1456496/
方言片,1305472,车神,1992,6.0,420,动作,1990s,粤语,粤语,粤语,粤语（广府片/白话）,Tier 1,≈100%（推断）,纯方言/少数民族语言标签，无普通话标签（对应'全部对白为方言'的狭义纯方言片）,https://movie.douban.com/subject/1305472/
方言片,1293147,辣手神探,1992,7.9,34714,动作 / 犯罪 / 剧情,1990s,粤语,粤语,粤语,粤语（广府片/白话）,Tier 1,≈100%（推断）,纯方言/少数民族语言标签，无普通话标签（对应'全部对白为方言'的狭义纯方言片）,https://movie.douban.com/subject/1293147/
方言片,1296201,逃学威龙2,1992,7.8,169752,喜剧,1990s,粤语,粤语,粤语,粤语（广府片/白话）,Tier 1,≈100%（推断）,纯方言/少数民族语言标签，无普通话标签（对应'全部对白为方言'的狭义纯方言片）,https://movie.douban.com/subject/1296201/
方言片,1299891,逃学英雄传,1992,6.4,5596,喜剧,1990s,粤语,粤语,粤语,粤语（广府片/白话）,Tier 1,≈100%（推断）,纯方言/少数民族语言标签，无普通话标签（对应'全部对白为方言'的狭义纯方言片）,https://movie.douban.com/subject/1299891/
方言片,1817342,金三角群英会,1992,5.7,247,动作,1990s,粤语,粤语,粤语,粤语（广府片/白话）,Tier 1,≈100%（推断）,纯方言/少数民族语言标签，无普通话标签（对应'全部对白为方言'的狭义纯方言片）,https://movie.douban.com/subject/1817342/
方言片,1305998,雾都情仇,1992,5.5,131,动作 / 爱情,1990s,粤语,粤语,粤语,粤语（广府片/白话）,Tier 1,≈100%（推断）,纯方言/少数民族语言标签，无普通话标签（对应'全部对白为方言'的狭义纯方言片）,https://movie.douban.com/subject/1305998/
方言片,2125241,音乐僵尸,1992,7.0,10665,喜剧 / 奇幻,1990s,粤语,粤语,粤语,粤语（广府片/白话）,Tier 1,≈100%（推断）,纯方言/少数民族语言标签，无普通话标签（对应'全部对白为方言'的狭义纯方言片）,https://movie.douban.com/subject/2125241/
方言片,1306427,飞女正传,1992,6.2,386,剧情,1990s,粤语,粤语,粤语,粤语（广府片/白话）,Tier 1,≈100%（推断）,纯方言/少数民族语言标签，无普通话标签（对应'全部对白为方言'的狭义纯方言片）,https://movie.douban.com/subject/1306427/
方言片,2078218,飞虎精英之人间有情,1992,6.5,1296,剧情 / 动作 / 犯罪,1990s,粤语,粤语,粤语,粤语（广府片/白话）,Tier 1,≈100%（推断）,纯方言/少数民族语言标签，无普通话标签（对应'全部对白为方言'的狭义纯方言片）,https://movie.douban.com/subject/2078218/
方言片,2995191,香港奇案之八大毒枭,1992,5.6,124,剧情,1990s,粤语,粤语,粤语,粤语（广府片/白话）,Tier 1,≈100%（推断）,纯方言/少数民族语言标签，无普通话标签（对应'全部对白为方言'的狭义纯方言片）,https://movie.douban.com/subject/2995191/
方言片,1794401,鬼打鬼之黄金道士,1992,6.9,9299,喜剧 / 动作 / 恐怖,1990s,粤语,粤语,粤语,粤语（广府片/白话）,Tier 1,≈100%（推断）,纯方言/少数民族语言标签，无普通话标签（对应'全部对白为方言'的狭义纯方言片）,https://movie.douban.com/subject/1794401/
方言片,1297223,鹿鼎记,1992,8.2,288585,喜剧 / 动作 / 武侠,1990s,粤语,粤语,粤语,粤语（广府片/白话）,Tier 1,≈100%（推断）,纯方言/少数民族语言标签，无普通话标签（对应'全部对白为方言'的狭义纯方言片）,https://movie.douban.com/subject/1297223/
方言片,1306951,鹿鼎记2：神龙教,1992,8.0,191524,喜剧 / 动作 / 武侠,1990s,粤语,粤语,粤语,粤语（广府片/白话）,Tier 1,≈100%（推断）,纯方言/少数民族语言标签，无普通话标签（对应'全部对白为方言'的狭义纯方言片）,https://movie.douban.com/subject/1306951/
方言片,1299850,黄大仙,1992,5.9,1160,奇幻 / 古装,1990s,粤语,粤语,粤语,粤语（广府片/白话）,Tier 1,≈100%（推断）,纯方言/少数民族语言标签，无普通话标签（对应'全部对白为方言'的狭义纯方言片）,https://movie.douban.com/subject/1299850/
方言片,1294549,黄飞鸿'92之龙行天下,1992,6.7,14150,动作,1990s,粤语,粤语,粤语,粤语（广府片/白话）,Tier 1,≈100%（推断）,纯方言/少数民族语言标签，无普通话标签（对应'全部对白为方言'的狭义纯方言片）,https://movie.douban.com/subject/1294549/
方言片,1298382,黄飞鸿笑传,1992,6.3,5473,动作,1990s,粤语,粤语,粤语,粤语（广府片/白话）,Tier 1,≈100%（推断）,纯方言/少数民族语言标签，无普通话标签（对应'全部对白为方言'的狭义纯方言片）,https://movie.douban.com/subject/1298382/
方言片,1292503,黑猫II：刺杀叶利钦,1992,5.8,482,动作 / 剧情 / 惊悚,1990s,粤语 / 英语,粤语 / 英语,粤语,粤语（广府片/白话）,Tier 1,≈100%（推断）,纯方言/少数民族语言标签，无普通话标签（对应'全部对白为方言'的狭义纯方言片）,https://movie.douban.com/subject/1292503/
方言片,3080140,龙猫烧须,1992,5.6,178,喜剧 / 动作 / 犯罪,1990s,粤语,粤语,粤语,粤语（广府片/白话）,Tier 1,≈100%（推断）,纯方言/少数民族语言标签，无普通话标签（对应'全部对白为方言'的狭义纯方言片）,https://movie.douban.com/subject/3080140/
方言片,1479869,一屋哨牙鬼,1993,6.4,2754,喜剧 / 恐怖,1990s,粤语,粤语,粤语,粤语（广府片/白话）,Tier 1,≈100%（推断）,纯方言/少数民族语言标签，无普通话标签（对应'全部对白为方言'的狭义纯方言片）,https://movie.douban.com/subject/1479869/
方言片,3148297,一本漫画闯天涯II妙想天开,1993,6.2,5499,喜剧,1990s,粤语,粤语,粤语,粤语（广府片/白话）,Tier 1,≈100%（推断）,纯方言/少数民族语言标签，无普通话标签（对应'全部对白为方言'的狭义纯方言片）,https://movie.douban.com/subject/3148297/
方言片,1302447,七月十四,1993,7.0,5102,惊悚 / 恐怖,1990s,粤语,粤语,粤语,粤语（广府片/白话）,Tier 1,≈100%（推断）,纯方言/少数民族语言标签，无普通话标签（对应'全部对白为方言'的狭义纯方言片）,https://movie.douban.com/subject/1302447/
方言片,1437840,三分之一情人,1993,5.9,775,情色,1990s,粤语,粤语,粤语,粤语（广府片/白话）,Tier 1,≈100%（推断）,纯方言/少数民族语言标签，无普通话标签（对应'全部对白为方言'的狭义纯方言片）,https://movie.douban.com/subject/1437840/
方言片,1303170,上海皇帝之雄霸天下,1993,7.9,12338,犯罪 / 剧情 / 悬疑,1990s,粤语,粤语,粤语,粤语（广府片/白话）,Tier 1,≈100%（推断）,纯方言/少数民族语言标签，无普通话标签（对应'全部对白为方言'的狭义纯方言片）,https://movie.douban.com/subject/1303170/
方言片,4891792,世外情缘,1993,5.9,114,爱情 / 情色,1990s,粤语,粤语,粤语,粤语（广府片/白话）,Tier 1,≈100%（推断）,纯方言/少数民族语言标签，无普通话标签（对应'全部对白为方言'的狭义纯方言片）,https://movie.douban.com/subject/4891792/
方言片,1304091,东方三侠,1993,7.4,44185,动作 / 奇幻 / 武侠,1990s,粤语 / 英语,粤语 / 英语,粤语,粤语（广府片/白话）,Tier 1,≈100%（推断）,纯方言/少数民族语言标签，无普通话标签（对应'全部对白为方言'的狭义纯方言片）,https://movie.douban.com/subject/1304091/
方言片,1394324,东方不败之风云再起,1993,7.4,91819,动作 / 爱情 / 武侠,1990s,粤语,粤语,粤语,粤语（广府片/白话）,Tier 1,≈100%（推断）,纯方言/少数民族语言标签，无普通话标签（对应'全部对白为方言'的狭义纯方言片）,https://movie.douban.com/subject/1394324/
方言片,2147606,两厢情愿,1993,6.4,318,爱情,1990s,粤语,粤语,粤语,粤语（广府片/白话）,Tier 1,≈100%（推断）,纯方言/少数民族语言标签，无普通话标签（对应'全部对白为方言'的狭义纯方言片）,https://movie.douban.com/subject/2147606/
方言片,1302084,乌鼠机密档案,1993,7.0,4946,动作 / 犯罪 / 剧情,1990s,粤语 / 越南语 / 客家话,粤语 / 越南语 / 客家话,粤语 / 客家话,粤语（广府片/白话） / 客家话,Tier 1,≈100%（推断）,纯方言/少数民族语言标签，无普通话标签（对应'全部对白为方言'的狭义纯方言片）,https://movie.douban.com/subject/1302084/
方言片,1780552,人生得意衰尽欢,1993,6.1,965,喜剧,1990s,粤语,粤语,粤语,粤语（广府片/白话）,Tier 1,≈100%（推断）,纯方言/少数民族语言标签，无普通话标签（对应'全部对白为方言'的狭义纯方言片）,https://movie.douban.com/subject/1780552/
方言片,1448703,人皮灯笼,1993,6.8,10614,剧情 / 惊悚,1990s,粤语,粤语,粤语,粤语（广府片/白话）,Tier 1,≈100%（推断）,纯方言/少数民族语言标签，无普通话标签（对应'全部对白为方言'的狭义纯方言片）,https://movie.douban.com/subject/1448703/
方言片,5112151,人鬼拍档,1993,4.8,113,喜剧 / 动作 / 恐怖,1990s,粤语,粤语,粤语,粤语（广府片/白话）,Tier 1,≈100%（推断）,纯方言/少数民族语言标签，无普通话标签（对应'全部对白为方言'的狭义纯方言片）,https://movie.douban.com/subject/5112151/
方言片,2256095,公海强奸风暴,1993,4.8,339,动作 / 犯罪,1990s,粤语,粤语,粤语,粤语（广府片/白话）,Tier 1,≈100%（推断）,纯方言/少数民族语言标签，无普通话标签（对应'全部对白为方言'的狭义纯方言片）,https://movie.douban.com/subject/2256095/
方言片,1479872,再世追魂,1993,7.2,5312,犯罪 / 惊悚 / 恐怖,1990s,粤语,粤语,粤语,粤语（广府片/白话）,Tier 1,≈100%（推断）,纯方言/少数民族语言标签，无普通话标签（对应'全部对白为方言'的狭义纯方言片）,https://movie.douban.com/subject/1479872/
方言片,1773985,千王情人,1993,6.8,780,犯罪 / 爱情,1990s,粤语,粤语,粤语,粤语（广府片/白话）,Tier 1,≈100%（推断）,纯方言/少数民族语言标签，无普通话标签（对应'全部对白为方言'的狭义纯方言片）,https://movie.douban.com/subject/1773985/
方言片,1300409,千面天王,1993,6.4,1672,喜剧 / 动作,1990s,粤语,粤语,粤语,粤语（广府片/白话）,Tier 1,≈100%（推断）,纯方言/少数民族语言标签，无普通话标签（对应'全部对白为方言'的狭义纯方言片）,https://movie.douban.com/subject/1300409/
方言片,1456499,反斗马骝,1993,6.4,1570,动作 / 喜剧 / 犯罪,1990s,粤语,粤语,粤语,粤语（广府片/白话）,Tier 1,≈100%（推断）,纯方言/少数民族语言标签，无普通话标签（对应'全部对白为方言'的狭义纯方言片）,https://movie.douban.com/subject/1456499/
方言片,2287245,叠影惊情,1993,6.1,168,惊悚,1990s,粤语,粤语,粤语,粤语（广府片/白话）,Tier 1,≈100%（推断）,纯方言/少数民族语言标签，无普通话标签（对应'全部对白为方言'的狭义纯方言片）,https://movie.douban.com/subject/2287245/
方言片,1304486,同居关系,1993,5.7,732,情色,1990s,粤语,粤语,粤语,粤语（广府片/白话）,Tier 1,≈100%（推断）,纯方言/少数民族语言标签，无普通话标签（对应'全部对白为方言'的狭义纯方言片）,https://movie.douban.com/subject/1304486/
方言片,900155,唐伯虎点秋香,1993,8.4,920890,喜剧 / 爱情 / 古装,1990s,粤语,粤语,粤语,粤语（广府片/白话）,Tier 1,≈100%（推断）,纯方言/少数民族语言标签，无普通话标签（对应'全部对白为方言'的狭义纯方言片）,https://movie.douban.com/subject/1306249/
方言片,2146855,城市女猎人,1993,5.8,215,动作,1990s,粤语,粤语,粤语,粤语（广府片/白话）,Tier 1,≈100%（推断）,纯方言/少数民族语言标签，无普通话标签（对应'全部对白为方言'的狭义纯方言片）,https://movie.douban.com/subject/2146855/
方言片,1295064,城市猎人,1993,7.7,95867,动作 / 喜剧 / 爱情,1990s,粤语,粤语,粤语,粤语（广府片/白话）,Tier 1,≈100%（推断）,纯方言/少数民族语言标签，无普通话标签（对应'全部对白为方言'的狭义纯方言片）,https://movie.douban.com/subject/1295064/
方言片,1299730,夏日情未了,1993,7.1,3111,爱情,1990s,粤语,粤语,粤语,粤语（广府片/白话）,Tier 1,≈100%（推断）,纯方言/少数民族语言标签，无普通话标签（对应'全部对白为方言'的狭义纯方言片）,https://movie.douban.com/subject/1299730/
方言片,1303675,夜挑情,1993,4.9,155,情色,1990s,粤语,粤语,粤语,粤语（广府片/白话）,Tier 1,≈100%（推断）,纯方言/少数民族语言标签，无普通话标签（对应'全部对白为方言'的狭义纯方言片）,https://movie.douban.com/subject/1303675/
方言片,10540068,大迷信1993,1993,5.4,197,纪录片,1990s,粤语,粤语,粤语,粤语（广府片/白话）,Tier 1,≈100%（推断）,纯方言/少数民族语言标签，无普通话标签（对应'全部对白为方言'的狭义纯方言片）,https://movie.douban.com/subject/10540068/
方言片,1305059,大闹广昌隆,1993,6.8,3729,剧情 / 爱情 / 恐怖,1990s,粤语,粤语,粤语,粤语（广府片/白话）,Tier 1,≈100%（推断）,纯方言/少数民族语言标签，无普通话标签（对应'全部对白为方言'的狭义纯方言片）,https://movie.douban.com/subject/1305059/
方言片,1302681,天台的月光,1993,7.0,592,爱情,1990s,粤语,粤语,粤语,粤语（广府片/白话）,Tier 1,≈100%（推断）,纯方言/少数民族语言标签，无普通话标签（对应'全部对白为方言'的狭义纯方言片）,https://movie.douban.com/subject/1302681/
方言片,1300295,天若有情2之天长地久,1993,6.8,6119,动作 / 爱情 / 犯罪,1990s,粤语,粤语,粤语,粤语（广府片/白话）,Tier 1,≈100%（推断）,纯方言/少数民族语言标签，无普通话标签（对应'全部对白为方言'的狭义纯方言片）,https://movie.douban.com/subject/1300295/
方言片,1299822,天长地久,1993,7.5,3380,剧情 / 爱情,1990s,粤语,粤语,粤语,粤语（广府片/白话）,Tier 1,≈100%（推断）,纯方言/少数民族语言标签，无普通话标签（对应'全部对白为方言'的狭义纯方言片）,https://movie.douban.com/subject/1299822/
方言片,1768619,太子传说,1993,6.4,1487,剧情 / 动作,1990s,粤语,粤语,粤语,粤语（广府片/白话）,Tier 1,≈100%（推断）,纯方言/少数民族语言标签，无普通话标签（对应'全部对白为方言'的狭义纯方言片）,https://movie.douban.com/subject/1768619/
方言片,2327053,女儿当自强,1993,5.7,157,动作,1990s,粤语,粤语,粤语,粤语（广府片/白话）,Tier 1,≈100%（推断）,纯方言/少数民族语言标签，无普通话标签（对应'全部对白为方言'的狭义纯方言片）,https://movie.douban.com/subject/2327053/
方言片,1301238,审死官翻案,1993,5.5,227,喜剧,1990s,粤语,粤语,粤语,粤语（广府片/白话）,Tier 1,≈100%（推断）,纯方言/少数民族语言标签，无普通话标签（对应'全部对白为方言'的狭义纯方言片）,https://movie.douban.com/subject/1301238/
方言片,1306113,富贵狂花,1993,6.5,450,喜剧 / 悬疑,1990s,粤语,粤语,粤语,粤语（广府片/白话）,Tier 1,≈100%（推断）,纯方言/少数民族语言标签，无普通话标签（对应'全部对白为方言'的狭义纯方言片）,https://movie.douban.com/subject/1306113/
方言片,900096,射雕英雄传之东成西就,1993,8.7,558561,喜剧 / 古装,1990s,粤语,粤语,粤语,粤语（广府片/白话）,Tier 1,≈100%（推断）,纯方言/少数民族语言标签，无普通话标签（对应'全部对白为方言'的狭义纯方言片）,https://movie.douban.com/subject/1316510/
方言片,3391789,少年卫斯理之天魔之子,1993,4.9,176,动作 / 奇幻,1990s,粤语,粤语,粤语,粤语（广府片/白话）,Tier 1,≈100%（推断）,纯方言/少数民族语言标签，无普通话标签（对应'全部对白为方言'的狭义纯方言片）,https://movie.douban.com/subject/3391789/
方言片,1294488,少年黄飞鸿之铁马骝,1993,7.6,20285,喜剧 / 动作 / 犯罪,1990s,粤语,粤语,粤语,粤语（广府片/白话）,Tier 1,≈100%（推断）,纯方言/少数民族语言标签，无普通话标签（对应'全部对白为方言'的狭义纯方言片）,https://movie.douban.com/subject/1294488/
方言片,1298568,属鸡的女人,1993,5.2,188,情色,1990s,粤语,粤语,粤语,粤语（广府片/白话）,Tier 1,≈100%（推断）,纯方言/少数民族语言标签，无普通话标签（对应'全部对白为方言'的狭义纯方言片）,https://movie.douban.com/subject/1298568/
方言片,1300575,岁月风云之上海皇帝,1993,8.0,15262,犯罪 / 剧情 / 悬疑,1990s,粤语,粤语,粤语,粤语（广府片/白话）,Tier 1,≈100%（推断）,纯方言/少数民族语言标签，无普通话标签（对应'全部对白为方言'的狭义纯方言片）,https://movie.douban.com/subject/1300575/
方言片,1483811,广东五虎之铁拳无敌孙中山,1993,6.7,3002,喜剧,1990s,粤语,粤语,粤语,粤语（广府片/白话）,Tier 1,≈100%（推断）,纯方言/少数民族语言标签，无普通话标签（对应'全部对白为方言'的狭义纯方言片）,https://movie.douban.com/subject/1483811/
方言片,4002325,庙街十三妹,1993,4.9,158,动作,1990s,粤语,粤语,粤语,粤语（广府片/白话）,Tier 1,≈100%（推断）,纯方言/少数民族语言标签，无普通话标签（对应'全部对白为方言'的狭义纯方言片）,https://movie.douban.com/subject/4002325/
方言片,1300112,廉政第一击,1993,7.1,1836,动作,1990s,粤语,粤语,粤语,粤语（广府片/白话）,Tier 1,≈100%（推断）,纯方言/少数民族语言标签，无普通话标签（对应'全部对白为方言'的狭义纯方言片）,https://movie.douban.com/subject/1300112/
方言片,4116943,引郎入室,1993,5.4,188,情色,1990s,粤语,粤语,粤语,粤语（广府片/白话）,Tier 1,≈100%（推断）,纯方言/少数民族语言标签，无普通话标签（对应'全部对白为方言'的狭义纯方言片）,https://movie.douban.com/subject/4116943/
方言片,1765623,情人知己,1993,7.1,1696,剧情 / 喜剧 / 爱情,1990s,粤语,粤语,粤语,粤语（广府片/白话）,Tier 1,≈100%（推断）,纯方言/少数民族语言标签，无普通话标签（对应'全部对白为方言'的狭义纯方言片）,https://movie.douban.com/subject/1765623/
方言片,1296747,抢钱夫妻,1993,8.2,6693,喜剧,1990s,粤语,粤语,粤语,粤语（广府片/白话）,Tier 1,≈100%（推断）,纯方言/少数民族语言标签，无普通话标签（对应'全部对白为方言'的狭义纯方言片）,https://movie.douban.com/subject/1296747/
方言片,1298761,新仙鹤神针,1993,7.1,28034,动作 / 奇幻 / 武侠,1990s,粤语,粤语,粤语,粤语（广府片/白话）,Tier 1,≈100%（推断）,纯方言/少数民族语言标签，无普通话标签（对应'全部对白为方言'的狭义纯方言片）,https://movie.douban.com/subject/1298761/
方言片,1298589,新流星蝴蝶剑,1993,6.9,16215,爱情 / 武侠 / 古装,1990s,粤语,粤语,粤语,粤语（广府片/白话）,Tier 1,≈100%（推断）,纯方言/少数民族语言标签，无普通话标签（对应'全部对白为方言'的狭义纯方言片）,https://movie.douban.com/subject/1298589/
方言片,1297763,方世玉,1993,8.0,140629,喜剧 / 动作 / 武侠,1990s,粤语,粤语,粤语,粤语（广府片/白话）,Tier 1,≈100%（推断）,纯方言/少数民族语言标签，无普通话标签（对应'全部对白为方言'的狭义纯方言片）,https://movie.douban.com/subject/1297763/
方言片,1298447,无警时份,1993,6.1,326,动作 / 犯罪,1990s,粤语,粤语,粤语,粤语（广府片/白话）,Tier 1,≈100%（推断）,纯方言/少数民族语言标签，无普通话标签（对应'全部对白为方言'的狭义纯方言片）,https://movie.douban.com/subject/1298447/
方言片,3127115,日落卡门,1993,5.7,153,剧情,1990s,粤语,粤语,粤语,粤语（广府片/白话）,Tier 1,≈100%（推断）,纯方言/少数民族语言标签，无普通话标签（对应'全部对白为方言'的狭义纯方言片）,https://movie.douban.com/subject/3127115/
方言片,1863699,末路狂花,1993,5.4,431,动作,1990s,粤语,粤语,粤语,粤语（广府片/白话）,Tier 1,≈100%（推断）,纯方言/少数民族语言标签，无普通话标签（对应'全部对白为方言'的狭义纯方言片）,https://movie.douban.com/subject/1863699/
方言片,1300385,杀人者唐斩,1993,6.5,3894,剧情 / 动作 / 恐怖,1990s,粤语,粤语,粤语,粤语（广府片/白话）,Tier 1,≈100%（推断）,纯方言/少数民族语言标签，无普通话标签（对应'全部对白为方言'的狭义纯方言片）,https://movie.douban.com/subject/1300385/
方言片,1774992,李洛夫奇案,1993,5.8,986,动作,1990s,粤语,粤语,粤语,粤语（广府片/白话）,Tier 1,≈100%（推断）,纯方言/少数民族语言标签，无普通话标签（对应'全部对白为方言'的狭义纯方言片）,https://movie.douban.com/subject/1774992/
方言片,26672579,棱角杯,1993,9.4,374,剧情 / 喜剧,1990s,维吾尔语,维吾尔语,维吾尔语,中国少数民族语言,Tier 1,≈100%（推断）,纯方言/少数民族语言标签，无普通话标签（对应'全部对白为方言'的狭义纯方言片）,https://movie.douban.com/subject/26672579/
方言片,1305060,正牌韦小宝之奉旨沟女,1993,6.3,22161,喜剧 / 奇幻 / 古装,1990s,粤语,粤语,粤语,粤语（广府片/白话）,Tier 1,≈100%（推断）,纯方言/少数民族语言标签，无普通话标签（对应'全部对白为方言'的狭义纯方言片）,https://movie.douban.com/subject/1305060/
方言片,1302415,武侠七公主,1993,6.4,5981,动作 / 喜剧,1990s,粤语,粤语,粤语,粤语（广府片/白话）,Tier 1,≈100%（推断）,纯方言/少数民族语言标签，无普通话标签（对应'全部对白为方言'的狭义纯方言片）,https://movie.douban.com/subject/1302415/
方言片,3264572,武状元铁桥三,1993,5.5,173,剧情 / 动作 / 历史,1990s,粤语,粤语,粤语,粤语（广府片/白话）,Tier 1,≈100%（推断）,纯方言/少数民族语言标签，无普通话标签（对应'全部对白为方言'的狭义纯方言片）,https://movie.douban.com/subject/3264572/
方言片,1767732,水浒笑传,1993,6.4,8496,喜剧 / 古装,1990s,粤语,粤语,粤语,粤语（广府片/白话）,Tier 1,≈100%（推断）,纯方言/少数民族语言标签，无普通话标签（对应'全部对白为方言'的狭义纯方言片）,https://movie.douban.com/subject/1767732/
方言片,1400665,济公,1993,7.5,125065,喜剧 / 奇幻,1990s,粤语,粤语,粤语,粤语（广府片/白话）,Tier 1,≈100%（推断）,纯方言/少数民族语言标签，无普通话标签（对应'全部对白为方言'的狭义纯方言片）,https://movie.douban.com/subject/1400665/
方言片,1305945,溶尸奇案,1993,7.1,2294,剧情 / 爱情 / 犯罪,1990s,粤语,粤语,粤语,粤语（广府片/白话）,Tier 1,≈100%（推断）,纯方言/少数民族语言标签，无普通话标签（对应'全部对白为方言'的狭义纯方言片）,https://movie.douban.com/subject/1305945/
方言片,4317153,火种,1993,6.1,297,动作,1990s,粤语,粤语,粤语,粤语（广府片/白话）,Tier 1,≈100%（推断）,纯方言/少数民族语言标签，无普通话标签（对应'全部对白为方言'的狭义纯方言片）,https://movie.douban.com/subject/4317153/
方言片,1966549,爱在黑社会的日子,1993,6.6,857,剧情 / 动作 / 爱情,1990s,粤语,粤语,粤语,粤语（广府片/白话）,Tier 1,≈100%（推断）,纯方言/少数民族语言标签，无普通话标签（对应'全部对白为方言'的狭义纯方言片）,https://movie.douban.com/subject/1966549/
方言片,5940708,狱凤,1993,5.9,226,剧情 / 动作 / 犯罪,1990s,粤语,粤语,粤语,粤语（广府片/白话）,Tier 1,≈100%（推断）,纯方言/少数民族语言标签，无普通话标签（对应'全部对白为方言'的狭义纯方言片）,https://movie.douban.com/subject/5940708/
方言片,10796629,狱凤之杀出重围,1993,5.3,106,剧情 / 动作,1990s,粤语,粤语,粤语,粤语（广府片/白话）,Tier 1,≈100%（推断）,纯方言/少数民族语言标签，无普通话标签（对应'全部对白为方言'的狭义纯方言片）,https://movie.douban.com/subject/10796629/
方言片,1304103,玉女性重伤,1993,4.9,641,情色,1990s,粤语,粤语,粤语,粤语（广府片/白话）,Tier 1,≈100%（推断）,纯方言/少数民族语言标签，无普通话标签（对应'全部对白为方言'的狭义纯方言片）,https://movie.douban.com/subject/1304103/
方言片,1303153,玫瑰玫瑰我爱你,1993,7.0,3209,喜剧 / 动作 / 歌舞,1990s,粤语,粤语,粤语,粤语（广府片/白话）,Tier 1,≈100%（推断）,纯方言/少数民族语言标签，无普通话标签（对应'全部对白为方言'的狭义纯方言片）,https://movie.douban.com/subject/1303153/
方言片,1295858,现代豪侠传,1993,7.3,14124,动作 / 科幻,1990s,粤语,粤语,粤语,粤语（广府片/白话）,Tier 1,≈100%（推断）,纯方言/少数民族语言标签，无普通话标签（对应'全部对白为方言'的狭义纯方言片）,https://movie.douban.com/subject/1295858/
方言片,24532143,现代靓妹仔,1993,5.3,165,剧情 / 犯罪,1990s,粤语,粤语,粤语,粤语（广府片/白话）,Tier 1,≈100%（推断）,纯方言/少数民族语言标签，无普通话标签（对应'全部对白为方言'的狭义纯方言片）,https://movie.douban.com/subject/24532143/
方言片,1294564,白发魔女2,1993,6.6,19203,动作 / 奇幻 / 爱情,1990s,粤语,粤语,粤语,粤语（广府片/白话）,Tier 1,≈100%（推断）,纯方言/少数民族语言标签，无普通话标签（对应'全部对白为方言'的狭义纯方言片）,https://movie.douban.com/subject/1294564/
方言片,1293765,白发魔女传,1993,7.7,74356,动作 / 爱情 / 奇幻,1990s,粤语,粤语,粤语,粤语（广府片/白话）,Tier 1,≈100%（推断）,纯方言/少数民族语言标签，无普通话标签（对应'全部对白为方言'的狭义纯方言片）,https://movie.douban.com/subject/1293765/
方言片,1304701,白莲邪神,1993,5.9,1332,武侠,1990s,粤语,粤语,粤语,粤语（广府片/白话）,Tier 1,≈100%（推断）,纯方言/少数民族语言标签，无普通话标签（对应'全部对白为方言'的狭义纯方言片）,https://movie.douban.com/subject/1304701/
方言片,1301932,的士判官,1993,7.1,4995,动作,1990s,粤语,粤语,粤语,粤语（广府片/白话）,Tier 1,≈100%（推断）,纯方言/少数民族语言标签，无普通话标签（对应'全部对白为方言'的狭义纯方言片）,https://movie.douban.com/subject/1301932/
方言片,3161605,皆大欢喜,1993,6.6,457,喜剧,1990s,粤语,粤语,粤语,粤语（广府片/白话）,Tier 1,≈100%（推断）,纯方言/少数民族语言标签，无普通话标签（对应'全部对白为方言'的狭义纯方言片）,https://movie.douban.com/subject/3161605/
方言片,1424633,盲女72小时,1993,6.4,10894,剧情 / 惊悚,1990s,粤语,粤语,粤语,粤语（广府片/白话）,Tier 1,≈100%（推断）,纯方言/少数民族语言标签，无普通话标签（对应'全部对白为方言'的狭义纯方言片）,https://movie.douban.com/subject/1424633/
方言片,2146107,砵兰街大少,1993,6.2,611,犯罪,1990s,粤语,粤语,粤语,粤语（广府片/白话）,Tier 1,≈100%（推断）,纯方言/少数民族语言标签，无普通话标签（对应'全部对白为方言'的狭义纯方言片）,https://movie.douban.com/subject/2146107/
方言片,1303497,神经刀与飞天猫,1993,6.7,12133,喜剧 / 奇幻 / 武侠,1990s,粤语,粤语,粤语,粤语（广府片/白话）,Tier 1,≈100%（推断）,纯方言/少数民族语言标签，无普通话标签（对应'全部对白为方言'的狭义纯方言片）,https://movie.douban.com/subject/1303497/
方言片,25736327,禁忌游戏,1993,4.8,120,剧情 / 情色,1990s,粤语,粤语,粤语,粤语（广府片/白话）,Tier 1,≈100%（推断）,纯方言/少数民族语言标签，无普通话标签（对应'全部对白为方言'的狭义纯方言片）,https://movie.douban.com/subject/25736327/
方言片,1295061,笑侠楚留香,1993,5.9,3569,喜剧 / 动作,1990s,粤语,粤语,粤语,粤语（广府片/白话）,Tier 1,≈100%（推断）,纯方言/少数民族语言标签，无普通话标签（对应'全部对白为方言'的狭义纯方言片）,https://movie.douban.com/subject/1295061/
方言片,1302554,笑八仙,1993,6.3,4223,喜剧,1990s,粤语,粤语,粤语,粤语（广府片/白话）,Tier 1,≈100%（推断）,纯方言/少数民族语言标签，无普通话标签（对应'全部对白为方言'的狭义纯方言片）,https://movie.douban.com/subject/1302554/
方言片,1302124,纸盒藏尸之公审,1993,6.7,953,悬疑 / 恐怖,1990s,粤语,粤语,粤语,粤语（广府片/白话）,Tier 1,≈100%（推断）,纯方言/少数民族语言标签，无普通话标签（对应'全部对白为方言'的狭义纯方言片）,https://movie.douban.com/subject/1302124/
方言片,3327448,绑架黄七辉,1993,5.8,130,喜剧 / 犯罪,1990s,粤语,粤语,粤语,粤语（广府片/白话）,Tier 1,≈100%（推断）,纯方言/少数民族语言标签，无普通话标签（对应'全部对白为方言'的狭义纯方言片）,https://movie.douban.com/subject/3327448/
方言片,25743033,艳降,1993,4.8,194,动作 / 犯罪 / 奇幻,1990s,粤语,粤语,粤语,粤语（广府片/白话）,Tier 1,≈100%（推断）,纯方言/少数民族语言标签，无普通话标签（对应'全部对白为方言'的狭义纯方言片）,https://movie.douban.com/subject/25743033/
方言片,1459375,芝士火腿,1993,6.5,2384,喜剧,1990s,粤语,粤语,粤语,粤语（广府片/白话）,Tier 1,≈100%（推断）,纯方言/少数民族语言标签，无普通话标签（对应'全部对白为方言'的狭义纯方言片）,https://movie.douban.com/subject/1459375/
方言片,1416728,花田喜事,1993,7.6,72911,喜剧 / 爱情 / 古装,1990s,粤语,粤语,粤语,粤语（广府片/白话）,Tier 1,≈100%（推断）,纯方言/少数民族语言标签，无普通话标签（对应'全部对白为方言'的狭义纯方言片）,https://movie.douban.com/subject/1416728/
方言片,1306262,虎穴屠龙之轰天陷阱,1993,5.9,182,动作,1990s,粤语,粤语,粤语,粤语（广府片/白话）,Tier 1,≈100%（推断）,纯方言/少数民族语言标签，无普通话标签（对应'全部对白为方言'的狭义纯方言片）,https://movie.douban.com/subject/1306262/
方言片,1484186,蝎子之灭杀行动,1993,5.7,142,动作 / 犯罪,1990s,粤语,粤语,粤语,粤语（广府片/白话）,Tier 1,≈100%（推断）,纯方言/少数民族语言标签，无普通话标签（对应'全部对白为方言'的狭义纯方言片）,https://movie.douban.com/subject/1484186/
方言片,1306240,触目惊心,1993,6.5,2714,惊悚,1990s,粤语,粤语,粤语,粤语（广府片/白话）,Tier 1,≈100%（推断）,纯方言/少数民族语言标签，无普通话标签（对应'全部对白为方言'的狭义纯方言片）,https://movie.douban.com/subject/1306240/
方言片,1401236,记得香蕉成熟时,1993,7.6,4902,喜剧 / 爱情,1990s,粤语,粤语,粤语,粤语（广府片/白话）,Tier 1,≈100%（推断）,纯方言/少数民族语言标签，无普通话标签（对应'全部对白为方言'的狭义纯方言片）,https://movie.douban.com/subject/1401236/
方言片,1474336,赤脚小子,1993,7.0,6387,剧情 / 动作 / 武侠,1990s,粤语,粤语,粤语,粤语（广府片/白话）,Tier 1,≈100%（推断）,纯方言/少数民族语言标签，无普通话标签（对应'全部对白为方言'的狭义纯方言片）,https://movie.douban.com/subject/1474336/
方言片,1301112,赤裸狂奔,1993,5.9,686,动作 / 惊悚,1990s,粤语,粤语,粤语,粤语（广府片/白话）,Tier 1,≈100%（推断）,纯方言/少数民族语言标签，无普通话标签（对应'全部对白为方言'的狭义纯方言片）,https://movie.douban.com/subject/1301112/
方言片,2301444,走上不归路,1993,6.3,100,剧情 / 动作,1990s,粤语,粤语,粤语,粤语（广府片/白话）,Tier 1,≈100%（推断）,纯方言/少数民族语言标签，无普通话标签（对应'全部对白为方言'的狭义纯方言片）,https://movie.douban.com/subject/2301444/
方言片,1998762,超级女警,1993,6.4,572,动作,1990s,粤语,粤语,粤语,粤语（广府片/白话）,Tier 1,≈100%（推断）,纯方言/少数民族语言标签，无普通话标签（对应'全部对白为方言'的狭义纯方言片）,https://movie.douban.com/subject/1998762/
方言片,1305582,超级学校霸王,1993,7.5,60648,喜剧 / 动作 / 奇幻,1990s,粤语,粤语,粤语,粤语（广府片/白话）,Tier 1,≈100%（推断）,纯方言/少数民族语言标签，无普通话标签（对应'全部对白为方言'的狭义纯方言片）,https://movie.douban.com/subject/1305582/
方言片,1482541,超级计划,1993,6.9,6942,动作 / 喜剧 / 犯罪,1990s,粤语,粤语,粤语,粤语（广府片/白话）,Tier 1,≈100%（推断）,纯方言/少数民族语言标签，无普通话标签（对应'全部对白为方言'的狭义纯方言片）,https://movie.douban.com/subject/1482541/
方言片,1304538,边城浪子,1993,6.6,4218,动作 / 剧情 / 悬疑,1990s,粤语,粤语,粤语,粤语（广府片/白话）,Tier 1,≈100%（推断）,纯方言/少数民族语言标签，无普通话标签（对应'全部对白为方言'的狭义纯方言片）,https://movie.douban.com/subject/1304538/
方言片,1298007,边缘岁月,1993,6.6,366,剧情,1990s,粤语,粤语,粤语,粤语（广府片/白话）,Tier 1,≈100%（推断）,纯方言/少数民族语言标签，无普通话标签（对应'全部对白为方言'的狭义纯方言片）,https://movie.douban.com/subject/1298007/
方言片,1401641,追男仔,1993,7.3,15108,喜剧,1990s,粤语,粤语,粤语,粤语（广府片/白话）,Tier 1,≈100%（推断）,纯方言/少数民族语言标签，无普通话标签（对应'全部对白为方言'的狭义纯方言片）,https://movie.douban.com/subject/1401641/
方言片,1302678,逃学威龙3之龙过鸡年,1993,7.6,110258,喜剧,1990s,粤语,粤语,粤语,粤语（广府片/白话）,Tier 1,≈100%（推断）,纯方言/少数民族语言标签，无普通话标签（对应'全部对白为方言'的狭义纯方言片）,https://movie.douban.com/subject/1302678/
方言片,1303845,郎心如铁,1993,6.2,1241,剧情 / 犯罪 / 惊悚,1990s,粤语,粤语,粤语,粤语（广府片/白话）,Tier 1,≈100%（推断）,纯方言/少数民族语言标签，无普通话标签（对应'全部对白为方言'的狭义纯方言片）,https://movie.douban.com/subject/1303845/
方言片,1299966,重案组,1993,7.3,13551,犯罪 / 动作 / 剧情,1990s,粤语,粤语,粤语,粤语（广府片/白话）,Tier 1,≈100%（推断）,纯方言/少数民族语言标签，无普通话标签（对应'全部对白为方言'的狭义纯方言片）,https://movie.douban.com/subject/1299966/
方言片,3081376,雨夜天魔,1993,5.7,578,剧情 / 犯罪,1990s,粤语,粤语,粤语,粤语（广府片/白话）,Tier 1,≈100%（推断）,纯方言/少数民族语言标签，无普通话标签（对应'全部对白为方言'的狭义纯方言片）,https://movie.douban.com/subject/3081376/
方言片,1919555,霸海红英,1993,5.8,227,动作,1990s,粤语,粤语,粤语,粤语（广府片/白话）,Tier 1,≈100%（推断）,纯方言/少数民族语言标签，无普通话标签（对应'全部对白为方言'的狭义纯方言片）,https://movie.douban.com/subject/1919555/
方言片,1302939,风尘三侠,1993,7.2,4458,喜剧,1990s,粤语,粤语,粤语,粤语（广府片/白话）,Tier 1,≈100%（推断）,纯方言/少数民族语言标签，无普通话标签（对应'全部对白为方言'的狭义纯方言片）,https://movie.douban.com/subject/1302939/
方言片,1300204,飞狐外传,1993,6.6,3974,动作 / 爱情 / 武侠,1990s,粤语,粤语,粤语,粤语（广府片/白话）,Tier 1,≈100%（推断）,纯方言/少数民族语言标签，无普通话标签（对应'全部对白为方言'的狭义纯方言片）,https://movie.douban.com/subject/1300204/
方言片,1299930,飞越谜情,1993,7.3,2101,爱情,1990s,粤语,粤语,粤语,粤语（广府片/白话）,Tier 1,≈100%（推断）,纯方言/少数民族语言标签，无普通话标签（对应'全部对白为方言'的狭义纯方言片）,https://movie.douban.com/subject/1299930/
方言片,1305777,香港也疯狂,1993,6.7,1037,冒险 / 喜剧,1990s,粤语 / Ungwatsi,粤语 / ungwatsi,粤语,粤语（广府片/白话）,Tier 1,≈100%（推断）,纯方言/少数民族语言标签，无普通话标签（对应'全部对白为方言'的狭义纯方言片）,https://movie.douban.com/subject/1305777/
方言片,2127676,驱魔道长,1993,7.2,14292,喜剧 / 恐怖,1990s,粤语,粤语,粤语,粤语（广府片/白话）,Tier 1,≈100%（推断）,纯方言/少数民族语言标签，无普通话标签（对应'全部对白为方言'的狭义纯方言片）,https://movie.douban.com/subject/2127676/
方言片,1401221,黄蜂尾后针,1993,7.1,1091,惊悚,1990s,粤语,粤语,粤语,粤语（广府片/白话）,Tier 1,≈100%（推断）,纯方言/少数民族语言标签，无普通话标签（对应'全部对白为方言'的狭义纯方言片）,https://movie.douban.com/subject/1401221/
方言片,1305201,黄飞鸿之铁鸡斗蜈蚣,1993,7.2,45381,喜剧 / 动作 / 历史,1990s,粤语,粤语,粤语,粤语（广府片/白话）,Tier 1,≈100%（推断）,纯方言/少数民族语言标签，无普通话标签（对应'全部对白为方言'的狭义纯方言片）,https://movie.douban.com/subject/1305201/
方言片,1304600,黄飞鸿对黄飞鸿,1993,6.2,6073,动作 / 喜剧,1990s,粤语,粤语,粤语,粤语（广府片/白话）,Tier 1,≈100%（推断）,纯方言/少数民族语言标签，无普通话标签（对应'全部对白为方言'的狭义纯方言片）,https://movie.douban.com/subject/1304600/
方言片,1306145,龙跨四海之致命情人,1993,4.6,128,动作 / 爱情,1990s,粤语,粤语,粤语,粤语（广府片/白话）,Tier 1,≈100%（推断）,纯方言/少数民族语言标签，无普通话标签（对应'全部对白为方言'的狭义纯方言片）,https://movie.douban.com/subject/1306145/
方言片,2210230,97风流梦,1994,5.6,170,剧情 / 情色,1990s,粤语,粤语,粤语,粤语（广府片/白话）,Tier 1,≈100%（推断）,纯方言/少数民族语言标签，无普通话标签（对应'全部对白为方言'的狭义纯方言片）,https://movie.douban.com/subject/2210230/
方言片,1307830,999谁是凶手,1994,6.2,186,剧情 / 犯罪 / 悬疑,1990s,粤语,粤语,粤语,粤语（广府片/白话）,Tier 1,≈100%（推断）,纯方言/少数民族语言标签，无普通话标签（对应'全部对白为方言'的狭义纯方言片）,https://movie.douban.com/subject/1307830/
方言片,1292698,O记重案实录,1994,6.7,1172,动作 / 惊悚,1990s,粤语,粤语,粤语,粤语（广府片/白话）,Tier 1,≈100%（推断）,纯方言/少数民族语言标签，无普通话标签（对应'全部对白为方言'的狭义纯方言片）,https://movie.douban.com/subject/1292698/
方言片,1306431,七金刚,1994,6.3,599,动作,1990s,粤语,粤语,粤语,粤语（广府片/白话）,Tier 1,≈100%（推断）,纯方言/少数民族语言标签，无普通话标签（对应'全部对白为方言'的狭义纯方言片）,https://movie.douban.com/subject/1306431/
方言片,1307521,三个相爱的少年,1994,7.2,1024,喜剧 / 同性,1990s,粤语,粤语,粤语,粤语（广府片/白话）,Tier 1,≈100%（推断）,纯方言/少数民族语言标签，无普通话标签（对应'全部对白为方言'的狭义纯方言片）,https://movie.douban.com/subject/1307521/
方言片,1297068,中南海保镖,1994,7.7,90690,剧情 / 动作,1990s,粤语,粤语,粤语,粤语（广府片/白话）,Tier 1,≈100%（推断）,纯方言/少数民族语言标签，无普通话标签（对应'全部对白为方言'的狭义纯方言片）,https://movie.douban.com/subject/1297068/
方言片,1297518,九品芝麻官,1994,8.6,546502,剧情 / 喜剧 / 古装,1990s,粤语,粤语,粤语,粤语（广府片/白话）,Tier 1,≈100%（推断）,纯方言/少数民族语言标签，无普通话标签（对应'全部对白为方言'的狭义纯方言片）,https://movie.douban.com/subject/1297518/
方言片,1302014,乱世超人,1994,6.3,315,喜剧,1990s,粤语,粤语,粤语,粤语（广府片/白话）,Tier 1,≈100%（推断）,纯方言/少数民族语言标签，无普通话标签（对应'全部对白为方言'的狭义纯方言片）,https://movie.douban.com/subject/1302014/
方言片,1302673,人鱼传说,1994,7.3,31083,喜剧 / 奇幻 / 爱情,1990s,粤语,粤语,粤语,粤语（广府片/白话）,Tier 1,≈100%（推断）,纯方言/少数民族语言标签，无普通话标签（对应'全部对白为方言'的狭义纯方言片）,https://movie.douban.com/subject/1302673/
方言片,1401994,仙人掌,1994,6.7,524,剧情,1990s,粤语,粤语,粤语,粤语（广府片/白话）,Tier 1,≈100%（推断）,纯方言/少数民族语言标签，无普通话标签（对应'全部对白为方言'的狭义纯方言片）,https://movie.douban.com/subject/1401994/
方言片,1408298,伦文叙老点柳先开,1994,7.0,12308,喜剧 / 动作 / 武侠,1990s,粤语,粤语,粤语,粤语（广府片/白话）,Tier 1,≈100%（推断）,纯方言/少数民族语言标签，无普通话标签（对应'全部对白为方言'的狭义纯方言片）,https://movie.douban.com/subject/1408298/
方言片,2032470,伴我同行,1994,8.2,979,剧情,1990s,粤语,粤语,粤语,粤语（广府片/白话）,Tier 1,≈100%（推断）,纯方言/少数民族语言标签，无普通话标签（对应'全部对白为方言'的狭义纯方言片）,https://movie.douban.com/subject/2032470/
方言片,1305416,傻大姐翻转疯人院,1994,5.7,255,喜剧,1990s,粤语,粤语,粤语,粤语（广府片/白话）,Tier 1,≈100%（推断）,纯方言/少数民族语言标签，无普通话标签（对应'全部对白为方言'的狭义纯方言片）,https://movie.douban.com/subject/1305416/
方言片,3122954,兼职女郎,1994,5.0,321,剧情 / 动作 / 情色,1990s,粤语,粤语,粤语,粤语（广府片/白话）,Tier 1,≈100%（推断）,纯方言/少数民族语言标签，无普通话标签（对应'全部对白为方言'的狭义纯方言片）,https://movie.douban.com/subject/3122954/
方言片,2264792,初生之犊,1994,6.6,101,犯罪,1990s,粤语,粤语,粤语,粤语（广府片/白话）,Tier 1,≈100%（推断）,纯方言/少数民族语言标签，无普通话标签（对应'全部对白为方言'的狭义纯方言片）,https://movie.douban.com/subject/2264792/
方言片,5126688,同床2梦,1994,5.1,105,情色,1990s,粤语,粤语,粤语,粤语（广府片/白话）,Tier 1,≈100%（推断）,纯方言/少数民族语言标签，无普通话标签（对应'全部对白为方言'的狭义纯方言片）,https://movie.douban.com/subject/5126688/
方言片,1306232,咏春,1994,7.0,9423,动作 / 剧情,1990s,粤语,粤语,粤语,粤语（广府片/白话）,Tier 1,≈100%（推断）,纯方言/少数民族语言标签，无普通话标签（对应'全部对白为方言'的狭义纯方言片）,https://movie.douban.com/subject/1306232/
方言片,1307761,喂，搵边位？,1994,6.2,763,恐怖,1990s,粤语,粤语,粤语,粤语（广府片/白话）,Tier 1,≈100%（推断）,纯方言/少数民族语言标签，无普通话标签（对应'全部对白为方言'的狭义纯方言片）,https://movie.douban.com/subject/1307761/
方言片,1307502,地下赌王,1994,5.8,102,犯罪,1990s,粤语,粤语,粤语,粤语（广府片/白话）,Tier 1,≈100%（推断）,纯方言/少数民族语言标签，无普通话标签（对应'全部对白为方言'的狭义纯方言片）,https://movie.douban.com/subject/1307502/
方言片,3264573,壮士断臂,1994,5.6,172,动作 / 冒险 / 武侠,1990s,粤语,粤语,粤语,粤语（广府片/白话）,Tier 1,≈100%（推断）,纯方言/少数民族语言标签，无普通话标签（对应'全部对白为方言'的狭义纯方言片）,https://movie.douban.com/subject/3264573/
方言片,4004940,大刀王五,1994,6.6,157,剧情 / 传记 / 动作,1990s,粤语,粤语,粤语,粤语（广府片/白话）,Tier 1,≈100%（推断）,纯方言/少数民族语言标签，无普通话标签（对应'全部对白为方言'的狭义纯方言片）,https://movie.douban.com/subject/4004940/
方言片,1296897,大富之家,1994,7.8,27365,家庭 / 喜剧,1990s,粤语,粤语,粤语,粤语（广府片/白话）,Tier 1,≈100%（推断）,纯方言/少数民族语言标签，无普通话标签（对应'全部对白为方言'的狭义纯方言片）,https://movie.douban.com/subject/1296897/
方言片,1302356,奸人世家,1994,6.1,143,动作,1990s,粤语,粤语,粤语,粤语（广府片/白话）,Tier 1,≈100%（推断）,纯方言/少数民族语言标签，无普通话标签（对应'全部对白为方言'的狭义纯方言片）,https://movie.douban.com/subject/1302356/
方言片,1300177,姊妹情深,1994,6.7,473,喜剧 / 剧情,1990s,粤语,粤语,粤语,粤语（广府片/白话）,Tier 1,≈100%（推断）,纯方言/少数民族语言标签，无普通话标签（对应'全部对白为方言'的狭义纯方言片）,https://movie.douban.com/subject/1300177/
方言片,1306058,少林活宝贝,1994,6.0,198,喜剧,1990s,粤语,粤语,粤语,粤语（广府片/白话）,Tier 1,≈100%（推断）,纯方言/少数民族语言标签，无普通话标签（对应'全部对白为方言'的狭义纯方言片）,https://movie.douban.com/subject/1306058/
方言片,1297621,少林真功夫,1994,6.6,478,动作 / 剧情 / 纪录片,1990s,粤语,粤语,粤语,粤语（广府片/白话）,Tier 1,≈100%（推断）,纯方言/少数民族语言标签，无普通话标签（对应'全部对白为方言'的狭义纯方言片）,https://movie.douban.com/subject/1297621/
方言片,2148296,少林英雄之方世玉洪熙官,1994,6.1,1287,动作,1990s,粤语,粤语,粤语,粤语（广府片/白话）,Tier 1,≈100%（推断）,纯方言/少数民族语言标签，无普通话标签（对应'全部对白为方言'的狭义纯方言片）,https://movie.douban.com/subject/2148296/
方言片,1298757,山鸡变凤凰,1994,6.1,316,喜剧 / 动作 / 爱情,1990s,粤语,粤语,粤语,粤语（广府片/白话）,Tier 1,≈100%（推断）,纯方言/少数民族语言标签，无普通话标签（对应'全部对白为方言'的狭义纯方言片）,https://movie.douban.com/subject/1298757/
方言片,1306341,年年有今日,1994,7.6,3769,剧情 / 喜剧,1990s,粤语,粤语,粤语,粤语（广府片/白话）,Tier 1,≈100%（推断）,纯方言/少数民族语言标签，无普通话标签（对应'全部对白为方言'的狭义纯方言片）,https://movie.douban.com/subject/1306341/
方言片,4312574,弑兄奇案,1994,5.6,149,剧情 / 犯罪,1990s,粤语,粤语,粤语,粤语（广府片/白话）,Tier 1,≈100%（推断）,纯方言/少数民族语言标签，无普通话标签（对应'全部对白为方言'的狭义纯方言片）,https://movie.douban.com/subject/4312574/
方言片,1298878,怪侠一枝梅,1994,6.5,2679,喜剧 / 武侠,1990s,粤语,粤语,粤语,粤语（广府片/白话）,Tier 1,≈100%（推断）,纯方言/少数民族语言标签，无普通话标签（对应'全部对白为方言'的狭义纯方言片）,https://movie.douban.com/subject/1298878/
方言片,1303896,恋爱的天空,1994,6.9,1644,喜剧,1990s,粤语,粤语,粤语,粤语（广府片/白话）,Tier 1,≈100%（推断）,纯方言/少数民族语言标签，无普通话标签（对应'全部对白为方言'的狭义纯方言片）,https://movie.douban.com/subject/1303896/
方言片,1304244,我和春天有个约会,1994,8.1,7664,剧情 / 爱情 / 歌舞,1990s,粤语,粤语,粤语,粤语（广府片/白话）,Tier 1,≈100%（推断）,纯方言/少数民族语言标签，无普通话标签（对应'全部对白为方言'的狭义纯方言片）,https://movie.douban.com/subject/1304244/
方言片,1302040,我爱法拉利,1994,6.3,495,剧情,1990s,粤语,粤语,粤语,粤语（广府片/白话）,Tier 1,≈100%（推断）,纯方言/少数民族语言标签，无普通话标签（对应'全部对白为方言'的狭义纯方言片）,https://movie.douban.com/subject/1302040/
方言片,1298391,拆弹专家宝贝炸弹,1994,6.4,876,喜剧,1990s,粤语,粤语,粤语,粤语（广府片/白话）,Tier 1,≈100%（推断）,纯方言/少数民族语言标签，无普通话标签（对应'全部对白为方言'的狭义纯方言片）,https://movie.douban.com/subject/1298391/
方言片,1810637,撞板风流,1994,7.1,1567,喜剧,1990s,粤语,粤语,粤语,粤语（广府片/白话）,Tier 1,≈100%（推断）,纯方言/少数民族语言标签，无普通话标签（对应'全部对白为方言'的狭义纯方言片）,https://movie.douban.com/subject/1810637/
方言片,1300073,播种情人,1994,6.5,537,喜剧 / 剧情,1990s,粤语,粤语,粤语,粤语（广府片/白话）,Tier 1,≈100%（推断）,纯方言/少数民族语言标签，无普通话标签（对应'全部对白为方言'的狭义纯方言片）,https://movie.douban.com/subject/1300073/
方言片,2003666,新俏郎君,1994,6.0,106,剧情,1990s,粤语,粤语,粤语,粤语（广府片/白话）,Tier 1,≈100%（推断）,纯方言/少数民族语言标签，无普通话标签（对应'全部对白为方言'的狭义纯方言片）,https://movie.douban.com/subject/2003666/
方言片,1302160,新同居时代,1994,6.9,997,喜剧 / 剧情 / 爱情,1990s,粤语,粤语,粤语,粤语（广府片/白话）,Tier 1,≈100%（推断）,纯方言/少数民族语言标签，无普通话标签（对应'全部对白为方言'的狭义纯方言片）,https://movie.douban.com/subject/1302160/
方言片,1296695,新大小不良,1994,6.1,395,动作,1990s,粤语,粤语,粤语,粤语（广府片/白话）,Tier 1,≈100%（推断）,纯方言/少数民族语言标签，无普通话标签（对应'全部对白为方言'的狭义纯方言片）,https://movie.douban.com/subject/1296695/
方言片,1297517,新天龙八部之天山童姥,1994,7.5,69147,动作 / 武侠 / 古装,1990s,粤语,粤语,粤语,粤语（广府片/白话）,Tier 1,≈100%（推断）,纯方言/少数民族语言标签，无普通话标签（对应'全部对白为方言'的狭义纯方言片）,https://movie.douban.com/subject/1297517/
方言片,1296837,新少林五祖,1994,7.9,80297,剧情 / 动作 / 冒险,1990s,粤语,粤语,粤语,粤语（广府片/白话）,Tier 1,≈100%（推断）,纯方言/少数民族语言标签，无普通话标签（对应'全部对白为方言'的狭义纯方言片）,https://movie.douban.com/subject/1296837/
方言片,1297165,新男欢女爱,1994,6.7,266,爱情,1990s,粤语,粤语,粤语,粤语（广府片/白话）,Tier 1,≈100%（推断）,纯方言/少数民族语言标签，无普通话标签（对应'全部对白为方言'的狭义纯方言片）,https://movie.douban.com/subject/1297165/
方言片,1296895,新英雄本色,1994,6.6,4503,动作 / 剧情,1990s,粤语,粤语,粤语,粤语（广府片/白话）,Tier 1,≈100%（推断）,纯方言/少数民族语言标签，无普通话标签（对应'全部对白为方言'的狭义纯方言片）,https://movie.douban.com/subject/1296895/
方言片,1471317,新边缘人,1994,7.1,886,犯罪,1990s,粤语,粤语,粤语,粤语（广府片/白话）,Tier 1,≈100%（推断）,纯方言/少数民族语言标签，无普通话标签（对应'全部对白为方言'的狭义纯方言片）,https://movie.douban.com/subject/1471317/
方言片,1408117,昨夜长风,1994,6.9,1173,爱情,1990s,粤语,粤语,粤语,粤语（广府片/白话）,Tier 1,≈100%（推断）,纯方言/少数民族语言标签，无普通话标签（对应'全部对白为方言'的狭义纯方言片）,https://movie.douban.com/subject/1408117/
方言片,1303204,晚9朝5,1994,6.6,1543,剧情 / 喜剧 / 爱情,1990s,粤语,粤语,粤语,粤语（广府片/白话）,Tier 1,≈100%（推断）,纯方言/少数民族语言标签，无普通话标签（对应'全部对白为方言'的狭义纯方言片）,https://movie.douban.com/subject/1303204/
方言片,1298610,暴雨骄阳,1994,6.8,323,剧情 / 动作 / 犯罪,1990s,粤语,粤语,粤语,粤语（广府片/白话）,Tier 1,≈100%（推断）,纯方言/少数民族语言标签，无普通话标签（对应'全部对白为方言'的狭义纯方言片）,https://movie.douban.com/subject/1298610/
方言片,1304443,暴风眼,1994,6.1,1009,动作 / 奇幻,1990s,粤语,粤语,粤语,粤语（广府片/白话）,Tier 1,≈100%（推断）,纯方言/少数民族语言标签，无普通话标签（对应'全部对白为方言'的狭义纯方言片）,https://movie.douban.com/subject/1304443/
方言片,1306958,杀手的童话,1994,6.3,2564,冒险 / 爱情,1990s,粤语,粤语,粤语,粤语（广府片/白话）,Tier 1,≈100%（推断）,纯方言/少数民族语言标签，无普通话标签（对应'全部对白为方言'的狭义纯方言片）,https://movie.douban.com/subject/1306958/
方言片,1310159,梁祝,1994,8.1,56385,剧情 / 爱情 / 奇幻,1990s,粤语,粤语,粤语,粤语（广府片/白话）,Tier 1,≈100%（推断）,纯方言/少数民族语言标签，无普通话标签（对应'全部对白为方言'的狭义纯方言片）,https://movie.douban.com/subject/1310159/
方言片,1305764,梦差人,1994,7.1,420,动作,1990s,粤语,粤语,粤语,粤语（广府片/白话）,Tier 1,≈100%（推断）,纯方言/少数民族语言标签，无普通话标签（对应'全部对白为方言'的狭义纯方言片）,https://movie.douban.com/subject/1305764/
方言片,1302411,沉默的姑娘,1994,6.2,591,剧情 / 惊悚,1990s,粤语,粤语,粤语,粤语（广府片/白话）,Tier 1,≈100%（推断）,纯方言/少数民族语言标签，无普通话标签（对应'全部对白为方言'的狭义纯方言片）,https://movie.douban.com/subject/1302411/
方言片,1306121,沙甸鱼杀人事件,1994,7.8,1443,喜剧 / 剧情,1990s,粤语,粤语,粤语,粤语（广府片/白话）,Tier 1,≈100%（推断）,纯方言/少数民族语言标签，无普通话标签（对应'全部对白为方言'的狭义纯方言片）,https://movie.douban.com/subject/1306121/
方言片,1301181,海角危情,1994,5.7,147,剧情,1990s,粤语,粤语,粤语,粤语（广府片/白话）,Tier 1,≈100%（推断）,纯方言/少数民族语言标签，无普通话标签（对应'全部对白为方言'的狭义纯方言片）,https://movie.douban.com/subject/1301181/
方言片,26279822,淫狼心,1994,4.2,185,剧情 / 爱情,1990s,粤语,粤语,粤语,粤语（广府片/白话）,Tier 1,≈100%（推断）,纯方言/少数民族语言标签，无普通话标签（对应'全部对白为方言'的狭义纯方言片）,https://movie.douban.com/subject/26279822/
方言片,1303858,清官难审,1994,6.0,150,剧情,1990s,粤语,粤语,粤语,粤语（广府片/白话）,Tier 1,≈100%（推断）,纯方言/少数民族语言标签，无普通话标签（对应'全部对白为方言'的狭义纯方言片）,https://movie.douban.com/subject/1303858/
方言片,1308093,点指兵兵之青年干探,1994,6.7,188,剧情 / 犯罪,1990s,粤语,粤语,粤语,粤语（广府片/白话）,Tier 1,≈100%（推断）,纯方言/少数民族语言标签，无普通话标签（对应'全部对白为方言'的狭义纯方言片）,https://movie.douban.com/subject/1308093/
方言片,1299066,爱情色香味,1994,5.3,102,剧情,1990s,粤语,粤语,粤语,粤语（广府片/白话）,Tier 1,≈100%（推断）,纯方言/少数民族语言标签，无普通话标签（对应'全部对白为方言'的狭义纯方言片）,https://movie.douban.com/subject/1299066/
方言片,5108734,犯罪天才,1994,5.7,116,犯罪,1990s,粤语,粤语,粤语,粤语（广府片/白话）,Tier 1,≈100%（推断）,纯方言/少数民族语言标签，无普通话标签（对应'全部对白为方言'的狭义纯方言片）,https://movie.douban.com/subject/5108734/
方言片,1304619,男儿当入樽,1994,5.3,2946,喜剧 / 剧情,1990s,粤语,粤语,粤语,粤语（广府片/白话）,Tier 1,≈100%（推断）,纯方言/少数民族语言标签，无普通话标签（对应'全部对白为方言'的狭义纯方言片）,https://movie.douban.com/subject/1304619/
方言片,1300173,省港一号通缉犯,1994,7.3,829,动作 / 惊悚,1990s,粤语,粤语,粤语,粤语（广府片/白话）,Tier 1,≈100%（推断）,纯方言/少数民族语言标签，无普通话标签（对应'全部对白为方言'的狭义纯方言片）,https://movie.douban.com/subject/1300173/
方言片,1299745,破坏之王,1994,7.8,150640,喜剧 / 动作,1990s,粤语,粤语,粤语,粤语（广府片/白话）,Tier 1,≈100%（推断）,纯方言/少数民族语言标签，无普通话标签（对应'全部对白为方言'的狭义纯方言片）,https://movie.douban.com/subject/1299745/
方言片,1479874,神探POWER之問米追兇,1994,6.5,317,喜剧,1990s,粤语,粤语,粤语,粤语（广府片/白话）,Tier 1,≈100%（推断）,纯方言/少数民族语言标签，无普通话标签（对应'全部对白为方言'的狭义纯方言片）,https://movie.douban.com/subject/1479874/
方言片,1863731,神探磨辘,1994,5.9,560,爱情,1990s,粤语,粤语,粤语,粤语（广府片/白话）,Tier 1,≈100%（推断）,纯方言/少数民族语言标签，无普通话标签（对应'全部对白为方言'的狭义纯方言片）,https://movie.douban.com/subject/1863731/
方言片,1308011,神龙赌圣之旗开得胜,1994,5.9,1774,喜剧,1990s,粤语,粤语,粤语,粤语（广府片/白话）,Tier 1,≈100%（推断）,纯方言/少数民族语言标签，无普通话标签（对应'全部对白为方言'的狭义纯方言片）,https://movie.douban.com/subject/1308011/
方言片,1308927,笑林小子2：新乌龙院,1994,7.8,58947,喜剧 / 动作,1990s,粤语,粤语,粤语,粤语（广府片/白话）,Tier 1,≈100%（推断）,纯方言/少数民族语言标签，无普通话标签（对应'全部对白为方言'的狭义纯方言片）,https://movie.douban.com/subject/1308927/
方言片,1829237,等爱的女人,1994,7.1,732,剧情,1990s,粤语,粤语,粤语,粤语（广府片/白话）,Tier 1,≈100%（推断）,纯方言/少数民族语言标签，无普通话标签（对应'全部对白为方言'的狭义纯方言片）,https://movie.douban.com/subject/1829237/
方言片,1295036,等着你回来,1994,6.7,1584,恐怖,1990s,粤语,粤语,粤语,粤语（广府片/白话）,Tier 1,≈100%（推断）,纯方言/少数民族语言标签，无普通话标签（对应'全部对白为方言'的狭义纯方言片）,https://movie.douban.com/subject/1295036/
方言片,1303616,表姐，你好嘢！4之情不自禁,1994,5.8,853,喜剧,1990s,粤语,粤语,粤语,粤语（广府片/白话）,Tier 1,≈100%（推断）,纯方言/少数民族语言标签，无普通话标签（对应'全部对白为方言'的狭义纯方言片）,https://movie.douban.com/subject/1303616/
方言片,1307746,记得香蕉成熟时2：初恋情人,1994,7.7,2046,喜剧 / 爱情,1990s,粤语,粤语,粤语,粤语（广府片/白话）,Tier 1,≈100%（推断）,纯方言/少数民族语言标签，无普通话标签（对应'全部对白为方言'的狭义纯方言片）,https://movie.douban.com/subject/1307746/
方言片,4274385,轰天密令,1994,5.8,115,动作,1990s,粤语,粤语,粤语,粤语（广府片/白话）,Tier 1,≈100%（推断）,纯方言/少数民族语言标签，无普通话标签（对应'全部对白为方言'的狭义纯方言片）,https://movie.douban.com/subject/4274385/
方言片,1295299,达摩祖师,1994,8.2,3440,剧情 / 传记 / 动作,1990s,粤语,粤语,粤语,粤语（广府片/白话）,Tier 1,≈100%（推断）,纯方言/少数民族语言标签，无普通话标签（对应'全部对白为方言'的狭义纯方言片）,https://movie.douban.com/subject/1295299/
方言片,1301314,运财童子,1994,6.3,585,喜剧,1990s,粤语,粤语,粤语,粤语（广府片/白话）,Tier 1,≈100%（推断）,纯方言/少数民族语言标签，无普通话标签（对应'全部对白为方言'的狭义纯方言片）,https://movie.douban.com/subject/1301314/
方言片,1303638,都市情缘,1994,8.2,5177,剧情 / 爱情,1990s,粤语,粤语,粤语,粤语（广府片/白话）,Tier 1,≈100%（推断）,纯方言/少数民族语言标签，无普通话标签（对应'全部对白为方言'的狭义纯方言片）,https://movie.douban.com/subject/1303638/
方言片,1307319,醉拳2,1994,7.9,63559,动作 / 喜剧,1990s,粤语,粤语,粤语,粤语（广府片/白话）,Tier 1,≈100%（推断）,纯方言/少数民族语言标签，无普通话标签（对应'全部对白为方言'的狭义纯方言片）,https://movie.douban.com/subject/1307319/
方言片,1302992,醉生梦死之湾仔之虎,1994,6.8,3450,动作,1990s,粤语,粤语,粤语,粤语（广府片/白话）,Tier 1,≈100%（推断）,纯方言/少数民族语言标签，无普通话标签（对应'全部对白为方言'的狭义纯方言片）,https://movie.douban.com/subject/1302992/
方言片,2377343,重案实录之惊天械劫案,1994,6.8,269,动作 / 犯罪,1990s,粤语,粤语,粤语,粤语（广府片/白话）,Tier 1,≈100%（推断）,纯方言/少数民族语言标签，无普通话标签（对应'全部对白为方言'的狭义纯方言片）,https://movie.douban.com/subject/2377343/
方言片,3732139,重案实录之水箱藏尸,1994,5.7,334,犯罪,1990s,粤语,粤语,粤语,粤语（广府片/白话）,Tier 1,≈100%（推断）,纯方言/少数民族语言标签，无普通话标签（对应'全部对白为方言'的狭义纯方言片）,https://movie.douban.com/subject/3732139/
方言片,1299319,重金属,1994,5.9,498,动作,1990s,粤语,粤语,粤语,粤语（广府片/白话）,Tier 1,≈100%（推断）,纯方言/少数民族语言标签，无普通话标签（对应'全部对白为方言'的狭义纯方言片）,https://movie.douban.com/subject/1299319/
方言片,1303376,金枝玉叶,1994,8.4,84391,喜剧 / 爱情 / 同性,1990s,粤语,粤语,粤语,粤语（广府片/白话）,Tier 1,≈100%（推断）,纯方言/少数民族语言标签，无普通话标签（对应'全部对白为方言'的狭义纯方言片）,https://movie.douban.com/subject/1303376/
方言片,1479875,钟馗嫁妹,1994,5.8,1917,奇幻 / 恐怖,1990s,粤语,粤语,粤语,粤语（广府片/白话）,Tier 1,≈100%（推断）,纯方言/少数民族语言标签，无普通话标签（对应'全部对白为方言'的狭义纯方言片）,https://movie.douban.com/subject/1479875/
方言片,1401234,错爱,1994,6.5,150,剧情,1990s,粤语,粤语,粤语,粤语（广府片/白话）,Tier 1,≈100%（推断）,纯方言/少数民族语言标签，无普通话标签（对应'全部对白为方言'的狭义纯方言片）,https://movie.douban.com/subject/1401234/
方言片,1303862,锦绣前程,1994,7.6,11816,剧情,1990s,粤语,粤语,粤语,粤语（广府片/白话）,Tier 1,≈100%（推断）,纯方言/少数民族语言标签，无普通话标签（对应'全部对白为方言'的狭义纯方言片）,https://movie.douban.com/subject/1303862/
方言片,1303395,阿德曬命,1994,6.8,114,喜剧,1990s,粤语,粤语,粤语,粤语（广府片/白话）,Tier 1,≈100%（推断）,纯方言/少数民族语言标签，无普通话标签（对应'全部对白为方言'的狭义纯方言片）,https://movie.douban.com/subject/1303395/
方言片,1299472,霓虹光管高高挂之女子公寓,1994,7.4,182,爱情,1990s,粤语,粤语,粤语,粤语（广府片/白话）,Tier 1,≈100%（推断）,纯方言/少数民族语言标签，无普通话标签（对应'全部对白为方言'的狭义纯方言片）,https://movie.douban.com/subject/1299472/
方言片,26219711,青春梦里人,1994,4.9,161,剧情 / 情色,1990s,粤语,粤语,粤语,粤语（广府片/白话）,Tier 1,≈100%（推断）,纯方言/少数民族语言标签，无普通话标签（对应'全部对白为方言'的狭义纯方言片）,https://movie.douban.com/subject/26219711/
方言片,2343584,青蜂侠,1994,5.9,323,动作 / 奇幻 / 冒险,1990s,粤语,粤语,粤语,粤语（广府片/白话）,Tier 1,≈100%（推断）,纯方言/少数民族语言标签，无普通话标签（对应'全部对白为方言'的狭义纯方言片）,https://movie.douban.com/subject/2343584/
方言片,1298384,非常侦探,1994,6.9,544,喜剧 / 犯罪 / 剧情,1990s,粤语,粤语,粤语,粤语（广府片/白话）,Tier 1,≈100%（推断）,纯方言/少数民族语言标签，无普通话标签（对应'全部对白为方言'的狭义纯方言片）,https://movie.douban.com/subject/1298384/
方言片,1482396,非洲超人,1994,6.4,461,喜剧,1990s,粤语 / Ungwatsi,粤语 / ungwatsi,粤语,粤语（广府片/白话）,Tier 1,≈100%（推断）,纯方言/少数民族语言标签，无普通话标签（对应'全部对白为方言'的狭义纯方言片）,https://movie.douban.com/subject/1482396/
方言片,2068504,风尘三女侠,1994,5.8,566,剧情 / 爱情,1990s,粤语,粤语,粤语,粤语（广府片/白话）,Tier 1,≈100%（推断）,纯方言/少数民族语言标签，无普通话标签（对应'全部对白为方言'的狭义纯方言片）,https://movie.douban.com/subject/2068504/
方言片,3724156,风起云涌之情迷香江,1994,5.7,166,犯罪 / 剧情,1990s,粤语,粤语,粤语,粤语（广府片/白话）,Tier 1,≈100%（推断）,纯方言/少数民族语言标签，无普通话标签（对应'全部对白为方言'的狭义纯方言片）,https://movie.douban.com/subject/3724156/
方言片,1305772,飞虎雄心,1994,6.8,592,动作 / 犯罪,1990s,粤语,粤语,粤语,粤语（广府片/白话）,Tier 1,≈100%（推断）,纯方言/少数民族语言标签，无普通话标签（对应'全部对白为方言'的狭义纯方言片）,https://movie.douban.com/subject/1305772/
方言片,1786332,香港沦陷,1994,6.4,2377,剧情 / 战争,1990s,粤语 / 日语 / 英语,粤语 / 日语 / 英语,粤语,粤语（广府片/白话）,Tier 1,≈100%（推断）,纯方言/少数民族语言标签，无普通话标签（对应'全部对白为方言'的狭义纯方言片）,https://movie.douban.com/subject/1786332/
方言片,1307918,马戏小子,1994,6.2,1000,动作,1990s,粤语,粤语,粤语,粤语（广府片/白话）,Tier 1,≈100%（推断）,纯方言/少数民族语言标签，无普通话标签（对应'全部对白为方言'的狭义纯方言片）,https://movie.douban.com/subject/1307918/
方言片,1304278,鬼迷心窍,1994,5.5,827,恐怖,1990s,粤语,粤语,粤语,粤语（广府片/白话）,Tier 1,≈100%（推断）,纯方言/少数民族语言标签，无普通话标签（对应'全部对白为方言'的狭义纯方言片）,https://movie.douban.com/subject/1304278/
方言片,2080422,魔图,1994,6.7,778,恐怖,1990s,粤语,粤语,粤语,粤语（广府片/白话）,Tier 1,≈100%（推断）,纯方言/少数民族语言标签，无普通话标签（对应'全部对白为方言'的狭义纯方言片）,https://movie.douban.com/subject/2080422/
方言片,26797718,黃子華棟篤笑之末世財神,1994,9.3,748,nan,1990s,粤语,粤语,粤语,粤语（广府片/白话）,Tier 1,≈100%（推断）,纯方言/少数民族语言标签，无普通话标签（对应'全部对白为方言'的狭义纯方言片）,https://movie.douban.com/subject/26797718/
方言片,1307507,黄飞鸿之五：龙城歼霸,1994,6.8,13772,动作,1990s,粤语,粤语,粤语,粤语（广府片/白话）,Tier 1,≈100%（推断）,纯方言/少数民族语言标签，无普通话标签（对应'全部对白为方言'的狭义纯方言片）,https://movie.douban.com/subject/1307507/
方言片,1304121,龙虎新风云,1994,6.5,1403,动作 / 犯罪,1990s,粤语,粤语,粤语,粤语（广府片/白话）,Tier 1,≈100%（推断）,纯方言/少数民族语言标签，无普通话标签（对应'全部对白为方言'的狭义纯方言片）,https://movie.douban.com/subject/1304121/
方言片,2031560,95陀枪女警,1995,6.2,116,动作,1990s,粤语,粤语,粤语,粤语（广府片/白话）,Tier 1,≈100%（推断）,纯方言/少数民族语言标签，无普通话标签（对应'全部对白为方言'的狭义纯方言片）,https://movie.douban.com/subject/2031560/
方言片,2058858,一千零一夜之梦中人,1995,6.5,628,喜剧 / 爱情,1990s,粤语,粤语,粤语,粤语（广府片/白话）,Tier 1,≈100%（推断）,纯方言/少数民族语言标签，无普通话标签（对应'全部对白为方言'的狭义纯方言片）,https://movie.douban.com/subject/2058858/
方言片,1461147,不一样的妈妈,1995,7.3,931,剧情 / 惊悚 / 恐怖,1990s,粤语,粤语,粤语,粤语（广府片/白话）,Tier 1,≈100%（推断）,纯方言/少数民族语言标签，无普通话标签（对应'全部对白为方言'的狭义纯方言片）,https://movie.douban.com/subject/1461147/
方言片,1305770,不道德的礼物,1995,6.1,3184,喜剧 / 爱情,1990s,粤语,粤语,粤语,粤语（广府片/白话）,Tier 1,≈100%（推断）,纯方言/少数民族语言标签，无普通话标签（对应'全部对白为方言'的狭义纯方言片）,https://movie.douban.com/subject/1305770/
方言片,1306499,九纹龙的谎言,1995,6.1,193,剧情 / 喜剧 / 爱情,1990s,粤语,粤语,粤语,粤语（广府片/白话）,Tier 1,≈100%（推断）,纯方言/少数民族语言标签，无普通话标签（对应'全部对白为方言'的狭义纯方言片）,https://movie.douban.com/subject/1306499/
方言片,1302700,二月三十,1995,6.7,1015,剧情 / 喜剧 / 奇幻,1990s,粤语,粤语,粤语,粤语（广府片/白话）,Tier 1,≈100%（推断）,纯方言/少数民族语言标签，无普通话标签（对应'全部对白为方言'的狭义纯方言片）,https://movie.douban.com/subject/1302700/
方言片,1890538,亚洲警察之高压线,1995,6.0,754,动作,1990s,粤语,粤语,粤语,粤语（广府片/白话）,Tier 1,≈100%（推断）,纯方言/少数民族语言标签，无普通话标签（对应'全部对白为方言'的狭义纯方言片）,https://movie.douban.com/subject/1890538/
方言片,1304178,人间有情,1995,8.3,1304,剧情 / 喜剧,1990s,粤语,粤语,粤语,粤语（广府片/白话）,Tier 1,≈100%（推断）,纯方言/少数民族语言标签，无普通话标签（对应'全部对白为方言'的狭义纯方言片）,https://movie.douban.com/subject/1304178/
方言片,1303218,仙乐飘飘,1995,6.6,2045,喜剧 / 剧情 / 歌舞,1990s,粤语,粤语,粤语,粤语（广府片/白话）,Tier 1,≈100%（推断）,纯方言/少数民族语言标签，无普通话标签（对应'全部对白为方言'的狭义纯方言片）,https://movie.douban.com/subject/1303218/
方言片,1302257,偷错隔墙花,1995,7.0,101,喜剧,1990s,粤语,粤语,粤语,粤语（广府片/白话）,Tier 1,≈100%（推断）,纯方言/少数民族语言标签，无普通话标签（对应'全部对白为方言'的狭义纯方言片）,https://movie.douban.com/subject/1302257/
方言片,4294088,元洲街王后,1995,6.8,121,剧情,1990s,粤语,粤语,粤语,粤语（广府片/白话）,Tier 1,≈100%（推断）,纯方言/少数民族语言标签，无普通话标签（对应'全部对白为方言'的狭义纯方言片）,https://movie.douban.com/subject/4294088/
方言片,1305145,公仆2,1995,6.0,261,犯罪,1990s,粤语,粤语,粤语,粤语（广府片/白话）,Tier 1,≈100%（推断）,纯方言/少数民族语言标签，无普通话标签（对应'全部对白为方言'的狭义纯方言片）,https://movie.douban.com/subject/1305145/
方言片,2003850,冒牌皇帝,1995,5.9,531,喜剧 / 历史 / 爱情,1990s,粤语,粤语,粤语,粤语（广府片/白话）,Tier 1,≈100%（推断）,纯方言/少数民族语言标签，无普通话标签（对应'全部对白为方言'的狭义纯方言片）,https://movie.douban.com/subject/2003850/
方言片,1300338,冒险游戏,1995,5.9,223,剧情,1990s,粤语,粤语,粤语,粤语（广府片/白话）,Tier 1,≈100%（推断）,纯方言/少数民族语言标签，无普通话标签（对应'全部对白为方言'的狭义纯方言片）,https://movie.douban.com/subject/1300338/
方言片,1294381,南京的基督,1995,7.7,1732,剧情 / 爱情,1990s,粤语 / 日语,粤语 / 日语,粤语,粤语（广府片/白话）,Tier 1,≈100%（推断）,纯方言/少数民族语言标签，无普通话标签（对应'全部对白为方言'的狭义纯方言片）,https://movie.douban.com/subject/1294381/
方言片,1908035,叛逆情缘,1995,6.5,250,爱情,1990s,粤语,粤语,粤语,粤语（广府片/白话）,Tier 1,≈100%（推断）,纯方言/少数民族语言标签，无普通话标签（对应'全部对白为方言'的狭义纯方言片）,https://movie.douban.com/subject/1908035/
方言片,1394163,呆佬拜寿,1995,7.6,31823,剧情 / 喜剧 / 爱情,1990s,粤语,粤语,粤语,粤语（广府片/白话）,Tier 1,≈100%（推断）,纯方言/少数民族语言标签，无普通话标签（对应'全部对白为方言'的狭义纯方言片）,https://movie.douban.com/subject/1394163/
方言片,1293867,和平饭店,1995,7.7,58800,动作 / 西部,1990s,粤语,粤语,粤语,粤语（广府片/白话）,Tier 1,≈100%（推断）,纯方言/少数民族语言标签，无普通话标签（对应'全部对白为方言'的狭义纯方言片）,https://movie.douban.com/subject/1293867/
方言片,1950419,四级杀人狂,1995,5.0,180,犯罪 / 惊悚,1990s,粤语,粤语,粤语,粤语（广府片/白话）,Tier 1,≈100%（推断）,纯方言/少数民族语言标签，无普通话标签（对应'全部对白为方言'的狭义纯方言片）,https://movie.douban.com/subject/1950419/
方言片,1299765,回魂夜,1995,8.1,189052,喜剧 / 奇幻 / 恐怖,1990s,粤语 / 福建话,粤语 / 福建话,粤语 / 福建话,粤语（广府片/白话） / 闽南语（闽台片）,Tier 1,≈100%（推断）,纯方言/少数民族语言标签，无普通话标签（对应'全部对白为方言'的狭义纯方言片）,https://movie.douban.com/subject/1299765/
方言片,1298112,堕落天使,1995,8.3,153939,喜剧 / 犯罪 / 剧情,1990s,粤语,粤语,粤语,粤语（广府片/白话）,Tier 1,≈100%（推断）,纯方言/少数民族语言标签，无普通话标签（对应'全部对白为方言'的狭义纯方言片）,https://movie.douban.com/subject/1298112/
方言片,1388234,夜半一点钟,1995,6.2,1867,恐怖,1990s,粤语,粤语,粤语,粤语（广府片/白话）,Tier 1,≈100%（推断）,纯方言/少数民族语言标签，无普通话标签（对应'全部对白为方言'的狭义纯方言片）,https://movie.douban.com/subject/1388234/
方言片,1850821,大话英雄,1995,6.6,363,喜剧,1990s,粤语,粤语,粤语,粤语（广府片/白话）,Tier 1,≈100%（推断）,纯方言/少数民族语言标签，无普通话标签（对应'全部对白为方言'的狭义纯方言片）,https://movie.douban.com/subject/1850821/
方言片,2057331,天子骄龙,1995,5.8,181,剧情 / 动作,1990s,粤语,粤语,粤语,粤语（广府片/白话）,Tier 1,≈100%（推断）,纯方言/少数民族语言标签，无普通话标签（对应'全部对白为方言'的狭义纯方言片）,https://movie.douban.com/subject/2057331/
方言片,3711707,天空小说,1995,7.9,119,奇幻 / 纪录片 / 短片,1990s,粤语,粤语,粤语,粤语（广府片/白话）,Tier 1,≈100%（推断）,纯方言/少数民族语言标签，无普通话标签（对应'全部对白为方言'的狭义纯方言片）,https://movie.douban.com/subject/3711707/
方言片,2079632,学校霸王,1995,6.6,5864,动作 / 喜剧 / 剧情,1990s,粤语,粤语,粤语,粤语（广府片/白话）,Tier 1,≈100%（推断）,纯方言/少数民族语言标签，无普通话标签（对应'全部对白为方言'的狭义纯方言片）,https://movie.douban.com/subject/2079632/
方言片,1863349,孽恋,1995,5.4,170,惊悚,1990s,粤语,粤语,粤语,粤语（广府片/白话）,Tier 1,≈100%（推断）,纯方言/少数民族语言标签，无普通话标签（对应'全部对白为方言'的狭义纯方言片）,https://movie.douban.com/subject/1863349/
方言片,5175317,富士彩色显人生,1995,7.9,132,剧情 / 爱情 / 短片,1990s,粤语,粤语,粤语,粤语（广府片/白话）,Tier 1,≈100%（推断）,纯方言/少数民族语言标签，无普通话标签（对应'全部对白为方言'的狭义纯方言片）,https://movie.douban.com/subject/5175317/
方言片,1304820,富贵人间,1995,5.4,1069,喜剧 / 爱情 / 家庭,1990s,粤语,粤语,粤语,粤语（广府片/白话）,Tier 1,≈100%（推断）,纯方言/少数民族语言标签，无普通话标签（对应'全部对白为方言'的狭义纯方言片）,https://movie.douban.com/subject/1304820/
方言片,2138300,小山回家,1995,7.2,6970,剧情,1990s,晋语,晋语,晋语,晋语,Tier 1,≈100%（推断）,纯方言/少数民族语言标签，无普通话标签（对应'全部对白为方言'的狭义纯方言片）,https://movie.douban.com/subject/2138300/
方言片,1578510,小飞侠,1995,6.8,13225,喜剧,1990s,粤语,粤语,粤语,粤语（广府片/白话）,Tier 1,≈100%（推断）,纯方言/少数民族语言标签，无普通话标签（对应'全部对白为方言'的狭义纯方言片）,https://movie.douban.com/subject/1578510/
方言片,1302194,尖东双虎,1995,6.4,385,动作 / 犯罪,1990s,粤语,粤语,粤语,粤语（广府片/白话）,Tier 1,≈100%（推断）,纯方言/少数民族语言标签，无普通话标签（对应'全部对白为方言'的狭义纯方言片）,https://movie.douban.com/subject/1302194/
方言片,1303881,尖东老泥妹之四大天后,1995,6.6,113,犯罪,1990s,粤语,粤语,粤语,粤语（广府片/白话）,Tier 1,≈100%（推断）,纯方言/少数民族语言标签，无普通话标签（对应'全部对白为方言'的狭义纯方言片）,https://movie.douban.com/subject/1303881/
方言片,1298124,山水有相逢,1995,7.6,3964,剧情 / 喜剧 / 爱情,1990s,粤语,粤语,粤语,粤语（广府片/白话）,Tier 1,≈100%（推断）,纯方言/少数民族语言标签，无普通话标签（对应'全部对白为方言'的狭义纯方言片）,https://movie.douban.com/subject/1298124/
方言片,1300205,庙街故事,1995,6.6,1929,剧情,1990s,粤语,粤语,粤语,粤语（广府片/白话）,Tier 1,≈100%（推断）,纯方言/少数民族语言标签，无普通话标签（对应'全部对白为方言'的狭义纯方言片）,https://movie.douban.com/subject/1300205/
方言片,4133310,惊梦魂,1995,5.4,138,恐怖,1990s,粤语,粤语,粤语,粤语（广府片/白话）,Tier 1,≈100%（推断）,纯方言/少数民族语言标签，无普通话标签（对应'全部对白为方言'的狭义纯方言片）,https://movie.douban.com/subject/4133310/
方言片,2003865,慈云山十三太保,1995,5.8,627,剧情 / 犯罪,1990s,粤语,粤语,粤语,粤语（广府片/白话）,Tier 1,≈100%（推断）,纯方言/少数民族语言标签，无普通话标签（对应'全部对白为方言'的狭义纯方言片）,https://movie.douban.com/subject/2003865/
方言片,1303867,我是一个贼,1995,6.5,3071,动作 / 犯罪,1990s,粤语,粤语,粤语,粤语（广府片/白话）,Tier 1,≈100%（推断）,纯方言/少数民族语言标签，无普通话标签（对应'全部对白为方言'的狭义纯方言片）,https://movie.douban.com/subject/1303867/
方言片,1473842,我要活下去,1995,7.6,2071,剧情,1990s,粤语,粤语,粤语,粤语（广府片/白话）,Tier 1,≈100%（推断）,纯方言/少数民族语言标签，无普通话标签（对应'全部对白为方言'的狭义纯方言片）,https://movie.douban.com/subject/1473842/
方言片,1305376,救世神棍,1995,6.5,3211,喜剧 / 剧情,1990s,粤语,粤语,粤语,粤语（广府片/白话）,Tier 1,≈100%（推断）,纯方言/少数民族语言标签，无普通话标签（对应'全部对白为方言'的狭义纯方言片）,https://movie.douban.com/subject/1305376/
方言片,1408122,整蛊王,1995,6.3,4980,喜剧,1990s,粤语,粤语,粤语,粤语（广府片/白话）,Tier 1,≈100%（推断）,纯方言/少数民族语言标签，无普通话标签（对应'全部对白为方言'的狭义纯方言片）,https://movie.douban.com/subject/1408122/
方言片,1302867,新房客,1995,7.1,1232,剧情 / 恐怖 / 惊悚,1990s,粤语,粤语,粤语,粤语（广府片/白话）,Tier 1,≈100%（推断）,纯方言/少数民族语言标签，无普通话标签（对应'全部对白为方言'的狭义纯方言片）,https://movie.douban.com/subject/1302867/
方言片,1302593,新扎师兄追女仔,1995,6.5,1979,喜剧,1990s,粤语,粤语,粤语,粤语（广府片/白话）,Tier 1,≈100%（推断）,纯方言/少数民族语言标签，无普通话标签（对应'全部对白为方言'的狭义纯方言片）,https://movie.douban.com/subject/1302593/
方言片,1417304,无味神探,1995,6.7,5591,动作 / 犯罪 / 剧情,1990s,粤语,粤语,粤语,粤语（广府片/白话）,Tier 1,≈100%（推断）,纯方言/少数民族语言标签，无普通话标签（对应'全部对白为方言'的狭义纯方言片）,https://movie.douban.com/subject/1417304/
方言片,1307619,无面俾,1995,6.7,888,动作 / 惊悚 / 喜剧,1990s,粤语,粤语,粤语,粤语（广府片/白话）,Tier 1,≈100%（推断）,纯方言/少数民族语言标签，无普通话标签（对应'全部对白为方言'的狭义纯方言片）,https://movie.douban.com/subject/1307619/
方言片,1890092,月黑风高,1995,7.4,490,喜剧 / 犯罪 / 悬疑,1990s,粤语,粤语,粤语,粤语（广府片/白话）,Tier 1,≈100%（推断）,纯方言/少数民族语言标签，无普通话标签（对应'全部对白为方言'的狭义纯方言片）,https://movie.douban.com/subject/1890092/
方言片,26591759,杀奸O娘,1995,4.9,125,情色,1990s,粤语,粤语,粤语,粤语（广府片/白话）,Tier 1,≈100%（推断）,纯方言/少数民族语言标签，无普通话标签（对应'全部对白为方言'的狭义纯方言片）,https://movie.douban.com/subject/26591759/
方言片,1298840,横纹刀劈扭纹柴,1995,6.7,922,喜剧,1990s,粤语,粤语,粤语,粤语（广府片/白话）,Tier 1,≈100%（推断）,纯方言/少数民族语言标签，无普通话标签（对应'全部对白为方言'的狭义纯方言片）,https://movie.douban.com/subject/1298840/
方言片,1294093,欢乐时光,1995,7.1,531,喜剧 / 剧情,1990s,粤语,粤语,粤语,粤语（广府片/白话）,Tier 1,≈100%（推断）,纯方言/少数民族语言标签，无普通话标签（对应'全部对白为方言'的狭义纯方言片）,https://movie.douban.com/subject/1294093/
方言片,1797632,没有老公的日子,1995,6.4,1044,剧情,1990s,粤语,粤语,粤语,粤语（广府片/白话）,Tier 1,≈100%（推断）,纯方言/少数民族语言标签，无普通话标签（对应'全部对白为方言'的狭义纯方言片）,https://movie.douban.com/subject/1797632/
方言片,1358421,流氓医生,1995,7.7,25888,喜剧,1990s,粤语,粤语,粤语,粤语（广府片/白话）,Tier 1,≈100%（推断）,纯方言/少数民族语言标签，无普通话标签（对应'全部对白为方言'的狭义纯方言片）,https://movie.douban.com/subject/1358421/
方言片,1303142,海根,1995,7.5,157,剧情,1990s,粤语,粤语,粤语,粤语（广府片/白话）,Tier 1,≈100%（推断）,纯方言/少数民族语言标签，无普通话标签（对应'全部对白为方言'的狭义纯方言片）,https://movie.douban.com/subject/1303142/
方言片,1295316,烈火战车,1995,7.1,13429,动作 / 剧情,1990s,粤语,粤语,粤语,粤语（广府片/白话）,Tier 1,≈100%（推断）,纯方言/少数民族语言标签，无普通话标签（对应'全部对白为方言'的狭义纯方言片）,https://movie.douban.com/subject/1295316/
方言片,1304145,燃情狙击手,1995,6.0,670,动作,1990s,粤语,粤语,粤语,粤语（广府片/白话）,Tier 1,≈100%（推断）,纯方言/少数民族语言标签，无普通话标签（对应'全部对白为方言'的狭义纯方言片）,https://movie.douban.com/subject/1304145/
方言片,1297950,狂野生死恋,1995,6.3,237,犯罪 / 剧情 / 爱情,1990s,粤语,粤语,粤语,粤语（广府片/白话）,Tier 1,≈100%（推断）,纯方言/少数民族语言标签，无普通话标签（对应'全部对白为方言'的狭义纯方言片）,https://movie.douban.com/subject/1297950/
方言片,1302037,玻璃枪的爱,1995,6.4,374,剧情 / 动作 / 爱情,1990s,粤语,粤语,粤语,粤语（广府片/白话）,Tier 1,≈100%（推断）,纯方言/少数民族语言标签，无普通话标签（对应'全部对白为方言'的狭义纯方言片）,https://movie.douban.com/subject/1302037/
方言片,3326556,真相,1995,7.5,118,剧情 / 动作,1990s,粤语,粤语,粤语,粤语（广府片/白话）,Tier 1,≈100%（推断）,纯方言/少数民族语言标签，无普通话标签（对应'全部对白为方言'的狭义纯方言片）,https://movie.douban.com/subject/3326556/
方言片,1304846,精装情不自禁,1995,5.3,934,爱情,1990s,粤语,粤语,粤语,粤语（广府片/白话）,Tier 1,≈100%（推断）,纯方言/少数民族语言标签，无普通话标签（对应'全部对白为方言'的狭义纯方言片）,https://movie.douban.com/subject/1304846/
方言片,1296011,红番区,1995,7.6,84953,喜剧 / 动作 / 犯罪,1990s,粤语 / 英语,粤语 / 英语,粤语,粤语（广府片/白话）,Tier 1,≈100%（推断）,纯方言/少数民族语言标签，无普通话标签（对应'全部对白为方言'的狭义纯方言片）,https://movie.douban.com/subject/1296011/
方言片,3130758,终生大事,1995,6.7,240,喜剧 / 爱情,1990s,粤语,粤语,粤语,粤语（广府片/白话）,Tier 1,≈100%（推断）,纯方言/少数民族语言标签，无普通话标签（对应'全部对白为方言'的狭义纯方言片）,https://movie.douban.com/subject/3130758/
方言片,1298528,花月佳期,1995,7.9,11239,喜剧 / 爱情,1990s,粤语,粤语,粤语,粤语（广府片/白话）,Tier 1,≈100%（推断）,纯方言/少数民族语言标签，无普通话标签（对应'全部对白为方言'的狭义纯方言片）,https://movie.douban.com/subject/1298528/
方言片,3060263,蜘蛛女,1995,5.6,167,恐怖,1990s,粤语,粤语,粤语,粤语（广府片/白话）,Tier 1,≈100%（推断）,纯方言/少数民族语言标签，无普通话标签（对应'全部对白为方言'的狭义纯方言片）,https://movie.douban.com/subject/3060263/
方言片,1416722,蜡笔小小生,1995,7.4,15691,动作 / 喜剧 / 剧情,1990s,粤语,粤语,粤语,粤语（广府片/白话）,Tier 1,≈100%（推断）,纯方言/少数民族语言标签，无普通话标签（对应'全部对白为方言'的狭义纯方言片）,https://movie.douban.com/subject/1416722/
方言片,1433602,赌圣2：街头赌圣,1995,6.2,12718,喜剧,1990s,粤语,粤语,粤语,粤语（广府片/白话）,Tier 1,≈100%（推断）,纯方言/少数民族语言标签，无普通话标签（对应'全部对白为方言'的狭义纯方言片）,https://movie.douban.com/subject/1433602/
方言片,2380440,跟我走一回,1995,8.1,1480,剧情,1990s,粤语,粤语,粤语,粤语（广府片/白话）,Tier 1,≈100%（推断）,纯方言/少数民族语言标签，无普通话标签（对应'全部对白为方言'的狭义纯方言片）,https://movie.douban.com/subject/2380440/
方言片,1305558,追女仔95之绮梦,1995,6.5,1166,喜剧 / 奇幻 / 爱情,1990s,粤语,粤语,粤语,粤语（广府片/白话）,Tier 1,≈100%（推断）,纯方言/少数民族语言标签，无普通话标签（对应'全部对白为方言'的狭义纯方言片）,https://movie.douban.com/subject/1305558/
方言片,1295374,金玉满堂,1995,8.1,80577,喜剧 / 爱情,1990s,粤语,粤语,粤语,粤语（广府片/白话）,Tier 1,≈100%（推断）,纯方言/少数民族语言标签，无普通话标签（对应'全部对白为方言'的狭义纯方言片）,https://movie.douban.com/subject/1295374/
方言片,1299333,阳光地狱之人肉市场,1995,4.7,278,恐怖 / 情色,1990s,粤语,粤语,粤语,粤语（广府片/白话）,Tier 1,≈100%（推断）,纯方言/少数民族语言标签，无普通话标签（对应'全部对白为方言'的狭义纯方言片）,https://movie.douban.com/subject/1299333/
方言片,1945132,阿爸的情人,1995,7.0,122,剧情,1990s,闽南语,闽南语,闽南语,闽南语（闽台片）,Tier 1,≈100%（推断）,纯方言/少数民族语言标签，无普通话标签（对应'全部对白为方言'的狭义纯方言片）,https://movie.douban.com/subject/1945132/
方言片,1609837,震撼性丑闻,1995,5.9,252,剧情 / 犯罪,1990s,粤语,粤语,粤语,粤语（广府片/白话）,Tier 1,≈100%（推断）,纯方言/少数民族语言标签，无普通话标签（对应'全部对白为方言'的狭义纯方言片）,https://movie.douban.com/subject/1609837/
方言片,1299502,霹雳火,1995,7.0,29192,动作,1990s,粤语 / 英语 / 日语,粤语 / 英语 / 日语,粤语,粤语（广府片/白话）,Tier 1,≈100%（推断）,纯方言/少数民族语言标签，无普通话标签（对应'全部对白为方言'的狭义纯方言片）,https://movie.douban.com/subject/1299502/
方言片,2383150,香江花月夜,1995,7.6,528,喜剧,1990s,粤语,粤语,粤语,粤语（广府片/白话）,Tier 1,≈100%（推断）,纯方言/少数民族语言标签，无普通话标签（对应'全部对白为方言'的狭义纯方言片）,https://movie.douban.com/subject/2383150/
方言片,2072938,馬路英雄Ⅱ非法賽車,1995,5.6,211,剧情 / 动作,1990s,粤语,粤语,粤语,粤语（广府片/白话）,Tier 1,≈100%（推断）,纯方言/少数民族语言标签，无普通话标签（对应'全部对白为方言'的狭义纯方言片）,https://movie.douban.com/subject/2072938/
方言片,1302131,鬼巴士,1995,5.6,810,爱情 / 惊悚 / 恐怖,1990s,粤语,粤语,粤语,粤语（广府片/白话）,Tier 1,≈100%（推断）,纯方言/少数民族语言标签，无普通话标签（对应'全部对白为方言'的狭义纯方言片）,https://movie.douban.com/subject/1302131/
方言片,27028749,黄子华栋笃笑双打之玩无可玩,1995,7.8,336,脱口秀,1990s,粤语,粤语,粤语,粤语（广府片/白话）,Tier 1,≈100%（推断）,纯方言/少数民族语言标签，无普通话标签（对应'全部对白为方言'的狭义纯方言片）,https://movie.douban.com/subject/27028749/
方言片,1422904,1/2次同床,1996,5.9,1472,喜剧 / 爱情,1990s,粤语,粤语,粤语,粤语（广府片/白话）,Tier 1,≈100%（推断）,纯方言/少数民族语言标签，无普通话标签（对应'全部对白为方言'的狭义纯方言片）,https://movie.douban.com/subject/1422904/
方言片,1759192,3个受伤的警察,1996,7.6,2152,剧情 / 犯罪,1990s,粤语,粤语,粤语,粤语（广府片/白话）,Tier 1,≈100%（推断）,纯方言/少数民族语言标签，无普通话标签（对应'全部对白为方言'的狭义纯方言片）,https://movie.douban.com/subject/1759192/
方言片,1421924,666魔鬼复活,1996,5.9,1346,动作 / 惊悚,1990s,粤语,粤语,粤语,粤语（广府片/白话）,Tier 1,≈100%（推断）,纯方言/少数民族语言标签，无普通话标签（对应'全部对白为方言'的狭义纯方言片）,https://movie.douban.com/subject/1421924/
方言片,1308365,七月十三之龙婆,1996,6.0,2520,剧情,1990s,粤语,粤语,粤语,粤语（广府片/白话）,Tier 1,≈100%（推断）,纯方言/少数民族语言标签，无普通话标签（对应'全部对白为方言'的狭义纯方言片）,https://movie.douban.com/subject/1308365/
方言片,1421927,人间色相,1996,7.5,3817,喜剧,1990s,粤语,粤语,粤语,粤语（广府片/白话）,Tier 1,≈100%（推断）,纯方言/少数民族语言标签，无普通话标签（对应'全部对白为方言'的狭义纯方言片）,https://movie.douban.com/subject/1421927/
方言片,1768643,假男假女,1996,6.4,165,喜剧 / 爱情 / 同性,1990s,粤语,粤语,粤语,粤语（广府片/白话）,Tier 1,≈100%（推断）,纯方言/少数民族语言标签，无普通话标签（对应'全部对白为方言'的狭义纯方言片）,https://movie.douban.com/subject/1768643/
方言片,1303482,偷偷爱你,1996,7.8,18248,喜剧 / 剧情 / 爱情,1990s,粤语,粤语,粤语,粤语（广府片/白话）,Tier 1,≈100%（推断）,纯方言/少数民族语言标签，无普通话标签（对应'全部对白为方言'的狭义纯方言片）,https://movie.douban.com/subject/1303482/
方言片,1295535,六魔女,1996,5.4,954,犯罪,1990s,粤语,粤语,粤语,粤语（广府片/白话）,Tier 1,≈100%（推断）,纯方言/少数民族语言标签，无普通话标签（对应'全部对白为方言'的狭义纯方言片）,https://movie.douban.com/subject/1295535/
方言片,1292633,冲锋队之怒火街头,1996,7.9,15406,动作 / 犯罪,1990s,粤语,粤语,粤语,粤语（广府片/白话）,Tier 1,≈100%（推断）,纯方言/少数民族语言标签，无普通话标签（对应'全部对白为方言'的狭义纯方言片）,https://movie.douban.com/subject/1292633/
方言片,1304996,危险任务,1996,5.2,810,动作,1990s,粤语,粤语,粤语,粤语（广府片/白话）,Tier 1,≈100%（推断）,纯方言/少数民族语言标签，无普通话标签（对应'全部对白为方言'的狭义纯方言片）,https://movie.douban.com/subject/1304996/
方言片,1303922,去吧！揸Fit人兵团,1996,6.7,1515,动作 / 喜剧,1990s,粤语,粤语,粤语,粤语（广府片/白话）,Tier 1,≈100%（推断）,纯方言/少数民族语言标签，无普通话标签（对应'全部对白为方言'的狭义纯方言片）,https://movie.douban.com/subject/1303922/
方言片,1433736,古惑仔之人在江湖,1996,7.9,112585,动作 / 犯罪,1990s,粤语,粤语,粤语,粤语（广府片/白话）,Tier 1,≈100%（推断）,纯方言/少数民族语言标签，无普通话标签（对应'全部对白为方言'的狭义纯方言片）,https://movie.douban.com/subject/1433736/
方言片,1301263,古惑女之决战江湖,1996,6.0,1929,动作,1990s,粤语,粤语,粤语,粤语（广府片/白话）,Tier 1,≈100%（推断）,纯方言/少数民族语言标签，无普通话标签（对应'全部对白为方言'的狭义纯方言片）,https://movie.douban.com/subject/1301263/
方言片,1389938,四个32A和一个香蕉少年,1996,7.1,1246,喜剧 / 爱情 / 情色,1990s,粤语,粤语,粤语,粤语（广府片/白话）,Tier 1,≈100%（推断）,纯方言/少数民族语言标签，无普通话标签（对应'全部对白为方言'的狭义纯方言片）,https://movie.douban.com/subject/1389938/
方言片,1401263,四面夏娃,1996,7.0,621,剧情,1990s,粤语,粤语,粤语,粤语（广府片/白话）,Tier 1,≈100%（推断）,纯方言/少数民族语言标签，无普通话标签（对应'全部对白为方言'的狭义纯方言片）,https://movie.douban.com/subject/1401263/
方言片,1408130,大三元,1996,7.3,10991,喜剧 / 爱情,1990s,粤语,粤语,粤语,粤语（广府片/白话）,Tier 1,≈100%（推断）,纯方言/少数民族语言标签，无普通话标签（对应'全部对白为方言'的狭义纯方言片）,https://movie.douban.com/subject/1408130/
方言片,1329936,大内密探零零发,1996,7.9,329631,喜剧 / 动作 / 爱情,1990s,粤语,粤语,粤语,粤语（广府片/白话）,Tier 1,≈100%（推断）,纯方言/少数民族语言标签，无普通话标签（对应'全部对白为方言'的狭义纯方言片）,https://movie.douban.com/subject/1329936/
方言片,26329802,天下无敌,1996,5.6,101,喜剧 / 动作 / 古装,1990s,粤语,粤语,粤语,粤语（广府片/白话）,Tier 1,≈100%（推断）,纯方言/少数民族语言标签，无普通话标签（对应'全部对白为方言'的狭义纯方言片）,https://movie.douban.com/subject/26329802/
方言片,1307724,天涯海角,1996,8.0,9418,剧情 / 爱情,1990s,粤语,粤语,粤语,粤语（广府片/白话）,Tier 1,≈100%（推断）,纯方言/少数民族语言标签，无普通话标签（对应'全部对白为方言'的狭义纯方言片）,https://movie.douban.com/subject/1307724/
方言片,1419918,天若有情3烽火佳人,1996,7.0,10007,剧情,1990s,粤语,粤语,粤语,粤语（广府片/白话）,Tier 1,≈100%（推断）,纯方言/少数民族语言标签，无普通话标签（对应'全部对白为方言'的狭义纯方言片）,https://movie.douban.com/subject/1419918/
方言片,1437315,太阳有耳,1996,7.2,617,剧情,1990s,粤语,粤语,粤语,粤语（广府片/白话）,Tier 1,≈100%（推断）,纯方言/少数民族语言标签，无普通话标签（对应'全部对白为方言'的狭义纯方言片）,https://movie.douban.com/subject/1437315/
方言片,1474961,奇异旅程之真心爱生命,1996,7.0,591,剧情 / 爱情 / 犯罪,1990s,粤语,粤语,粤语,粤语（广府片/白话）,Tier 1,≈100%（推断）,纯方言/少数民族语言标签，无普通话标签（对应'全部对白为方言'的狭义纯方言片）,https://movie.douban.com/subject/1474961/
方言片,1394831,嫲嫲帆帆,1996,7.5,1222,剧情,1990s,粤语,粤语,粤语,粤语（广府片/白话）,Tier 1,≈100%（推断）,纯方言/少数民族语言标签，无普通话标签（对应'全部对白为方言'的狭义纯方言片）,https://movie.douban.com/subject/1394831/
方言片,1304369,孟波,1996,6.2,856,剧情 / 喜剧 / 动作,1990s,粤语,粤语,粤语,粤语（广府片/白话）,Tier 1,≈100%（推断）,纯方言/少数民族语言标签，无普通话标签（对应'全部对白为方言'的狭义纯方言片）,https://movie.douban.com/subject/1304369/
方言片,1301156,怪谈协会,1996,7.2,9657,喜剧 / 恐怖,1990s,粤语,粤语,粤语,粤语（广府片/白话）,Tier 1,≈100%（推断）,纯方言/少数民族语言标签，无普通话标签（对应'全部对白为方言'的狭义纯方言片）,https://movie.douban.com/subject/1301156/
方言片,1301155,悍匪,1996,6.2,817,动作 / 犯罪 / 剧情,1990s,粤语,粤语,粤语,粤语（广府片/白话）,Tier 1,≈100%（推断）,纯方言/少数民族语言标签，无普通话标签（对应'全部对白为方言'的狭义纯方言片）,https://movie.douban.com/subject/1301155/
方言片,1797250,情人的眼泪,1996,6.6,322,爱情,1990s,粤语,粤语,粤语,粤语（广府片/白话）,Tier 1,≈100%（推断）,纯方言/少数民族语言标签，无普通话标签（对应'全部对白为方言'的狭义纯方言片）,https://movie.douban.com/subject/1797250/
方言片,2990276,懵仔多情,1996,7.6,330,剧情,1990s,粤语,粤语,粤语,粤语（广府片/白话）,Tier 1,≈100%（推断）,纯方言/少数民族语言标签，无普通话标签（对应'全部对白为方言'的狭义纯方言片）,https://movie.douban.com/subject/2990276/
方言片,1297525,摄氏32度,1996,7.3,3075,动作 / 剧情 / 惊悚,1990s,粤语 / 韩语,粤语 / 韩语,粤语,粤语（广府片/白话）,Tier 1,≈100%（推断）,纯方言/少数民族语言标签，无普通话标签（对应'全部对白为方言'的狭义纯方言片）,https://movie.douban.com/subject/1297525/
方言片,1304257,旺角揸Fit人,1996,7.3,8370,动作,1990s,粤语 / 日语,粤语 / 日语,粤语,粤语（广府片/白话）,Tier 1,≈100%（推断）,纯方言/少数民族语言标签，无普通话标签（对应'全部对白为方言'的狭义纯方言片）,https://movie.douban.com/subject/1304257/
方言片,1306361,旺角风云,1996,6.3,1270,动作 / 剧情,1990s,粤语,粤语,粤语,粤语（广府片/白话）,Tier 1,≈100%（推断）,纯方言/少数民族语言标签，无普通话标签（对应'全部对白为方言'的狭义纯方言片）,https://movie.douban.com/subject/1306361/
方言片,5284837,暴劫柔情,1996,4.5,167,犯罪,1990s,粤语,粤语,粤语,粤语（广府片/白话）,Tier 1,≈100%（推断）,纯方言/少数民族语言标签，无普通话标签（对应'全部对白为方言'的狭义纯方言片）,https://movie.douban.com/subject/5284837/
方言片,1480318,洪兴仔之江湖大风暴,1996,6.4,6673,动作 / 剧情,1990s,粤语,粤语,粤语,粤语（广府片/白话）,Tier 1,≈100%（推断）,纯方言/少数民族语言标签，无普通话标签（对应'全部对白为方言'的狭义纯方言片）,https://movie.douban.com/subject/1480318/
方言片,1417370,浪漫风暴,1996,6.7,2751,剧情 / 动作,1990s,粤语,粤语,粤语,粤语（广府片/白话）,Tier 1,≈100%（推断）,纯方言/少数民族语言标签，无普通话标签（对应'全部对白为方言'的狭义纯方言片）,https://movie.douban.com/subject/1417370/
方言片,1904612,港督最后一个保镖,1996,7.0,2754,喜剧,1990s,粤语,粤语,粤语,粤语（广府片/白话）,Tier 1,≈100%（推断）,纯方言/少数民族语言标签，无普通话标签（对应'全部对白为方言'的狭义纯方言片）,https://movie.douban.com/subject/1904612/
方言片,2061104,漫画王,1996,6.5,1645,喜剧,1990s,粤语,粤语,粤语,粤语（广府片/白话）,Tier 1,≈100%（推断）,纯方言/少数民族语言标签，无普通话标签（对应'全部对白为方言'的狭义纯方言片）,https://movie.douban.com/subject/2061104/
方言片,1302749,狂野三千响,1996,6.4,242,犯罪,1990s,粤语,粤语,粤语,粤语（广府片/白话）,Tier 1,≈100%（推断）,纯方言/少数民族语言标签，无普通话标签（对应'全部对白为方言'的狭义纯方言片）,https://movie.douban.com/subject/1302749/
方言片,3042107,百分百啱Feel,1996,6.6,1262,爱情,1990s,粤语,粤语,粤语,粤语（广府片/白话）,Tier 1,≈100%（推断）,纯方言/少数民族语言标签，无普通话标签（对应'全部对白为方言'的狭义纯方言片）,https://movie.douban.com/subject/3042107/
方言片,1294086,百分百感觉,1996,6.4,4020,爱情,1990s,粤语,粤语,粤语,粤语（广府片/白话）,Tier 1,≈100%（推断）,纯方言/少数民族语言标签，无普通话标签（对应'全部对白为方言'的狭义纯方言片）,https://movie.douban.com/subject/1294086/
方言片,3040471,百分百感觉之人小鬼大,1996,6.1,247,剧情 / 喜剧 / 爱情,1990s,粤语,粤语,粤语,粤语（广府片/白话）,Tier 1,≈100%（推断）,纯方言/少数民族语言标签，无普通话标签（对应'全部对白为方言'的狭义纯方言片）,https://movie.douban.com/subject/3040471/
方言片,2257125,艺坛照妖镜之96应召名册,1996,5.6,448,喜剧,1990s,粤语,粤语,粤语,粤语（广府片/白话）,Tier 1,≈100%（推断）,纯方言/少数民族语言标签，无普通话标签（对应'全部对白为方言'的狭义纯方言片）,https://movie.douban.com/subject/2257125/
方言片,1316525,虎度门,1996,8.2,7323,剧情 / 喜剧 / 家庭,1990s,粤语,粤语,粤语,粤语（广府片/白话）,Tier 1,≈100%（推断）,纯方言/少数民族语言标签，无普通话标签（对应'全部对白为方言'的狭义纯方言片）,https://movie.douban.com/subject/1316525/
方言片,4942756,蛇蝎夜合花,1996,5.8,408,喜剧 / 犯罪,1990s,粤语,粤语,粤语,粤语（广府片/白话）,Tier 1,≈100%（推断）,纯方言/少数民族语言标签，无普通话标签（对应'全部对白为方言'的狭义纯方言片）,https://movie.douban.com/subject/4942756/
方言片,1766923,血腥星期五,1996,6.2,330,动作 / 惊悚,1990s,粤语,粤语,粤语,粤语（广府片/白话）,Tier 1,≈100%（推断）,纯方言/少数民族语言标签，无普通话标签（对应'全部对白为方言'的狭义纯方言片）,https://movie.douban.com/subject/1766923/
方言片,1301381,赌神3之少年赌神,1996,7.0,27721,动作 / 喜剧 / 剧情,1990s,粤语 / 英语,粤语 / 英语,粤语,粤语（广府片/白话）,Tier 1,≈100%（推断）,纯方言/少数民族语言标签，无普通话标签（对应'全部对白为方言'的狭义纯方言片）,https://movie.douban.com/subject/1301381/
方言片,1307459,超级大国民,1996,7.7,557,剧情 / 历史,1990s,闽南语,闽南语,闽南语,闽南语（闽台片）,Tier 1,≈100%（推断）,纯方言/少数民族语言标签，无普通话标签（对应'全部对白为方言'的狭义纯方言片）,https://movie.douban.com/subject/1307459/
方言片,1304738,运财五福星,1996,6.4,4680,剧情 / 喜剧,1990s,粤语,粤语,粤语,粤语（广府片/白话）,Tier 1,≈100%（推断）,纯方言/少数民族语言标签，无普通话标签（对应'全部对白为方言'的狭义纯方言片）,https://movie.douban.com/subject/1304738/
方言片,2154734,运财智多星,1996,6.6,2770,喜剧 / 奇幻,1990s,粤语,粤语,粤语,粤语（广府片/白话）,Tier 1,≈100%（推断）,纯方言/少数民族语言标签，无普通话标签（对应'全部对白为方言'的狭义纯方言片）,https://movie.douban.com/subject/2154734/
方言片,1890108,金榜题名,1996,6.5,783,剧情 / 动作 / 犯罪,1990s,粤语,粤语,粤语,粤语（广府片/白话）,Tier 1,≈100%（推断）,纯方言/少数民族语言标签，无普通话标签（对应'全部对白为方言'的狭义纯方言片）,https://movie.douban.com/subject/1890108/
方言片,2990277,金田一手稿之奇异档案,1996,5.7,128,犯罪,1990s,粤语,粤语,粤语,粤语（广府片/白话）,Tier 1,≈100%（推断）,纯方言/少数民族语言标签，无普通话标签（对应'全部对白为方言'的狭义纯方言片）,https://movie.douban.com/subject/2990277/
方言片,1421926,金装香蕉俱乐部,1996,6.9,1106,剧情 / 喜剧,1990s,粤语,粤语,粤语,粤语（广府片/白话）,Tier 1,≈100%（推断）,纯方言/少数民族语言标签，无普通话标签（对应'全部对白为方言'的狭义纯方言片）,https://movie.douban.com/subject/1421926/
方言片,1295555,阿金,1996,7.0,3032,动作 / 剧情,1990s,粤语,粤语,粤语,粤语（广府片/白话）,Tier 1,≈100%（推断）,纯方言/少数民族语言标签，无普通话标签（对应'全部对白为方言'的狭义纯方言片）,https://movie.douban.com/subject/1295555/
方言片,1294159,飞虎,1996,6.6,1754,动作,1990s,粤语 / 英语 / 泰语,粤语 / 英语 / 泰语,粤语,粤语（广府片/白话）,Tier 1,≈100%（推断）,纯方言/少数民族语言标签，无普通话标签（对应'全部对白为方言'的狭义纯方言片）,https://movie.douban.com/subject/1294159/
方言片,1788010,飞虎雄心2之傲气比天高,1996,6.1,295,动作,1990s,粤语,粤语,粤语,粤语（广府片/白话）,Tier 1,≈100%（推断）,纯方言/少数民族语言标签，无普通话标签（对应'全部对白为方言'的狭义纯方言片）,https://movie.douban.com/subject/1788010/
方言片,1293351,食神,1996,8.1,362546,动作 / 喜剧,1990s,粤语,粤语,粤语,粤语（广府片/白话）,Tier 1,≈100%（推断）,纯方言/少数民族语言标签，无普通话标签（对应'全部对白为方言'的狭义纯方言片）,https://movie.douban.com/subject/1293351/
方言片,1863348,鬼剧院之惊青艳女郎,1996,5.2,320,喜剧 / 恐怖,1990s,粤语,粤语,粤语,粤语（广府片/白话）,Tier 1,≈100%（推断）,纯方言/少数民族语言标签，无普通话标签（对应'全部对白为方言'的狭义纯方言片）,https://movie.douban.com/subject/1863348/
方言片,1962057,黄金岛历险记,1996,6.4,3221,家庭 / 奇幻,1990s,粤语,粤语,粤语,粤语（广府片/白话）,Tier 1,≈100%（推断）,纯方言/少数民族语言标签，无普通话标签（对应'全部对白为方言'的狭义纯方言片）,https://movie.douban.com/subject/1962057/
方言片,3237758,黄飞鸿之八大天王,1996,6.3,699,动作,1990s,粤语,粤语,粤语,粤语（广府片/白话）,Tier 1,≈100%（推断）,纯方言/少数民族语言标签，无普通话标签（对应'全部对白为方言'的狭义纯方言片）,https://movie.douban.com/subject/3237758/
方言片,3237759,黄飞鸿之理想年代,1996,6.3,293,动作,1990s,粤语,粤语,粤语,粤语（广府片/白话）,Tier 1,≈100%（推断）,纯方言/少数民族语言标签，无普通话标签（对应'全部对白为方言'的狭义纯方言片）,https://movie.douban.com/subject/3237759/
方言片,1295746,黑侠,1996,6.8,34316,动作 / 冒险 / 喜剧,1990s,粤语,粤语,粤语,粤语（广府片/白话）,Tier 1,≈100%（推断）,纯方言/少数民族语言标签，无普通话标签（对应'全部对白为方言'的狭义纯方言片）,https://movie.douban.com/subject/1295746/
方言片,2129702,龙虎砵兰街,1996,6.3,1349,动作,1990s,粤语,粤语,粤语,粤语（广府片/白话）,Tier 1,≈100%（推断）,纯方言/少数民族语言标签，无普通话标签（对应'全部对白为方言'的狭义纯方言片）,https://movie.douban.com/subject/2129702/
方言片,1293265,97古惑仔战无不胜,1997,7.6,65897,动作 / 剧情,1990s,粤语,粤语,粤语,粤语（广府片/白话）,Tier 1,≈100%（推断）,纯方言/少数民族语言标签，无普通话标签（对应'全部对白为方言'的狭义纯方言片）,https://movie.douban.com/subject/1293265/
方言片,1305197,97家有喜事,1997,7.6,90346,喜剧,1990s,粤语,粤语,粤语,粤语（广府片/白话）,Tier 1,≈100%（推断）,纯方言/少数民族语言标签，无普通话标签（对应'全部对白为方言'的狭义纯方言片）,https://movie.douban.com/subject/1305197/
方言片,1298125,G4特工,1997,6.0,2719,动作,1990s,粤语,粤语,粤语,粤语（广府片/白话）,Tier 1,≈100%（推断）,纯方言/少数民族语言标签，无普通话标签（对应'全部对白为方言'的狭义纯方言片）,https://movie.douban.com/subject/1298125/
方言片,1296623,两个只能活一个,1997,7.7,19790,剧情 / 犯罪,1990s,粤语,粤语,粤语,粤语（广府片/白话）,Tier 1,≈100%（推断）,纯方言/少数民族语言标签，无普通话标签（对应'全部对白为方言'的狭义纯方言片）,https://movie.douban.com/subject/1296623/
方言片,2129914,八廓南街16号,1997,7.5,397,纪录片,1990s,藏语,藏语,藏语,中国少数民族语言,Tier 1,≈100%（推断）,纯方言/少数民族语言标签，无普通话标签（对应'全部对白为方言'的狭义纯方言片）,https://movie.douban.com/subject/2129914/
方言片,1307076,冲上九重天,1997,6.3,501,剧情,1990s,粤语,粤语,粤语,粤语（广府片/白话）,Tier 1,≈100%（推断）,纯方言/少数民族语言标签，无普通话标签（对应'全部对白为方言'的狭义纯方言片）,https://movie.douban.com/subject/1307076/
方言片,1298822,初恋无限Touch,1997,7.4,2720,剧情 / 喜剧 / 爱情,1990s,粤语,粤语,粤语,粤语（广府片/白话）,Tier 1,≈100%（推断）,纯方言/少数民族语言标签，无普通话标签（对应'全部对白为方言'的狭义纯方言片）,https://movie.douban.com/subject/1298822/
方言片,1304045,十万火急,1997,7.4,9898,剧情 / 动作 / 灾难,1990s,粤语,粤语,粤语,粤语（广府片/白话）,Tier 1,≈100%（推断）,纯方言/少数民族语言标签，无普通话标签（对应'全部对白为方言'的狭义纯方言片）,https://movie.douban.com/subject/1304045/
方言片,1305063,十五亿杀人网络,1997,5.6,318,动作 / 犯罪 / 惊悚,1990s,粤语,粤语,粤语,粤语（广府片/白话）,Tier 1,≈100%（推断）,纯方言/少数民族语言标签，无普通话标签（对应'全部对白为方言'的狭义纯方言片）,https://movie.douban.com/subject/1305063/
方言片,1303913,南海十三郎,1997,9.3,51402,剧情 / 传记 / 爱情,1990s,粤语,粤语,粤语,粤语（广府片/白话）,Tier 1,≈100%（推断）,纯方言/少数民族语言标签，无普通话标签（对应'全部对白为方言'的狭义纯方言片）,https://movie.douban.com/subject/1303913/
方言片,1370243,去日苦多,1997,8.3,570,纪录片,1990s,粤语,粤语,粤语,粤语（广府片/白话）,Tier 1,≈100%（推断）,纯方言/少数民族语言标签，无普通话标签（对应'全部对白为方言'的狭义纯方言片）,https://movie.douban.com/subject/1370243/
方言片,1302471,四月四日,1997,6.0,722,剧情 / 恐怖,1990s,粤语,粤语,粤语,粤语（广府片/白话）,Tier 1,≈100%（推断）,纯方言/少数民族语言标签，无普通话标签（对应'全部对白为方言'的狭义纯方言片）,https://movie.douban.com/subject/1302471/
方言片,1306345,回转寿尸,1997,6.6,5014,喜剧 / 奇幻 / 恐怖,1990s,粤语,粤语,粤语,粤语（广府片/白话）,Tier 1,≈100%（推断）,纯方言/少数民族语言标签，无普通话标签（对应'全部对白为方言'的狭义纯方言片）,https://movie.douban.com/subject/1306345/
方言片,1302926,基佬四十,1997,7.7,6307,喜剧 / 同性,1990s,粤语,粤语,粤语,粤语（广府片/白话）,Tier 1,≈100%（推断）,纯方言/少数民族语言标签，无普通话标签（对应'全部对白为方言'的狭义纯方言片）,https://movie.douban.com/subject/1302926/
方言片,1479883,夜半2点钟,1997,5.6,780,喜剧 / 恐怖,1990s,粤语,粤语,粤语,粤语（广府片/白话）,Tier 1,≈100%（推断）,纯方言/少数民族语言标签，无普通话标签（对应'全部对白为方言'的狭义纯方言片）,https://movie.douban.com/subject/1479883/
方言片,1479884,夜半3点钟,1997,5.8,913,喜剧 / 恐怖,1990s,粤语,粤语,粤语,粤语（广府片/白话）,Tier 1,≈100%（推断）,纯方言/少数民族语言标签，无普通话标签（对应'全部对白为方言'的狭义纯方言片）,https://movie.douban.com/subject/1479884/
方言片,1305187,天地雄心,1997,5.8,2744,爱情 / 悬疑 / 奇幻,1990s,粤语,粤语,粤语,粤语（广府片/白话）,Tier 1,≈100%（推断）,纯方言/少数民族语言标签，无普通话标签（对应'全部对白为方言'的狭义纯方言片）,https://movie.douban.com/subject/1305187/
方言片,1307554,天才与白痴,1997,6.7,736,剧情 / 喜剧,1990s,粤语,粤语,粤语,粤语（广府片/白话）,Tier 1,≈100%（推断）,纯方言/少数民族语言标签，无普通话标签（对应'全部对白为方言'的狭义纯方言片）,https://movie.douban.com/subject/1307554/
方言片,1301993,夺舍,1997,6.7,1654,喜剧 / 犯罪 / 惊悚,1990s,粤语,粤语,粤语,粤语（广府片/白话）,Tier 1,≈100%（推断）,纯方言/少数民族语言标签，无普通话标签（对应'全部对白为方言'的狭义纯方言片）,https://movie.douban.com/subject/1301993/
方言片,1302258,完全失控,1997,6.1,146,剧情,1990s,粤语,粤语,粤语,粤语（广府片/白话）,Tier 1,≈100%（推断）,纯方言/少数民族语言标签，无普通话标签（对应'全部对白为方言'的狭义纯方言片）,https://movie.douban.com/subject/1302258/
方言片,1296089,完全结婚手册,1997,6.6,415,喜剧,1990s,粤语,粤语,粤语,粤语（广府片/白话）,Tier 1,≈100%（推断）,纯方言/少数民族语言标签，无普通话标签（对应'全部对白为方言'的狭义纯方言片）,https://movie.douban.com/subject/1296089/
方言片,1306493,对不起，多谢你,1997,7.2,1150,喜剧,1990s,粤语,粤语,粤语,粤语（广府片/白话）,Tier 1,≈100%（推断）,纯方言/少数民族语言标签，无普通话标签（对应'全部对白为方言'的狭义纯方言片）,https://movie.douban.com/subject/1306493/
方言片,1293098,小倩,1997,8.3,19119,喜剧 / 爱情 / 动画,1990s,粤语,粤语,粤语,粤语（广府片/白话）,Tier 1,≈100%（推断）,纯方言/少数民族语言标签，无普通话标签（对应'全部对白为方言'的狭义纯方言片）,https://movie.douban.com/subject/1293098/
方言片,1369760,念你如昔,1997,7.7,110,纪录片 / 短片,1990s,粤语,粤语,粤语,粤语（广府片/白话）,Tier 1,≈100%（推断）,纯方言/少数民族语言标签，无普通话标签（对应'全部对白为方言'的狭义纯方言片）,https://movie.douban.com/subject/1369760/
方言片,1472532,恐怖鸡,1997,7.4,16051,犯罪 / 惊悚 / 恐怖,1990s,粤语,粤语,粤语,粤语（广府片/白话）,Tier 1,≈100%（推断）,纯方言/少数民族语言标签，无普通话标签（对应'全部对白为方言'的狭义纯方言片）,https://movie.douban.com/subject/1472532/
方言片,1303715,戆星先生,1997,5.5,472,喜剧 / 科幻,1990s,粤语,粤语,粤语,粤语（广府片/白话）,Tier 1,≈100%（推断）,纯方言/少数民族语言标签，无普通话标签（对应'全部对白为方言'的狭义纯方言片）,https://movie.douban.com/subject/1303715/
方言片,1307709,我对你有感觉,1997,6.4,360,喜剧,1990s,粤语,粤语,粤语,粤语（广府片/白话）,Tier 1,≈100%（推断）,纯方言/少数民族语言标签，无普通话标签（对应'全部对白为方言'的狭义纯方言片）,https://movie.douban.com/subject/1307709/
方言片,1295179,我爱厨房,1997,7.3,1358,剧情 / 爱情,1990s,粤语,粤语,粤语,粤语（广府片/白话）,Tier 1,≈100%（推断）,纯方言/少数民族语言标签，无普通话标签（对应'全部对白为方言'的狭义纯方言片）,https://movie.douban.com/subject/1295179/
方言片,1293516,战狼传说,1997,6.4,4899,动作 / 剧情,1990s,粤语,粤语,粤语,粤语（广府片/白话）,Tier 1,≈100%（推断）,纯方言/少数民族语言标签，无普通话标签（对应'全部对白为方言'的狭义纯方言片）,https://movie.douban.com/subject/1293516/
方言片,1302137,拥抱朝阳,1997,6.5,487,剧情,1990s,粤语,粤语,粤语,粤语（广府片/白话）,Tier 1,≈100%（推断）,纯方言/少数民族语言标签，无普通话标签（对应'全部对白为方言'的狭义纯方言片）,https://movie.douban.com/subject/1302137/
方言片,3148529,旺角大家姐,1997,5.0,110,动作 / 喜剧 / 恐怖,1990s,粤语,粤语,粤语,粤语（广府片/白话）,Tier 1,≈100%（推断）,纯方言/少数民族语言标签，无普通话标签（对应'全部对白为方言'的狭义纯方言片）,https://movie.douban.com/subject/3148529/
方言片,1306562,最佳拍档之醉街拍档,1997,6.1,3452,喜剧 / 动作,1990s,粤语,粤语,粤语,粤语（广府片/白话）,Tier 1,≈100%（推断）,纯方言/少数民族语言标签，无普通话标签（对应'全部对白为方言'的狭义纯方言片）,https://movie.douban.com/subject/1306562/
方言片,1301817,最后判决,1997,7.2,2185,剧情,1990s,粤语,粤语,粤语,粤语（广府片/白话）,Tier 1,≈100%（推断）,纯方言/少数民族语言标签，无普通话标签（对应'全部对白为方言'的狭义纯方言片）,https://movie.douban.com/subject/1301817/
方言片,1307352,档案X杀人犯,1997,6.2,432,动作,1990s,粤语,粤语,粤语,粤语（广府片/白话）,Tier 1,≈100%（推断）,纯方言/少数民族语言标签，无普通话标签（对应'全部对白为方言'的狭义纯方言片）,https://movie.douban.com/subject/1307352/
方言片,1299036,热血最强,1997,6.6,603,剧情 / 喜剧 / 爱情,1990s,粤语,粤语,粤语,粤语（广府片/白话）,Tier 1,≈100%（推断）,纯方言/少数民族语言标签，无普通话标签（对应'全部对白为方言'的狭义纯方言片）,https://movie.douban.com/subject/1299036/
方言片,1294772,爱上百分百英雄,1997,6.4,3878,动作 / 喜剧,1990s,粤语,粤语,粤语,粤语（广府片/白话）,Tier 1,≈100%（推断）,纯方言/少数民族语言标签，无普通话标签（对应'全部对白为方言'的狭义纯方言片）,https://movie.douban.com/subject/1294772/
方言片,1302607,爱您爱到杀死您,1997,6.4,2641,喜剧 / 爱情,1990s,粤语,粤语,粤语,粤语（广府片/白话）,Tier 1,≈100%（推断）,纯方言/少数民族语言标签，无普通话标签（对应'全部对白为方言'的狭义纯方言片）,https://movie.douban.com/subject/1302607/
方言片,1308023,猛鬼卡拉OK,1997,5.7,764,喜剧 / 恐怖,1990s,粤语,粤语,粤语,粤语（广府片/白话）,Tier 1,≈100%（推断）,纯方言/少数民族语言标签，无普通话标签（对应'全部对白为方言'的狭义纯方言片）,https://movie.douban.com/subject/1308023/
方言片,1307022,猛鬼通宵陪住你,1997,6.3,1948,喜剧 / 恐怖,1990s,粤语,粤语,粤语,粤语（广府片/白话）,Tier 1,≈100%（推断）,纯方言/少数民族语言标签，无普通话标签（对应'全部对白为方言'的狭义纯方言片）,https://movie.douban.com/subject/1307022/
方言片,3081410,生日多恋事,1997,5.4,131,动作,1990s,粤语,粤语,粤语,粤语（广府片/白话）,Tier 1,≈100%（推断）,纯方言/少数民族语言标签，无普通话标签（对应'全部对白为方言'的狭义纯方言片）,https://movie.douban.com/subject/3081410/
方言片,1295157,神偷谍影,1997,6.8,9837,剧情 / 动作,1990s,粤语,粤语,粤语,粤语（广府片/白话）,Tier 1,≈100%（推断）,纯方言/少数民族语言标签，无普通话标签（对应'全部对白为方言'的狭义纯方言片）,https://movie.douban.com/subject/1295157/
方言片,1293607,算死草,1997,7.0,89430,喜剧 / 剧情,1990s,粤语 / 英语,粤语 / 英语,粤语,粤语（广府片/白话）,Tier 1,≈100%（推断）,纯方言/少数民族语言标签，无普通话标签（对应'全部对白为方言'的狭义纯方言片）,https://movie.douban.com/subject/1293607/
方言片,1305058,精装难兄难弟,1997,7.7,12063,喜剧,1990s,粤语,粤语,粤语,粤语（广府片/白话）,Tier 1,≈100%（推断）,纯方言/少数民族语言标签，无普通话标签（对应'全部对白为方言'的狭义纯方言片）,https://movie.douban.com/subject/1305058/
方言片,2072239,记得香蕉成熟时3：为你钟情,1997,7.0,840,剧情 / 喜剧,1990s,粤语,粤语,粤语,粤语（广府片/白话）,Tier 1,≈100%（推断）,纯方言/少数民族语言标签，无普通话标签（对应'全部对白为方言'的狭义纯方言片）,https://movie.douban.com/subject/2072239/
方言片,1299998,误人子弟,1997,7.0,901,喜剧 / 爱情,1990s,粤语,粤语,粤语,粤语（广府片/白话）,Tier 1,≈100%（推断）,纯方言/少数民族语言标签，无普通话标签（对应'全部对白为方言'的狭义纯方言片）,https://movie.douban.com/subject/1299998/
方言片,1300240,豆丁奇遇记,1997,6.3,170,剧情 / 儿童,1990s,粤语,粤语,粤语,粤语（广府片/白话）,Tier 1,≈100%（推断）,纯方言/少数民族语言标签，无普通话标签（对应'全部对白为方言'的狭义纯方言片）,https://movie.douban.com/subject/1300240/
方言片,1293678,豪情盖天,1997,6.5,870,动作,1990s,粤语,粤语,粤语,粤语（广府片/白话）,Tier 1,≈100%（推断）,纯方言/少数民族语言标签，无普通话标签（对应'全部对白为方言'的狭义纯方言片）,https://movie.douban.com/subject/1293678/
方言片,11620520,赤足惊魂,1997,6.4,1323,剧情 / 惊悚 / 情色,1990s,粤语,粤语,粤语,粤语（广府片/白话）,Tier 1,≈100%（推断）,纯方言/少数民族语言标签，无普通话标签（对应'全部对白为方言'的狭义纯方言片）,https://movie.douban.com/subject/11620520/
方言片,1308315,超级无敌追女仔,1997,5.6,1250,喜剧 / 爱情 / 运动,1990s,粤语,粤语,粤语,粤语（广府片/白话）,Tier 1,≈100%（推断）,纯方言/少数民族语言标签，无普通话标签（对应'全部对白为方言'的狭义纯方言片）,https://movie.douban.com/subject/1308315/
方言片,1480051,阴阳路,1997,6.8,16771,恐怖,1990s,粤语,粤语,粤语,粤语（广府片/白话）,Tier 1,≈100%（推断）,纯方言/少数民族语言标签，无普通话标签（对应'全部对白为方言'的狭义纯方言片）,https://movie.douban.com/subject/1480051/
方言片,1298152,阴阳路2：我在你左右,1997,6.6,10769,喜剧 / 恐怖 / 惊悚,1990s,粤语,粤语,粤语,粤语（广府片/白话）,Tier 1,≈100%（推断）,纯方言/少数民族语言标签，无普通话标签（对应'全部对白为方言'的狭义纯方言片）,https://movie.douban.com/subject/1298152/
方言片,1303987,飞一般爱情小说,1997,8.0,9375,剧情 / 喜剧 / 爱情,1990s,粤语,粤语,粤语,粤语（广府片/白话）,Tier 1,≈100%（推断）,纯方言/少数民族语言标签，无普通话标签（对应'全部对白为方言'的狭义纯方言片）,https://movie.douban.com/subject/1303987/
方言片,1292396,香港制造,1997,8.2,38422,剧情 / 爱情 / 犯罪,1990s,粤语,粤语,粤语,粤语（广府片/白话）,Tier 1,≈100%（推断）,纯方言/少数民族语言标签，无普通话标签（对应'全部对白为方言'的狭义纯方言片）,https://movie.douban.com/subject/1292396/
方言片,1304694,马永贞,1997,6.9,8860,动作 / 剧情,1990s,粤语,粤语,粤语,粤语（广府片/白话）,Tier 1,≈100%（推断）,纯方言/少数民族语言标签，无普通话标签（对应'全部对白为方言'的狭义纯方言片）,https://movie.douban.com/subject/1304694/
方言片,1298492,高度戒备,1997,7.1,9685,动作 / 剧情,1990s,粤语,粤语,粤语,粤语（广府片/白话）,Tier 1,≈100%（推断）,纯方言/少数民族语言标签，无普通话标签（对应'全部对白为方言'的狭义纯方言片）,https://movie.douban.com/subject/1298492/
方言片,1292843,黄飞鸿之西域雄狮,1997,7.0,38788,动作 / 历史 / 西部,1990s,粤语 / 英语,粤语 / 英语,粤语,粤语（广府片/白话）,Tier 1,≈100%（推断）,纯方言/少数民族语言标签，无普通话标签（对应'全部对白为方言'的狭义纯方言片）,https://movie.douban.com/subject/1292843/
方言片,1394466,黑狱断肠歌之砌生猪肉,1997,7.2,8314,犯罪,1990s,粤语,粤语,粤语,粤语（广府片/白话）,Tier 1,≈100%（推断）,纯方言/少数民族语言标签，无普通话标签（对应'全部对白为方言'的狭义纯方言片）,https://movie.douban.com/subject/1394466/
方言片,1499719,黑玫瑰义结金兰,1997,6.9,762,喜剧,1990s,粤语,粤语,粤语,粤语（广府片/白话）,Tier 1,≈100%（推断）,纯方言/少数民族语言标签，无普通话标签（对应'全部对白为方言'的狭义纯方言片）,https://movie.douban.com/subject/1499719/
方言片,1401481,黑骏马,1997,7.9,4019,剧情,1990s,蒙古语,蒙古语,蒙古语,中国少数民族语言,Tier 1,≈100%（推断）,纯方言/少数民族语言标签，无普通话标签（对应'全部对白为方言'的狭义纯方言片）,https://movie.douban.com/subject/1401481/
方言片,1295633,9413,1998,6.8,1148,动作 / 犯罪 / 悬疑,1990s,粤语,粤语,粤语,粤语（广府片/白话）,Tier 1,≈100%（推断）,纯方言/少数民族语言标签，无普通话标签（对应'全部对白为方言'的狭义纯方言片）,https://movie.douban.com/subject/1295633/
方言片,1308290,98古惑仔之龙争虎斗,1998,7.3,54471,动作,1990s,粤语 / 英语 / 马来语,粤语 / 英语 / 马来语,粤语,粤语（广府片/白话）,Tier 1,≈100%（推断）,纯方言/少数民族语言标签，无普通话标签（对应'全部对白为方言'的狭义纯方言片）,https://movie.douban.com/subject/1308290/
方言片,1304302,B计划,1998,6.4,1699,动作,1990s,粤语 / 英语 / 日语,粤语 / 英语 / 日语,粤语,粤语（广府片/白话）,Tier 1,≈100%（推断）,纯方言/少数民族语言标签，无普通话标签（对应'全部对白为方言'的狭义纯方言片）,https://movie.douban.com/subject/1304302/
方言片,1303176,九星报喜,1998,6.9,11254,喜剧 / 爱情 / 古装,1990s,粤语,粤语,粤语,粤语（广府片/白话）,Tier 1,≈100%（推断）,纯方言/少数民族语言标签，无普通话标签（对应'全部对白为方言'的狭义纯方言片）,https://movie.douban.com/subject/1303176/
方言片,1307919,亚李·爸爸两个大盗,1998,7.4,1809,喜剧 / 犯罪,1990s,粤语,粤语,粤语,粤语（广府片/白话）,Tier 1,≈100%（推断）,纯方言/少数民族语言标签，无普通话标签（对应'全部对白为方言'的狭义纯方言片）,https://movie.douban.com/subject/1307919/
方言片,1995646,全职大盗,1998,5.9,626,犯罪,1990s,粤语,粤语,粤语,粤语（广府片/白话）,Tier 1,≈100%（推断）,纯方言/少数民族语言标签，无普通话标签（对应'全部对白为方言'的狭义纯方言片）,https://movie.douban.com/subject/1995646/
方言片,3293125,凶宅胭脂,1998,4.7,154,爱情,1990s,粤语,粤语,粤语,粤语（广府片/白话）,Tier 1,≈100%（推断）,纯方言/少数民族语言标签，无普通话标签（对应'全部对白为方言'的狭义纯方言片）,https://movie.douban.com/subject/3293125/
方言片,1304879,去年烟花特别多,1998,8.1,13702,剧情,1990s,粤语,粤语,粤语,粤语（广府片/白话）,Tier 1,≈100%（推断）,纯方言/少数民族语言标签，无普通话标签（对应'全部对白为方言'的狭义纯方言片）,https://movie.douban.com/subject/1304879/
方言片,1307345,古惑仔情义篇之洪兴十三妹,1998,7.2,34023,剧情,1990s,粤语,粤语,粤语,粤语（广府片/白话）,Tier 1,≈100%（推断）,纯方言/少数民族语言标签，无普通话标签（对应'全部对白为方言'的狭义纯方言片）,https://movie.douban.com/subject/1307345/
方言片,1307074,夜半无人尸语时,1998,6.0,2521,喜剧 / 恐怖,1990s,粤语 / 英语,粤语 / 英语,粤语,粤语（广府片/白话）,Tier 1,≈100%（推断）,纯方言/少数民族语言标签，无普通话标签（对应'全部对白为方言'的狭义纯方言片）,https://movie.douban.com/subject/1307074/
方言片,1301974,安娜玛德莲娜,1998,7.5,9747,喜剧 / 爱情,1990s,粤语,粤语,粤语,粤语（广府片/白话）,Tier 1,≈100%（推断）,纯方言/少数民族语言标签，无普通话标签（对应'全部对白为方言'的狭义纯方言片）,https://movie.douban.com/subject/1301974/
方言片,3627894,对不起，干掉你,1998,4.0,150,剧情 / 惊悚,1990s,粤语,粤语,粤语,粤语（广府片/白话）,Tier 1,≈100%（推断）,纯方言/少数民族语言标签，无普通话标签（对应'全部对白为方言'的狭义纯方言片）,https://movie.douban.com/subject/3627894/
方言片,1296698,幻影特攻,1998,5.9,5585,惊悚,1990s,粤语,粤语,粤语,粤语（广府片/白话）,Tier 1,≈100%（推断）,纯方言/少数民族语言标签，无普通话标签（对应'全部对白为方言'的狭义纯方言片）,https://movie.douban.com/subject/1296698/
方言片,1300084,强奸陷阱,1998,5.1,382,犯罪 / 悬疑,1990s,粤语,粤语,粤语,粤语（广府片/白话）,Tier 1,≈100%（推断）,纯方言/少数民族语言标签，无普通话标签（对应'全部对白为方言'的狭义纯方言片）,https://movie.douban.com/subject/1300084/
方言片,4006626,怒吼狂花,1998,4.8,229,剧情,1990s,粤语,粤语,粤语,粤语（广府片/白话）,Tier 1,≈100%（推断）,纯方言/少数民族语言标签，无普通话标签（对应'全部对白为方言'的狭义纯方言片）,https://movie.douban.com/subject/4006626/
方言片,1850714,惊天大贼王,1998,6.1,3530,剧情 / 惊悚,1990s,粤语,粤语,粤语,粤语（广府片/白话）,Tier 1,≈100%（推断）,纯方言/少数民族语言标签，无普通话标签（对应'全部对白为方言'的狭义纯方言片）,https://movie.douban.com/subject/1850714/
方言片,3151754,憨豆豆追女仔,1998,6.0,124,喜剧,1990s,粤语,粤语,粤语,粤语（广府片/白话）,Tier 1,≈100%（推断）,纯方言/少数民族语言标签，无普通话标签（对应'全部对白为方言'的狭义纯方言片）,https://movie.douban.com/subject/3151754/
方言片,1299629,我爱你,1998,8.1,3387,剧情 / 爱情,1990s,粤语,粤语,粤语,粤语（广府片/白话）,Tier 1,≈100%（推断）,纯方言/少数民族语言标签，无普通话标签（对应'全部对白为方言'的狭义纯方言片）,https://movie.douban.com/subject/1299629/
方言片,1892592,新唐山大兄,1998,5.8,1383,动作 / 剧情 / 爱情,1990s,粤语,粤语,粤语,粤语（广府片/白话）,Tier 1,≈100%（推断）,纯方言/少数民族语言标签，无普通话标签（对应'全部对白为方言'的狭义纯方言片）,https://movie.douban.com/subject/1892592/
方言片,1468903,新恋爱世纪,1998,6.5,1984,爱情,1990s,粤语 / 英语 / 日语,粤语 / 英语 / 日语,粤语,粤语（广府片/白话）,Tier 1,≈100%（推断）,纯方言/少数民族语言标签，无普通话标签（对应'全部对白为方言'的狭义纯方言片）,https://movie.douban.com/subject/1468903/
方言片,1292450,暗花,1998,8.4,86773,剧情 / 动作 / 犯罪,1990s,粤语,粤语,粤语,粤语（广府片/白话）,Tier 1,≈100%（推断）,纯方言/少数民族语言标签，无普通话标签（对应'全部对白为方言'的狭义纯方言片）,https://movie.douban.com/subject/1292450/
方言片,1295419,杀杀人、跳跳舞,1998,6.2,2364,动作 / 剧情 / 惊悚,1990s,粤语,粤语,粤语,粤语（广府片/白话）,Tier 1,≈100%（推断）,纯方言/少数民族语言标签，无普通话标签（对应'全部对白为方言'的狭义纯方言片）,https://movie.douban.com/subject/1295419/
方言片,1307471,杭州王爷,1998,5.4,236,动作 / 冒险 / 喜剧,1990s,粤语,粤语,粤语,粤语（广府片/白话）,Tier 1,≈100%（推断）,纯方言/少数民族语言标签，无普通话标签（对应'全部对白为方言'的狭义纯方言片）,https://movie.douban.com/subject/1307471/
方言片,1295158,极度重犯,1998,6.5,2624,动作 / 犯罪 / 惊悚,1990s,粤语,粤语,粤语,粤语（广府片/白话）,Tier 1,≈100%（推断）,纯方言/少数民族语言标签，无普通话标签（对应'全部对白为方言'的狭义纯方言片）,https://movie.douban.com/subject/1295158/
方言片,1295681,每天爱你8小时,1998,7.2,7768,剧情 / 爱情,1990s,粤语,粤语,粤语,粤语（广府片/白话）,Tier 1,≈100%（推断）,纯方言/少数民族语言标签，无普通话标签（对应'全部对白为方言'的狭义纯方言片）,https://movie.douban.com/subject/1295681/
方言片,2068116,没有小鸟的天空,1998,6.1,199,剧情,1990s,粤语,粤语,粤语,粤语（广府片/白话）,Tier 1,≈100%（推断）,纯方言/少数民族语言标签，无普通话标签（对应'全部对白为方言'的狭义纯方言片）,https://movie.douban.com/subject/2068116/
方言片,1304627,浑身是胆,1998,6.8,2274,动作,1990s,粤语 / 英语,粤语 / 英语,粤语,粤语（广府片/白话）,Tier 1,≈100%（推断）,纯方言/少数民族语言标签，无普通话标签（对应'全部对白为方言'的狭义纯方言片）,https://movie.douban.com/subject/1304627/
方言片,1303451,海上花,1998,8.2,61824,剧情,1990s,粤语 / 上海话,粤语 / 上海话,粤语 / 上海话,粤语（广府片/白话） / 吴语（江浙片）,Tier 1,≈100%（推断）,纯方言/少数民族语言标签，无普通话标签（对应'全部对白为方言'的狭义纯方言片）,https://movie.douban.com/subject/1303451/
方言片,1304238,濠江风云,1998,6.6,4992,犯罪,1990s,粤语,粤语,粤语,粤语（广府片/白话）,Tier 1,≈100%（推断）,纯方言/少数民族语言标签，无普通话标签（对应'全部对白为方言'的狭义纯方言片）,https://movie.douban.com/subject/1304238/
方言片,1972327,灵与欲,1998,4.1,976,剧情 / 爱情 / 情色,1990s,粤语,粤语,粤语,粤语（广府片/白话）,Tier 1,≈100%（推断）,纯方言/少数民族语言标签，无普通话标签（对应'全部对白为方言'的狭义纯方言片）,https://movie.douban.com/subject/1972327/
方言片,1947381,烈火青春,1998,7.0,416,剧情,1990s,粤语,粤语,粤语,粤语（广府片/白话）,Tier 1,≈100%（推断）,纯方言/少数民族语言标签，无普通话标签（对应'全部对白为方言'的狭义纯方言片）,https://movie.douban.com/subject/1947381/
方言片,1308355,猛鬼食人胎,1998,6.0,4298,剧情 / 奇幻 / 恐怖,1990s,粤语,粤语,粤语,粤语（广府片/白话）,Tier 1,≈100%（推断）,纯方言/少数民族语言标签，无普通话标签（对应'全部对白为方言'的狭义纯方言片）,https://movie.douban.com/subject/1308355/
方言片,1394470,生化寿尸,1998,6.7,9418,喜剧 / 恐怖,1990s,粤语,粤语,粤语,粤语（广府片/白话）,Tier 1,≈100%（推断）,纯方言/少数民族语言标签，无普通话标签（对应'全部对白为方言'的狭义纯方言片）,https://movie.douban.com/subject/1394470/
方言片,1483880,生死恋,1998,6.8,274,剧情 / 爱情 / 奇幻,1990s,粤语,粤语,粤语,粤语（广府片/白话）,Tier 1,≈100%（推断）,纯方言/少数民族语言标签，无普通话标签（对应'全部对白为方言'的狭义纯方言片）,https://movie.douban.com/subject/1483880/
方言片,1304806,男人胸女人Home,1998,4.6,1119,惊悚,1990s,粤语,粤语,粤语,粤语（广府片/白话）,Tier 1,≈100%（推断）,纯方言/少数民族语言标签，无普通话标签（对应'全部对白为方言'的狭义纯方言片）,https://movie.douban.com/subject/1304806/
方言片,1293202,真心英雄,1998,7.8,17930,剧情 / 犯罪 / 动作,1990s,粤语,粤语,粤语,粤语（广府片/白话）,Tier 1,≈100%（推断）,纯方言/少数民族语言标签，无普通话标签（对应'全部对白为方言'的狭义纯方言片）,https://movie.douban.com/subject/1293202/
方言片,1306317,美少年之恋,1998,7.5,88848,剧情 / 爱情 / 同性,1990s,粤语,粤语,粤语,粤语（广府片/白话）,Tier 1,≈100%（推断）,纯方言/少数民族语言标签，无普通话标签（对应'全部对白为方言'的狭义纯方言片）,https://movie.douban.com/subject/1306317/
方言片,3221643,职业大贼,1998,5.3,273,动作 / 犯罪,1990s,粤语,粤语,粤语,粤语（广府片/白话）,Tier 1,≈100%（推断）,纯方言/少数民族语言标签，无普通话标签（对应'全部对白为方言'的狭义纯方言片）,https://movie.douban.com/subject/3221643/
方言片,1299550,行运一条龙,1998,6.9,53830,喜剧 / 剧情 / 爱情,1990s,粤语,粤语,粤语,粤语（广府片/白话）,Tier 1,≈100%（推断）,纯方言/少数民族语言标签，无普通话标签（对应'全部对白为方言'的狭义纯方言片）,https://movie.douban.com/subject/1299550/
方言片,1304446,豹妹,1998,4.8,605,动作 / 爱情,1990s,粤语,粤语,粤语,粤语（广府片/白话）,Tier 1,≈100%（推断）,纯方言/少数民族语言标签，无普通话标签（对应'全部对白为方言'的狭义纯方言片）,https://movie.douban.com/subject/1304446/
方言片,1300070,赌侠1999,1998,6.8,34351,喜剧,1990s,粤语,粤语,粤语,粤语（广府片/白话）,Tier 1,≈100%（推断）,纯方言/少数民族语言标签，无普通话标签（对应'全部对白为方言'的狭义纯方言片）,https://movie.douban.com/subject/1300070/
方言片,1297148,超时空要爱,1998,7.0,17188,犯罪 / 喜剧 / 动作,1990s,粤语,粤语,粤语,粤语（广府片/白话）,Tier 1,≈100%（推断）,纯方言/少数民族语言标签，无普通话标签（对应'全部对白为方言'的狭义纯方言片）,https://movie.douban.com/subject/1297148/
方言片,1296924,超级整蛊霸王,1998,5.6,2786,喜剧,1990s,粤语,粤语,粤语,粤语（广府片/白话）,Tier 1,≈100%（推断）,纯方言/少数民族语言标签，无普通话标签（对应'全部对白为方言'的狭义纯方言片）,https://movie.douban.com/subject/1296924/
方言片,1308114,越堕落越英雄,1998,7.1,2707,剧情 / 动作 / 犯罪,1990s,粤语,粤语,粤语,粤语（广府片/白话）,Tier 1,≈100%（推断）,纯方言/少数民族语言标签，无普通话标签（对应'全部对白为方言'的狭义纯方言片）,https://movie.douban.com/subject/1308114/
方言片,1308246,追凶二十年,1998,6.7,4990,恐怖 / 惊悚,1990s,粤语,粤语,粤语,粤语（广府片/白话）,Tier 1,≈100%（推断）,纯方言/少数民族语言标签，无普通话标签（对应'全部对白为方言'的狭义纯方言片）,https://movie.douban.com/subject/1308246/
方言片,1448701,邪教档案之末日风暴,1998,5.3,1085,犯罪 / 悬疑 / 惊悚,1990s,粤语,粤语,粤语,粤语（广府片/白话）,Tier 1,≈100%（推断）,纯方言/少数民族语言标签，无普通话标签（对应'全部对白为方言'的狭义纯方言片）,https://movie.douban.com/subject/1448701/
方言片,1297683,野兽刑警,1998,7.6,14951,动作 / 犯罪 / 剧情,1990s,粤语,粤语,粤语,粤语（广府片/白话）,Tier 1,≈100%（推断）,纯方言/少数民族语言标签，无普通话标签（对应'全部对白为方言'的狭义纯方言片）,https://movie.douban.com/subject/1297683/
方言片,24532094,野性任务,1998,3.9,101,剧情 / 动作,1990s,粤语,粤语,粤语,粤语（广府片/白话）,Tier 1,≈100%（推断）,纯方言/少数民族语言标签，无普通话标签（对应'全部对白为方言'的狭义纯方言片）,https://movie.douban.com/subject/24532094/
方言片,1302495,阴阳路3：升棺发财,1998,6.6,8838,喜剧 / 恐怖,1990s,粤语,粤语,粤语,粤语（广府片/白话）,Tier 1,≈100%（推断）,纯方言/少数民族语言标签，无普通话标签（对应'全部对白为方言'的狭义纯方言片）,https://movie.douban.com/subject/1302495/
方言片,3263233,青春援助交际,1998,5.2,293,剧情,1990s,粤语,粤语,粤语,粤语（广府片/白话）,Tier 1,≈100%（推断）,纯方言/少数民族语言标签，无普通话标签（对应'全部对白为方言'的狭义纯方言片）,https://movie.douban.com/subject/3263233/
方言片,1299782,非常突然,1998,8.0,30866,犯罪 / 剧情,1990s,粤语,粤语,粤语,粤语（广府片/白话）,Tier 1,≈100%（推断）,纯方言/少数民族语言标签，无普通话标签（对应'全部对白为方言'的狭义纯方言片）,https://movie.douban.com/subject/1299782/
方言片,2244265,非常警察,1998,5.5,394,动作,1990s,粤语,粤语,粤语,粤语（广府片/白话）,Tier 1,≈100%（推断）,纯方言/少数民族语言标签，无普通话标签（对应'全部对白为方言'的狭义纯方言片）,https://movie.douban.com/subject/2244265/
方言片,1479903,面青青有排惊,1998,4.9,272,恐怖,1990s,粤语,粤语,粤语,粤语（广府片/白话）,Tier 1,≈100%（推断）,纯方言/少数民族语言标签，无普通话标签（对应'全部对白为方言'的狭义纯方言片）,https://movie.douban.com/subject/1479903/
方言片,1295469,风云雄霸天下,1998,7.0,69392,剧情 / 动作 / 奇幻,1990s,粤语,粤语,粤语,粤语（广府片/白话）,Tier 1,≈100%（推断）,纯方言/少数民族语言标签，无普通话标签（对应'全部对白为方言'的狭义纯方言片）,https://movie.douban.com/subject/1295469/
方言片,3348715,风流3壮士,1998,5.0,319,喜剧,1990s,粤语 / 英语,粤语 / 英语,粤语,粤语（广府片/白话）,Tier 1,≈100%（推断）,纯方言/少数民族语言标签，无普通话标签（对应'全部对白为方言'的狭义纯方言片）,https://movie.douban.com/subject/3348715/
方言片,1304023,香港第一凶宅,1998,5.3,2945,剧情 / 恐怖,1990s,粤语,粤语,粤语,粤语（广府片/白话）,Tier 1,≈100%（推断）,纯方言/少数民族语言标签，无普通话标签（对应'全部对白为方言'的狭义纯方言片）,https://movie.douban.com/subject/1304023/
方言片,1303769,龙在江湖,1998,7.1,18617,动作 / 犯罪 / 剧情,1990s,粤语,粤语,粤语,粤语（广府片/白话）,Tier 1,≈100%（推断）,纯方言/少数民族语言标签，无普通话标签（对应'全部对白为方言'的狭义纯方言片）,https://movie.douban.com/subject/1303769/
方言片,1294713,O记三合会档案,1999,7.2,20582,动作 / 犯罪,1990s,粤语,粤语,粤语,粤语（广府片/白话）,Tier 1,≈100%（推断）,纯方言/少数民族语言标签，无普通话标签（对应'全部对白为方言'的狭义纯方言片）,https://movie.douban.com/subject/1294713/
方言片,1301351,七月又十四之信不信由你,1999,5.8,2201,恐怖 / 惊悚,1990s,粤语,粤语,粤语,粤语（广府片/白话）,Tier 1,≈100%（推断）,纯方言/少数民族语言标签，无普通话标签（对应'全部对白为方言'的狭义纯方言片）,https://movie.douban.com/subject/1301351/
方言片,2303056,三五成群,1999,7.2,1992,犯罪 / 惊悚,1990s,粤语,粤语,粤语,粤语（广府片/白话）,Tier 1,≈100%（推断）,纯方言/少数民族语言标签，无普通话标签（对应'全部对白为方言'的狭义纯方言片）,https://movie.douban.com/subject/2303056/
方言片,1308295,再见阿郎,1999,7.8,9844,动作 / 剧情 / 惊悚,1990s,粤语,粤语,粤语,粤语（广府片/白话）,Tier 1,≈100%（推断）,纯方言/少数民族语言标签，无普通话标签（对应'全部对白为方言'的狭义纯方言片）,https://movie.douban.com/subject/1308295/
方言片,2051166,医神,1999,5.5,385,喜剧,1990s,粤语,粤语,粤语,粤语（广府片/白话）,Tier 1,≈100%（推断）,纯方言/少数民族语言标签，无普通话标签（对应'全部对白为方言'的狭义纯方言片）,https://movie.douban.com/subject/2051166/
方言片,1304469,半支烟,1999,7.3,23500,剧情 / 爱情,1990s,粤语,粤语,粤语,粤语（广府片/白话）,Tier 1,≈100%（推断）,纯方言/少数民族语言标签，无普通话标签（对应'全部对白为方言'的狭义纯方言片）,https://movie.douban.com/subject/1304469/
方言片,1916290,反骨仔,1999,4.7,245,惊悚,1990s,粤语,粤语,粤语,粤语（广府片/白话）,Tier 1,≈100%（推断）,纯方言/少数民族语言标签，无普通话标签（对应'全部对白为方言'的狭义纯方言片）,https://movie.douban.com/subject/1916290/
方言片,1300183,古惑仔激情篇之洪兴大飞哥,1999,6.4,13821,剧情,1990s,粤语,粤语,粤语,粤语（广府片/白话）,Tier 1,≈100%（推断）,纯方言/少数民族语言标签，无普通话标签（对应'全部对白为方言'的狭义纯方言片）,https://movie.douban.com/subject/1300183/
方言片,2364091,古惑女2,1999,4.8,255,剧情 / 动作 / 犯罪,1990s,粤语,粤语,粤语,粤语（广府片/白话）,Tier 1,≈100%（推断）,纯方言/少数民族语言标签，无普通话标签（对应'全部对白为方言'的狭义纯方言片）,https://movie.douban.com/subject/2364091/
方言片,1305438,周末狂热,1999,5.8,414,剧情 / 悬疑 / 情色,1990s,粤语,粤语,粤语,粤语（广府片/白话）,Tier 1,≈100%（推断）,纯方言/少数民族语言标签，无普通话标签（对应'全部对白为方言'的狭义纯方言片）,https://movie.douban.com/subject/1305438/
方言片,900115,喜剧之王,1999,8.6,834494,喜剧 / 剧情 / 爱情,1990s,粤语,粤语,粤语,粤语（广府片/白话）,Tier 1,≈100%（推断）,纯方言/少数民族语言标签，无普通话标签（对应'全部对白为方言'的狭义纯方言片）,https://movie.douban.com/subject/1302425/
方言片,1294879,四人帮之钱不够洗,1999,6.2,298,恐怖,1990s,粤语,粤语,粤语,粤语（广府片/白话）,Tier 1,≈100%（推断）,纯方言/少数民族语言标签，无普通话标签（对应'全部对白为方言'的狭义纯方言片）,https://movie.douban.com/subject/1294879/
方言片,3254242,夜叉,1999,6.3,4176,剧情 / 动作 / 犯罪,1990s,粤语,粤语,粤语,粤语（广府片/白话）,Tier 1,≈100%（推断）,纯方言/少数民族语言标签，无普通话标签（对应'全部对白为方言'的狭义纯方言片）,https://movie.douban.com/subject/3254242/
方言片,5229777,天使之城,1999,7.8,181,剧情,1990s,粤语,粤语,粤语,粤语（广府片/白话）,Tier 1,≈100%（推断）,纯方言/少数民族语言标签，无普通话标签（对应'全部对白为方言'的狭义纯方言片）,https://movie.douban.com/subject/5229777/
方言片,1302655,天旋地恋,1999,6.2,1739,爱情,1990s,粤语,粤语,粤语,粤语（广府片/白话）,Tier 1,≈100%（推断）,纯方言/少数民族语言标签，无普通话标签（对应'全部对白为方言'的狭义纯方言片）,https://movie.douban.com/subject/1302655/
方言片,1476676,失业皇帝,1999,6.1,2630,喜剧 / 爱情,1990s,粤语,粤语,粤语,粤语（广府片/白话）,Tier 1,≈100%（推断）,纯方言/少数民族语言标签，无普通话标签（对应'全部对白为方言'的狭义纯方言片）,https://movie.douban.com/subject/1476676/
方言片,1298934,娱乐之王,1999,5.5,1396,喜剧,1990s,粤语,粤语,粤语,粤语（广府片/白话）,Tier 1,≈100%（推断）,纯方言/少数民族语言标签，无普通话标签（对应'全部对白为方言'的狭义纯方言片）,https://movie.douban.com/subject/1298934/
方言片,3152363,尸气逼人,1999,4.9,638,恐怖,1990s,粤语,粤语,粤语,粤语（广府片/白话）,Tier 1,≈100%（推断）,纯方言/少数民族语言标签，无普通话标签（对应'全部对白为方言'的狭义纯方言片）,https://movie.douban.com/subject/3152363/
方言片,1305114,山村老尸,1999,6.9,78112,恐怖,1990s,粤语,粤语,粤语,粤语（广府片/白话）,Tier 1,≈100%（推断）,纯方言/少数民族语言标签，无普通话标签（对应'全部对白为方言'的狭义纯方言片）,https://movie.douban.com/subject/1305114/
方言片,1307804,山狗1999,1999,4.6,565,恐怖,1990s,粤语,粤语,粤语,粤语（广府片/白话）,Tier 1,≈100%（推断）,纯方言/少数民族语言标签，无普通话标签（对应'全部对白为方言'的狭义纯方言片）,https://movie.douban.com/subject/1307804/
方言片,3732861,左右情缘,1999,8.3,7708,剧情 / 爱情 / 音乐,1990s,粤语,粤语,粤语,粤语（广府片/白话）,Tier 1,≈100%（推断）,纯方言/少数民族语言标签，无普通话标签（对应'全部对白为方言'的狭义纯方言片）,https://movie.douban.com/subject/3732861/
方言片,1292289,心动,1999,8.2,79906,爱情,1990s,粤语 / 日语,粤语 / 日语,粤语,粤语（广府片/白话）,Tier 1,≈100%（推断）,纯方言/少数民族语言标签，无普通话标签（对应'全部对白为方言'的狭义纯方言片）,https://movie.douban.com/subject/1292289/
方言片,1401515,心猿意马,1999,7.3,1184,剧情,1990s,粤语,粤语,粤语,粤语（广府片/白话）,Tier 1,≈100%（推断）,纯方言/少数民族语言标签，无普通话标签（对应'全部对白为方言'的狭义纯方言片）,https://movie.douban.com/subject/1401515/
方言片,1401611,恶女列传,1999,7.0,189,剧情,1990s,闽南语,闽南语,闽南语,闽南语（闽台片）,Tier 1,≈100%（推断）,纯方言/少数民族语言标签，无普通话标签（对应'全部对白为方言'的狭义纯方言片）,https://movie.douban.com/subject/1401611/
方言片,1299843,我爱777,1999,6.1,1423,动作 / 喜剧 / 爱情,1990s,粤语,粤语,粤语,粤语（广府片/白话）,Tier 1,≈100%（推断）,纯方言/少数民族语言标签，无普通话标签（对应'全部对白为方言'的狭义纯方言片）,https://movie.douban.com/subject/1299843/
方言片,2084048,新家法,1999,6.5,7805,犯罪,1990s,粤语,粤语,粤语,粤语（广府片/白话）,Tier 1,≈100%（推断）,纯方言/少数民族语言标签，无普通话标签（对应'全部对白为方言'的狭义纯方言片）,https://movie.douban.com/subject/2084048/
方言片,1294927,星愿,1999,7.2,94822,剧情 / 奇幻 / 爱情,1990s,粤语,粤语,粤语,粤语（广府片/白话）,Tier 1,≈100%（推断）,纯方言/少数民族语言标签，无普通话标签（对应'全部对白为方言'的狭义纯方言片）,https://movie.douban.com/subject/1294927/
方言片,2330134,暑期作业,1999,7.3,3338,短片,1990s,粤语,粤语,粤语,粤语（广府片/白话）,Tier 1,≈100%（推断）,纯方言/少数民族语言标签，无普通话标签（对应'全部对白为方言'的狭义纯方言片）,https://movie.douban.com/subject/2330134/
方言片,1298898,暗战,1999,8.5,211054,动作 / 剧情 / 犯罪,1990s,粤语 / 英语,粤语 / 英语,粤语,粤语（广府片/白话）,Tier 1,≈100%（推断）,纯方言/少数民族语言标签，无普通话标签（对应'全部对白为方言'的狭义纯方言片）,https://movie.douban.com/subject/1298898/
方言片,900242,枪火,1999,8.6,184157,剧情 / 动作 / 犯罪,1990s,粤语,粤语,粤语,粤语（广府片/白话）,Tier 1,≈100%（推断）,纯方言/少数民族语言标签，无普通话标签（对应'全部对白为方言'的狭义纯方言片）,https://movie.douban.com/subject/1300741/
方言片,1294038,流星语,1999,8.6,13358,喜剧 / 剧情,1990s,粤语,粤语,粤语,粤语（广府片/白话）,Tier 1,≈100%（推断）,纯方言/少数民族语言标签，无普通话标签（对应'全部对白为方言'的狭义纯方言片）,https://movie.douban.com/subject/1294038/
方言片,1300317,烈火战车2：极速传说,1999,6.6,7326,动作 / 惊悚,1990s,粤语,粤语,粤语,粤语（广府片/白话）,Tier 1,≈100%（推断）,纯方言/少数民族语言标签，无普通话标签（对应'全部对白为方言'的狭义纯方言片）,https://movie.douban.com/subject/1300317/
方言片,3778496,爱滋初体验,1999,5.7,251,剧情,1990s,粤语,粤语,粤语,粤语（广府片/白话）,Tier 1,≈100%（推断）,纯方言/少数民族语言标签，无普通话标签（对应'全部对白为方言'的狭义纯方言片）,https://movie.douban.com/subject/3778496/
方言片,1299048,特警新人类,1999,6.4,28657,动作 / 惊悚 / 喜剧,1990s,粤语,粤语,粤语,粤语（广府片/白话）,Tier 1,≈100%（推断）,纯方言/少数民族语言标签，无普通话标签（对应'全部对白为方言'的狭义纯方言片）,https://movie.douban.com/subject/1299048/
方言片,1465819,甜言蜜语,1999,8.1,9779,爱情,1990s,粤语,粤语,粤语,粤语（广府片/白话）,Tier 1,≈100%（推断）,纯方言/少数民族语言标签，无普通话标签（对应'全部对白为方言'的狭义纯方言片）,https://movie.douban.com/subject/1465819/
方言片,1479934,生人勿近之问米,1999,5.8,2291,恐怖,1990s,粤语,粤语,粤语,粤语（广府片/白话）,Tier 1,≈100%（推断）,纯方言/少数民族语言标签，无普通话标签（对应'全部对白为方言'的狭义纯方言片）,https://movie.douban.com/subject/1479934/
方言片,1296164,生命揸fit人,1999,7.5,262,剧情,1990s,粤语,粤语,粤语,粤语（广府片/白话）,Tier 1,≈100%（推断）,纯方言/少数民族语言标签，无普通话标签（对应'全部对白为方言'的狭义纯方言片）,https://movie.douban.com/subject/1296164/
方言片,1306788,电影鸭,1999,6.3,1866,喜剧,1990s,粤语,粤语,粤语,粤语（广府片/白话）,Tier 1,≈100%（推断）,纯方言/少数民族语言标签，无普通话标签（对应'全部对白为方言'的狭义纯方言片）,https://movie.douban.com/subject/1306788/
方言片,1305843,目露凶光,1999,7.1,9715,恐怖 / 惊悚,1990s,粤语,粤语,粤语,粤语（广府片/白话）,Tier 1,≈100%（推断）,纯方言/少数民族语言标签，无普通话标签（对应'全部对白为方言'的狭义纯方言片）,https://movie.douban.com/subject/1305843/
方言片,1300451,笨小孩,1999,7.6,2759,剧情 / 爱情 / 家庭,1990s,粤语,粤语,粤语,粤语（广府片/白话）,Tier 1,≈100%（推断）,纯方言/少数民族语言标签，无普通话标签（对应'全部对白为方言'的狭义纯方言片）,https://movie.douban.com/subject/1300451/
方言片,1304758,细路祥,1999,8.5,14399,剧情,1990s,粤语,粤语,粤语,粤语（广府片/白话）,Tier 1,≈100%（推断）,纯方言/少数民族语言标签，无普通话标签（对应'全部对白为方言'的狭义纯方言片）,https://movie.douban.com/subject/1304758/
方言片,3993594,轰天绑架大富豪,1999,6.3,1097,剧情 / 悬疑,1990s,粤语,粤语,粤语,粤语（广府片/白话）,Tier 1,≈100%（推断）,纯方言/少数民族语言标签，无普通话标签（对应'全部对白为方言'的狭义纯方言片）,https://movie.douban.com/subject/3993594/
方言片,1307364,逆我者死,1999,6.4,544,犯罪 / 惊悚,1990s,粤语,粤语,粤语,粤语（广府片/白话）,Tier 1,≈100%（推断）,纯方言/少数民族语言标签，无普通话标签（对应'全部对白为方言'的狭义纯方言片）,https://movie.douban.com/subject/1307364/
方言片,2256085,金枝玉叶之睡在下流社会的日子,1999,4.0,147,剧情,1990s,粤语,粤语,粤语,粤语（广府片/白话）,Tier 1,≈100%（推断）,纯方言/少数民族语言标签，无普通话标签（对应'全部对白为方言'的狭义纯方言片）,https://movie.douban.com/subject/2256085/
方言片,1299150,阳光警察,1999,6.5,3181,动作 / 犯罪 / 剧情,1990s,粤语,粤语,粤语,粤语（广府片/白话）,Tier 1,≈100%（推断）,纯方言/少数民族语言标签，无普通话标签（对应'全部对白为方言'的狭义纯方言片）,https://movie.douban.com/subject/1299150/
方言片,1297538,阴阳路5：一见发财,1999,6.5,7042,恐怖,1990s,粤语,粤语,粤语,粤语（广府片/白话）,Tier 1,≈100%（推断）,纯方言/少数民族语言标签，无普通话标签（对应'全部对白为方言'的狭义纯方言片）,https://movie.douban.com/subject/1297538/
方言片,2003848,鬼片王之再现凶榜,1999,5.2,801,恐怖,1990s,粤语,粤语,粤语,粤语（广府片/白话）,Tier 1,≈100%（推断）,纯方言/少数民族语言标签，无普通话标签（对应'全部对白为方言'的狭义纯方言片）,https://movie.douban.com/subject/2003848/
方言片,1307534,鬼请你睇戏,1999,5.3,1066,恐怖 / 惊悚,1990s,粤语,粤语,粤语,粤语（广府片/白话）,Tier 1,≈100%（推断）,纯方言/少数民族语言标签，无普通话标签（对应'全部对白为方言'的狭义纯方言片）,https://movie.douban.com/subject/1307534/
方言片,1479974,魔鬼教师,1999,5.2,207,恐怖,1990s,粤语,粤语,粤语,粤语（广府片/白话）,Tier 1,≈100%（推断）,纯方言/少数民族语言标签，无普通话标签（对应'全部对白为方言'的狭义纯方言片）,https://movie.douban.com/subject/1479974/
方言片,4217240,麻将棒棒手,1999,7.7,125,nan,1990s,四川话,四川话,四川话,西南官话（川渝滇黔片）,Tier 1,≈100%（推断）,纯方言/少数民族语言标签，无普通话标签（对应'全部对白为方言'的狭义纯方言片）,https://movie.douban.com/subject/4217240/
方言片,1303256,黑道风云之收数王,1999,6.2,1233,动作,1990s,粤语,粤语,粤语,粤语（广府片/白话）,Tier 1,≈100%（推断）,纯方言/少数民族语言标签，无普通话标签（对应'全部对白为方言'的狭义纯方言片）,https://movie.douban.com/subject/1303256/
方言片,1305594,黑马王子,1999,6.2,11027,剧情 / 爱情,1990s,粤语,粤语,粤语,粤语（广府片/白话）,Tier 1,≈100%（推断）,纯方言/少数民族语言标签，无普通话标签（对应'全部对白为方言'的狭义纯方言片）,https://movie.douban.com/subject/1305594/
方言片,1303983,龙在边缘,1999,7.2,17339,惊悚,1990s,粤语,粤语,粤语,粤语（广府片/白话）,Tier 1,≈100%（推断）,纯方言/少数民族语言标签，无普通话标签（对应'全部对白为方言'的狭义纯方言片）,https://movie.douban.com/subject/1303983/
方言片,1302109,12夜,2000,8.2,89916,剧情 / 爱情,2000s,粤语,粤语,粤语,粤语（广府片/白话）,Tier 1,≈100%（推断）,纯方言/少数民族语言标签，无普通话标签（对应'全部对白为方言'的狭义纯方言片）,https://movie.douban.com/subject/1302109/
方言片,1307144,一见钟情,2000,7.4,11074,爱情,2000s,粤语 / 英语,粤语 / 英语,粤语,粤语（广府片/白话）,Tier 1,≈100%（推断）,纯方言/少数民族语言标签，无普通话标签（对应'全部对白为方言'的狭义纯方言片）,https://movie.douban.com/subject/1307144/
方言片,1307043,东京攻略,2000,6.4,63180,动作 / 喜剧 / 剧情,2000s,粤语 / 日语 / 英语,粤语 / 日语 / 英语,粤语,粤语（广府片/白话）,Tier 1,≈100%（推断）,纯方言/少数民族语言标签，无普通话标签（对应'全部对白为方言'的狭义纯方言片）,https://movie.douban.com/subject/1307043/
方言片,1300381,中华赌侠,2000,6.3,9200,动作 / 喜剧,2000s,粤语,粤语,粤语,粤语（广府片/白话）,Tier 1,≈100%（推断）,纯方言/少数民族语言标签，无普通话标签（对应'全部对白为方言'的狭义纯方言片）,https://movie.douban.com/subject/1300381/
方言片,1985220,九龙皇后,2000,7.7,1158,剧情,2000s,粤语,粤语,粤语,粤语（广府片/白话）,Tier 1,≈100%（推断）,纯方言/少数民族语言标签，无普通话标签（对应'全部对白为方言'的狭义纯方言片）,https://movie.douban.com/subject/1985220/
方言片,1308254,侠骨仁心,2000,6.8,4619,剧情 / 爱情,2000s,粤语,粤语,粤语,粤语（广府片/白话）,Tier 1,≈100%（推断）,纯方言/少数民族语言标签，无普通话标签（对应'全部对白为方言'的狭义纯方言片）,https://movie.douban.com/subject/1308254/
方言片,2363043,偷吻,2000,6.3,1191,喜剧 / 爱情,2000s,粤语,粤语,粤语,粤语（广府片/白话）,Tier 1,≈100%（推断）,纯方言/少数民族语言标签，无普通话标签（对应'全部对白为方言'的狭义纯方言片）,https://movie.douban.com/subject/2363043/
方言片,1306988,刀手,2000,6.1,2032,剧情 / 犯罪,2000s,粤语,粤语,粤语,粤语（广府片/白话）,Tier 1,≈100%（推断）,纯方言/少数民族语言标签，无普通话标签（对应'全部对白为方言'的狭义纯方言片）,https://movie.douban.com/subject/1306988/
方言片,2129898,刑杀之法,2000,5.7,295,犯罪,2000s,粤语,粤语,粤语,粤语（广府片/白话）,Tier 1,≈100%（推断）,纯方言/少数民族语言标签，无普通话标签（对应'全部对白为方言'的狭义纯方言片）,https://movie.douban.com/subject/2129898/
方言片,4233871,创业玩家,2000,6.7,354,喜剧,2000s,粤语,粤语,粤语,粤语（广府片/白话）,Tier 1,≈100%（推断）,纯方言/少数民族语言标签，无普通话标签（对应'全部对白为方言'的狭义纯方言片）,https://movie.douban.com/subject/4233871/
方言片,1307066,制服诱惑2：地下法庭,2000,5.1,1431,动作 / 剧情 / 恐怖,2000s,粤语,粤语,粤语,粤语（广府片/白话）,Tier 1,≈100%（推断）,纯方言/少数民族语言标签，无普通话标签（对应'全部对白为方言'的狭义纯方言片）,https://movie.douban.com/subject/1307066/
方言片,1306098,友情岁月山鸡故事,2000,7.4,22608,犯罪 / 爱情,2000s,粤语,粤语,粤语,粤语（广府片/白话）,Tier 1,≈100%（推断）,纯方言/少数民族语言标签，无普通话标签（对应'全部对白为方言'的狭义纯方言片）,https://movie.douban.com/subject/1306098/
方言片,1890986,发光石头,2000,6.7,124,剧情,2000s,粤语,粤语,粤语,粤语（广府片/白话）,Tier 1,≈100%（推断）,纯方言/少数民族语言标签，无普通话标签（对应'全部对白为方言'的狭义纯方言片）,https://movie.douban.com/subject/1890986/
方言片,1302385,唔该借歪,2000,6.3,1076,剧情 / 喜剧 / 恐怖,2000s,粤语,粤语,粤语,粤语（广府片/白话）,Tier 1,≈100%（推断）,纯方言/少数民族语言标签，无普通话标签（对应'全部对白为方言'的狭义纯方言片）,https://movie.douban.com/subject/1302385/
方言片,1302379,坏小子特攻,2000,6.0,7028,动作 / 喜剧 / 剧情,2000s,粤语,粤语,粤语,粤语（广府片/白话）,Tier 1,≈100%（推断）,纯方言/少数民族语言标签，无普通话标签（对应'全部对白为方言'的狭义纯方言片）,https://movie.douban.com/subject/1302379/
方言片,3339169,夕阳古惑仔,2000,4.6,132,剧情,2000s,粤语,粤语,粤语,粤语（广府片/白话）,Tier 1,≈100%（推断）,纯方言/少数民族语言标签，无普通话标签（对应'全部对白为方言'的狭义纯方言片）,https://movie.douban.com/subject/3339169/
方言片,1428535,大贏家,2000,5.6,3605,喜剧,2000s,粤语,粤语,粤语,粤语（广府片/白话）,Tier 1,≈100%（推断）,纯方言/少数民族语言标签，无普通话标签（对应'全部对白为方言'的狭义纯方言片）,https://movie.douban.com/subject/1428535/
方言片,1295515,天有眼,2000,6.8,1246,剧情 / 犯罪,2000s,粤语,粤语,粤语,粤语（广府片/白话）,Tier 1,≈100%（推断）,纯方言/少数民族语言标签，无普通话标签（对应'全部对白为方言'的狭义纯方言片）,https://movie.douban.com/subject/1295515/
方言片,1298114,小亲亲,2000,6.9,10517,喜剧 / 爱情,2000s,粤语,粤语,粤语,粤语（广府片/白话）,Tier 1,≈100%（推断）,纯方言/少数民族语言标签，无普通话标签（对应'全部对白为方言'的狭义纯方言片）,https://movie.douban.com/subject/1298114/
方言片,1920968,小李飞刀之飞刀外传,2000,4.1,426,武侠,2000s,粤语,粤语,粤语,粤语（广府片/白话）,Tier 1,≈100%（推断）,纯方言/少数民族语言标签，无普通话标签（对应'全部对白为方言'的狭义纯方言片）,https://movie.douban.com/subject/1920968/
方言片,1301928,山村老尸2：色之恶鬼,2000,5.7,9225,恐怖,2000s,粤语,粤语,粤语,粤语（广府片/白话）,Tier 1,≈100%（推断）,纯方言/少数民族语言标签，无普通话标签（对应'全部对白为方言'的狭义纯方言片）,https://movie.douban.com/subject/1301928/
方言片,1306799,恋战冲绳,2000,7.3,38229,剧情 / 爱情,2000s,粤语 / 日语,粤语 / 日语,粤语,粤语（广府片/白话）,Tier 1,≈100%（推断）,纯方言/少数民族语言标签，无普通话标签（对应'全部对白为方言'的狭义纯方言片）,https://movie.douban.com/subject/1306799/
方言片,1308374,情陷百乐门,2000,6.6,459,剧情 / 悬疑 / 犯罪,2000s,粤语,粤语,粤语,粤语（广府片/白话）,Tier 1,≈100%（推断）,纯方言/少数民族语言标签，无普通话标签（对应'全部对白为方言'的狭义纯方言片）,https://movie.douban.com/subject/1308374/
方言片,1479978,手机凶灵,2000,4.1,136,喜剧 / 恐怖,2000s,粤语,粤语,粤语,粤语（广府片/白话）,Tier 1,≈100%（推断）,纯方言/少数民族语言标签，无普通话标签（对应'全部对白为方言'的狭义纯方言片）,https://movie.douban.com/subject/1479978/
方言片,1302458,救姜刑警,2000,7.4,2728,喜剧 / 犯罪,2000s,粤语,粤语,粤语,粤语（广府片/白话）,Tier 1,≈100%（推断）,纯方言/少数民族语言标签，无普通话标签（对应'全部对白为方言'的狭义纯方言片）,https://movie.douban.com/subject/1302458/
方言片,2239925,新赌国仇城,2000,4.6,203,动作 / 犯罪,2000s,粤语,粤语,粤语,粤语（广府片/白话）,Tier 1,≈100%（推断）,纯方言/少数民族语言标签，无普通话标签（对应'全部对白为方言'的狭义纯方言片）,https://movie.douban.com/subject/2239925/
方言片,1303924,无人驾驶,2000,6.5,1212,剧情,2000s,粤语,粤语,粤语,粤语（广府片/白话）,Tier 1,≈100%（推断）,纯方言/少数民族语言标签，无普通话标签（对应'全部对白为方言'的狭义纯方言片）,https://movie.douban.com/subject/1303924/
方言片,2052368,暴力刑警,2000,5.7,217,动作 / 犯罪 / 惊悚,2000s,粤语 / 英语,粤语 / 英语,粤语,粤语（广府片/白话）,Tier 1,≈100%（推断）,纯方言/少数民族语言标签，无普通话标签（对应'全部对白为方言'的狭义纯方言片）,https://movie.douban.com/subject/2052368/
方言片,1304304,朱丽叶与梁山伯,2000,8.2,23321,剧情 / 爱情,2000s,粤语,粤语,粤语,粤语（广府片/白话）,Tier 1,≈100%（推断）,纯方言/少数民族语言标签，无普通话标签（对应'全部对白为方言'的狭义纯方言片）,https://movie.douban.com/subject/1304304/
方言片,26317240,杀人渡假屋,2000,4.8,117,悬疑 / 恐怖,2000s,粤语,粤语,粤语,粤语（广府片/白话）,Tier 1,≈100%（推断）,纯方言/少数民族语言标签，无普通话标签（对应'全部对白为方言'的狭义纯方言片）,https://movie.douban.com/subject/26317240/
方言片,1306692,枪王,2000,8.2,67724,动作 / 犯罪,2000s,粤语,粤语,粤语,粤语（广府片/白话）,Tier 1,≈100%（推断）,纯方言/少数民族语言标签，无普通话标签（对应'全部对白为方言'的狭义纯方言片）,https://movie.douban.com/subject/1306692/
方言片,1949648,欲望号列车,2000,5.1,162,剧情 / 惊悚,2000s,粤语,粤语,粤语,粤语（广府片/白话）,Tier 1,≈100%（推断）,纯方言/少数民族语言标签，无普通话标签（对应'全部对白为方言'的狭义纯方言片）,https://movie.douban.com/subject/1949648/
方言片,2881938,死亡网络,2000,5.3,133,犯罪 / 惊悚,2000s,粤语,粤语,粤语,粤语（广府片/白话）,Tier 1,≈100%（推断）,纯方言/少数民族语言标签，无普通话标签（对应'全部对白为方言'的狭义纯方言片）,https://movie.douban.com/subject/2881938/
方言片,1907865,没有你 没有我,2000,6.9,478,爱情,2000s,粤语,粤语,粤语,粤语（广府片/白话）,Tier 1,≈100%（推断）,纯方言/少数民族语言标签，无普通话标签（对应'全部对白为方言'的狭义纯方言片）,https://movie.douban.com/subject/1907865/
方言片,1308417,流氓师表,2000,5.8,622,喜剧,2000s,粤语,粤语,粤语,粤语（广府片/白话）,Tier 1,≈100%（推断）,纯方言/少数民族语言标签，无普通话标签（对应'全部对白为方言'的狭义纯方言片）,https://movie.douban.com/subject/1308417/
方言片,1476669,炭烧凶咒,2000,6.0,3161,恐怖,2000s,粤语,粤语,粤语,粤语（广府片/白话）,Tier 1,≈100%（推断）,纯方言/少数民族语言标签，无普通话标签（对应'全部对白为方言'的狭义纯方言片）,https://movie.douban.com/subject/1476669/
方言片,1926480,爱情敏感地带,2000,5.2,201,喜剧 / 爱情,2000s,粤语,粤语,粤语,粤语（广府片/白话）,Tier 1,≈100%（推断）,纯方言/少数民族语言标签，无普通话标签（对应'全部对白为方言'的狭义纯方言片）,https://movie.douban.com/subject/1926480/
方言片,1302164,特警新人类2：机动任务,2000,5.9,5342,动作,2000s,粤语,粤语,粤语,粤语（广府片/白话）,Tier 1,≈100%（推断）,纯方言/少数民族语言标签，无普通话标签（对应'全部对白为方言'的狭义纯方言片）,https://movie.douban.com/subject/1302164/
方言片,1298309,生化特警之丧尸任务,2000,5.3,1063,喜剧 / 恐怖,2000s,粤语,粤语,粤语,粤语（广府片/白话）,Tier 1,≈100%（推断）,纯方言/少数民族语言标签，无普通话标签（对应'全部对白为方言'的狭义纯方言片）,https://movie.douban.com/subject/1298309/
方言片,1305455,生死拳速,2000,5.7,1604,动作,2000s,粤语 / 英语,粤语 / 英语,粤语,粤语（广府片/白话）,Tier 1,≈100%（推断）,纯方言/少数民族语言标签，无普通话标签（对应'全部对白为方言'的狭义纯方言片）,https://movie.douban.com/subject/1305455/
方言片,3025355,真爱,2000,7.5,224,爱情,2000s,粤语,粤语,粤语,粤语（广府片/白话）,Tier 1,≈100%（推断）,纯方言/少数民族语言标签，无普通话标签（对应'全部对白为方言'的狭义纯方言片）,https://movie.douban.com/subject/3025355/
方言片,3339182,砵兰街马王,2000,4.6,153,剧情,2000s,粤语,粤语,粤语,粤语（广府片/白话）,Tier 1,≈100%（推断）,纯方言/少数民族语言标签，无普通话标签（对应'全部对白为方言'的狭义纯方言片）,https://movie.douban.com/subject/3339182/
方言片,1298869,神偷次世代,2000,5.8,7702,动作,2000s,粤语,粤语,粤语,粤语（广府片/白话）,Tier 1,≈100%（推断）,纯方言/少数民族语言标签，无普通话标签（对应'全部对白为方言'的狭义纯方言片）,https://movie.douban.com/subject/1298869/
方言片,1762316,缘份有TAKE2,2000,6.6,840,喜剧 / 爱情 / 奇幻,2000s,粤语,粤语,粤语,粤语（广府片/白话）,Tier 1,≈100%（推断）,纯方言/少数民族语言标签，无普通话标签（对应'全部对白为方言'的狭义纯方言片）,https://movie.douban.com/subject/1762316/
方言片,3823871,网上怪谈,2000,5.3,313,悬疑 / 科幻 / 恐怖,2000s,粤语,粤语,粤语,粤语（广府片/白话）,Tier 1,≈100%（推断）,纯方言/少数民族语言标签，无普通话标签（对应'全部对白为方言'的狭义纯方言片）,https://movie.douban.com/subject/3823871/
方言片,1297493,自从他来了,2000,6.4,1035,剧情,2000s,粤语,粤语,粤语,粤语（广府片/白话）,Tier 1,≈100%（推断）,纯方言/少数民族语言标签，无普通话标签（对应'全部对白为方言'的狭义纯方言片）,https://movie.douban.com/subject/1297493/
方言片,900156,花样年华,2000,8.5,508094,剧情 / 爱情,2000s,粤语 / 上海话 / 法语,粤语 / 上海话 / 法语,粤语 / 上海话,粤语（广府片/白话） / 吴语（江浙片）,Tier 1,≈100%（推断）,纯方言/少数民族语言标签，无普通话标签（对应'全部对白为方言'的狭义纯方言片）,https://movie.douban.com/subject/1291557/
方言片,1304842,行规,2000,6.3,1289,犯罪,2000s,粤语,粤语,粤语,粤语（广府片/白话）,Tier 1,≈100%（推断）,纯方言/少数民族语言标签，无普通话标签（对应'全部对白为方言'的狭义纯方言片）,https://movie.douban.com/subject/1304842/
方言片,3053316,街女,2000,5.1,144,动作 / 剧情,2000s,粤语,粤语,粤语,粤语（广府片/白话）,Tier 1,≈100%（推断）,纯方言/少数民族语言标签，无普通话标签（对应'全部对白为方言'的狭义纯方言片）,https://movie.douban.com/subject/3053316/
方言片,1478174,赌圣3：无名小子,2000,6.1,7177,喜剧,2000s,粤语,粤语,粤语,粤语（广府片/白话）,Tier 1,≈100%（推断）,纯方言/少数民族语言标签，无普通话标签（对应'全部对白为方言'的狭义纯方言片）,https://movie.douban.com/subject/1478174/
方言片,1914928,跑马地的月光,2000,6.7,1423,爱情,2000s,粤语,粤语,粤语,粤语（广府片/白话）,Tier 1,≈100%（推断）,纯方言/少数民族语言标签，无普通话标签（对应'全部对白为方言'的狭义纯方言片）,https://movie.douban.com/subject/1914928/
方言片,1307873,辣手回春,2000,6.3,8310,喜剧,2000s,粤语,粤语,粤语,粤语（广府片/白话）,Tier 1,≈100%（推断）,纯方言/少数民族语言标签，无普通话标签（对应'全部对白为方言'的狭义纯方言片）,https://movie.douban.com/subject/1307873/
方言片,1305036,辣椒教室,2000,7.5,2432,喜剧 / 剧情,2000s,粤语,粤语,粤语,粤语（广府片/白话）,Tier 1,≈100%（推断）,纯方言/少数民族语言标签，无普通话标签（对应'全部对白为方言'的狭义纯方言片）,https://movie.douban.com/subject/1305036/
方言片,1479809,阴阳路7：撞到正,2000,5.6,2992,喜剧 / 恐怖,2000s,粤语,粤语,粤语,粤语（广府片/白话）,Tier 1,≈100%（推断）,纯方言/少数民族语言标签，无普通话标签（对应'全部对白为方言'的狭义纯方言片）,https://movie.douban.com/subject/1479809/
方言片,3757311,雇佣兵,2000,5.3,119,动作,2000s,粤语,粤语,粤语,粤语（广府片/白话）,Tier 1,≈100%（推断）,纯方言/少数民族语言标签，无普通话标签（对应'全部对白为方言'的狭义纯方言片）,https://movie.douban.com/subject/3757311/
方言片,1908189,飙车之车神传说,2000,5.8,415,动作,2000s,粤语,粤语,粤语,粤语（广府片/白话）,Tier 1,≈100%（推断）,纯方言/少数民族语言标签，无普通话标签（对应'全部对白为方言'的狭义纯方言片）,https://movie.douban.com/subject/1908189/
方言片,1479960,鬼同你玩,2000,5.5,240,剧情 / 喜剧 / 恐怖,2000s,粤语,粤语,粤语,粤语（广府片/白话）,Tier 1,≈100%（推断）,纯方言/少数民族语言标签，无普通话标签（对应'全部对白为方言'的狭义纯方言片）,https://movie.douban.com/subject/1479960/
方言片,1479958,鬼名模,2000,3.7,740,奇幻 / 恐怖,2000s,粤语,粤语,粤语,粤语（广府片/白话）,Tier 1,≈100%（推断）,纯方言/少数民族语言标签，无普通话标签（对应'全部对白为方言'的狭义纯方言片）,https://movie.douban.com/subject/1479958/
方言片,3797823,黑狱断肠歌2无期徒刑,2000,6.2,2890,犯罪 / 惊悚,2000s,粤语,粤语,粤语,粤语（广府片/白话）,Tier 1,≈100%（推断）,纯方言/少数民族语言标签，无普通话标签（对应'全部对白为方言'的狭义纯方言片）,https://movie.douban.com/subject/3797823/
方言片,1300255,龙火,2000,6.1,121,剧情,2000s,粤语 / 英语 / 日语,粤语 / 英语 / 日语,粤语,粤语（广府片/白话）,Tier 1,≈100%（推断）,纯方言/少数民族语言标签，无普通话标签（对应'全部对白为方言'的狭义纯方言片）,https://movie.douban.com/subject/1300255/
方言片,1480007,7号差馆,2001,6.3,1389,犯罪 / 悬疑 / 恐怖,2000s,粤语,粤语,粤语,粤语（广府片/白话）,Tier 1,≈100%（推断）,纯方言/少数民族语言标签，无普通话标签（对应'全部对白为方言'的狭义纯方言片）,https://movie.douban.com/subject/1480007/
方言片,3992163,Fing头K王之王,2001,4.3,114,犯罪,2000s,粤语,粤语,粤语,粤语（广府片/白话）,Tier 1,≈100%（推断）,纯方言/少数民族语言标签，无普通话标签（对应'全部对白为方言'的狭义纯方言片）,https://movie.douban.com/subject/3992163/
方言片,1419993,一个烂赌的传说,2001,7.9,7345,剧情,2000s,粤语,粤语,粤语,粤语（广府片/白话）,Tier 1,≈100%（推断）,纯方言/少数民族语言标签，无普通话标签（对应'全部对白为方言'的狭义纯方言片）,https://movie.douban.com/subject/1419993/
方言片,1308558,不死情谜,2001,6.4,893,剧情 / 爱情 / 犯罪,2000s,粤语 / 英语 / 日语,粤语 / 英语 / 日语,粤语,粤语（广府片/白话）,Tier 1,≈100%（推断）,纯方言/少数民族语言标签，无普通话标签（对应'全部对白为方言'的狭义纯方言片）,https://movie.douban.com/subject/1308558/
方言片,3293090,不解之谜,2001,5.7,106,剧情 / 犯罪 / 惊悚,2000s,粤语,粤语,粤语,粤语（广府片/白话）,Tier 1,≈100%（推断）,纯方言/少数民族语言标签，无普通话标签（对应'全部对白为方言'的狭义纯方言片）,https://movie.douban.com/subject/3293090/
方言片,1917372,与神对话,2001,6.2,453,纪录片 / 短片,2000s,台语,台语,台语,台语（闽南语台湾变体）,Tier 1,≈100%（推断）,纯方言/少数民族语言标签，无普通话标签（对应'全部对白为方言'的狭义纯方言片）,https://movie.douban.com/subject/1917372/
方言片,1307922,九龙冰室,2001,6.7,25231,动作 / 剧情,2000s,粤语,粤语,粤语,粤语（广府片/白话）,Tier 1,≈100%（推断）,纯方言/少数民族语言标签，无普通话标签（对应'全部对白为方言'的狭义纯方言片）,https://movie.douban.com/subject/1307922/
方言片,1300616,买凶拍人,2001,8.2,131422,犯罪 / 动作 / 喜剧,2000s,粤语 / 法语 / 日语,粤语 / 法语 / 日语,粤语,粤语（广府片/白话）,Tier 1,≈100%（推断）,纯方言/少数民族语言标签，无普通话标签（对应'全部对白为方言'的狭义纯方言片）,https://movie.douban.com/subject/1300616/
方言片,1302208,初恋滋味,2001,6.9,846,喜剧 / 爱情,2000s,粤语,粤语,粤语,粤语（广府片/白话）,Tier 1,≈100%（推断）,纯方言/少数民族语言标签，无普通话标签（对应'全部对白为方言'的狭义纯方言片）,https://movie.douban.com/subject/1302208/
方言片,1308943,别恋,2001,6.9,1311,爱情,2000s,粤语,粤语,粤语,粤语（广府片/白话）,Tier 1,≈100%（推断）,纯方言/少数民族语言标签，无普通话标签（对应'全部对白为方言'的狭义纯方言片）,https://movie.douban.com/subject/1308943/
方言片,1918590,十五岁半,2001,5.8,241,剧情,2000s,粤语,粤语,粤语,粤语（广府片/白话）,Tier 1,≈100%（推断）,纯方言/少数民族语言标签，无普通话标签（对应'全部对白为方言'的狭义纯方言片）,https://movie.douban.com/subject/1918590/
方言片,1863970,千年等一天,2001,7.6,521,爱情,2000s,粤语,粤语,粤语,粤语（广府片/白话）,Tier 1,≈100%（推断）,纯方言/少数民族语言标签，无普通话标签（对应'全部对白为方言'的狭义纯方言片）,https://movie.douban.com/subject/1863970/
方言片,3118127,古惑仔之出位,2001,4.9,140,犯罪,2000s,粤语,粤语,粤语,粤语（广府片/白话）,Tier 1,≈100%（推断）,纯方言/少数民族语言标签，无普通话标签（对应'全部对白为方言'的狭义纯方言片）,https://movie.douban.com/subject/3118127/
方言片,1297787,同居蜜友,2001,6.6,9580,喜剧 / 爱情,2000s,粤语,粤语,粤语,粤语（广府片/白话）,Tier 1,≈100%（推断）,纯方言/少数民族语言标签，无普通话标签（对应'全部对白为方言'的狭义纯方言片）,https://movie.douban.com/subject/1297787/
方言片,1903672,喜欢您,2001,6.4,551,爱情,2000s,粤语,粤语,粤语,粤语（广府片/白话）,Tier 1,≈100%（推断）,纯方言/少数民族语言标签，无普通话标签（对应'全部对白为方言'的狭义纯方言片）,https://movie.douban.com/subject/1903672/
方言片,1298269,地久天长,2001,7.9,1530,剧情,2000s,粤语,粤语,粤语,粤语（广府片/白话）,Tier 1,≈100%（推断）,纯方言/少数民族语言标签，无普通话标签（对应'全部对白为方言'的狭义纯方言片）,https://movie.douban.com/subject/1298269/
方言片,1484236,头号人物,2001,6.6,888,剧情,2000s,粤语,粤语,粤语,粤语（广府片/白话）,Tier 1,≈100%（推断）,纯方言/少数民族语言标签，无普通话标签（对应'全部对白为方言'的狭义纯方言片）,https://movie.douban.com/subject/1484236/
方言片,1408137,完美情人,2001,6.0,3116,喜剧 / 奇幻 / 爱情,2000s,粤语,粤语,粤语,粤语（广府片/白话）,Tier 1,≈100%（推断）,纯方言/少数民族语言标签，无普通话标签（对应'全部对白为方言'的狭义纯方言片）,https://movie.douban.com/subject/1408137/
方言片,1297747,少林足球,2001,8.0,361198,动作 / 喜剧 / 运动,2000s,粤语,粤语,粤语,粤语（广府片/白话）,Tier 1,≈100%（推断）,纯方言/少数民族语言标签，无普通话标签（对应'全部对白为方言'的狭义纯方言片）,https://movie.douban.com/subject/1297747/
方言片,1353725,常在我心,2001,7.6,7019,爱情,2000s,粤语,粤语,粤语,粤语（广府片/白话）,Tier 1,≈100%（推断）,纯方言/少数民族语言标签，无普通话标签（对应'全部对白为方言'的狭义纯方言片）,https://movie.douban.com/subject/1353725/
方言片,1302638,幽灵人间,2001,6.2,7583,恐怖 / 悬疑 / 奇幻,2000s,粤语,粤语,粤语,粤语（广府片/白话）,Tier 1,≈100%（推断）,纯方言/少数民族语言标签，无普通话标签（对应'全部对白为方言'的狭义纯方言片）,https://movie.douban.com/subject/1302638/
方言片,1480013,幽灵情书,2001,6.2,724,恐怖 / 爱情,2000s,粤语,粤语,粤语,粤语（广府片/白话）,Tier 1,≈100%（推断）,纯方言/少数民族语言标签，无普通话标签（对应'全部对白为方言'的狭义纯方言片）,https://movie.douban.com/subject/1480013/
方言片,1433699,废柴同盟,2001,6.4,1673,喜剧,2000s,粤语,粤语,粤语,粤语（广府片/白话）,Tier 1,≈100%（推断）,纯方言/少数民族语言标签，无普通话标签（对应'全部对白为方言'的狭义纯方言片）,https://movie.douban.com/subject/1433699/
方言片,1298065,异灵灵异2002,2001,6.7,7902,恐怖 / 爱情 / 喜剧,2000s,粤语,粤语,粤语,粤语（广府片/白话）,Tier 1,≈100%（推断）,纯方言/少数民族语言标签，无普通话标签（对应'全部对白为方言'的狭义纯方言片）,https://movie.douban.com/subject/1298065/
方言片,1907869,恋性世代,2001,6.3,472,爱情,2000s,粤语,粤语,粤语,粤语（广府片/白话）,Tier 1,≈100%（推断）,纯方言/少数民族语言标签，无普通话标签（对应'全部对白为方言'的狭义纯方言片）,https://movie.douban.com/subject/1907869/
方言片,1299704,恋爱起义,2001,7.1,1935,剧情 / 爱情 / 惊悚,2000s,粤语,粤语,粤语,粤语（广府片/白话）,Tier 1,≈100%（推断）,纯方言/少数民族语言标签，无普通话标签（对应'全部对白为方言'的狭义纯方言片）,https://movie.douban.com/subject/1299704/
方言片,1306984,恐怖热线之大头怪婴,2001,6.5,8216,恐怖,2000s,粤语,粤语,粤语,粤语（广府片/白话）,Tier 1,≈100%（推断）,纯方言/少数民族语言标签，无普通话标签（对应'全部对白为方言'的狭义纯方言片）,https://movie.douban.com/subject/1306984/
方言片,1302805,情色地图,2001,6.2,246,剧情,2000s,粤语,粤语,粤语,粤语（广府片/白话）,Tier 1,≈100%（推断）,纯方言/少数民族语言标签，无普通话标签（对应'全部对白为方言'的狭义纯方言片）,https://movie.douban.com/subject/1302805/
方言片,1417543,情迷大话王,2001,6.1,6204,喜剧 / 爱情,2000s,粤语,粤语,粤语,粤语（广府片/白话）,Tier 1,≈100%（推断）,纯方言/少数民族语言标签，无普通话标签（对应'全部对白为方言'的狭义纯方言片）,https://movie.douban.com/subject/1417543/
方言片,2070464,惊天大逃亡,2001,7.2,524,剧情 / 犯罪 / 惊悚,2000s,粤语,粤语,粤语,粤语（广府片/白话）,Tier 1,≈100%（推断）,纯方言/少数民族语言标签，无普通话标签（对应'全部对白为方言'的狭义纯方言片）,https://movie.douban.com/subject/2070464/
方言片,1306921,愿望树,2001,6.9,3444,剧情 / 爱情 / 喜剧,2000s,粤语,粤语,粤语,粤语（广府片/白话）,Tier 1,≈100%（推断）,纯方言/少数民族语言标签，无普通话标签（对应'全部对白为方言'的狭义纯方言片）,https://movie.douban.com/subject/1306921/
方言片,1308275,慌心假期,2001,7.5,2336,剧情,2000s,粤语 / 英语,粤语 / 英语,粤语,粤语（广府片/白话）,Tier 1,≈100%（推断）,纯方言/少数民族语言标签，无普通话标签（对应'全部对白为方言'的狭义纯方言片）,https://movie.douban.com/subject/1308275/
方言片,1307741,我的野蛮同学,2001,6.1,8588,喜剧 / 动作,2000s,粤语,粤语,粤语,粤语（广府片/白话）,Tier 1,≈100%（推断）,纯方言/少数民族语言标签，无普通话标签（对应'全部对白为方言'的狭义纯方言片）,https://movie.douban.com/subject/1307741/
方言片,1308331,拳神,2001,5.3,3621,动作 / 科幻,2000s,粤语 / 英语,粤语 / 英语,粤语,粤语（广府片/白话）,Tier 1,≈100%（推断）,纯方言/少数民族语言标签，无普通话标签（对应'全部对白为方言'的狭义纯方言片）,https://movie.douban.com/subject/1308331/
方言片,1479999,断魂咒,2001,4.5,134,恐怖,2000s,粤语,粤语,粤语,粤语（广府片/白话）,Tier 1,≈100%（推断）,纯方言/少数民族语言标签，无普通话标签（对应'全部对白为方言'的狭义纯方言片）,https://movie.douban.com/subject/1479999/
方言片,1308120,暗战2,2001,6.6,41645,犯罪 / 动作,2000s,粤语,粤语,粤语,粤语（广府片/白话）,Tier 1,≈100%（推断）,纯方言/少数民族语言标签，无普通话标签（对应'全部对白为方言'的狭义纯方言片）,https://movie.douban.com/subject/1308120/
方言片,1482673,月满抱西环,2001,6.7,1008,喜剧 / 爱情,2000s,粤语,粤语,粤语,粤语（广府片/白话）,Tier 1,≈100%（推断）,纯方言/少数民族语言标签，无普通话标签（对应'全部对白为方言'的狭义纯方言片）,https://movie.douban.com/subject/1482673/
方言片,1806722,有人说爱我,2001,6.0,337,喜剧 / 爱情,2000s,粤语,粤语,粤语,粤语（广府片/白话）,Tier 1,≈100%（推断）,纯方言/少数民族语言标签，无普通话标签（对应'全部对白为方言'的狭义纯方言片）,https://movie.douban.com/subject/1806722/
方言片,1401390,有情饮水饱,2001,6.3,11958,喜剧 / 爱情,2000s,粤语,粤语,粤语,粤语（广府片/白话）,Tier 1,≈100%（推断）,纯方言/少数民族语言标签，无普通话标签（对应'全部对白为方言'的狭义纯方言片）,https://movie.douban.com/subject/1401390/
方言片,2129742,杀手假期,2001,6.3,155,剧情 / 爱情 / 犯罪,2000s,粤语,粤语,粤语,粤语（广府片/白话）,Tier 1,≈100%（推断）,纯方言/少数民族语言标签，无普通话标签（对应'全部对白为方言'的狭义纯方言片）,https://movie.douban.com/subject/2129742/
方言片,1773413,杀科,2001,5.8,321,犯罪,2000s,粤语,粤语,粤语,粤语（广府片/白话）,Tier 1,≈100%（推断）,纯方言/少数民族语言标签，无普通话标签（对应'全部对白为方言'的狭义纯方言片）,https://movie.douban.com/subject/1773413/
方言片,5190188,极速僵尸,2001,4.3,300,奇幻,2000s,粤语,粤语,粤语,粤语（广府片/白话）,Tier 1,≈100%（推断）,纯方言/少数民族语言标签，无普通话标签（对应'全部对白为方言'的狭义纯方言片）,https://movie.douban.com/subject/5190188/
方言片,1297859,横竖横,2001,7.9,387,剧情,2000s,上海话,上海话,上海话,吴语（江浙片）,Tier 1,≈100%（推断）,纯方言/少数民族语言标签，无普通话标签（对应'全部对白为方言'的狭义纯方言片）,https://movie.douban.com/subject/1297859/
方言片,1302339,欲望之城,2001,5.8,897,剧情,2000s,粤语,粤语,粤语,粤语（广府片/白话）,Tier 1,≈100%（推断）,纯方言/少数民族语言标签，无普通话标签（对应'全部对白为方言'的狭义纯方言片）,https://movie.douban.com/subject/1302339/
方言片,1762300,正将,2001,5.9,915,剧情 / 犯罪,2000s,粤语,粤语,粤语,粤语（广府片/白话）,Tier 1,≈100%（推断）,纯方言/少数民族语言标签，无普通话标签（对应'全部对白为方言'的狭义纯方言片）,https://movie.douban.com/subject/1762300/
方言片,1480408,每天吓你八小时,2001,5.0,679,恐怖,2000s,粤语,粤语,粤语,粤语（广府片/白话）,Tier 1,≈100%（推断）,纯方言/少数民族语言标签，无普通话标签（对应'全部对白为方言'的狭义纯方言片）,https://movie.douban.com/subject/1480408/
方言片,1303964,漫画风云,2001,5.7,2701,爱情,2000s,粤语,粤语,粤语,粤语（广府片/白话）,Tier 1,≈100%（推断）,纯方言/少数民族语言标签，无普通话标签（对应'全部对白为方言'的狭义纯方言片）,https://movie.douban.com/subject/1303964/
方言片,1480011,烹尸之丧尽天良,2001,4.9,571,犯罪 / 恐怖,2000s,粤语,粤语,粤语,粤语（广府片/白话）,Tier 1,≈100%（推断）,纯方言/少数民族语言标签，无普通话标签（对应'全部对白为方言'的狭义纯方言片）,https://movie.douban.com/subject/1480011/
方言片,1305714,爱上我吧,2001,7.0,504,剧情,2000s,粤语,粤语,粤语,粤语（广府片/白话）,Tier 1,≈100%（推断）,纯方言/少数民族语言标签，无普通话标签（对应'全部对白为方言'的狭义纯方言片）,https://movie.douban.com/subject/1305714/
方言片,1304989,爱君如梦,2001,6.7,16501,爱情,2000s,粤语,粤语,粤语,粤语（广府片/白话）,Tier 1,≈100%（推断）,纯方言/少数民族语言标签，无普通话标签（对应'全部对白为方言'的狭义纯方言片）,https://movie.douban.com/subject/1304989/
方言片,1305352,爱情白面包,2001,6.4,1867,喜剧 / 爱情,2000s,粤语,粤语,粤语,粤语（广府片/白话）,Tier 1,≈100%（推断）,纯方言/少数民族语言标签，无普通话标签（对应'全部对白为方言'的狭义纯方言片）,https://movie.douban.com/subject/1305352/
方言片,1307541,爱情观自在,2001,7.1,198,剧情 / 爱情,2000s,粤语,粤语,粤语,粤语（广府片/白话）,Tier 1,≈100%（推断）,纯方言/少数民族语言标签，无普通话标签（对应'全部对白为方言'的狭义纯方言片）,https://movie.douban.com/subject/1307541/
方言片,1479975,猛鬼诺言,2001,4.8,100,恐怖,2000s,粤语,粤语,粤语,粤语（广府片/白话）,Tier 1,≈100%（推断）,纯方言/少数民族语言标签，无普通话标签（对应'全部对白为方言'的狭义纯方言片）,https://movie.douban.com/subject/1479975/
方言片,1308590,玉女添丁,2001,6.1,11213,喜剧,2000s,粤语,粤语,粤语,粤语（广府片/白话）,Tier 1,≈100%（推断）,纯方言/少数民族语言标签，无普通话标签（对应'全部对白为方言'的狭义纯方言片）,https://movie.douban.com/subject/1308590/
方言片,1302168,玻璃少女,2001,7.0,249,剧情,2000s,粵語,粵語,粵語,粤语（广府片/白话）,Tier 1,≈100%（推断）,纯方言/少数民族语言标签，无普通话标签（对应'全部对白为方言'的狭义纯方言片）,https://movie.douban.com/subject/1302168/
方言片,1394188,生命因爱动听,2001,8.1,473,nan,2000s,粤语,粤语,粤语,粤语（广府片/白话）,Tier 1,≈100%（推断）,纯方言/少数民族语言标签，无普通话标签（对应'全部对白为方言'的狭义纯方言片）,https://movie.douban.com/subject/1394188/
方言片,1300287,男歌女唱,2001,7.1,4120,喜剧,2000s,粤语,粤语,粤语,粤语（广府片/白话）,Tier 1,≈100%（推断）,纯方言/少数民族语言标签，无普通话标签（对应'全部对白为方言'的狭义纯方言片）,https://movie.douban.com/subject/1300287/
方言片,1303203,瘦身男女,2001,6.9,148858,喜剧 / 爱情,2000s,粤语 / 日语,粤语 / 日语,粤语,粤语（广府片/白话）,Tier 1,≈100%（推断）,纯方言/少数民族语言标签，无普通话标签（对应'全部对白为方言'的狭义纯方言片）,https://movie.douban.com/subject/1303203/
方言片,1302060,百分百感觉2,2001,6.4,2608,喜剧 / 爱情,2000s,粤语,粤语,粤语,粤语（广府片/白话）,Tier 1,≈100%（推断）,纯方言/少数民族语言标签，无普通话标签（对应'全部对白为方言'的狭义纯方言片）,https://movie.douban.com/subject/1302060/
方言片,1302725,等候董建华发落,2001,7.2,1923,剧情 / 犯罪,2000s,粤语,粤语,粤语,粤语（广府片/白话）,Tier 1,≈100%（推断）,纯方言/少数民族语言标签，无普通话标签（对应'全部对白为方言'的狭义纯方言片）,https://movie.douban.com/subject/1302725/
方言片,1306319,绝世好Bra,2001,5.8,43676,喜剧 / 爱情,2000s,粤语,粤语,粤语,粤语（广府片/白话）,Tier 1,≈100%（推断）,纯方言/少数民族语言标签，无普通话标签（对应'全部对白为方言'的狭义纯方言片）,https://movie.douban.com/subject/1306319/
方言片,3685985,老友记茶餐厅,2001,5.6,100,喜剧,2000s,粤语,粤语,粤语,粤语（广府片/白话）,Tier 1,≈100%（推断）,纯方言/少数民族语言标签，无普通话标签（对应'全部对白为方言'的狭义纯方言片）,https://movie.douban.com/subject/3685985/
方言片,1295782,老夫子2001,2001,5.9,16537,喜剧 / 动作 / 动画,2000s,粤语,粤语,粤语,粤语（广府片/白话）,Tier 1,≈100%（推断）,纯方言/少数民族语言标签，无普通话标签（对应'全部对白为方言'的狭义纯方言片）,https://movie.douban.com/subject/1295782/
方言片,3203143,英雄人物,2001,4.7,118,犯罪,2000s,粤语,粤语,粤语,粤语（广府片/白话）,Tier 1,≈100%（推断）,纯方言/少数民族语言标签，无普通话标签（对应'全部对白为方言'的狭义纯方言片）,https://movie.douban.com/subject/3203143/
方言片,1297363,薰衣草,2001,6.8,16417,奇幻 / 爱情,2000s,粤语,粤语,粤语,粤语（广府片/白话）,Tier 1,≈100%（推断）,纯方言/少数民族语言标签，无普通话标签（对应'全部对白为方言'的狭义纯方言片）,https://movie.douban.com/subject/1297363/
方言片,1578572,走投有路,2001,6.4,661,动作 / 喜剧,2000s,粤语,粤语,粤语,粤语（广府片/白话）,Tier 1,≈100%（推断）,纯方言/少数民族语言标签，无普通话标签（对应'全部对白为方言'的狭义纯方言片）,https://movie.douban.com/subject/1578572/
方言片,1479995,赶尸先生,2001,5.5,668,恐怖,2000s,粤语,粤语,粤语,粤语（广府片/白话）,Tier 1,≈100%（推断）,纯方言/少数民族语言标签，无普通话标签（对应'全部对白为方言'的狭义纯方言片）,https://movie.douban.com/subject/1479995/
方言片,1479112,逆天者,2001,7.2,372,剧情,2000s,粤语,粤语,粤语,粤语（广府片/白话）,Tier 1,≈100%（推断）,纯方言/少数民族语言标签，无普通话标签（对应'全部对白为方言'的狭义纯方言片）,https://movie.douban.com/subject/1479112/
方言片,1307758,重装警察,2001,6.5,1377,动作,2000s,粤语 / 英语,粤语 / 英语,粤语,粤语（广府片/白话）,Tier 1,≈100%（推断）,纯方言/少数民族语言标签，无普通话标签（对应'全部对白为方言'的狭义纯方言片）,https://movie.douban.com/subject/1307758/
方言片,1308345,野兽之瞳,2001,6.6,8032,动作 / 剧情,2000s,粤语,粤语,粤语,粤语（广府片/白话）,Tier 1,≈100%（推断）,纯方言/少数民族语言标签，无普通话标签（对应'全部对白为方言'的狭义纯方言片）,https://movie.douban.com/subject/1308345/
方言片,1308111,钟无艳,2001,7.0,88466,喜剧 / 奇幻 / 古装,2000s,粤语,粤语,粤语,粤语（广府片/白话）,Tier 1,≈100%（推断）,纯方言/少数民族语言标签，无普通话标签（对应'全部对白为方言'的狭义纯方言片）,https://movie.douban.com/subject/1308111/
方言片,1482687,阴阳爱,2001,6.2,394,爱情 / 奇幻,2000s,粤语,粤语,粤语,粤语（广府片/白话）,Tier 1,≈100%（推断）,纯方言/少数民族语言标签，无普通话标签（对应'全部对白为方言'的狭义纯方言片）,https://movie.douban.com/subject/1482687/
方言片,1479892,阴阳路10：宣言咒,2001,4.9,677,喜剧 / 恐怖,2000s,粤语,粤语,粤语,粤语（广府片/白话）,Tier 1,≈100%（推断）,纯方言/少数民族语言标签，无普通话标签（对应'全部对白为方言'的狭义纯方言片）,https://movie.douban.com/subject/1479892/
方言片,1479893,阴阳路11：撩鬼攞命,2001,4.9,544,恐怖,2000s,粤语,粤语,粤语,粤语（广府片/白话）,Tier 1,≈100%（推断）,纯方言/少数民族语言标签，无普通话标签（对应'全部对白为方言'的狭义纯方言片）,https://movie.douban.com/subject/1479893/
方言片,1479894,阴阳路12：美容尸,2001,5.1,783,喜剧 / 恐怖 / 悬疑,2000s,粤语,粤语,粤语,粤语（广府片/白话）,Tier 1,≈100%（推断）,纯方言/少数民族语言标签，无普通话标签（对应'全部对白为方言'的狭义纯方言片）,https://movie.douban.com/subject/1479894/
方言片,1479886,阴阳路8：棺材仔,2001,5.2,1128,喜剧 / 恐怖,2000s,粤语,粤语,粤语,粤语（广府片/白话）,Tier 1,≈100%（推断）,纯方言/少数民族语言标签，无普通话标签（对应'全部对白为方言'的狭义纯方言片）,https://movie.douban.com/subject/1479886/
方言片,1479889,阴阳路9：命转乾坤,2001,4.9,708,喜剧 / 剧情 / 悬疑,2000s,粤语,粤语,粤语,粤语（广府片/白话）,Tier 1,≈100%（推断）,纯方言/少数民族语言标签，无普通话标签（对应'全部对白为方言'的狭义纯方言片）,https://movie.douban.com/subject/1479889/
方言片,1906980,险角,2001,7.5,1878,动作,2000s,粤语,粤语,粤语,粤语（广府片/白话）,Tier 1,≈100%（推断）,纯方言/少数民族语言标签，无普通话标签（对应'全部对白为方言'的狭义纯方言片）,https://movie.douban.com/subject/1906980/
方言片,1771944,靓女差馆,2001,5.2,1104,喜剧,2000s,粤语,粤语,粤语,粤语（广府片/白话）,Tier 1,≈100%（推断）,纯方言/少数民族语言标签，无普通话标签（对应'全部对白为方言'的狭义纯方言片）,https://movie.douban.com/subject/1771944/
方言片,1302476,麦兜故事,2001,8.6,169373,剧情 / 喜剧 / 动画,2000s,粤语,粤语,粤语,粤语（广府片/白话）,Tier 1,≈100%（推断）,纯方言/少数民族语言标签，无普通话标签（对应'全部对白为方言'的狭义纯方言片）,https://movie.douban.com/subject/1302476/
方言片,1306657,2人三足,2002,6.8,1337,剧情 / 喜剧,2000s,粤语,粤语,粤语,粤语（广府片/白话）,Tier 1,≈100%（推断）,纯方言/少数民族语言标签，无普通话标签（对应'全部对白为方言'的狭义纯方言片）,https://movie.douban.com/subject/1306657/
方言片,1473289,35米厘：凶心人,2002,5.6,275,悬疑 / 惊悚,2000s,粤语,粤语,粤语,粤语（广府片/白话）,Tier 1,≈100%（推断）,纯方言/少数民族语言标签，无普通话标签（对应'全部对白为方言'的狭义纯方言片）,https://movie.douban.com/subject/1473289/
方言片,1307807,Office有鬼,2002,6.7,38314,剧情 / 恐怖 / 悬疑,2000s,粤语,粤语,粤语,粤语（广府片/白话）,Tier 1,≈100%（推断）,纯方言/少数民族语言标签，无普通话标签（对应'全部对白为方言'的狭义纯方言片）,https://movie.douban.com/subject/1307807/
方言片,1307876,一碌蔗,2002,6.8,8072,喜剧 / 剧情 / 爱情,2000s,粤语,粤语,粤语,粤语（广府片/白话）,Tier 1,≈100%（推断）,纯方言/少数民族语言标签，无普通话标签（对应'全部对白为方言'的狭义纯方言片）,https://movie.douban.com/subject/1307876/
方言片,1421928,一蚊鸡保镖,2002,6.9,3886,喜剧,2000s,粤语,粤语,粤语,粤语（广府片/白话）,Tier 1,≈100%（推断）,纯方言/少数民族语言标签，无普通话标签（对应'全部对白为方言'的狭义纯方言片）,https://movie.douban.com/subject/1421928/
方言片,1302278,丰胸秘CUP,2002,5.3,3015,喜剧,2000s,粤语,粤语,粤语,粤语（广府片/白话）,Tier 1,≈100%（推断）,纯方言/少数民族语言标签，无普通话标签（对应'全部对白为方言'的狭义纯方言片）,https://movie.douban.com/subject/1302278/
方言片,1494897,九个女仔一只鬼,2002,6.3,10221,喜剧,2000s,粤语,粤语,粤语,粤语（广府片/白话）,Tier 1,≈100%（推断）,纯方言/少数民族语言标签，无普通话标签（对应'全部对白为方言'的狭义纯方言片）,https://movie.douban.com/subject/1494897/
方言片,1308381,互动杀人事件,2002,7.0,2065,惊悚,2000s,粤语,粤语,粤语,粤语（广府片/白话）,Tier 1,≈100%（推断）,纯方言/少数民族语言标签，无普通话标签（对应'全部对白为方言'的狭义纯方言片）,https://movie.douban.com/subject/1308381/
方言片,1303346,五个吓鬼的少年,2002,6.0,1249,喜剧 / 恐怖,2000s,粤语,粤语,粤语,粤语（广府片/白话）,Tier 1,≈100%（推断）,纯方言/少数民族语言标签，无普通话标签（对应'全部对白为方言'的狭义纯方言片）,https://movie.douban.com/subject/1303346/
方言片,1306929,五月八月,2002,7.8,2907,剧情 / 家庭 / 战争,2000s,粤语,粤语,粤语,粤语（广府片/白话）,Tier 1,≈100%（推断）,纯方言/少数民族语言标签，无普通话标签（对应'全部对白为方言'的狭义纯方言片）,https://movie.douban.com/subject/1306929/
方言片,4202073,僵尸奖门人,2002,3.9,546,nan,2000s,粤语,粤语,粤语,粤语（广府片/白话）,Tier 1,≈100%（推断）,纯方言/少数民族语言标签，无普通话标签（对应'全部对白为方言'的狭义纯方言片）,https://movie.douban.com/subject/4202073/
方言片,3240809,冥约,2002,7.4,109,爱情 / 家庭,2000s,粤语,粤语,粤语,粤语（广府片/白话）,Tier 1,≈100%（推断）,纯方言/少数民族语言标签，无普通话标签（对应'全部对白为方言'的狭义纯方言片）,https://movie.douban.com/subject/3240809/
方言片,1306983,卫斯理之蓝血人,2002,5.3,31460,动作 / 爱情 / 科幻,2000s,粤语,粤语,粤语,粤语（广府片/白话）,Tier 1,≈100%（推断）,纯方言/少数民族语言标签，无普通话标签（对应'全部对白为方言'的狭义纯方言片）,https://movie.douban.com/subject/1306983/
方言片,1962805,卿何薄命之羔羊少女,2002,3.1,135,犯罪,2000s,粤语,粤语,粤语,粤语（广府片/白话）,Tier 1,≈100%（推断）,纯方言/少数民族语言标签，无普通话标签（对应'全部对白为方言'的狭义纯方言片）,https://movie.douban.com/subject/1962805/
方言片,1306881,反收数特遣队,2002,6.6,472,剧情,2000s,粤语,粤语,粤语,粤语（广府片/白话）,Tier 1,≈100%（推断）,纯方言/少数民族语言标签，无普通话标签（对应'全部对白为方言'的狭义纯方言片）,https://movie.douban.com/subject/1306881/
方言片,1306133,呖咕呖咕新年财,2002,6.6,26364,喜剧,2000s,粤语,粤语,粤语,粤语（广府片/白话）,Tier 1,≈100%（推断）,纯方言/少数民族语言标签，无普通话标签（对应'全部对白为方言'的狭义纯方言片）,https://movie.douban.com/subject/1306133/
方言片,1307323,天下无双,2002,7.2,178140,喜剧 / 爱情 / 古装,2000s,粤语,粤语,粤语,粤语（广府片/白话）,Tier 1,≈100%（推断）,纯方言/少数民族语言标签，无普通话标签（对应'全部对白为方言'的狭义纯方言片）,https://movie.douban.com/subject/1307323/
方言片,1299185,天荒情未老,2002,6.1,417,爱情,2000s,粤语,粤语,粤语,粤语（广府片/白话）,Tier 1,≈100%（推断）,纯方言/少数民族语言标签，无普通话标签（对应'全部对白为方言'的狭义纯方言片）,https://movie.douban.com/subject/1299185/
方言片,1480036,夺魄勾魂,2002,5.6,232,剧情 / 恐怖,2000s,粤语 / 日语,粤语 / 日语,粤语,粤语（广府片/白话）,Tier 1,≈100%（推断）,纯方言/少数民族语言标签，无普通话标签（对应'全部对白为方言'的狭义纯方言片）,https://movie.douban.com/subject/1480036/
方言片,1305713,嫁个有钱人,2002,5.9,49679,喜剧 / 剧情 / 爱情,2000s,粤语,粤语,粤语,粤语（广府片/白话）,Tier 1,≈100%（推断）,纯方言/少数民族语言标签，无普通话标签（对应'全部对白为方言'的狭义纯方言片）,https://movie.douban.com/subject/1305713/
方言片,1305224,寻枪,2002,7.8,89291,犯罪 / 剧情 / 悬疑,2000s,贵州话,贵州话,贵州话,西南官话（川渝滇黔片）,Tier 1,≈100%（推断）,纯方言/少数民族语言标签，无普通话标签（对应'全部对白为方言'的狭义纯方言片）,https://movie.douban.com/subject/1305224/
方言片,1307222,山村老尸3：恶灵缠身,2002,4.6,3605,恐怖,2000s,粤语,粤语,粤语,粤语（广府片/白话）,Tier 1,≈100%（推断）,纯方言/少数民族语言标签，无普通话标签（对应'全部对白为方言'的狭义纯方言片）,https://movie.douban.com/subject/1307222/
方言片,1303674,干柴烈火,2002,6.5,23871,喜剧 / 剧情 / 爱情,2000s,粤语,粤语,粤语,粤语（广府片/白话）,Tier 1,≈100%（推断）,纯方言/少数民族语言标签，无普通话标签（对应'全部对白为方言'的狭义纯方言片）,https://movie.douban.com/subject/1303674/
方言片,1307926,幽灵人间II：鬼味人间,2002,6.4,3650,恐怖 / 悬疑,2000s,粤语,粤语,粤语,粤语（广府片/白话）,Tier 1,≈100%（推断）,纯方言/少数民族语言标签，无普通话标签（对应'全部对白为方言'的狭义纯方言片）,https://movie.douban.com/subject/1307926/
方言片,1300389,当男人变成女人,2002,5.4,2089,喜剧,2000s,粤语,粤语,粤语,粤语（广府片/白话）,Tier 1,≈100%（推断）,纯方言/少数民族语言标签，无普通话标签（对应'全部对白为方言'的狭义纯方言片）,https://movie.douban.com/subject/1300389/
方言片,1302389,怪兽学园,2002,5.2,376,动作 / 喜剧,2000s,粤语,粤语,粤语,粤语（广府片/白话）,Tier 1,≈100%（推断）,纯方言/少数民族语言标签，无普通话标签（对应'全部对白为方言'的狭义纯方言片）,https://movie.douban.com/subject/1302389/
方言片,1307706,恋爱行星,2002,6.9,6271,剧情 / 爱情 / 奇幻,2000s,粤语,粤语,粤语,粤语（广府片/白话）,Tier 1,≈100%（推断）,纯方言/少数民族语言标签，无普通话标签（对应'全部对白为方言'的狭义纯方言片）,https://movie.douban.com/subject/1307706/
方言片,1303156,悭钱家族,2002,6.3,11780,喜剧,2000s,粤语,粤语,粤语,粤语（广府片/白话）,Tier 1,≈100%（推断）,纯方言/少数民族语言标签，无普通话标签（对应'全部对白为方言'的狭义纯方言片）,https://movie.douban.com/subject/1303156/
方言片,1299374,我左眼见到鬼,2002,7.5,66215,喜剧 / 恐怖 / 家庭,2000s,粤语,粤语,粤语,粤语（广府片/白话）,Tier 1,≈100%（推断）,纯方言/少数民族语言标签，无普通话标签（对应'全部对白为方言'的狭义纯方言片）,https://movie.douban.com/subject/1299374/
方言片,3681614,我爱一碌葛,2002,5.8,272,喜剧 / 爱情,2000s,粤语,粤语,粤语,粤语（广府片/白话）,Tier 1,≈100%（推断）,纯方言/少数民族语言标签，无普通话标签（对应'全部对白为方言'的狭义纯方言片）,https://movie.douban.com/subject/3681614/
方言片,1300246,我老婆未满十八岁,2002,6.5,33731,喜剧 / 爱情,2000s,粤语,粤语,粤语,粤语（广府片/白话）,Tier 1,≈100%（推断）,纯方言/少数民族语言标签，无普通话标签（对应'全部对白为方言'的狭义纯方言片）,https://movie.douban.com/subject/1300246/
方言片,3679156,手足情,2002,6.3,1081,剧情,2000s,粤语,粤语,粤语,粤语（广府片/白话）,Tier 1,≈100%（推断）,纯方言/少数民族语言标签，无普通话标签（对应'全部对白为方言'的狭义纯方言片）,https://movie.douban.com/subject/3679156/
方言片,1308655,新扎师妹,2002,7.9,94086,喜剧 / 爱情,2000s,粤语,粤语,粤语,粤语（广府片/白话）,Tier 1,≈100%（推断）,纯方言/少数民族语言标签，无普通话标签（对应'全部对白为方言'的狭义纯方言片）,https://movie.douban.com/subject/1308655/
方言片,1305386,无限复活,2002,7.1,12587,剧情 / 奇幻 / 爱情,2000s,粤语 / 英语,粤语 / 英语,粤语,粤语（广府片/白话）,Tier 1,≈100%（推断）,纯方言/少数民族语言标签，无普通话标签（对应'全部对白为方言'的狭义纯方言片）,https://movie.douban.com/subject/1305386/
方言片,1306175,杀手狂龙,2002,5.1,272,动作,2000s,粤语,粤语,粤语,粤语（广府片/白话）,Tier 1,≈100%（推断）,纯方言/少数民族语言标签，无普通话标签（对应'全部对白为方言'的狭义纯方言片）,https://movie.douban.com/subject/1306175/
方言片,1302162,枕边凶灵,2002,5.9,1976,恐怖,2000s,粤语,粤语,粤语,粤语（广府片/白话）,Tier 1,≈100%（推断）,纯方言/少数民族语言标签，无普通话标签（对应'全部对白为方言'的狭义纯方言片）,https://movie.douban.com/subject/1302162/
方言片,2979538,横行霸盗,2002,5.9,485,动作,2000s,粤语,粤语,粤语,粤语（广府片/白话）,Tier 1,≈100%（推断）,纯方言/少数民族语言标签，无普通话标签（对应'全部对白为方言'的狭义纯方言片）,https://movie.douban.com/subject/2979538/
方言片,1305265,河东狮吼,2002,6.8,182538,喜剧 / 爱情 / 古装,2000s,粤语,粤语,粤语,粤语（广府片/白话）,Tier 1,≈100%（推断）,纯方言/少数民族语言标签，无普通话标签（对应'全部对白为方言'的狭义纯方言片）,https://movie.douban.com/subject/1305265/
方言片,1304243,热血青年,2002,6.4,2818,恐怖,2000s,粤语,粤语,粤语,粤语（广府片/白话）,Tier 1,≈100%（推断）,纯方言/少数民族语言标签，无普通话标签（对应'全部对白为方言'的狭义纯方言片）,https://movie.douban.com/subject/1304243/
方言片,1308616,猪扒大联盟,2002,6.1,20736,喜剧,2000s,粤语,粤语,粤语,粤语（广府片/白话）,Tier 1,≈100%（推断）,纯方言/少数民族语言标签，无普通话标签（对应'全部对白为方言'的狭义纯方言片）,https://movie.douban.com/subject/1308616/
方言片,1416860,王首先的夏天,2002,7.1,164,儿童,2000s,晋语,晋语,晋语,晋语,Tier 1,≈100%（推断）,纯方言/少数民族语言标签，无普通话标签（对应'全部对白为方言'的狭义纯方言片）,https://movie.douban.com/subject/1416860/
方言片,1304530,男人四十,2002,8.0,55652,剧情,2000s,粤语,粤语,粤语,粤语（广府片/白话）,Tier 1,≈100%（推断）,纯方言/少数民族语言标签，无普通话标签（对应'全部对白为方言'的狭义纯方言片）,https://movie.douban.com/subject/1304530/
方言片,1305985,第三者,2002,4.8,266,惊悚,2000s,粤语,粤语,粤语,粤语（广府片/白话）,Tier 1,≈100%（推断）,纯方言/少数民族语言标签，无普通话标签（对应'全部对白为方言'的狭义纯方言片）,https://movie.douban.com/subject/1305985/
方言片,3999742,绝不放过你,2002,5.2,337,喜剧,2000s,粤语,粤语,粤语,粤语（广府片/白话）,Tier 1,≈100%（推断）,纯方言/少数民族语言标签，无普通话标签（对应'全部对白为方言'的狭义纯方言片）,https://movie.douban.com/subject/3999742/
方言片,1299035,绝世宝贝,2002,5.8,28817,喜剧,2000s,粤语,粤语,粤语,粤语（广府片/白话）,Tier 1,≈100%（推断）,纯方言/少数民族语言标签，无普通话标签（对应'全部对白为方言'的狭义纯方言片）,https://movie.douban.com/subject/1299035/
方言片,4858782,绝代艳星宝莲的一生,2002,3.0,202,传记 / 剧情,2000s,粤语,粤语,粤语,粤语（广府片/白话）,Tier 1,≈100%（推断）,纯方言/少数民族语言标签，无普通话标签（对应'全部对白为方言'的狭义纯方言片）,https://movie.douban.com/subject/4858782/
方言片,3603766,绝密档案之人间蒸发,2002,5.4,136,悬疑,2000s,粤语,粤语,粤语,粤语（广府片/白话）,Tier 1,≈100%（推断）,纯方言/少数民族语言标签，无普通话标签（对应'全部对白为方言'的狭义纯方言片）,https://movie.douban.com/subject/3603766/
方言片,5156813,聊斋志异之孽欲孤鬼,2002,5.1,583,奇幻,2000s,粤语,粤语,粤语,粤语（广府片/白话）,Tier 1,≈100%（推断）,纯方言/少数民族语言标签，无普通话标签（对应'全部对白为方言'的狭义纯方言片）,https://movie.douban.com/subject/5156813/
方言片,1947271,自由门神,2002,7.0,279,剧情,2000s,台语,台语,台语,台语（闽南语台湾变体）,Tier 1,≈100%（推断）,纯方言/少数民族语言标签，无普通话标签（对应'全部对白为方言'的狭义纯方言片）,https://movie.douban.com/subject/1947271/
方言片,1304977,贱精先生,2002,6.3,11470,喜剧 / 奇幻 / 爱情,2000s,粤语,粤语,粤语,粤语（广府片/白话）,Tier 1,≈100%（推断）,纯方言/少数民族语言标签，无普通话标签（对应'全部对白为方言'的狭义纯方言片）,https://movie.douban.com/subject/1304977/
方言片,2003156,赌侠2002,2002,5.9,5868,剧情 / 喜剧,2000s,粤语,粤语,粤语,粤语（广府片/白话）,Tier 1,≈100%（推断）,纯方言/少数民族语言标签，无普通话标签（对应'全部对白为方言'的狭义纯方言片）,https://movie.douban.com/subject/2003156/
方言片,1306316,赌神之神,2002,5.8,422,剧情 / 奇幻,2000s,粤语,粤语,粤语,粤语（广府片/白话）,Tier 1,≈100%（推断）,纯方言/少数民族语言标签，无普通话标签（对应'全部对白为方言'的狭义纯方言片）,https://movie.douban.com/subject/1306316/
方言片,1306661,走火枪,2002,6.8,624,动作,2000s,粤语,粤语,粤语,粤语（广府片/白话）,Tier 1,≈100%（推断）,纯方言/少数民族语言标签，无普通话标签（对应'全部对白为方言'的狭义纯方言片）,https://movie.douban.com/subject/1306661/
方言片,1307532,这个夏天有异性,2002,6.2,7385,喜剧 / 爱情,2000s,粤语,粤语,粤语,粤语（广府片/白话）,Tier 1,≈100%（推断）,纯方言/少数民族语言标签，无普通话标签（对应'全部对白为方言'的狭义纯方言片）,https://movie.douban.com/subject/1307532/
方言片,1480037,迷离警界：鬼车,2002,3.8,104,恐怖,2000s,粤语,粤语,粤语,粤语（广府片/白话）,Tier 1,≈100%（推断）,纯方言/少数民族语言标签，无普通话标签（对应'全部对白为方言'的狭义纯方言片）,https://movie.douban.com/subject/1480037/
方言片,1479895,阴阳路13：花鬼,2002,4.8,527,剧情 / 恐怖,2000s,粤语,粤语,粤语,粤语（广府片/白话）,Tier 1,≈100%（推断）,纯方言/少数民族语言标签，无普通话标签（对应'全部对白为方言'的狭义纯方言片）,https://movie.douban.com/subject/1479895/
方言片,1479896,阴阳路14：双鬼拍门,2002,4.6,506,剧情 / 恐怖,2000s,粤语,粤语,粤语,粤语（广府片/白话）,Tier 1,≈100%（推断）,纯方言/少数民族语言标签，无普通话标签（对应'全部对白为方言'的狭义纯方言片）,https://movie.douban.com/subject/1479896/
方言片,1308923,阴阳路15：客似魂来,2002,5.5,605,恐怖,2000s,粤语,粤语,粤语,粤语（广府片/白话）,Tier 1,≈100%（推断）,纯方言/少数民族语言标签，无普通话标签（对应'全部对白为方言'的狭义纯方言片）,https://movie.douban.com/subject/1308923/
方言片,1434197,阴阳路16：回到武侠时代,2002,4.7,549,奇幻,2000s,粤语,粤语,粤语,粤语（广府片/白话）,Tier 1,≈100%（推断）,纯方言/少数民族语言标签，无普通话标签（对应'全部对白为方言'的狭义纯方言片）,https://movie.douban.com/subject/1434197/
方言片,1308904,阴阳路17：监房有鬼,2002,5.0,563,恐怖,2000s,粤语,粤语,粤语,粤语（广府片/白话）,Tier 1,≈100%（推断）,纯方言/少数民族语言标签，无普通话标签（对应'全部对白为方言'的狭义纯方言片）,https://movie.douban.com/subject/1308904/
方言片,1479990,阴风耳,2002,5.4,396,恐怖,2000s,粤语,粤语,粤语,粤语（广府片/白话）,Tier 1,≈100%（推断）,纯方言/少数民族语言标签，无普通话标签（对应'全部对白为方言'的狭义纯方言片）,https://movie.douban.com/subject/1479990/
方言片,25866283,静静的嘛呢石（短片版）,2002,6.9,154,剧情,2000s,藏语,藏语,藏语,中国少数民族语言,Tier 1,≈100%（推断）,纯方言/少数民族语言标签，无普通话标签（对应'全部对白为方言'的狭义纯方言片）,https://movie.douban.com/subject/25866283/
方言片,1303013,非常凶姐,2002,5.4,517,喜剧 / 恐怖 / 惊悚,2000s,粤语,粤语,粤语,粤语（广府片/白话）,Tier 1,≈100%（推断）,纯方言/少数民族语言标签，无普通话标签（对应'全部对白为方言'的狭义纯方言片）,https://movie.douban.com/subject/1303013/
方言片,1305471,风流家族,2002,5.4,634,喜剧 / 爱情,2000s,粤语,粤语,粤语,粤语（广府片/白话）,Tier 1,≈100%（推断）,纯方言/少数民族语言标签，无普通话标签（对应'全部对白为方言'的狭义纯方言片）,https://movie.douban.com/subject/1305471/
方言片,1771815,飘忽男女,2002,5.3,188,剧情 / 爱情,2000s,粤语,粤语,粤语,粤语（广府片/白话）,Tier 1,≈100%（推断）,纯方言/少数民族语言标签，无普通话标签（对应'全部对白为方言'的狭义纯方言片）,https://movie.douban.com/subject/1771815/
方言片,1788004,飞虎小子,2002,5.7,358,动作 / 剧情,2000s,粤语 / 英语,粤语 / 英语,粤语,粤语（广府片/白话）,Tier 1,≈100%（推断）,纯方言/少数民族语言标签，无普通话标签（对应'全部对白为方言'的狭义纯方言片）,https://movie.douban.com/subject/1788004/
方言片,1439241,魂魄唔齐,2002,6.8,4030,喜剧 / 恐怖 / 奇幻,2000s,粤语,粤语,粤语,粤语（广府片/白话）,Tier 1,≈100%（推断）,纯方言/少数民族语言标签，无普通话标签（对应'全部对白为方言'的狭义纯方言片）,https://movie.douban.com/subject/1439241/
方言片,1828419,黑道风云,2002,6.4,788,动作,2000s,粤语,粤语,粤语,粤语（广府片/白话）,Tier 1,≈100%（推断）,纯方言/少数民族语言标签，无普通话标签（对应'全部对白为方言'的狭义纯方言片）,https://movie.douban.com/subject/1828419/
方言片,1299649,下一站…天后,2003,6.5,31219,剧情 / 喜剧 / 爱情,2000s,粤语 / 英语 / 日语,粤语 / 英语 / 日语,粤语,粤语（广府片/白话）,Tier 1,≈100%（推断）,纯方言/少数民族语言标签，无普通话标签（对应'全部对白为方言'的狭义纯方言片）,https://movie.douban.com/subject/1299649/
方言片,1390023,中学,2003,7.2,199,纪录片,2000s,粤语,粤语,粤语,粤语（广府片/白话）,Tier 1,≈100%（推断）,纯方言/少数民族语言标签，无普通话标签（对应'全部对白为方言'的狭义纯方言片）,https://movie.douban.com/subject/1390023/
方言片,5395234,亲密杀机,2003,7.3,124,剧情 / 悬疑 / 情色,2000s,粤语,粤语,粤语,粤语（广府片/白话）,Tier 1,≈100%（推断）,纯方言/少数民族语言标签，无普通话标签（对应'全部对白为方言'的狭义纯方言片）,https://movie.douban.com/subject/5395234/
方言片,1306691,低一点的天空,2003,7.2,669,喜剧 / 剧情,2000s,粤语,粤语,粤语,粤语（广府片/白话）,Tier 1,≈100%（推断）,纯方言/少数民族语言标签，无普通话标签（对应'全部对白为方言'的狭义纯方言片）,https://movie.douban.com/subject/1306691/
方言片,1307864,僵尸大时代,2003,6.7,3877,恐怖 / 动作,2000s,粤语,粤语,粤语,粤语（广府片/白话）,Tier 1,≈100%（推断）,纯方言/少数民族语言标签，无普通话标签（对应'全部对白为方言'的狭义纯方言片）,https://movie.douban.com/subject/1307864/
方言片,1307449,六楼后座,2003,7.4,16493,喜剧 / 剧情,2000s,粤语,粤语,粤语,粤语（广府片/白话）,Tier 1,≈100%（推断）,纯方言/少数民族语言标签，无普通话标签（对应'全部对白为方言'的狭义纯方言片）,https://movie.douban.com/subject/1307449/
方言片,1307740,千机变,2003,5.9,88317,动作 / 冒险 / 喜剧,2000s,粤语,粤语,粤语,粤语（广府片/白话）,Tier 1,≈100%（推断）,纯方言/少数民族语言标签，无普通话标签（对应'全部对白为方言'的狭义纯方言片）,https://movie.douban.com/subject/1307740/
方言片,1308834,古宅心慌慌,2003,5.2,26600,喜剧 / 惊悚 / 恐怖,2000s,粤语,粤语,粤语,粤语（广府片/白话）,Tier 1,≈100%（推断）,纯方言/少数民族语言标签，无普通话标签（对应'全部对白为方言'的狭义纯方言片）,https://movie.douban.com/subject/1308834/
方言片,1302244,咒乐园,2003,6.0,9964,恐怖 / 剧情,2000s,粤语 / 英语,粤语 / 英语,粤语,粤语（广府片/白话）,Tier 1,≈100%（推断）,纯方言/少数民族语言标签，无普通话标签（对应'全部对白为方言'的狭义纯方言片）,https://movie.douban.com/subject/1302244/
方言片,3714023,咫尺疑魂,2003,6.7,247,悬疑,2000s,粤语,粤语,粤语,粤语（广府片/白话）,Tier 1,≈100%（推断）,纯方言/少数民族语言标签，无普通话标签（对应'全部对白为方言'的狭义纯方言片）,https://movie.douban.com/subject/3714023/
方言片,3992329,回家看看,2003,7.3,163,短片,2000s,四川话,四川话,四川话,西南官话（川渝滇黔片）,Tier 1,≈100%（推断）,纯方言/少数民族语言标签，无普通话标签（对应'全部对白为方言'的狭义纯方言片）,https://movie.douban.com/subject/3992329/
方言片,1300359,大块头有大智慧,2003,6.7,73024,动作 / 剧情 / 惊悚,2000s,粤语 / 英语 / 印地语,粤语 / 英语 / 印地语,粤语,粤语（广府片/白话）,Tier 1,≈100%（推断）,纯方言/少数民族语言标签，无普通话标签（对应'全部对白为方言'的狭义纯方言片）,https://movie.douban.com/subject/1300359/
方言片,1298712,奇逢敌手,2003,5.5,1730,剧情 / 动作 / 喜剧,2000s,粤语,粤语,粤语,粤语（广府片/白话）,Tier 1,≈100%（推断）,纯方言/少数民族语言标签，无普通话标签（对应'全部对白为方言'的狭义纯方言片）,https://movie.douban.com/subject/1298712/
方言片,1308040,妖夜回廊,2003,6.2,4341,剧情 / 悬疑 / 同性,2000s,粤语 / 英语,粤语 / 英语,粤语,粤语（广府片/白话）,Tier 1,≈100%（推断）,纯方言/少数民族语言标签，无普通话标签（对应'全部对白为方言'的狭义纯方言片）,https://movie.douban.com/subject/1308040/
方言片,1308866,安娜与武林,2003,5.2,22238,动作 / 喜剧 / 爱情,2000s,粤语,粤语,粤语,粤语（广府片/白话）,Tier 1,≈100%（推断）,纯方言/少数民族语言标签，无普通话标签（对应'全部对白为方言'的狭义纯方言片）,https://movie.douban.com/subject/1308866/
方言片,1438683,山清水秀,2003,7.5,199,剧情 / 灾难,2000s,粤语,粤语,粤语,粤语（广府片/白话）,Tier 1,≈100%（推断）,纯方言/少数民族语言标签，无普通话标签（对应'全部对白为方言'的狭义纯方言片）,https://movie.douban.com/subject/1438683/
方言片,3095376,山狗2003: 兽性陷阱,2003,3.1,214,恐怖,2000s,粤语,粤语,粤语,粤语（广府片/白话）,Tier 1,≈100%（推断）,纯方言/少数民族语言标签，无普通话标签（对应'全部对白为方言'的狭义纯方言片）,https://movie.douban.com/subject/3095376/
方言片,3816377,巫山之春,2003,8.4,574,纪录片,2000s,四川方言,四川方言,四川方言,西南官话（川渝滇黔片） / 通用汉语方言标签,Tier 1,≈100%（推断）,纯方言/少数民族语言标签，无普通话标签（对应'全部对白为方言'的狭义纯方言片）,https://movie.douban.com/subject/3816377/
方言片,1300984,心寒,2003,5.5,1263,惊悚,2000s,粤语,粤语,粤语,粤语（广府片/白话）,Tier 1,≈100%（推断）,纯方言/少数民族语言标签，无普通话标签（对应'全部对白为方言'的狭义纯方言片）,https://movie.douban.com/subject/1300984/
方言片,1308749,忘不了,2003,7.8,61317,剧情 / 爱情,2000s,粤语,粤语,粤语,粤语（广府片/白话）,Tier 1,≈100%（推断）,纯方言/少数民族语言标签，无普通话标签（对应'全部对白为方言'的狭义纯方言片）,https://movie.douban.com/subject/1308749/
方言片,1308520,恋上你的床,2003,5.8,40184,喜剧 / 爱情,2000s,粤语,粤语,粤语,粤语（广府片/白话）,Tier 1,≈100%（推断）,纯方言/少数民族语言标签，无普通话标签（对应'全部对白为方言'的狭义纯方言片）,https://movie.douban.com/subject/1308520/
方言片,1308672,恋之风景,2003,6.8,16019,动画 / 剧情 / 爱情,2000s,粤语,粤语,粤语,粤语（广府片/白话）,Tier 1,≈100%（推断）,纯方言/少数民族语言标签，无普通话标签（对应'全部对白为方言'的狭义纯方言片）,https://movie.douban.com/subject/1308672/
方言片,1308798,情牵一线,2003,6.5,5251,爱情,2000s,粤语,粤语,粤语,粤语（广府片/白话）,Tier 1,≈100%（推断）,纯方言/少数民族语言标签，无普通话标签（对应'全部对白为方言'的狭义纯方言片）,https://movie.douban.com/subject/1308798/
方言片,1845629,我要结婚,2003,5.0,248,喜剧,2000s,粤语,粤语,粤语,粤语（广府片/白话）,Tier 1,≈100%（推断）,纯方言/少数民族语言标签，无普通话标签（对应'全部对白为方言'的狭义纯方言片）,https://movie.douban.com/subject/1845629/
方言片,1308232,新扎师妹2,2003,6.6,42869,喜剧,2000s,粤语,粤语,粤语,粤语（广府片/白话）,Tier 1,≈100%（推断）,纯方言/少数民族语言标签，无普通话标签（对应'全部对白为方言'的狭义纯方言片）,https://movie.douban.com/subject/1308232/
方言片,1307914,无间道,2003,9.3,1140237,剧情 / 犯罪 / 惊悚,2000s,粤语,粤语,粤语,粤语（广府片/白话）,Tier 1,≈100%（推断）,纯方言/少数民族语言标签，无普通话标签（对应'全部对白为方言'的狭义纯方言片）,https://movie.douban.com/subject/1307914/
方言片,1302434,机动部队,2003,8.1,80226,犯罪 / 剧情,2000s,粤语,粤语,粤语,粤语（广府片/白话）,Tier 1,≈100%（推断）,纯方言/少数民族语言标签，无普通话标签（对应'全部对白为方言'的狭义纯方言片）,https://movie.douban.com/subject/1302434/
方言片,3241951,某年某月某日,2003,6.4,102,爱情,2000s,粤语,粤语,粤语,粤语（广府片/白话）,Tier 1,≈100%（推断）,纯方言/少数民族语言标签，无普通话标签（对应'全部对白为方言'的狭义纯方言片）,https://movie.douban.com/subject/3241951/
方言片,2141986,电影香江：俪影倾情,2003,7.9,455,纪录片,2000s,粤语 / 英语,粤语 / 英语,粤语,粤语（广府片/白话）,Tier 1,≈100%（推断）,纯方言/少数民族语言标签，无普通话标签（对应'全部对白为方言'的狭义纯方言片）,https://movie.douban.com/subject/2141986/
方言片,1308615,百分百感觉2003,2003,6.1,2029,喜剧 / 爱情,2000s,粤语,粤语,粤语,粤语（广府片/白话）,Tier 1,≈100%（推断）,纯方言/少数民族语言标签，无普通话标签（对应'全部对白为方言'的狭义纯方言片）,https://movie.douban.com/subject/1308615/
方言片,2335392,皇家香港警察的最后一夜,2003,7.1,146,剧情,2000s,粤语,粤语,粤语,粤语（广府片/白话）,Tier 1,≈100%（推断）,纯方言/少数民族语言标签，无普通话标签（对应'全部对白为方言'的狭义纯方言片）,https://movie.douban.com/subject/2335392/
方言片,1308347,福伯,2003,6.4,890,惊悚,2000s,粤语 / 葡萄牙语,粤语 / 葡萄牙语,粤语,粤语（广府片/白话）,Tier 1,≈100%（推断）,纯方言/少数民族语言标签，无普通话标签（对应'全部对白为方言'的狭义纯方言片）,https://movie.douban.com/subject/1308347/
方言片,1302885,给他们一个机会,2003,6.1,455,nan,2000s,粤语,粤语,粤语,粤语（广府片/白话）,Tier 1,≈100%（推断）,纯方言/少数民族语言标签，无普通话标签（对应'全部对白为方言'的狭义纯方言片）,https://movie.douban.com/subject/1302885/
方言片,1388196,绝种好男人,2003,5.8,29290,喜剧,2000s,粤语,粤语,粤语,粤语（广府片/白话）,Tier 1,≈100%（推断）,纯方言/少数民族语言标签，无普通话标签（对应'全部对白为方言'的狭义纯方言片）,https://movie.douban.com/subject/1388196/
方言片,1308201,绝种铁金刚,2003,5.7,7431,喜剧,2000s,粤语,粤语,粤语,粤语（广府片/白话）,Tier 1,≈100%（推断）,纯方言/少数民族语言标签，无普通话标签（对应'全部对白为方言'的狭义纯方言片）,https://movie.douban.com/subject/1308201/
方言片,1946075,老夫子反斗侦探,2003,6.5,643,动作 / 动画,2000s,粤语,粤语,粤语,粤语（广府片/白话）,Tier 1,≈100%（推断）,纯方言/少数民族语言标签，无普通话标签（对应'全部对白为方言'的狭义纯方言片）,https://movie.douban.com/subject/1946075/
方言片,1307849,老鼠爱上猫,2003,5.6,57397,爱情 / 喜剧 / 动作,2000s,粤语,粤语,粤语,粤语（广府片/白话）,Tier 1,≈100%（推断）,纯方言/少数民族语言标签，无普通话标签（对应'全部对白为方言'的狭义纯方言片）,https://movie.douban.com/subject/1307849/
方言片,1424746,花魁杜十娘,2003,5.4,13486,喜剧,2000s,粤语,粤语,粤语,粤语（广府片/白话）,Tier 1,≈100%（推断）,纯方言/少数民族语言标签，无普通话标签（对应'全部对白为方言'的狭义纯方言片）,https://movie.douban.com/subject/1424746/
方言片,1306334,行运超人,2003,6.7,31695,喜剧 / 爱情,2000s,粤语,粤语,粤语,粤语（广府片/白话）,Tier 1,≈100%（推断）,纯方言/少数民族语言标签，无普通话标签（对应'全部对白为方言'的狭义纯方言片）,https://movie.douban.com/subject/1306334/
方言片,1859085,西贡的童话,2003,6.1,113,爱情,2000s,粤语,粤语,粤语,粤语（广府片/白话）,Tier 1,≈100%（推断）,纯方言/少数民族语言标签，无普通话标签（对应'全部对白为方言'的狭义纯方言片）,https://movie.douban.com/subject/1859085/
方言片,1308830,见习黑玫瑰,2003,5.5,10193,动作 / 喜剧,2000s,粤语,粤语,粤语,粤语（广府片/白话）,Tier 1,≈100%（推断）,纯方言/少数民族语言标签，无普通话标签（对应'全部对白为方言'的狭义纯方言片）,https://movie.douban.com/subject/1308830/
方言片,1775450,赌侠之人定胜天,2003,5.6,4235,喜剧,2000s,粤语,粤语,粤语,粤语（广府片/白话）,Tier 1,≈100%（推断）,纯方言/少数民族语言标签，无普通话标签（对应'全部对白为方言'的狭义纯方言片）,https://movie.douban.com/subject/1775450/
方言片,1308566,醉马骝,2003,6.3,2513,动作 / 冒险 / 喜剧,2000s,粤语,粤语,粤语,粤语（广府片/白话）,Tier 1,≈100%（推断）,纯方言/少数民族语言标签，无普通话标签（对应'全部对白为方言'的狭义纯方言片）,https://movie.douban.com/subject/1308566/
方言片,1305257,金鸡2,2003,7.2,21419,喜剧 / 剧情,2000s,粤语,粤语,粤语,粤语（广府片/白话）,Tier 1,≈100%（推断）,纯方言/少数民族语言标签，无普通话标签（对应'全部对白为方言'的狭义纯方言片）,https://movie.douban.com/subject/1305257/
方言片,1301994,阴阳路18：鬼上身,2003,4.7,483,恐怖,2000s,粤语,粤语,粤语,粤语（广府片/白话）,Tier 1,≈100%（推断）,纯方言/少数民族语言标签，无普通话标签（对应'全部对白为方言'的狭义纯方言片）,https://movie.douban.com/subject/1301994/
方言片,4732448,阴阳路19：我对眼见到嘢,2003,4.6,434,喜剧 / 恐怖,2000s,粤语,粤语,粤语,粤语（广府片/白话）,Tier 1,≈100%（推断）,纯方言/少数民族语言标签，无普通话标签（对应'全部对白为方言'的狭义纯方言片）,https://movie.douban.com/subject/4732448/
方言片,1498578,非典人生,2003,5.2,292,剧情,2000s,粤语,粤语,粤语,粤语（广府片/白话）,Tier 1,≈100%（推断）,纯方言/少数民族语言标签，无普通话标签（对应'全部对白为方言'的狭义纯方言片）,https://movie.douban.com/subject/1498578/
方言片,26794221,黄子华栋笃笑之冇炭用,2003,9.5,1319,nan,2000s,粤语,粤语,粤语,粤语（广府片/白话）,Tier 1,≈100%（推断）,纯方言/少数民族语言标签，无普通话标签（对应'全部对白为方言'的狭义纯方言片）,https://movie.douban.com/subject/26794221/
方言片,1308034,黑白森林,2003,6.6,24169,动作 / 犯罪 / 剧情,2000s,粤语,粤语,粤语,粤语（广府片/白话）,Tier 1,≈100%（推断）,纯方言/少数民族语言标签，无普通话标签（对应'全部对白为方言'的狭义纯方言片）,https://movie.douban.com/subject/1308034/
方言片,1301376,龍咁威2003,2003,6.6,5485,喜剧,2000s,粤语,粤语,粤语,粤语（广府片/白话）,Tier 1,≈100%（推断）,纯方言/少数民族语言标签，无普通话标签（对应'全部对白为方言'的狭义纯方言片）,https://movie.douban.com/subject/1301376/
方言片,1308651,龙城正月,2003,6.6,1213,剧情,2000s,粤语,粤语,粤语,粤语（广府片/白话）,Tier 1,≈100%（推断）,纯方言/少数民族语言标签，无普通话标签（对应'全部对白为方言'的狭义纯方言片）,https://movie.douban.com/subject/1308651/
方言片,1388177,A-1头条,2004,6.0,4026,剧情 / 悬疑 / 惊悚,2000s,粤语,粤语,粤语,粤语（广府片/白话）,Tier 1,≈100%（推断）,纯方言/少数民族语言标签，无普通话标签（对应'全部对白为方言'的狭义纯方言片）,https://movie.douban.com/subject/1388177/
方言片,1308795,七年很痒,2004,6.0,3196,喜剧 / 爱情,2000s,粤语,粤语,粤语,粤语（广府片/白话）,Tier 1,≈100%（推断）,纯方言/少数民族语言标签，无普通话标签（对应'全部对白为方言'的狭义纯方言片）,https://movie.douban.com/subject/1308795/
方言片,1506680,万人迷,2004,5.4,1410,喜剧 / 爱情,2000s,粤语,粤语,粤语,粤语（广府片/白话）,Tier 1,≈100%（推断）,纯方言/少数民族语言标签，无普通话标签（对应'全部对白为方言'的狭义纯方言片）,https://movie.douban.com/subject/1506680/
方言片,1358468,六壮士,2004,6.1,4010,喜剧,2000s,粤语,粤语,粤语,粤语（广府片/白话）,Tier 1,≈100%（推断）,纯方言/少数民族语言标签，无普通话标签（对应'全部对白为方言'的狭义纯方言片）,https://movie.douban.com/subject/1358468/
方言片,1308811,千机变Ⅱ花都大战,2004,5.4,80546,动作 / 冒险 / 喜剧,2000s,粤语,粤语,粤语,粤语（广府片/白话）,Tier 1,≈100%（推断）,纯方言/少数民族语言标签，无普通话标签（对应'全部对白为方言'的狭义纯方言片）,https://movie.douban.com/subject/1308811/
方言片,1483446,墨斗先生,2004,7.0,4947,喜剧 / 剧情,2000s,粤语,粤语,粤语,粤语（广府片/白话）,Tier 1,≈100%（推断）,纯方言/少数民族语言标签，无普通话标签（对应'全部对白为方言'的狭义纯方言片）,https://movie.douban.com/subject/1483446/
方言片,5316737,外婆家的向日葵,2004,6.7,144,动画 / 短片 / 家庭,2000s,粤语,粤语,粤语,粤语（广府片/白话）,Tier 1,≈100%（推断）,纯方言/少数民族语言标签，无普通话标签（对应'全部对白为方言'的狭义纯方言片）,https://movie.douban.com/subject/5316737/
方言片,1863369,外来媳妇本地郎,2004,5.8,1074,喜剧,2000s,粤语,粤语,粤语,粤语（广府片/白话）,Tier 1,≈100%（推断）,纯方言/少数民族语言标签，无普通话标签（对应'全部对白为方言'的狭义纯方言片）,https://movie.douban.com/subject/1863369/
方言片,1308803,大佬爱美丽,2004,6.2,13201,喜剧 / 动作 / 同性,2000s,粤语,粤语,粤语,粤语（广府片/白话）,Tier 1,≈100%（推断）,纯方言/少数民族语言标签，无普通话标签（对应'全部对白为方言'的狭义纯方言片）,https://movie.douban.com/subject/1308803/
方言片,1427343,大无畏,2004,5.7,938,动作,2000s,粤语,粤语,粤语,粤语（广府片/白话）,Tier 1,≈100%（推断）,纯方言/少数民族语言标签，无普通话标签（对应'全部对白为方言'的狭义纯方言片）,https://movie.douban.com/subject/1427343/
方言片,1394191,天作之盒,2004,8.0,1117,剧情,2000s,粤语,粤语,粤语,粤语（广府片/白话）,Tier 1,≈100%（推断）,纯方言/少数民族语言标签，无普通话标签（对应'全部对白为方言'的狭义纯方言片）,https://movie.douban.com/subject/1394191/
方言片,1308712,女人那话儿,2004,7.3,6241,纪录片,2000s,粤语,粤语,粤语,粤语（广府片/白话）,Tier 1,≈100%（推断）,纯方言/少数民族语言标签，无普通话标签（对应'全部对白为方言'的狭义纯方言片）,https://movie.douban.com/subject/1308712/
方言片,2069720,婚前杀行为,2004,4.1,103,喜剧 / 悬疑,2000s,粤语,粤语,粤语,粤语（广府片/白话）,Tier 1,≈100%（推断）,纯方言/少数民族语言标签，无普通话标签（对应'全部对白为方言'的狭义纯方言片）,https://movie.douban.com/subject/2069720/
方言片,1301562,少年阿虎,2004,6.0,6383,动作 / 剧情 / 爱情,2000s,粤语 / 韩语 / 英语,粤语 / 韩语 / 英语,粤语,粤语（广府片/白话）,Tier 1,≈100%（推断）,纯方言/少数民族语言标签，无普通话标签（对应'全部对白为方言'的狭义纯方言片）,https://movie.douban.com/subject/1301562/
方言片,1426842,恋情告急,2004,5.9,7788,喜剧 / 爱情,2000s,粤语,粤语,粤语,粤语（广府片/白话）,Tier 1,≈100%（推断）,纯方言/少数民族语言标签，无普通话标签（对应'全部对白为方言'的狭义纯方言片）,https://movie.douban.com/subject/1426842/
方言片,1798665,惊心动魄,2004,7.1,2048,悬疑 / 惊悚,2000s,粤语,粤语,粤语,粤语（广府片/白话）,Tier 1,≈100%（推断）,纯方言/少数民族语言标签，无普通话标签（对应'全部对白为方言'的狭义纯方言片）,https://movie.douban.com/subject/1798665/
方言片,3118172,我的电脑会说话,2004,4.4,259,科幻,2000s,粤语,粤语,粤语,粤语（广府片/白话）,Tier 1,≈100%（推断）,纯方言/少数民族语言标签，无普通话标签（对应'全部对白为方言'的狭义纯方言片）,https://movie.douban.com/subject/3118172/
方言片,1370237,我要做Model,2004,5.8,5800,喜剧,2000s,粤语,粤语,粤语,粤语（广府片/白话）,Tier 1,≈100%（推断）,纯方言/少数民族语言标签，无普通话标签（对应'全部对白为方言'的狭义纯方言片）,https://movie.douban.com/subject/1370237/
方言片,1308797,救命,2004,6.6,20142,剧情 / 恐怖 / 惊悚,2000s,粤语,粤语,粤语,粤语（广府片/白话）,Tier 1,≈100%（推断）,纯方言/少数民族语言标签，无普通话标签（对应'全部对白为方言'的狭义纯方言片）,https://movie.douban.com/subject/1308797/
方言片,3032550,新东成西就,2004,5.4,449,喜剧 / 动作,2000s,粤语,粤语,粤语,粤语（广府片/白话）,Tier 1,≈100%（推断）,纯方言/少数民族语言标签，无普通话标签（对应'全部对白为方言'的狭义纯方言片）,https://movie.douban.com/subject/3032550/
方言片,1308847,新扎师兄,2004,6.5,15065,动作,2000s,粤语,粤语,粤语,粤语（广府片/白话）,Tier 1,≈100%（推断）,纯方言/少数民族语言标签，无普通话标签（对应'全部对白为方言'的狭义纯方言片）,https://movie.douban.com/subject/1308847/
方言片,1366853,旺角黑夜,2004,7.4,50230,动作 / 剧情 / 犯罪,2000s,粤语,粤语,粤语,粤语（广府片/白话）,Tier 1,≈100%（推断）,纯方言/少数民族语言标签，无普通话标签（对应'全部对白为方言'的狭义纯方言片）,https://movie.douban.com/subject/1366853/
方言片,1308980,死亡写真,2004,5.8,846,恐怖,2000s,粤语,粤语,粤语,粤语（广府片/白话）,Tier 1,≈100%（推断）,纯方言/少数民族语言标签，无普通话标签（对应'全部对白为方言'的狭义纯方言片）,https://movie.douban.com/subject/1308980/
方言片,1438093,求爱上上签,2004,5.8,27829,喜剧 / 爱情,2000s,粤语,粤语,粤语,粤语（广府片/白话）,Tier 1,≈100%（推断）,纯方言/少数民族语言标签，无普通话标签（对应'全部对白为方言'的狭义纯方言片）,https://movie.douban.com/subject/1438093/
方言片,1422039,煎酿三宝,2004,5.6,6215,喜剧,2000s,粤语,粤语,粤语,粤语（广府片/白话）,Tier 1,≈100%（推断）,纯方言/少数民族语言标签，无普通话标签（对应'全部对白为方言'的狭义纯方言片）,https://movie.douban.com/subject/1422039/
方言片,1774999,甜丝丝,2004,6.0,2340,喜剧,2000s,粤语,粤语,粤语,粤语（广府片/白话）,Tier 1,≈100%（推断）,纯方言/少数民族语言标签，无普通话标签（对应'全部对白为方言'的狭义纯方言片）,https://movie.douban.com/subject/1774999/
方言片,1308791,男上女下,2004,6.2,1152,喜剧 / 爱情,2000s,粤语,粤语,粤语,粤语（广府片/白话）,Tier 1,≈100%（推断）,纯方言/少数民族语言标签，无普通话标签（对应'全部对白为方言'的狭义纯方言片）,https://movie.douban.com/subject/1308791/
方言片,1418500,第六计,2004,5.6,495,动作,2000s,粤语,粤语,粤语,粤语（广府片/白话）,Tier 1,≈100%（推断）,纯方言/少数民族语言标签，无普通话标签（对应'全部对白为方言'的狭义纯方言片）,https://movie.douban.com/subject/1418500/
方言片,1467242,精装追女仔2004,2004,6.2,4306,喜剧,2000s,粤语,粤语,粤语,粤语（广府片/白话）,Tier 1,≈100%（推断）,纯方言/少数民族语言标签，无普通话标签（对应'全部对白为方言'的狭义纯方言片）,https://movie.douban.com/subject/1467242/
方言片,5403938,红杏劫,2004,7.1,129,剧情,2000s,粤语,粤语,粤语,粤语（广府片/白话）,Tier 1,≈100%（推断）,纯方言/少数民族语言标签，无普通话标签（对应'全部对白为方言'的狭义纯方言片）,https://movie.douban.com/subject/5403938/
方言片,1308805,绝世好宾,2004,6.3,8209,喜剧 / 爱情,2000s,粤语,粤语,粤语,粤语（广府片/白话）,Tier 1,≈100%（推断）,纯方言/少数民族语言标签，无普通话标签（对应'全部对白为方言'的狭义纯方言片）,https://movie.douban.com/subject/1308805/
方言片,1308827,花好月圆,2004,6.1,75404,喜剧 / 爱情 / 古装,2000s,粤语,粤语,粤语,粤语（广府片/白话）,Tier 1,≈100%（推断）,纯方言/少数民族语言标签，无普通话标签（对应'全部对白为方言'的狭义纯方言片）,https://movie.douban.com/subject/1308827/
方言片,3757262,草原,2004,6.8,363,nan,2000s,藏语,藏语,藏语,中国少数民族语言,Tier 1,≈100%（推断）,纯方言/少数民族语言标签，无普通话标签（对应'全部对白为方言'的狭义纯方言片）,https://movie.douban.com/subject/3757262/
方言片,35067648,菲比寻常live,2004,9.3,154,nan,2000s,粤语,粤语,粤语,粤语（广府片/白话）,Tier 1,≈100%（推断）,纯方言/少数民族语言标签，无普通话标签（对应'全部对白为方言'的狭义纯方言片）,https://movie.douban.com/subject/35067648/
方言片,1795594,誓不低头,2004,5.3,225,动作,2000s,粤语,粤语,粤语,粤语（广府片/白话）,Tier 1,≈100%（推断）,纯方言/少数民族语言标签，无普通话标签（对应'全部对白为方言'的狭义纯方言片）,https://movie.douban.com/subject/1795594/
方言片,1424743,这个阿爸真爆炸,2004,6.1,5500,喜剧,2000s,粤语 / 英语,粤语 / 英语,粤语,粤语（广府片/白话）,Tier 1,≈100%（推断）,纯方言/少数民族语言标签，无普通话标签（对应'全部对白为方言'的狭义纯方言片）,https://movie.douban.com/subject/1424743/
方言片,1389891,追击8月15,2004,6.3,2894,喜剧 / 科幻,2000s,粤语,粤语,粤语,粤语（广府片/白话）,Tier 1,≈100%（推断）,纯方言/少数民族语言标签，无普通话标签（对应'全部对白为方言'的狭义纯方言片）,https://movie.douban.com/subject/1389891/
方言片,1477608,阿孖有难,2004,5.7,2223,喜剧 / 犯罪,2000s,粤语 / 泰语,粤语 / 泰语,粤语,粤语（广府片/白话）,Tier 1,≈100%（推断）,纯方言/少数民族语言标签，无普通话标签（对应'全部对白为方言'的狭义纯方言片）,https://movie.douban.com/subject/1477608/
方言片,1388219,飞侠小白龙,2004,5.9,8066,喜剧 / 动作 / 爱情,2000s,粤语,粤语,粤语,粤语（广府片/白话）,Tier 1,≈100%（推断）,纯方言/少数民族语言标签，无普通话标签（对应'全部对白为方言'的狭义纯方言片）,https://movie.douban.com/subject/1388219/
方言片,2362081,香港厨神,2004,4.2,321,动作 / 喜剧,2000s,粤语 / 日语,粤语 / 日语,粤语,粤语（广府片/白话）,Tier 1,≈100%（推断）,纯方言/少数民族语言标签，无普通话标签（对应'全部对白为方言'的狭义纯方言片）,https://movie.douban.com/subject/2362081/
方言片,1308743,鬼马狂想曲,2004,6.1,26334,喜剧,2000s,粤语,粤语,粤语,粤语（广府片/白话）,Tier 1,≈100%（推断）,纯方言/少数民族语言标签，无普通话标签（对应'全部对白为方言'的狭义纯方言片）,https://movie.douban.com/subject/1308743/
方言片,1308742,魔幻厨房,2004,5.6,28314,爱情 / 喜剧,2000s,粤语 / 日语,粤语 / 日语,粤语,粤语（广府片/白话）,Tier 1,≈100%（推断）,纯方言/少数民族语言标签，无普通话标签（对应'全部对白为方言'的狭义纯方言片）,https://movie.douban.com/subject/1308742/
方言片,1308858,麦兜，菠萝油王子,2004,8.1,48732,剧情 / 喜剧 / 动画,2000s,粤语,粤语,粤语,粤语（广府片/白话）,Tier 1,≈100%（推断）,纯方言/少数民族语言标签，无普通话标签（对应'全部对白为方言'的狭义纯方言片）,https://movie.douban.com/subject/1308858/
方言片,1433038,B420,2005,7.5,1398,喜剧 / 剧情,2000s,粤语,粤语,粤语,粤语（广府片/白话）,Tier 1,≈100%（推断）,纯方言/少数民族语言标签，无普通话标签（对应'全部对白为方言'的狭义纯方言片）,https://movie.douban.com/subject/1433038/
方言片,1310185,三岔口,2005,6.5,43851,剧情 / 动作 / 犯罪,2000s,粤语,粤语,粤语,粤语（广府片/白话）,Tier 1,≈100%（推断）,纯方言/少数民族语言标签，无普通话标签（对应'全部对白为方言'的狭义纯方言片）,https://movie.douban.com/subject/1310185/
方言片,1775677,凶宅,2005,5.9,268,恐怖,2000s,粤语,粤语,粤语,粤语（广府片/白话）,Tier 1,≈100%（推断）,纯方言/少数民族语言标签，无普通话标签（对应'全部对白为方言'的狭义纯方言片）,https://movie.douban.com/subject/1775677/
方言片,3065429,凶男寡女,2005,5.4,579,惊悚,2000s,粤语,粤语,粤语,粤语（广府片/白话）,Tier 1,≈100%（推断）,纯方言/少数民族语言标签，无普通话标签（对应'全部对白为方言'的狭义纯方言片）,https://movie.douban.com/subject/3065429/
方言片,1439010,十七岁的夏天,2005,6.8,114,剧情,2000s,廣東話,廣東話,廣東話,粤语（广府片/白话）,Tier 1,≈100%（推断）,纯方言/少数民族语言标签，无普通话标签（对应'全部对白为方言'的狭义纯方言片）,https://movie.douban.com/subject/1439010/
方言片,1459556,双子,2005,5.0,682,恐怖,2000s,粤语 / 日语,粤语 / 日语,粤语,粤语（广府片/白话）,Tier 1,≈100%（推断）,纯方言/少数民族语言标签，无普通话标签（对应'全部对白为方言'的狭义纯方言片）,https://movie.douban.com/subject/1459556/
方言片,1418613,后备甜心,2005,6.3,5228,爱情,2000s,粤语,粤语,粤语,粤语（广府片/白话）,Tier 1,≈100%（推断）,纯方言/少数民族语言标签，无普通话标签（对应'全部对白为方言'的狭义纯方言片）,https://movie.douban.com/subject/1418613/
方言片,1419416,喜马拉亚星,2005,5.6,50165,剧情 / 喜剧,2000s,粤语,粤语,粤语,粤语（广府片/白话）,Tier 1,≈100%（推断）,纯方言/少数民族语言标签，无普通话标签（对应'全部对白为方言'的狭义纯方言片）,https://movie.douban.com/subject/1419416/
方言片,1329562,头文字D,2005,7.7,331951,剧情 / 动作,2000s,粤语 / 英语,粤语 / 英语,粤语,粤语（广府片/白话）,Tier 1,≈100%（推断）,纯方言/少数民族语言标签，无普通话标签（对应'全部对白为方言'的狭义纯方言片）,https://movie.douban.com/subject/1329562/
方言片,1394530,好大一对羊,2005,7.2,275,剧情,2000s,云南方言,云南方言,云南方言,西南官话（川渝滇黔片） / 通用汉语方言标签,Tier 1,≈100%（推断）,纯方言/少数民族语言标签，无普通话标签（对应'全部对白为方言'的狭义纯方言片）,https://movie.douban.com/subject/1394530/
方言片,1303184,异度空间,2005,7.5,85345,剧情 / 恐怖,2000s,粤语,粤语,粤语,粤语（广府片/白话）,Tier 1,≈100%（推断）,纯方言/少数民族语言标签，无普通话标签（对应'全部对白为方言'的狭义纯方言片）,https://movie.douban.com/subject/1303184/
方言片,1437883,怪物,2005,6.5,16915,恐怖,2000s,粤语,粤语,粤语,粤语（广府片/白话）,Tier 1,≈100%（推断）,纯方言/少数民族语言标签，无普通话标签（对应'全部对白为方言'的狭义纯方言片）,https://movie.douban.com/subject/1437883/
方言片,3010994,拥抱每一刻花火,2005,6.9,532,爱情,2000s,粤语,粤语,粤语,粤语（广府片/白话）,Tier 1,≈100%（推断）,纯方言/少数民族语言标签，无普通话标签（对应'全部对白为方言'的狭义纯方言片）,https://movie.douban.com/subject/3010994/
方言片,1329962,早熟,2005,6.6,64806,剧情 / 爱情,2000s,粤语,粤语,粤语,粤语（广府片/白话）,Tier 1,≈100%（推断）,纯方言/少数民族语言标签，无普通话标签（对应'全部对白为方言'的狭义纯方言片）,https://movie.douban.com/subject/1329962/
方言片,1428602,杀破狼,2005,7.6,124770,剧情 / 动作 / 犯罪,2000s,粤语,粤语,粤语,粤语（广府片/白话）,Tier 1,≈100%（推断）,纯方言/少数民族语言标签，无普通话标签（对应'全部对白为方言'的狭义纯方言片）,https://movie.douban.com/subject/1428602/
方言片,1419985,猛龙,2005,5.8,9549,动作 / 犯罪,2000s,粤语 / 英语,粤语 / 英语,粤语,粤语（广府片/白话）,Tier 1,≈100%（推断）,纯方言/少数民族语言标签，无普通话标签（对应'全部对白为方言'的狭义纯方言片）,https://movie.douban.com/subject/1419985/
方言片,1419376,瘦身,2005,5.5,3441,惊悚,2000s,粤语,粤语,粤语,粤语（广府片/白话）,Tier 1,≈100%（推断）,纯方言/少数民族语言标签，无普通话标签（对应'全部对白为方言'的狭义纯方言片）,https://movie.douban.com/subject/1419376/
方言片,2277408,白发鬼,2005,4.9,581,恐怖,2000s,粤语,粤语,粤语,粤语（广府片/白话）,Tier 1,≈100%（推断）,纯方言/少数民族语言标签，无普通话标签（对应'全部对白为方言'的狭义纯方言片）,https://movie.douban.com/subject/2277408/
方言片,6521922,碎片,2005,7.6,112,纪录片,2000s,昆明话,昆明话,昆明话,西南官话（川渝滇黔片）,Tier 1,≈100%（推断）,纯方言/少数民族语言标签，无普通话标签（对应'全部对白为方言'的狭义纯方言片）,https://movie.douban.com/subject/6521922/
方言片,1309297,神经侠侣,2005,7.1,30706,剧情 / 喜剧,2000s,粤语,粤语,粤语,粤语（广府片/白话）,Tier 1,≈100%（推断）,纯方言/少数民族语言标签，无普通话标签（对应'全部对白为方言'的狭义纯方言片）,https://movie.douban.com/subject/1309297/
方言片,1427834,童梦奇缘,2005,6.5,42581,喜剧 / 剧情 / 奇幻,2000s,粤语,粤语,粤语,粤语（广府片/白话）,Tier 1,≈100%（推断）,纯方言/少数民族语言标签，无普通话标签（对应'全部对白为方言'的狭义纯方言片）,https://movie.douban.com/subject/1427834/
方言片,1364764,精武家庭,2005,5.7,24935,动作 / 喜剧,2000s,粤语,粤语,粤语,粤语（广府片/白话）,Tier 1,≈100%（推断）,纯方言/少数民族语言标签，无普通话标签（对应'全部对白为方言'的狭义纯方言片）,https://movie.douban.com/subject/1364764/
方言片,1479807,绿草地,2005,7.6,2877,喜剧 / 剧情,2000s,Mongolian,mongolian,mongolian,中国少数民族语言,Tier 1,≈100%（推断）,纯方言/少数民族语言标签，无普通话标签（对应'全部对白为方言'的狭义纯方言片）,https://movie.douban.com/subject/1479807/
方言片,1947335,背鸭子的男孩,2005,7.2,1763,剧情,2000s,四川话,四川话,四川话,西南官话（川渝滇黔片）,Tier 1,≈100%（推断）,纯方言/少数民族语言标签，无普通话标签（对应'全部对白为方言'的狭义纯方言片）,https://movie.douban.com/subject/1947335/
方言片,1426819,虫不知,2005,5.8,11988,奇幻 / 歌舞 / 爱情,2000s,粤语,粤语,粤语,粤语（广府片/白话）,Tier 1,≈100%（推断）,纯方言/少数民族语言标签，无普通话标签（对应'全部对白为方言'的狭义纯方言片）,https://movie.douban.com/subject/1426819/
方言片,1309217,见鬼十法,2005,6.5,19213,喜剧 / 恐怖 / 惊悚,2000s,粤语 / 泰语 / 英语,粤语 / 泰语 / 英语,粤语,粤语（广府片/白话）,Tier 1,≈100%（推断）,纯方言/少数民族语言标签，无普通话标签（对应'全部对白为方言'的狭义纯方言片）,https://movie.douban.com/subject/1309217/
方言片,1397351,追踪眼前人,2005,6.5,220,爱情 / 惊悚,2000s,粤语,粤语,粤语,粤语（广府片/白话）,Tier 1,≈100%（推断）,纯方言/少数民族语言标签，无普通话标签（对应'全部对白为方言'的狭义纯方言片）,https://movie.douban.com/subject/1397351/
方言片,1410695,阿嫂,2005,5.3,8986,犯罪 / 剧情,2000s,粤语,粤语,粤语,粤语（广府片/白话）,Tier 1,≈100%（推断）,纯方言/少数民族语言标签，无普通话标签（对应'全部对白为方言'的狭义纯方言片）,https://movie.douban.com/subject/1410695/
方言片,1410822,雀圣,2005,5.9,16399,喜剧,2000s,粤语,粤语,粤语,粤语（广府片/白话）,Tier 1,≈100%（推断）,纯方言/少数民族语言标签，无普通话标签（对应'全部对白为方言'的狭义纯方言片）,https://movie.douban.com/subject/1410822/
方言片,1444595,雀圣2：自摸天后,2005,6.0,18412,喜剧,2000s,粤语,粤语,粤语,粤语（广府片/白话）,Tier 1,≈100%（推断）,纯方言/少数民族语言标签，无普通话标签（对应'全部对白为方言'的狭义纯方言片）,https://movie.douban.com/subject/1444595/
方言片,1323749,青春梦工场,2005,8.0,47709,喜剧 / 剧情 / 爱情,2000s,粤语,粤语,粤语,粤语（广府片/白话）,Tier 1,≈100%（推断）,纯方言/少数民族语言标签，无普通话标签（对应'全部对白为方言'的狭义纯方言片）,https://movie.douban.com/subject/1323749/
方言片,1756057,静静的嘛呢石,2005,8.2,3864,剧情,2000s,藏语,藏语,藏语,中国少数民族语言,Tier 1,≈100%（推断）,纯方言/少数民族语言标签，无普通话标签（对应'全部对白为方言'的狭义纯方言片）,https://movie.douban.com/subject/1756057/
方言片,1432073,非常青春期,2005,6.1,269,爱情,2000s,粤语 / 英语,粤语 / 英语,粤语,粤语（广府片/白话）,Tier 1,≈100%（推断）,纯方言/少数民族语言标签，无普通话标签（对应'全部对白为方言'的狭义纯方言片）,https://movie.douban.com/subject/1432073/
方言片,1806697,飘移凶间,2005,4.4,223,悬疑 / 恐怖,2000s,粤语,粤语,粤语,粤语（广府片/白话）,Tier 1,≈100%（推断）,纯方言/少数民族语言标签，无普通话标签（对应'全部对白为方言'的狭义纯方言片）,https://movie.douban.com/subject/1806697/
方言片,5969288,飞越大长针,2005,7.3,192,喜剧 / 爱情 / 奇幻,2000s,粤语,粤语,粤语,粤语（广府片/白话）,Tier 1,≈100%（推断）,纯方言/少数民族语言标签，无普通话标签（对应'全部对白为方言'的狭义纯方言片）,https://movie.douban.com/subject/5969288/
方言片,1464901,黑白战场,2005,6.1,3636,犯罪 / 剧情,2000s,粤语,粤语,粤语,粤语（广府片/白话）,Tier 1,≈100%（推断）,纯方言/少数民族语言标签，无普通话标签（对应'全部对白为方言'的狭义纯方言片）,https://movie.douban.com/subject/1464901/
方言片,1419584,龙咁威2,2005,6.3,3798,动作 / 喜剧 / 剧情,2000s,粤语 / 英语 / 法语 / 日语,粤语 / 英语 / 法语 / 日语,粤语,粤语（广府片/白话）,Tier 1,≈100%（推断）,纯方言/少数民族语言标签，无普通话标签（对应'全部对白为方言'的狭义纯方言片）,https://movie.douban.com/subject/1419584/
方言片,1922634,3分钟先生,2006,5.8,3630,喜剧,2000s,粤语,粤语,粤语,粤语（广府片/白话）,Tier 1,≈100%（推断）,纯方言/少数民族语言标签，无普通话标签（对应'全部对白为方言'的狭义纯方言片）,https://movie.douban.com/subject/1922634/
方言片,1872133,三峡好人,2006,8.3,114263,剧情 / 爱情,2000s,四川话 / 晋语,四川话 / 晋语,四川话 / 晋语,西南官话（川渝滇黔片） / 晋语,Tier 1,≈100%（推断）,纯方言/少数民族语言标签，无普通话标签（对应'全部对白为方言'的狭义纯方言片）,https://movie.douban.com/subject/1872133/
方言片,1468155,伊莎贝拉,2006,7.6,70828,剧情,2000s,粤语,粤语,粤语,粤语（广府片/白话）,Tier 1,≈100%（推断）,纯方言/少数民族语言标签，无普通话标签（对应'全部对白为方言'的狭义纯方言片）,https://movie.douban.com/subject/1468155/
方言片,1867408,伤城,2006,6.8,94128,犯罪 / 剧情 / 惊悚,2000s,粤语,粤语,粤语,粤语（广府片/白话）,Tier 1,≈100%（推断）,纯方言/少数民族语言标签，无普通话标签（对应'全部对白为方言'的狭义纯方言片）,https://movie.douban.com/subject/1867408/
方言片,1858172,僵尸秘籍,2006,4.6,669,喜剧 / 恐怖 / 爱情,2000s,粤语,粤语,粤语,粤语（广府片/白话）,Tier 1,≈100%（推断）,纯方言/少数民族语言标签，无普通话标签（对应'全部对白为方言'的狭义纯方言片）,https://movie.douban.com/subject/1858172/
方言片,2043497,八月的故事,2006,7.2,1382,剧情 / 爱情 / 短片,2000s,粤语,粤语,粤语,粤语（广府片/白话）,Tier 1,≈100%（推断）,纯方言/少数民族语言标签，无普通话标签（对应'全部对白为方言'的狭义纯方言片）,https://movie.douban.com/subject/2043497/
方言片,1767088,半醉人间,2006,7.6,1793,爱情,2000s,粤语,粤语,粤语,粤语（广府片/白话）,Tier 1,≈100%（推断）,纯方言/少数民族语言标签，无普通话标签（对应'全部对白为方言'的狭义纯方言片）,https://movie.douban.com/subject/1767088/
方言片,1779509,四大天王,2006,7.0,5801,喜剧 / 剧情 / 音乐,2000s,粤语 / 英语,粤语 / 英语,粤语,粤语（广府片/白话）,Tier 1,≈100%（推断）,纯方言/少数民族语言标签，无普通话标签（对应'全部对白为方言'的狭义纯方言片）,https://movie.douban.com/subject/1779509/
方言片,1890558,大丈夫2,2006,6.1,6456,喜剧 / 剧情,2000s,粤语,粤语,粤语,粤语（广府片/白话）,Tier 1,≈100%（推断）,纯方言/少数民族语言标签，无普通话标签（对应'全部对白为方言'的狭义纯方言片）,https://movie.douban.com/subject/1890558/
方言片,1886896,妄想,2006,6.2,6094,恐怖 / 惊悚,2000s,粤语,粤语,粤语,粤语（广府片/白话）,Tier 1,≈100%（推断）,纯方言/少数民族语言标签，无普通话标签（对应'全部对白为方言'的狭义纯方言片）,https://movie.douban.com/subject/1886896/
方言片,1998091,小心眼,2006,5.1,262,惊悚,2000s,粤语,粤语,粤语,粤语（广府片/白话）,Tier 1,≈100%（推断）,纯方言/少数民族语言标签，无普通话标签（对应'全部对白为方言'的狭义纯方言片）,https://movie.douban.com/subject/1998091/
方言片,2305516,少林僵尸天极,2006,4.3,320,动作 / 恐怖,2000s,粤语,粤语,粤语,粤语（广府片/白话）,Tier 1,≈100%（推断）,纯方言/少数民族语言标签，无普通话标签（对应'全部对白为方言'的狭义纯方言片）,https://movie.douban.com/subject/2305516/
方言片,3040754,左麟右李,2006,4.7,983,喜剧,2000s,粤语,粤语,粤语,粤语（广府片/白话）,Tier 1,≈100%（推断）,纯方言/少数民族语言标签，无普通话标签（对应'全部对白为方言'的狭义纯方言片）,https://movie.douban.com/subject/3040754/
方言片,1777200,得闲饮茶,2006,6.5,2833,喜剧 / 爱情,2000s,粤语,粤语,粤语,粤语（广府片/白话）,Tier 1,≈100%（推断）,纯方言/少数民族语言标签，无普通话标签（对应'全部对白为方言'的狭义纯方言片）,https://movie.douban.com/subject/1777200/
方言片,1908385,恋爱初歌,2006,6.1,2370,剧情 / 音乐 / 爱情,2000s,粤语,粤语,粤语,粤语（广府片/白话）,Tier 1,≈100%（推断）,纯方言/少数民族语言标签，无普通话标签（对应'全部对白为方言'的狭义纯方言片）,https://movie.douban.com/subject/1908385/
方言片,1890556,情意拳拳,2006,5.8,1656,喜剧 / 爱情,2000s,粤语,粤语,粤语,粤语（广府片/白话）,Tier 1,≈100%（推断）,纯方言/少数民族语言标签，无普通话标签（对应'全部对白为方言'的狭义纯方言片）,https://movie.douban.com/subject/1890556/
方言片,1890567,打雀英雄传,2006,5.3,2601,喜剧,2000s,粤语,粤语,粤语,粤语（广府片/白话）,Tier 1,≈100%（推断）,纯方言/少数民族语言标签，无普通话标签（对应'全部对白为方言'的狭义纯方言片）,https://movie.douban.com/subject/1890567/
方言片,1945083,提防老千,2006,5.9,3335,犯罪 / 悬疑,2000s,粤语,粤语,粤语,粤语（广府片/白话）,Tier 1,≈100%（推断）,纯方言/少数民族语言标签，无普通话标签（对应'全部对白为方言'的狭义纯方言片）,https://movie.douban.com/subject/1945083/
方言片,1790577,放·逐,2006,8.2,100725,惊悚 / 犯罪,2000s,粤语,粤语,粤语,粤语（广府片/白话）,Tier 1,≈100%（推断）,纯方言/少数民族语言标签，无普通话标签（对应'全部对白为方言'的狭义纯方言片）,https://movie.douban.com/subject/1790577/
方言片,1815487,新扎师妹3,2006,4.7,5284,喜剧,2000s,粤语,粤语,粤语,粤语（广府片/白话）,Tier 1,≈100%（推断）,纯方言/少数民族语言标签，无普通话标签（对应'全部对白为方言'的狭义纯方言片）,https://movie.douban.com/subject/1815487/
方言片,1468154,春田花花同学会,2006,6.2,41042,动画 / 喜剧 / 奇幻,2000s,粤语,粤语,粤语,粤语（广府片/白话）,Tier 1,≈100%（推断）,纯方言/少数民族语言标签，无普通话标签（对应'全部对白为方言'的狭义纯方言片）,https://movie.douban.com/subject/1468154/
方言片,1464338,最爱女人购物狂,2006,6.2,51464,喜剧 / 爱情,2000s,粤语,粤语,粤语,粤语（广府片/白话）,Tier 1,≈100%（推断）,纯方言/少数民族语言标签，无普通话标签（对应'全部对白为方言'的狭义纯方言片）,https://movie.douban.com/subject/1464338/
方言片,2245186,槟榔,2006,6.7,285,剧情,2000s,湘西方言,湘西方言,湘西方言,湘语 / 通用汉语方言标签,Tier 1,≈100%（推断）,纯方言/少数民族语言标签，无普通话标签（对应'全部对白为方言'的狭义纯方言片）,https://movie.douban.com/subject/2245186/
方言片,1872003,死心不息,2006,6.3,110,剧情,2000s,粤语,粤语,粤语,粤语（广府片/白话）,Tier 1,≈100%（推断）,纯方言/少数民族语言标签，无普通话标签（对应'全部对白为方言'的狭义纯方言片）,https://movie.douban.com/subject/1872003/
方言片,1479110,犀照,2006,6.0,4929,剧情 / 悬疑 / 惊悚,2000s,粤语,粤语,粤语,粤语（广府片/白话）,Tier 1,≈100%（推断）,纯方言/少数民族语言标签，无普通话标签（对应'全部对白为方言'的狭义纯方言片）,https://movie.douban.com/subject/1479110/
方言片,3012257,独家试爱,2006,7.2,36268,喜剧 / 爱情,2000s,粤语,粤语,粤语,粤语（广府片/白话）,Tier 1,≈100%（推断）,纯方言/少数民族语言标签，无普通话标签（对应'全部对白为方言'的狭义纯方言片）,https://movie.douban.com/subject/3012257/
方言片,1897368,生死拳,2006,6.9,5089,动作,2000s,粤语 / 英语,粤语 / 英语,粤语,粤语（广府片/白话）,Tier 1,≈100%（推断）,纯方言/少数民族语言标签，无普通话标签（对应'全部对白为方言'的狭义纯方言片）,https://movie.douban.com/subject/1897368/
方言片,1813966,疯狂主妇,2006,7.1,652,剧情 / 喜剧,2000s,粤语,粤语,粤语,粤语（广府片/白话）,Tier 1,≈100%（推断）,纯方言/少数民族语言标签，无普通话标签（对应'全部对白为方言'的狭义纯方言片）,https://movie.douban.com/subject/1813966/
方言片,3042395,精武真英雄,2006,3.7,157,动作,2000s,粤语,粤语,粤语,粤语（广府片/白话）,Tier 1,≈100%（推断）,纯方言/少数民族语言标签，无普通话标签（对应'全部对白为方言'的狭义纯方言片）,https://movie.douban.com/subject/3042395/
方言片,1922648,至尊无赖,2006,5.4,3143,动作 / 喜剧,2000s,粵語,粵語,粵語,粤语（广府片/白话）,Tier 1,≈100%（推断）,纯方言/少数民族语言标签，无普通话标签（对应'全部对白为方言'的狭义纯方言片）,https://movie.douban.com/subject/1922648/
方言片,1865887,谈谈情 说说性,2006,6.0,1024,剧情 / 喜剧 / 爱情,2000s,粤语,粤语,粤语,粤语（广府片/白话）,Tier 1,≈100%（推断）,纯方言/少数民族语言标签，无普通话标签（对应'全部对白为方言'的狭义纯方言片）,https://movie.douban.com/subject/1865887/
方言片,1493501,超班宝宝,2006,6.0,255,喜剧 / 动作,2000s,粤语,粤语,粤语,粤语（广府片/白话）,Tier 1,≈100%（推断）,纯方言/少数民族语言标签，无普通话标签（对应'全部对白为方言'的狭义纯方言片）,https://movie.douban.com/subject/1493501/
方言片,1758336,野蛮秘笈,2006,4.9,12806,动作 / 喜剧 / 奇幻,2000s,粤语,粤语,粤语,粤语（广府片/白话）,Tier 1,≈100%（推断）,纯方言/少数民族语言标签，无普通话标签（对应'全部对白为方言'的狭义纯方言片）,https://movie.douban.com/subject/1758336/
方言片,1778999,鬼域,2006,6.6,13893,奇幻 / 恐怖 / 悬疑,2000s,粤语,粤语,粤语,粤语（广府片/白话）,Tier 1,≈100%（推断）,纯方言/少数民族语言标签，无普通话标签（对应'全部对白为方言'的狭义纯方言片）,https://movie.douban.com/subject/1778999/
方言片,1758339,鬼眼刑警,2006,5.5,1061,惊悚,2000s,粤语,粤语,粤语,粤语（广府片/白话）,Tier 1,≈100%（推断）,纯方言/少数民族语言标签，无普通话标签（对应'全部对白为方言'的狭义纯方言片）,https://movie.douban.com/subject/1758339/
方言片,26703286,黄子华栋笃笑之儿童不宜成人之危,2006,9.4,1899,脱口秀,2000s,粤语,粤语,粤语,粤语（广府片/白话）,Tier 1,≈100%（推断）,纯方言/少数民族语言标签，无普通话标签（对应'全部对白为方言'的狭义纯方言片）,https://movie.douban.com/subject/26703286/
方言片,1865108,黑白道,2006,6.8,10960,犯罪 / 剧情,2000s,粤语,粤语,粤语,粤语（广府片/白话）,Tier 1,≈100%（推断）,纯方言/少数民族语言标签，无普通话标签（对应'全部对白为方言'的狭义纯方言片）,https://movie.douban.com/subject/1865108/
方言片,1308970,龙腾虎跃,2006,5.0,175,动作,2000s,粤语,粤语,粤语,粤语（广府片/白话）,Tier 1,≈100%（推断）,纯方言/少数民族语言标签，无普通话标签（对应'全部对白为方言'的狭义纯方言片）,https://movie.douban.com/subject/1308970/
方言片,1478926,龙虎门,2006,5.9,70415,剧情 / 动作 / 奇幻,2000s,粤语,粤语,粤语,粤语（广府片/白话）,Tier 1,≈100%（推断）,纯方言/少数民族语言标签，无普通话标签（对应'全部对白为方言'的狭义纯方言片）,https://movie.douban.com/subject/1478926/
方言片,2131784,A货B货,2007,5.8,359,剧情,2000s,粤语,粤语,粤语,粤语（广府片/白话）,Tier 1,≈100%（推断）,纯方言/少数民族语言标签，无普通话标签（对应'全部对白为方言'的狭义纯方言片）,https://movie.douban.com/subject/2131784/
方言片,2263112,C+侦探,2007,6.7,29702,剧情 / 悬疑,2000s,粤语,粤语,粤语,粤语（广府片/白话）,Tier 1,≈100%（推断）,纯方言/少数民族语言标签，无普通话标签（对应'全部对白为方言'的狭义纯方言片）,https://movie.douban.com/subject/2263112/
方言片,2075501,一楼一鬼,2007,5.9,1633,恐怖,2000s,粤语,粤语,粤语,粤语（广府片/白话）,Tier 1,≈100%（推断）,纯方言/少数民族语言标签，无普通话标签（对应'全部对白为方言'的狭义纯方言片）,https://movie.douban.com/subject/2075501/
方言片,2297004,七擒七纵七色狼,2007,3.9,2848,剧情 / 喜剧 / 歌舞,2000s,粤语,粤语,粤语,粤语（广府片/白话）,Tier 1,≈100%（推断）,纯方言/少数民族语言标签，无普通话标签（对应'全部对白为方言'的狭义纯方言片）,https://movie.douban.com/subject/2297004/
方言片,3012728,临歧,2007,6.8,822,剧情 / 犯罪,2000s,粤语,粤语,粤语,粤语（广府片/白话）,Tier 1,≈100%（推断）,纯方言/少数民族语言标签，无普通话标签（对应'全部对白为方言'的狭义纯方言片）,https://movie.douban.com/subject/3012728/
方言片,2278017,兄弟,2007,6.2,22462,剧情 / 动作,2000s,粤语,粤语,粤语,粤语（广府片/白话）,Tier 1,≈100%（推断）,纯方言/少数民族语言标签，无普通话标签（对应'全部对白为方言'的狭义纯方言片）,https://movie.douban.com/subject/2278017/
方言片,2229427,出埃及记,2007,7.1,30727,喜剧 / 犯罪 / 剧情,2000s,粤语,粤语,粤语,粤语（广府片/白话）,Tier 1,≈100%（推断）,纯方言/少数民族语言标签，无普通话标签（对应'全部对白为方言'的狭义纯方言片）,https://movie.douban.com/subject/2229427/
方言片,2043465,十分爱,2007,7.2,43316,爱情,2000s,粤语,粤语,粤语,粤语（广府片/白话）,Tier 1,≈100%（推断）,纯方言/少数民族语言标签，无普通话标签（对应'全部对白为方言'的狭义纯方言片）,https://movie.douban.com/subject/2043465/
方言片,2119423,单身部落,2007,6.2,4531,喜剧 / 爱情,2000s,粤语,粤语,粤语,粤语（广府片/白话）,Tier 1,≈100%（推断）,纯方言/少数民族语言标签，无普通话标签（对应'全部对白为方言'的狭义纯方言片）,https://movie.douban.com/subject/2119423/
方言片,2378635,南茜的早晨,2007,7.6,9071,动画 / 短片,2000s,粤语,粤语,粤语,粤语（广府片/白话）,Tier 1,≈100%（推断）,纯方言/少数民族语言标签，无普通话标签（对应'全部对白为方言'的狭义纯方言片）,https://movie.douban.com/subject/2378635/
方言片,2230889,危险人物,2007,6.0,1111,犯罪,2000s,粤语,粤语,粤语,粤语（广府片/白话）,Tier 1,≈100%（推断）,纯方言/少数民族语言标签，无普通话标签（对应'全部对白为方言'的狭义纯方言片）,https://movie.douban.com/subject/2230889/
方言片,2971788,另一半,2007,7.4,470,喜剧 / 剧情,2000s,四川话,四川话,四川话,西南官话（川渝滇黔片）,Tier 1,≈100%（推断）,纯方言/少数民族语言标签，无普通话标签（对应'全部对白为方言'的狭义纯方言片）,https://movie.douban.com/subject/2971788/
方言片,1966121,呖咕呖咕对对碰,2007,5.4,3513,喜剧,2000s,粤语,粤语,粤语,粤语（广府片/白话）,Tier 1,≈100%（推断）,纯方言/少数民族语言标签，无普通话标签（对应'全部对白为方言'的狭义纯方言片）,https://movie.douban.com/subject/1966121/
方言片,2136071,女人本色,2007,6.1,10950,剧情,2000s,粤语,粤语,粤语,粤语（广府片/白话）,Tier 1,≈100%（推断）,纯方言/少数民族语言标签，无普通话标签（对应'全部对白为方言'的狭义纯方言片）,https://movie.douban.com/subject/2136071/
方言片,2053668,寄生人,2007,5.4,1973,惊悚,2000s,粤语,粤语,粤语,粤语（广府片/白话）,Tier 1,≈100%（推断）,纯方言/少数民族语言标签，无普通话标签（对应'全部对白为方言'的狭义纯方言片）,https://movie.douban.com/subject/2053668/
方言片,2153266,开水要烫，姑娘要壮,2007,8.1,334,剧情,2000s,苗语,苗语,苗语,中国少数民族语言,Tier 1,≈100%（推断）,纯方言/少数民族语言标签，无普通话标签（对应'全部对白为方言'的狭义纯方言片）,https://movie.douban.com/subject/2153266/
方言片,2035125,异冢,2007,3.4,912,剧情 / 悬疑 / 惊悚,2000s,粤语,粤语,粤语,粤语（广府片/白话）,Tier 1,≈100%（推断）,纯方言/少数民族语言标签，无普通话标签（对应'全部对白为方言'的狭义纯方言片）,https://movie.douban.com/subject/2035125/
方言片,1966105,心想事成,2007,5.5,3172,喜剧 / 奇幻 / 爱情,2000s,粤语,粤语,粤语,粤语（广府片/白话）,Tier 1,≈100%（推断）,纯方言/少数民族语言标签，无普通话标签（对应'全部对白为方言'的狭义纯方言片）,https://movie.douban.com/subject/1966105/
方言片,3724025,性气功之探秘,2007,4.5,115,剧情,2000s,粤语,粤语,粤语,粤语（广府片/白话）,Tier 1,≈100%（推断）,纯方言/少数民族语言标签，无普通话标签（对应'全部对白为方言'的狭义纯方言片）,https://movie.douban.com/subject/3724025/
方言片,2568032,恐惧元素,2007,3.4,218,恐怖 / 惊悚,2000s,粤语,粤语,粤语,粤语（广府片/白话）,Tier 1,≈100%（推断）,纯方言/少数民族语言标签，无普通话标签（对应'全部对白为方言'的狭义纯方言片）,https://movie.douban.com/subject/2568032/
方言片,2067505,戏王之王,2007,6.0,8546,喜剧,2000s,粤语,粤语,粤语,粤语（广府片/白话）,Tier 1,≈100%（推断）,纯方言/少数民族语言标签，无普通话标签（对应'全部对白为方言'的狭义纯方言片）,https://movie.douban.com/subject/2067505/
方言片,2036996,校墓处,2007,5.8,12036,恐怖,2000s,粤语,粤语,粤语,粤语（广府片/白话）,Tier 1,≈100%（推断）,纯方言/少数民族语言标签，无普通话标签（对应'全部对白为方言'的狭义纯方言片）,https://movie.douban.com/subject/2036996/
方言片,2030560,森冤,2007,4.6,3940,犯罪 / 恐怖 / 惊悚,2000s,粤语,粤语,粤语,粤语（广府片/白话）,Tier 1,≈100%（推断）,纯方言/少数民族语言标签，无普通话标签（对应'全部对白为方言'的狭义纯方言片）,https://movie.douban.com/subject/2030560/
方言片,2070367,每当变幻时,2007,8.0,48163,喜剧 / 剧情 / 爱情,2000s,粤语,粤语,粤语,粤语（广府片/白话）,Tier 1,≈100%（推断）,纯方言/少数民族语言标签，无普通话标签（对应'全部对白为方言'的狭义纯方言片）,https://movie.douban.com/subject/2070367/
方言片,3534425,游园地,2007,7.3,950,剧情 / 同性,2000s,粤语,粤语,粤语,粤语（广府片/白话）,Tier 1,≈100%（推断）,纯方言/少数民族语言标签，无普通话标签（对应'全部对白为方言'的狭义纯方言片）,https://movie.douban.com/subject/3534425/
方言片,1951318,生日快乐,2007,7.1,60044,爱情,2000s,粤语 / 日语,粤语 / 日语,粤语,粤语（广府片/白话）,Tier 1,≈100%（推断）,纯方言/少数民族语言标签，无普通话标签（对应'全部对白为方言'的狭义纯方言片）,https://movie.douban.com/subject/1951318/
方言片,2043458,疯狂粉丝王,2007,5.0,2087,喜剧 / 爱情,2000s,粤语,粤语,粤语,粤语（广府片/白话）,Tier 1,≈100%（推断）,纯方言/少数民族语言标签，无普通话标签（对应'全部对白为方言'的狭义纯方言片）,https://movie.douban.com/subject/2043458/
方言片,2063528,盲山,2007,8.6,133999,剧情 / 犯罪,2000s,四川话 / 陕西话,四川话 / 陕西话,四川话 / 陕西话,西南官话（川渝滇黔片） / 中原/兰银官话,Tier 1,≈100%（推断）,纯方言/少数民族语言标签，无普通话标签（对应'全部对白为方言'的狭义纯方言片）,https://movie.douban.com/subject/2063528/
方言片,2255999,神枪手与智多星,2007,5.6,6489,动作 / 喜剧 / 犯罪,2000s,粤语,粤语,粤语,粤语（广府片/白话）,Tier 1,≈100%（推断）,纯方言/少数民族语言标签，无普通话标签（对应'全部对白为方言'的狭义纯方言片）,https://movie.douban.com/subject/2255999/
方言片,2124737,第十九层空间,2007,4.1,8820,惊悚,2000s,粤语,粤语,粤语,粤语（广府片/白话）,Tier 1,≈100%（推断）,纯方言/少数民族语言标签，无普通话标签（对应'全部对白为方言'的狭义纯方言片）,https://movie.douban.com/subject/2124737/
方言片,2053653,美女食神,2007,4.9,2070,喜剧,2000s,粤语,粤语,粤语,粤语（广府片/白话）,Tier 1,≈100%（推断）,纯方言/少数民族语言标签，无普通话标签（对应'全部对白为方言'的狭义纯方言片）,https://movie.douban.com/subject/2053653/
方言片,4236191,葬礼上的角斗,2007,5.1,2230,剧情 / 动作,2000s,粤语,粤语,粤语,粤语（广府片/白话）,Tier 1,≈100%（推断）,纯方言/少数民族语言标签，无普通话标签（对应'全部对白为方言'的狭义纯方言片）,https://movie.douban.com/subject/4236191/
方言片,2992769,血蝉,2007,7.0,720,剧情,2000s,汉语方言,汉语方言,汉语方言,通用汉语方言标签,Tier 1,≈100%（推断）,纯方言/少数民族语言标签，无普通话标签（对应'全部对白为方言'的狭义纯方言片）,https://movie.douban.com/subject/2992769/
方言片,25810998,越大镬越快乐,2007,9.5,2310,真人秀,2000s,粤语,粤语,粤语,粤语（广府片/白话）,Tier 1,≈100%（推断）,纯方言/少数民族语言标签，无普通话标签（对应'全部对白为方言'的狭义纯方言片）,https://movie.douban.com/subject/25810998/
方言片,1947114,跟踪,2007,7.3,39454,犯罪 / 惊悚,2000s,粤语 / 英语,粤语 / 英语,粤语,粤语（广府片/白话）,Tier 1,≈100%（推断）,纯方言/少数民族语言标签，无普通话标签（对应'全部对白为方言'的狭义纯方言片）,https://movie.douban.com/subject/1947114/
方言片,2064441,野·良犬,2007,7.2,5313,剧情,2000s,粤语,粤语,粤语,粤语（广府片/白话）,Tier 1,≈100%（推断）,纯方言/少数民族语言标签，无普通话标签（对应'全部对白为方言'的狭义纯方言片）,https://movie.douban.com/subject/2064441/
方言片,2361528,错爱,2007,5.9,9613,恐怖,2000s,粤语,粤语,粤语,粤语（广府片/白话）,Tier 1,≈100%（推断）,纯方言/少数民族语言标签，无普通话标签（对应'全部对白为方言'的狭义纯方言片）,https://movie.douban.com/subject/2361528/
方言片,1962230,雀圣3自摸三百番,2007,5.7,8592,喜剧,2000s,粤语,粤语,粤语,粤语（广府片/白话）,Tier 1,≈100%（推断）,纯方言/少数民族语言标签，无普通话标签（对应'全部对白为方言'的狭义纯方言片）,https://movie.douban.com/subject/1962230/
方言片,2170951,集体回忆 - 张国荣,2007,9.4,1140,传记 / 纪录片,2000s,粤语,粤语,粤语,粤语（广府片/白话）,Tier 1,≈100%（推断）,纯方言/少数民族语言标签，无普通话标签（对应'全部对白为方言'的狭义纯方言片）,https://movie.douban.com/subject/2170951/
方言片,2245126,魔术男,2007,7.0,520,爱情,2000s,粤语 / 日语,粤语 / 日语,粤语,粤语（广府片/白话）,Tier 1,≈100%（推断）,纯方言/少数民族语言标签，无普通话标签（对应'全部对白为方言'的狭义纯方言片）,https://movie.douban.com/subject/2245126/
方言片,3005496,一个好爸爸,2008,7.1,35255,剧情 / 家庭,2000s,粤语,粤语,粤语,粤语（广府片/白话）,Tier 1,≈100%（推断）,纯方言/少数民族语言标签，无普通话标签（对应'全部对白为方言'的狭义纯方言片）,https://movie.douban.com/subject/3005496/
方言片,3212102,三不管,2008,4.9,1595,动作 / 惊悚,2000s,粤语,粤语,粤语,粤语（广府片/白话）,Tier 1,≈100%（推断）,纯方言/少数民族语言标签，无普通话标签（对应'全部对白为方言'的狭义纯方言片）,https://movie.douban.com/subject/3212102/
方言片,3082396,六楼后座2家属谢礼,2008,6.5,5814,喜剧,2000s,粤语,粤语,粤语,粤语（广府片/白话）,Tier 1,≈100%（推断）,纯方言/少数民族语言标签，无普通话标签（对应'全部对白为方言'的狭义纯方言片）,https://movie.douban.com/subject/3082396/
方言片,3148571,内衣少女,2008,5.8,18990,喜剧,2000s,粤语,粤语,粤语,粤语（广府片/白话）,Tier 1,≈100%（推断）,纯方言/少数民族语言标签，无普通话标签（对应'全部对白为方言'的狭义纯方言片）,https://movie.douban.com/subject/3148571/
方言片,2992042,再见古惑仔,2008,6.1,5206,动作,2000s,粤语 / 英语,粤语 / 英语,粤语,粤语（广府片/白话）,Tier 1,≈100%（推断）,纯方言/少数民族语言标签，无普通话标签（对应'全部对白为方言'的狭义纯方言片）,https://movie.douban.com/subject/2992042/
方言片,3280079,剑蝶,2008,4.9,21834,动作 / 爱情,2000s,粤语,粤语,粤语,粤语（广府片/白话）,Tier 1,≈100%（推断）,纯方言/少数民族语言标签，无普通话标签（对应'全部对白为方言'的狭义纯方言片）,https://movie.douban.com/subject/3280079/
方言片,3015840,吓死你！,2008,5.0,1364,剧情 / 恐怖 / 悬疑,2000s,粤语,粤语,粤语,粤语（广府片/白话）,Tier 1,≈100%（推断）,纯方言/少数民族语言标签，无普通话标签（对应'全部对白为方言'的狭义纯方言片）,https://movie.douban.com/subject/3015840/
方言片,3024654,围城,2008,7.3,4161,剧情,2000s,粤语,粤语,粤语,粤语（广府片/白话）,Tier 1,≈100%（推断）,纯方言/少数民族语言标签，无普通话标签（对应'全部对白为方言'的狭义纯方言片）,https://movie.douban.com/subject/3024654/
方言片,3151703,大四喜,2008,4.6,2532,喜剧,2000s,粤语,粤语,粤语,粤语（广府片/白话）,Tier 1,≈100%（推断）,纯方言/少数民族语言标签，无普通话标签（对应'全部对白为方言'的狭义纯方言片）,https://movie.douban.com/subject/3151703/
方言片,4176581,大酒楼,2008,7.4,194,剧情 / 纪录片 / 家庭,2000s,四川话,四川话,四川话,西南官话（川渝滇黔片）,Tier 1,≈100%（推断）,纯方言/少数民族语言标签，无普通话标签（对应'全部对白为方言'的狭义纯方言片）,https://movie.douban.com/subject/4176581/
方言片,3077668,天水围的日与夜,2008,8.6,103624,剧情 / 家庭,2000s,粤语,粤语,粤语,粤语（广府片/白话）,Tier 1,≈100%（推断）,纯方言/少数民族语言标签，无普通话标签（对应'全部对白为方言'的狭义纯方言片）,https://movie.douban.com/subject/3077668/
方言片,2359450,夺帅,2008,6.4,23733,动作 / 犯罪,2000s,粤语 / 英语,粤语 / 英语,粤语,粤语（广府片/白话）,Tier 1,≈100%（推断）,纯方言/少数民族语言标签，无普通话标签（对应'全部对白为方言'的狭义纯方言片）,https://movie.douban.com/subject/2359450/
方言片,2373269,恶男事件,2008,5.3,590,恐怖,2000s,粤语,粤语,粤语,粤语（广府片/白话）,Tier 1,≈100%（推断）,纯方言/少数民族语言标签，无普通话标签（对应'全部对白为方言'的狭义纯方言片）,https://movie.douban.com/subject/2373269/
方言片,3017836,我的老婆是赌圣,2008,4.7,6316,喜剧,2000s,粤语,粤语,粤语,粤语（广府片/白话）,Tier 1,≈100%（推断）,纯方言/少数民族语言标签，无普通话标签（对应'全部对白为方言'的狭义纯方言片）,https://movie.douban.com/subject/3017836/
方言片,3006599,无野之城,2008,6.3,2564,剧情 / 运动,2000s,粤语,粤语,粤语,粤语（广府片/白话）,Tier 1,≈100%（推断）,纯方言/少数民族语言标签，无普通话标签（对应'全部对白为方言'的狭义纯方言片）,https://movie.douban.com/subject/3006599/
方言片,3240844,有只僵尸暗恋你,2008,4.9,2593,喜剧 / 犯罪 / 剧情,2000s,粤语,粤语,粤语,粤语（广府片/白话）,Tier 1,≈100%（推断）,纯方言/少数民族语言标签，无普通话标签（对应'全部对白为方言'的狭义纯方言片）,https://movie.douban.com/subject/3240844/
方言片,3621418,机动部队—人性,2008,6.3,6117,犯罪 / 剧情 / 惊悚,2000s,粤语,粤语,粤语,粤语（广府片/白话）,Tier 1,≈100%（推断）,纯方言/少数民族语言标签，无普通话标签（对应'全部对白为方言'的狭义纯方言片）,https://movie.douban.com/subject/3621418/
方言片,3621404,机动部队—绝路,2008,6.5,6565,犯罪 / 剧情 / 惊悚,2000s,粤语,粤语,粤语,粤语（广府片/白话）,Tier 1,≈100%（推断）,纯方言/少数民族语言标签，无普通话标签（对应'全部对白为方言'的狭义纯方言片）,https://movie.douban.com/subject/3621404/
方言片,3136507,机动部队—警例,2008,6.8,7352,动作 / 犯罪 / 惊悚,2000s,粤语,粤语,粤语,粤语（广府片/白话）,Tier 1,≈100%（推断）,纯方言/少数民族语言标签，无普通话标签（对应'全部对白为方言'的狭义纯方言片）,https://movie.douban.com/subject/3136507/
方言片,4146683,樱桃,2008,7.7,5296,剧情,2000s,云南方言,云南方言,云南方言,西南官话（川渝滇黔片） / 通用汉语方言标签,Tier 1,≈100%（推断）,纯方言/少数民族语言标签，无普通话标签（对应'全部对白为方言'的狭义纯方言片）,https://movie.douban.com/subject/4146683/
方言片,2988163,江山美人,2008,4.6,23820,动作 / 剧情 / 爱情,2000s,粤语,粤语,粤语,粤语（广府片/白话）,Tier 1,≈100%（推断）,纯方言/少数民族语言标签，无普通话标签（对应'全部对白为方言'的狭义纯方言片）,https://movie.douban.com/subject/2988163/
方言片,3715144,烈日当空,2008,7.4,8372,剧情,2000s,粤语,粤语,粤语,粤语（广府片/白话）,Tier 1,≈100%（推断）,纯方言/少数民族语言标签，无普通话标签（对应'全部对白为方言'的狭义纯方言片）,https://movie.douban.com/subject/3715144/
方言片,3095375,爱与狗同行,2008,8.6,996,纪录片,2000s,粤语,粤语,粤语,粤语（广府片/白话）,Tier 1,≈100%（推断）,纯方言/少数民族语言标签，无普通话标签（对应'全部对白为方言'的狭义纯方言片）,https://movie.douban.com/subject/3095375/
方言片,3445524,爱到尽,2008,6.1,886,剧情 / 同性,2000s,粤语,粤语,粤语,粤语（广府片/白话）,Tier 1,≈100%（推断）,纯方言/少数民族语言标签，无普通话标签（对应'全部对白为方言'的狭义纯方言片）,https://movie.douban.com/subject/3445524/
方言片,3040909,爱情万岁,2008,6.7,4403,爱情,2000s,粤语,粤语,粤语,粤语（广府片/白话）,Tier 1,≈100%（推断）,纯方言/少数民族语言标签，无普通话标签（对应'全部对白为方言'的狭义纯方言片）,https://movie.douban.com/subject/3040909/
方言片,3004250,爱斗大,2008,5.4,1460,喜剧,2000s,粤语,粤语,粤语,粤语（广府片/白话）,Tier 1,≈100%（推断）,纯方言/少数民族语言标签，无普通话标签（对应'全部对白为方言'的狭义纯方言片）,https://movie.douban.com/subject/3004250/
方言片,3082452,狼牙,2008,6.4,41648,动作 / 惊悚,2000s,粤语 / 日语 / 英语,粤语 / 日语 / 英语,粤语,粤语（广府片/白话）,Tier 1,≈100%（推断）,纯方言/少数民族语言标签，无普通话标签（对应'全部对白为方言'的狭义纯方言片）,https://movie.douban.com/subject/3082452/
方言片,3861839,砸掉你的牙,2008,7.0,131,喜剧,2000s,唐山话,唐山话,唐山话,东北/冀鲁/胶辽官话,Tier 1,≈100%（推断）,纯方言/少数民族语言标签，无普通话标签（对应'全部对白为方言'的狭义纯方言片）,https://movie.douban.com/subject/3861839/
方言片,2027938,神探,2008,8.5,230101,动作 / 犯罪 / 悬疑,2000s,粤语 / 英语,粤语 / 英语,粤语,粤语（广府片/白话）,Tier 1,≈100%（推断）,纯方言/少数民族语言标签，无普通话标签（对应'全部对白为方言'的狭义纯方言片）,https://movie.douban.com/subject/2027938/
方言片,3212106,精舞门,2008,4.7,22439,动作 / 喜剧,2000s,粤语,粤语,粤语,粤语（广府片/白话）,Tier 1,≈100%（推断）,纯方言/少数民族语言标签，无普通话标签（对应'全部对白为方言'的狭义纯方言片）,https://movie.douban.com/subject/3212106/
方言片,3290456,绝代双娇,2008,6.2,4010,喜剧,2000s,粤语,粤语,粤语,粤语（广府片/白话）,Tier 1,≈100%（推断）,纯方言/少数民族语言标签，无普通话标签（对应'全部对白为方言'的狭义纯方言片）,https://movie.douban.com/subject/3290456/
方言片,3305818,钮扣人,2008,6.1,3137,动作 / 犯罪,2000s,粤语,粤语,粤语,粤语（广府片/白话）,Tier 1,≈100%（推断）,纯方言/少数民族语言标签，无普通话标签（对应'全部对白为方言'的狭义纯方言片）,https://movie.douban.com/subject/3305818/
方言片,3082393,青苔,2008,6.5,5756,犯罪 / 剧情,2000s,粤语,粤语,粤语,粤语（广府片/白话）,Tier 1,≈100%（推断）,纯方言/少数民族语言标签，无普通话标签（对应'全部对白为方言'的狭义纯方言片）,https://movie.douban.com/subject/3082393/
方言片,4235936,鬼计,2008,4.2,557,恐怖,2000s,粤语,粤语,粤语,粤语（广府片/白话）,Tier 1,≈100%（推断）,纯方言/少数民族语言标签，无普通话标签（对应'全部对白为方言'的狭义纯方言片）,https://movie.douban.com/subject/4235936/
方言片,3811342,Laughing Gor之变节,2009,6.5,23903,动作 / 犯罪 / 剧情,2000s,粤语,粤语,粤语,粤语（广府片/白话）,Tier 1,≈100%（推断）,纯方言/少数民族语言标签，无普通话标签（对应'全部对白为方言'的狭义纯方言片）,https://movie.douban.com/subject/3811342/
方言片,3320128,三条窄路,2009,7.4,550,剧情 / 犯罪,2000s,粤语,粤语,粤语,粤语（广府片/白话）,Tier 1,≈100%（推断）,纯方言/少数民族语言标签，无普通话标签（对应'全部对白为方言'的狭义纯方言片）,https://movie.douban.com/subject/3320128/
方言片,3447591,保持爱你,2009,6.7,20773,爱情,2000s,粤语,粤语,粤语,粤语（广府片/白话）,Tier 1,≈100%（推断）,纯方言/少数民族语言标签，无普通话标签（对应'全部对白为方言'的狭义纯方言片）,https://movie.douban.com/subject/3447591/
方言片,4111346,关人七事,2009,6.7,5161,犯罪 / 剧情 / 惊悚,2000s,粤语,粤语,粤语,粤语（广府片/白话）,Tier 1,≈100%（推断）,纯方言/少数民族语言标签，无普通话标签（对应'全部对白为方言'的狭义纯方言片）,https://movie.douban.com/subject/4111346/
方言片,3788587,再生号,2009,6.6,10276,剧情 / 奇幻,2000s,粤语,粤语,粤语,粤语（广府片/白话）,Tier 1,≈100%（推断）,纯方言/少数民族语言标签，无普通话标签（对应'全部对白为方言'的狭义纯方言片）,https://movie.douban.com/subject/3788587/
方言片,3562423,台北异想,2009,7.1,2267,剧情 / 喜剧,2000s,闽南语,闽南语,闽南语,闽南语（闽台片）,Tier 1,≈100%（推断）,纯方言/少数民族语言标签，无普通话标签（对应'全部对白为方言'的狭义纯方言片）,https://movie.douban.com/subject/3562423/
方言片,3395460,同门,2009,6.0,13706,动作 / 犯罪 / 惊悚,2000s,粤语,粤语,粤语,粤语（广府片/白话）,Tier 1,≈100%（推断）,纯方言/少数民族语言标签，无普通话标签（对应'全部对白为方言'的狭义纯方言片）,https://movie.douban.com/subject/3395460/
方言片,3302627,复仇,2009,6.9,25204,动作 / 犯罪 / 惊悚,2000s,粤语 / 英语 / 法语,粤语 / 英语 / 法语,粤语,粤语（广府片/白话）,Tier 1,≈100%（推断）,纯方言/少数民族语言标签，无普通话标签（对应'全部对白为方言'的狭义纯方言片）,https://movie.douban.com/subject/3302627/
方言片,3785958,头七,2009,6.2,8522,恐怖,2000s,粤语,粤语,粤语,粤语（广府片/白话）,Tier 1,≈100%（推断）,纯方言/少数民族语言标签，无普通话标签（对应'全部对白为方言'的狭义纯方言片）,https://movie.douban.com/subject/3785958/
方言片,4323694,妈妈离家上班去,2009,7.9,159,剧情 / 短片,2000s,粤语,粤语,粤语,粤语（广府片/白话）,Tier 1,≈100%（推断）,纯方言/少数民族语言标签，无普通话标签（对应'全部对白为方言'的狭义纯方言片）,https://movie.douban.com/subject/4323694/
方言片,4195595,对另一个自己说,2009,6.7,546,动画 / 短片,2000s,上海话,上海话,上海话,吴语（江浙片）,Tier 1,≈100%（推断）,纯方言/少数民族语言标签，无普通话标签（对应'全部对白为方言'的狭义纯方言片）,https://movie.douban.com/subject/4195595/
方言片,3123920,寻找智美更登,2009,7.7,1648,剧情,2000s,藏语,藏语,藏语,中国少数民族语言,Tier 1,≈100%（推断）,纯方言/少数民族语言标签，无普通话标签（对应'全部对白为方言'的狭义纯方言片）,https://movie.douban.com/subject/3123920/
方言片,3834175,很想和你在一起,2009,7.4,19164,爱情,2000s,粤语,粤语,粤语,粤语（广府片/白话）,Tier 1,≈100%（推断）,纯方言/少数民族语言标签，无普通话标签（对应'全部对白为方言'的狭义纯方言片）,https://movie.douban.com/subject/3834175/
方言片,4022098,怪谈,2009,5.7,1079,惊悚 / 恐怖 / 纪录片,2000s,粤语,粤语,粤语,粤语（广府片/白话）,Tier 1,≈100%（推断）,纯方言/少数民族语言标签，无普通话标签（对应'全部对白为方言'的狭义纯方言片）,https://movie.douban.com/subject/4022098/
方言片,3013580,意外,2009,7.4,87793,悬疑 / 惊悚,2000s,粤语,粤语,粤语,粤语（广府片/白话）,Tier 1,≈100%（推断）,纯方言/少数民族语言标签，无普通话标签（对应'全部对白为方言'的狭义纯方言片）,https://movie.douban.com/subject/3013580/
方言片,4707582,斯琴杭茹,2009,8.4,187,剧情,2000s,蒙语,蒙语,蒙语,中国少数民族语言,Tier 1,≈100%（推断）,纯方言/少数民族语言标签，无普通话标签（对应'全部对白为方言'的狭义纯方言片）,https://movie.douban.com/subject/4707582/
方言片,3194152,新娘,2009,7.7,715,剧情,2000s,重庆话,重庆话,重庆话,西南官话（川渝滇黔片）,Tier 1,≈100%（推断）,纯方言/少数民族语言标签，无普通话标签（对应'全部对白为方言'的狭义纯方言片）,https://movie.douban.com/subject/3194152/
方言片,4144556,时光倒流的话,2009,7.2,6250,爱情,2000s,粤语,粤语,粤语,粤语（广府片/白话）,Tier 1,≈100%（推断）,纯方言/少数民族语言标签，无普通话标签（对应'全部对白为方言'的狭义纯方言片）,https://movie.douban.com/subject/4144556/
方言片,3998385,旺角监狱,2009,6.3,9545,犯罪 / 剧情,2000s,粤语,粤语,粤语,粤语（广府片/白话）,Tier 1,≈100%（推断）,纯方言/少数民族语言标签，无普通话标签（对应'全部对白为方言'的狭义纯方言片）,https://movie.douban.com/subject/3998385/
方言片,3628407,机动部队—伙伴,2009,6.1,5340,犯罪 / 剧情 / 惊悚,2000s,粤语,粤语,粤语,粤语（广府片/白话）,Tier 1,≈100%（推断）,纯方言/少数民族语言标签，无普通话标签（对应'全部对白为方言'的狭义纯方言片）,https://movie.douban.com/subject/3628407/
方言片,3391271,机动部队—同袍,2009,6.4,11226,动作 / 犯罪 / 剧情,2000s,粤语,粤语,粤语,粤语（广府片/白话）,Tier 1,≈100%（推断）,纯方言/少数民族语言标签，无普通话标签（对应'全部对白为方言'的狭义纯方言片）,https://movie.douban.com/subject/3391271/
方言片,3731463,杀人犯,2009,6.7,16657,犯罪 / 剧情 / 悬疑,2000s,粤语,粤语,粤语,粤语（广府片/白话）,Tier 1,≈100%（推断）,纯方言/少数民族语言标签，无普通话标签（对应'全部对白为方言'的狭义纯方言片）,https://movie.douban.com/subject/3731463/
方言片,4011164,死神傻了,2009,5.9,4598,喜剧,2000s,粤语,粤语,粤语,粤语（广府片/白话）,Tier 1,≈100%（推断）,纯方言/少数民族语言标签，无普通话标签（对应'全部对白为方言'的狭义纯方言片）,https://movie.douban.com/subject/4011164/
方言片,3619071,流浪汉世界杯,2009,6.6,812,剧情 / 运动,2000s,粤语,粤语,粤语,粤语（广府片/白话）,Tier 1,≈100%（推断）,纯方言/少数民族语言标签，无普通话标签（对应'全部对白为方言'的狭义纯方言片）,https://movie.douban.com/subject/3619071/
方言片,4052914,爱出猫,2009,5.7,1977,喜剧,2000s,粤语,粤语,粤语,粤语（广府片/白话）,Tier 1,≈100%（推断）,纯方言/少数民族语言标签，无普通话标签（对应'全部对白为方言'的狭义纯方言片）,https://movie.douban.com/subject/4052914/
方言片,3562429,爱情故事,2009,6.3,3383,爱情,2000s,粤语,粤语,粤语,粤语（广府片/白话）,Tier 1,≈100%（推断）,纯方言/少数民族语言标签，无普通话标签（对应'全部对白为方言'的狭义纯方言片）,https://movie.douban.com/subject/3562429/
方言片,4124435,玉扣纸,2009,7.8,127,纪录片,2000s,闽西客家方言,闽西客家方言,闽西客家方言,客家话 / 通用汉语方言标签,Tier 1,≈100%（推断）,纯方言/少数民族语言标签，无普通话标签（对应'全部对白为方言'的狭义纯方言片）,https://movie.douban.com/subject/4124435/
方言片,3602136,短暂的生命,2009,6.2,2843,剧情 / 惊悚,2000s,粤语,粤语,粤语,粤语（广府片/白话）,Tier 1,≈100%（推断）,纯方言/少数民族语言标签，无普通话标签（对应'全部对白为方言'的狭义纯方言片）,https://movie.douban.com/subject/3602136/
方言片,3826526,矮仔多情,2009,6.3,17131,喜剧 / 爱情,2000s,粤语,粤语,粤语,粤语（广府片/白话）,Tier 1,≈100%（推断）,纯方言/少数民族语言标签，无普通话标签（对应'全部对白为方言'的狭义纯方言片）,https://movie.douban.com/subject/3826526/
方言片,3002820,神枪手,2009,5.9,30100,动作 / 冒险 / 犯罪,2000s,粤语 / 英语 / 福建话,粤语 / 英语 / 福建话,粤语 / 福建话,粤语（广府片/白话） / 闽南语（闽台片）,Tier 1,≈100%（推断）,纯方言/少数民族语言标签，无普通话标签（对应'全部对白为方言'的狭义纯方言片）,https://movie.douban.com/subject/3002820/
方言片,3647523,金钱帝国,2009,6.5,51149,犯罪,2000s,粤语,粤语,粤语,粤语（广府片/白话）,Tier 1,≈100%（推断）,纯方言/少数民族语言标签，无普通话标签（对应'全部对白为方言'的狭义纯方言片）,https://movie.douban.com/subject/3647523/
方言片,2997155,风云Ⅱ,2009,5.1,38689,动作 / 冒险 / 奇幻,2000s,粤语,粤语,粤语,粤语（广府片/白话）,Tier 1,≈100%（推断）,纯方言/少数民族语言标签，无普通话标签（对应'全部对白为方言'的狭义纯方言片）,https://movie.douban.com/subject/2997155/
方言片,4062922,72家租客,2010,6.6,75373,喜剧,2010s,粤语,粤语,粤语,粤语（广府片/白话）,Tier 1,≈100%（推断）,纯方言/少数民族语言标签，无普通话标签（对应'全部对白为方言'的狭义纯方言片）,https://movie.douban.com/subject/4062922/
方言片,6080767,三人游,2010,6.1,101,爱情,2010s,大连话,大连话,大连话,东北/冀鲁/胶辽官话,Tier 1,≈100%（推断）,纯方言/少数民族语言标签，无普通话标签（对应'全部对白为方言'的狭义纯方言片）,https://movie.douban.com/subject/6080767/
方言片,4739986,东风破,2010,7.6,6657,剧情,2010s,粤语,粤语,粤语,粤语（广府片/白话）,Tier 1,≈100%（推断）,纯方言/少数民族语言标签，无普通话标签（对应'全部对白为方言'的狭义纯方言片）,https://movie.douban.com/subject/4739986/
方言片,4728342,为你钟情,2010,6.0,4904,奇幻 / 爱情,2010s,粤语,粤语,粤语,粤语（广府片/白话）,Tier 1,≈100%（推断）,纯方言/少数民族语言标签，无普通话标签（对应'全部对白为方言'的狭义纯方言片）,https://movie.douban.com/subject/4728342/
方言片,4891772,人有三急,2010,6.4,1568,喜剧,2010s,粤语,粤语,粤语,粤语（广府片/白话）,Tier 1,≈100%（推断）,纯方言/少数民族语言标签，无普通话标签（对应'全部对白为方言'的狭义纯方言片）,https://movie.douban.com/subject/4891772/
方言片,4312232,人间喜剧,2010,7.4,52560,喜剧,2010s,粤语,粤语,粤语,粤语（广府片/白话）,Tier 1,≈100%（推断）,纯方言/少数民族语言标签，无普通话标签（对应'全部对白为方言'的狭义纯方言片）,https://movie.douban.com/subject/4312232/
方言片,5338081,僵尸新战士,2010,3.9,1477,恐怖,2010s,粤语,粤语,粤语,粤语（广府片/白话）,Tier 1,≈100%（推断）,纯方言/少数民族语言标签，无普通话标签（对应'全部对白为方言'的狭义纯方言片）,https://movie.douban.com/subject/5338081/
方言片,3804470,分手说爱你,2010,7.4,77121,喜剧 / 剧情 / 爱情,2010s,粤语,粤语,粤语,粤语（广府片/白话）,Tier 1,≈100%（推断）,纯方言/少数民族语言标签，无普通话标签（对应'全部对白为方言'的狭义纯方言片）,https://movie.douban.com/subject/3804470/
方言片,4709904,前度,2010,7.0,197949,爱情,2010s,粤语,粤语,粤语,粤语（广府片/白话）,Tier 1,≈100%（推断）,纯方言/少数民族语言标签，无普通话标签（对应'全部对白为方言'的狭义纯方言片）,https://movie.douban.com/subject/4709904/
方言片,10455631,塞外有家,2010,8.4,211,剧情,2010s,大同方言,大同方言,大同方言,晋语 / 通用汉语方言标签,Tier 1,≈100%（推断）,纯方言/少数民族语言标签，无普通话标签（对应'全部对白为方言'的狭义纯方言片）,https://movie.douban.com/subject/10455631/
方言片,4886315,墨绿嫣红,2010,7.7,167,剧情 / 短片,2010s,粤语,粤语,粤语,粤语（广府片/白话）,Tier 1,≈100%（推断）,纯方言/少数民族语言标签，无普通话标签（对应'全部对白为方言'的狭义纯方言片）,https://movie.douban.com/subject/4886315/
方言片,5285669,婚前试爱,2010,5.6,57659,剧情 / 爱情,2010s,粤语,粤语,粤语,粤语（广府片/白话）,Tier 1,≈100%（推断）,纯方言/少数民族语言标签，无普通话标签（对应'全部对白为方言'的狭义纯方言片）,https://movie.douban.com/subject/5285669/
方言片,4145476,得闲炒饭,2010,7.1,58641,剧情 / 爱情 / 同性,2010s,粤语,粤语,粤语,粤语（广府片/白话）,Tier 1,≈100%（推断）,纯方言/少数民族语言标签，无普通话标签（对应'全部对白为方言'的狭义纯方言片）,https://movie.douban.com/subject/4145476/
方言片,4305436,志明与春娇,2010,7.9,456411,喜剧 / 剧情 / 爱情,2010s,粤语,粤语,粤语,粤语（广府片/白话）,Tier 1,≈100%（推断）,纯方言/少数民族语言标签，无普通话标签（对应'全部对白为方言'的狭义纯方言片）,https://movie.douban.com/subject/4305436/
方言片,5392105,怕怕不怕,2010,8.3,7855,动画 / 短片,2010s,粤语,粤语,粤语,粤语（广府片/白话）,Tier 1,≈100%（推断）,纯方言/少数民族语言标签，无普通话标签（对应'全部对白为方言'的狭义纯方言片）,https://movie.douban.com/subject/5392105/
方言片,4043763,恋人絮语,2010,6.0,39848,剧情 / 爱情,2010s,粤语,粤语,粤语,粤语（广府片/白话）,Tier 1,≈100%（推断）,纯方言/少数民族语言标签，无普通话标签（对应'全部对白为方言'的狭义纯方言片）,https://movie.douban.com/subject/4043763/
方言片,4826782,恋曲,2010,7.4,291,纪录片,2010s,普通话 湖南话,普通话 湖南话,普通话 湖南话,湘语,Tier 1,≈100%（推断）,纯方言/少数民族语言标签，无普通话标签（对应'全部对白为方言'的狭义纯方言片）,https://movie.douban.com/subject/4826782/
方言片,4323691,打擂台,2010,7.1,17728,动作 / 喜剧 / 剧情,2010s,粤语,粤语,粤语,粤语（广府片/白话）,Tier 1,≈100%（推断）,纯方言/少数民族语言标签，无普通话标签（对应'全部对白为方言'的狭义纯方言片）,https://movie.douban.com/subject/4323691/
方言片,4189695,撕票风云,2010,5.9,8494,动作 / 惊悚,2010s,粤语,粤语,粤语,粤语（广府片/白话）,Tier 1,≈100%（推断）,纯方言/少数民族语言标签，无普通话标签（对应'全部对白为方言'的狭义纯方言片）,https://movie.douban.com/subject/4189695/
方言片,5915769,樱时,2010,8.2,2913,剧情 / 动画 / 奇幻,2010s,闽南语,闽南语,闽南语,闽南语（闽台片）,Tier 1,≈100%（推断）,纯方言/少数民族语言标签，无普通话标签（对应'全部对白为方言'的狭义纯方言片）,https://movie.douban.com/subject/5915769/
方言片,4262238,橘子皮的温度,2010,7.0,128,nan,2010s,湖南方言,湖南方言,湖南方言,湘语 / 通用汉语方言标签,Tier 1,≈100%（推断）,纯方言/少数民族语言标签，无普通话标签（对应'全部对白为方言'的狭义纯方言片）,https://movie.douban.com/subject/4262238/
方言片,4888019,正在消失的羊城,2010,7.8,540,纪录片,2010s,粤语,粤语,粤语,粤语（广府片/白话）,Tier 1,≈100%（推断）,纯方言/少数民族语言标签，无普通话标签（对应'全部对白为方言'的狭义纯方言片）,https://movie.douban.com/subject/4888019/
方言片,5373230,毋亡我,2010,5.8,791,剧情 / 恐怖,2010s,粤语,粤语,粤语,粤语（广府片/白话）,Tier 1,≈100%（推断）,纯方言/少数民族语言标签，无普通话标签（对应'全部对白为方言'的狭义纯方言片）,https://movie.douban.com/subject/5373230/
方言片,5353077,永生羊,2010,7.8,311,剧情,2010s,哈萨克语,哈萨克语,哈萨克语,中国少数民族语言,Tier 1,≈100%（推断）,纯方言/少数民族语言标签，无普通话标签（对应'全部对白为方言'的狭义纯方言片）,https://movie.douban.com/subject/5353077/
方言片,5342082,河流和我的父亲,2010,7.6,279,剧情,2010s,武汉话 / 英语,武汉话 / 英语,武汉话,西南官话（川渝滇黔片）,Tier 1,≈100%（推断）,纯方言/少数民族语言标签，无普通话标签（对应'全部对白为方言'的狭义纯方言片）,https://movie.douban.com/subject/5342082/
方言片,5318671,爽歪歪,2010,7.4,222,nan,2010s,邯郸方言,邯郸方言,邯郸方言,江淮官话 / 通用汉语方言标签,Tier 1,≈100%（推断）,纯方言/少数民族语言标签，无普通话标签（对应'全部对白为方言'的狭义纯方言片）,https://movie.douban.com/subject/5318671/
方言片,4825008,癫当,2010,7.3,292,动画 / 短片,2010s,粤语,粤语,粤语,粤语（广府片/白话）,Tier 1,≈100%（推断）,纯方言/少数民族语言标签，无普通话标签（对应'全部对白为方言'的狭义纯方言片）,https://movie.douban.com/subject/4825008/
方言片,3851822,等着你回来,2010,3.3,3479,恐怖,2010s,粤语,粤语,粤语,粤语（广府片/白话）,Tier 1,≈100%（推断）,纯方言/少数民族语言标签，无普通话标签（对应'全部对白为方言'的狭义纯方言片）,https://movie.douban.com/subject/3851822/
方言片,3642866,维多利亚一号,2010,7.3,59471,剧情 / 犯罪 / 恐怖,2010s,粤语,粤语,粤语,粤语（广府片/白话）,Tier 1,≈100%（推断）,纯方言/少数民族语言标签，无普通话标签（对应'全部对白为方言'的狭义纯方言片）,https://movie.douban.com/subject/3642866/
方言片,4328444,翡翠明珠,2010,5.2,8541,剧情 / 爱情 / 古装,2010s,粤语,粤语,粤语,粤语（广府片/白话）,Tier 1,≈100%（推断）,纯方言/少数民族语言标签，无普通话标签（对应'全部对白为方言'的狭义纯方言片）,https://movie.douban.com/subject/4328444/
方言片,4307302,翻山,2010,6.4,162,剧情,2010s,佤语,佤语,佤语,中国少数民族语言,Tier 1,≈100%（推断）,纯方言/少数民族语言标签，无普通话标签（对应'全部对白为方言'的狭义纯方言片）,https://movie.douban.com/subject/4307302/
方言片,4246120,茶壶,2010,8.4,108,nan,2010s,晋语 Jinyu,晋语 jinyu,晋语 jinyu,晋语,Tier 1,≈100%（推断）,纯方言/少数民族语言标签，无普通话标签（对应'全部对白为方言'的狭义纯方言片）,https://movie.douban.com/subject/4246120/
方言片,6514111,路,2010,7.9,308,纪录片,2010s,湖南方言,湖南方言,湖南方言,湘语 / 通用汉语方言标签,Tier 1,≈100%（推断）,纯方言/少数民族语言标签，无普通话标签（对应'全部对白为方言'的狭义纯方言片）,https://movie.douban.com/subject/6514111/
方言片,4723944,飞砂风中转,2010,6.4,18021,动作 / 喜剧 / 犯罪,2010s,粤语,粤语,粤语,粤语（广府片/白话）,Tier 1,≈100%（推断）,纯方言/少数民族语言标签，无普通话标签（对应'全部对白为方言'的狭义纯方言片）,https://movie.douban.com/subject/4723944/
方言片,5919318,黄老老拍案,2010,7.0,173,惊悚 / 纪录片,2010s,四川方言,四川方言,四川方言,西南官话（川渝滇黔片） / 通用汉语方言标签,Tier 1,≈100%（推断）,纯方言/少数民族语言标签，无普通话标签（对应'全部对白为方言'的狭义纯方言片）,https://movie.douban.com/subject/5919318/
方言片,6738746,M酒店,2011,6.2,106,短片,2010s,粤语,粤语,粤语,粤语（广府片/白话）,Tier 1,≈100%（推断）,纯方言/少数民族语言标签，无普通话标签（对应'全部对白为方言'的狭义纯方言片）,https://movie.douban.com/subject/6738746/
方言片,10864759,三月六日,2011,8.1,262,剧情 / 短片,2010s,粤语,粤语,粤语,粤语（广府片/白话）,Tier 1,≈100%（推断）,纯方言/少数民族语言标签，无普通话标签（对应'全部对白为方言'的狭义纯方言片）,https://movie.douban.com/subject/10864759/
方言片,6396691,上苍保佑,2011,6.9,104,nan,2010s,陕西方言,陕西方言,陕西方言,中原/兰银官话 / 通用汉语方言标签,Tier 1,≈100%（推断）,纯方言/少数民族语言标签，无普通话标签（对应'全部对白为方言'的狭义纯方言片）,https://movie.douban.com/subject/6396691/
方言片,6846461,不设房,2011,6.2,645,剧情 / 喜剧,2010s,粤语,粤语,粤语,粤语（广府片/白话）,Tier 1,≈100%（推断）,纯方言/少数民族语言标签，无普通话标签（对应'全部对白为方言'的狭义纯方言片）,https://movie.douban.com/subject/6846461/
方言片,6968177,乾旦路,2011,7.9,269,纪录片,2010s,粤语,粤语,粤语,粤语（广府片/白话）,Tier 1,≈100%（推断）,纯方言/少数民族语言标签，无普通话标签（对应'全部对白为方言'的狭义纯方言片）,https://movie.douban.com/subject/6968177/
方言片,6515363,人约离婚后,2011,6.1,13685,剧情 / 爱情,2010s,粤语,粤语,粤语,粤语（广府片/白话）,Tier 1,≈100%（推断）,纯方言/少数民族语言标签，无普通话标签（对应'全部对白为方言'的狭义纯方言片）,https://movie.douban.com/subject/6515363/
方言片,6311988,你还可爱么,2011,8.3,7116,短片,2010s,粤语,粤语,粤语,粤语（广府片/白话）,Tier 1,≈100%（推断）,纯方言/少数民族语言标签，无普通话标签（对应'全部对白为方言'的狭义纯方言片）,https://movie.douban.com/subject/6311988/
方言片,6041201,保卫战队之出动喇！朋友！,2011,5.9,570,剧情,2010s,粤语,粤语,粤语,粤语（广府片/白话）,Tier 1,≈100%（推断）,纯方言/少数民族语言标签，无普通话标签（对应'全部对白为方言'的狭义纯方言片）,https://movie.douban.com/subject/6041201/
方言片,1297447,倩女幽魂,2011,8.8,639497,爱情 / 奇幻 / 武侠,2010s,粤语,粤语,粤语,粤语（广府片/白话）,Tier 1,≈100%（推断）,纯方言/少数民族语言标签，无普通话标签（对应'全部对白为方言'的狭义纯方言片）,https://movie.douban.com/subject/1297447/
方言片,6773710,大耳窿,2011,4.3,392,剧情 / 动作 / 惊悚,2010s,粤语,粤语,粤语,粤语（广府片/白话）,Tier 1,≈100%（推断）,纯方言/少数民族语言标签，无普通话标签（对应'全部对白为方言'的狭义纯方言片）,https://movie.douban.com/subject/6773710/
方言片,6861627,大蓝湖,2011,6.4,1176,剧情,2010s,粤语,粤语,粤语,粤语（广府片/白话）,Tier 1,≈100%（推断）,纯方言/少数民族语言标签，无普通话标签（对应'全部对白为方言'的狭义纯方言片）,https://movie.douban.com/subject/6861627/
方言片,5908470,太阳总在左边,2011,7.6,1853,剧情,2010s,藏语,藏语,藏语,中国少数民族语言,Tier 1,≈100%（推断）,纯方言/少数民族语言标签，无普通话标签（对应'全部对白为方言'的狭义纯方言片）,https://movie.douban.com/subject/5908470/
方言片,30391288,幸福的旁边,2011,8.8,297,剧情 / 爱情,2010s,粤语,粤语,粤语,粤语（广府片/白话）,Tier 1,≈100%（推断）,纯方言/少数民族语言标签，无普通话标签（对应'全部对白为方言'的狭义纯方言片）,https://movie.douban.com/subject/30391288/
方言片,6890748,我是张飞我怕谁,2011,7.6,420,剧情,2010s,四川话,四川话,四川话,西南官话（川渝滇黔片）,Tier 1,≈100%（推断）,纯方言/少数民族语言标签，无普通话标签（对应'全部对白为方言'的狭义纯方言片）,https://movie.douban.com/subject/6890748/
方言片,5318665,我爱HK 开心万岁,2011,6.9,39981,剧情 / 喜剧,2010s,粤语,粤语,粤语,粤语（广府片/白话）,Tier 1,≈100%（推断）,纯方言/少数民族语言标签，无普通话标签（对应'全部对白为方言'的狭义纯方言片）,https://movie.douban.com/subject/5318665/
方言片,4310059,报应,2011,5.8,9017,犯罪 / 惊悚,2010s,粤语,粤语,粤语,粤语（广府片/白话）,Tier 1,≈100%（推断）,纯方言/少数民族语言标签，无普通话标签（对应'全部对白为方言'的狭义纯方言片）,https://movie.douban.com/subject/4310059/
方言片,10527195,星夜,2011,7.5,271,短片,2010s,粤语,粤语,粤语,粤语（广府片/白话）,Tier 1,≈100%（推断）,纯方言/少数民族语言标签，无普通话标签（对应'全部对白为方言'的狭义纯方言片）,https://movie.douban.com/subject/10527195/
方言片,6839879,毒祸2,2011,4.3,114,剧情,2010s,粤语,粤语,粤语,粤语（广府片/白话）,Tier 1,≈100%（推断）,纯方言/少数民族语言标签，无普通话标签（对应'全部对白为方言'的狭义纯方言片）,https://movie.douban.com/subject/6839879/
方言片,6519514,潮性办公室,2011,4.6,6636,剧情 / 喜剧,2010s,粤语,粤语,粤语,粤语（广府片/白话）,Tier 1,≈100%（推断）,纯方言/少数民族语言标签，无普通话标签（对应'全部对白为方言'的狭义纯方言片）,https://movie.douban.com/subject/6519514/
方言片,6432130,灵山,2011,6.8,100,纪录片,2010s,湖北方言,湖北方言,湖北方言,通用汉语方言标签,Tier 1,≈100%（推断）,纯方言/少数民族语言标签，无普通话标签（对应'全部对白为方言'的狭义纯方言片）,https://movie.douban.com/subject/6432130/
方言片,5319803,热浪球爱战,2011,4.3,3648,剧情 / 爱情 / 运动,2010s,粤语,粤语,粤语,粤语（广府片/白话）,Tier 1,≈100%（推断）,纯方言/少数民族语言标签，无普通话标签（对应'全部对白为方言'的狭义纯方言片）,https://movie.douban.com/subject/5319803/
方言片,6870692,猛鬼爱情故事,2011,5.8,4155,剧情 / 爱情 / 惊悚,2010s,粤语,粤语,粤语,粤语（广府片/白话）,Tier 1,≈100%（推断）,纯方言/少数民族语言标签，无普通话标签（对应'全部对白为方言'的狭义纯方言片）,https://movie.douban.com/subject/6870692/
方言片,4728471,神奇侠侣 神奇俠侶,2011,5.1,49454,喜剧 / 古装,2010s,粤语,粤语,粤语,粤语（广府片/白话）,Tier 1,≈100%（推断）,纯方言/少数民族语言标签，无普通话标签（对应'全部对白为方言'的狭义纯方言片）,https://movie.douban.com/subject/4728471/
方言片,6432159,神翳,2011,7.9,293,纪录片,2010s,鄂伦春语,鄂伦春语,鄂伦春语,中国少数民族语言,Tier 1,≈100%（推断）,纯方言/少数民族语言标签，无普通话标签（对应'全部对白为方言'的狭义纯方言片）,https://movie.douban.com/subject/6432159/
方言片,5403949,给你一千万,2011,5.3,335,喜剧,2010s,河南方言,河南方言,河南方言,中原/兰银官话 / 通用汉语方言标签,Tier 1,≈100%（推断）,纯方言/少数民族语言标签，无普通话标签（对应'全部对白为方言'的狭义纯方言片）,https://movie.douban.com/subject/5403949/
方言片,5993155,老狗,2011,7.7,1945,剧情,2010s,藏语,藏语,藏语,中国少数民族语言,Tier 1,≈100%（推断）,纯方言/少数民族语言标签，无普通话标签（对应'全部对白为方言'的狭义纯方言片）,https://movie.douban.com/subject/5993155/
方言片,10561909,背影,2011,6.7,114,剧情,2010s,鄱阳方言,鄱阳方言,鄱阳方言,赣语 / 通用汉语方言标签,Tier 1,≈100%（推断）,纯方言/少数民族语言标签，无普通话标签（对应'全部对白为方言'的狭义纯方言片）,https://movie.douban.com/subject/10561909/
方言片,6432126,自梳,2011,8.3,577,纪录片,2010s,广东话,广东话,广东话,粤语（广府片/白话）,Tier 1,≈100%（推断）,纯方言/少数民族语言标签，无普通话标签（对应'全部对白为方言'的狭义纯方言片）,https://movie.douban.com/subject/6432126/
方言片,7062589,贰拾蚊,2011,7.3,105,剧情,2010s,粤语,粤语,粤语,粤语（广府片/白话）,Tier 1,≈100%（推断）,纯方言/少数民族语言标签，无普通话标签（对应'全部对白为方言'的狭义纯方言片）,https://movie.douban.com/subject/7062589/
方言片,6082522,这里有情况,2011,7.3,6847,喜剧,2010s,大连话,大连话,大连话,东北/冀鲁/胶辽官话,Tier 1,≈100%（推断）,纯方言/少数民族语言标签，无普通话标签（对应'全部对白为方言'的狭义纯方言片）,https://movie.douban.com/subject/6082522/
方言片,5969571,马克,2011,7.9,1382,纪录片,2010s,汉语东北话,汉语东北话,汉语东北话,东北/冀鲁/胶辽官话,Tier 1,≈100%（推断）,纯方言/少数民族语言标签，无普通话标签（对应'全部对白为方言'的狭义纯方言片）,https://movie.douban.com/subject/5969571/
方言片,24721122,一夜,2012,4.2,140,剧情 / 短片 / 同性,2010s,粤语,粤语,粤语,粤语（广府片/白话）,Tier 1,≈100%（推断）,纯方言/少数民族语言标签，无普通话标签（对应'全部对白为方言'的狭义纯方言片）,https://movie.douban.com/subject/24721122/
方言片,6723120,不能爱,2012,7.7,156,剧情 / 爱情,2010s,粤语,粤语,粤语,粤语（广府片/白话）,Tier 1,≈100%（推断）,纯方言/少数民族语言标签，无普通话标签（对应'全部对白为方言'的狭义纯方言片）,https://movie.douban.com/subject/6723120/
方言片,11589771,八千代,2012,7.6,1199,动画 / 短片,2010s,粤语,粤语,粤语,粤语（广府片/白话）,Tier 1,≈100%（推断）,纯方言/少数民族语言标签，无普通话标签（对应'全部对白为方言'的狭义纯方言片）,https://movie.douban.com/subject/11589771/
方言片,10561955,卖猪,2012,7.7,5118,喜剧 / 动画 / 短片,2010s,陕北方言,陕北方言,陕北方言,中原/兰银官话 / 通用汉语方言标签,Tier 1,≈100%（推断）,纯方言/少数民族语言标签，无普通话标签（对应'全部对白为方言'的狭义纯方言片）,https://movie.douban.com/subject/10561955/
方言片,11636423,双煞,2012,3.8,448,剧情 / 犯罪,2010s,粤语,粤语,粤语,粤语（广府片/白话）,Tier 1,≈100%（推断）,纯方言/少数民族语言标签，无普通话标签（对应'全部对白为方言'的狭义纯方言片）,https://movie.douban.com/subject/11636423/
方言片,6811422,变节：潜罪犯,2012,6.1,30042,动作 / 犯罪 / 悬疑,2010s,粤语 / 缅甸语,粤语 / 缅甸语,粤语,粤语（广府片/白话）,Tier 1,≈100%（推断）,纯方言/少数民族语言标签，无普通话标签（对应'全部对白为方言'的狭义纯方言片）,https://movie.douban.com/subject/6811422/
方言片,10456963,天生爱情狂,2012,5.8,22350,喜剧 / 爱情,2010s,粤语,粤语,粤语,粤语（广府片/白话）,Tier 1,≈100%（推断）,纯方言/少数民族语言标签，无普通话标签（对应'全部对白为方言'的狭义纯方言片）,https://movie.douban.com/subject/10456963/
方言片,10416189,就是闹着玩的,2012,6.7,3332,喜剧,2010s,河南话,河南话,河南话,中原/兰银官话,Tier 1,≈100%（推断）,纯方言/少数民族语言标签，无普通话标签（对应'全部对白为方言'的狭义纯方言片）,https://movie.douban.com/subject/10416189/
方言片,11531725,悬赏,2012,5.9,11702,剧情 / 喜剧 / 动作,2010s,粤语,粤语,粤语,粤语（广府片/白话）,Tier 1,≈100%（推断）,纯方言/少数民族语言标签，无普通话标签（对应'全部对白为方言'的狭义纯方言片）,https://movie.douban.com/subject/11531725/
方言片,10574471,我的路,2012,7.5,5861,剧情 / 短片,2010s,粤语,粤语,粤语,粤语（广府片/白话）,Tier 1,≈100%（推断）,纯方言/少数民族语言标签，无普通话标签（对应'全部对白为方言'的狭义纯方言片）,https://movie.douban.com/subject/10574471/
方言片,10788846,我老公不靠谱,2012,6.5,41321,喜剧 / 爱情,2010s,粤语,粤语,粤语,粤语（广府片/白话）,Tier 1,≈100%（推断）,纯方言/少数民族语言标签，无普通话标签（对应'全部对白为方言'的狭义纯方言片）,https://movie.douban.com/subject/10788846/
方言片,10561880,扎职,2012,6.4,14325,犯罪,2010s,粤语,粤语,粤语,粤语（广府片/白话）,Tier 1,≈100%（推断）,纯方言/少数民族语言标签，无普通话标签（对应'全部对白为方言'的狭义纯方言片）,https://movie.douban.com/subject/10561880/
方言片,24380665,时差,2012,8.0,552,nan,2010s,粤语,粤语,粤语,粤语（广府片/白话）,Tier 1,≈100%（推断）,纯方言/少数民族语言标签，无普通话标签（对应'全部对白为方言'的狭义纯方言片）,https://movie.douban.com/subject/24380665/
方言片,10480963,杨梅洲,2012,7.0,3565,剧情 / 爱情 / 家庭,2010s,长沙方言 / 湘潭方言,长沙方言 / 湘潭方言,长沙方言 / 湘潭方言,通用汉语方言标签 / 湘语,Tier 1,≈100%（推断）,纯方言/少数民族语言标签，无普通话标签（对应'全部对白为方言'的狭义纯方言片）,https://movie.douban.com/subject/10480963/
方言片,6534064,爆笑角斗士,2012,6.3,10720,喜剧,2010s,粤语,粤语,粤语,粤语（广府片/白话）,Tier 1,≈100%（推断）,纯方言/少数民族语言标签，无普通话标签（对应'全部对白为方言'的狭义纯方言片）,https://movie.douban.com/subject/6534064/
方言片,20427164,爱·无滋,2012,6.8,223,爱情 / 短片 / 同性,2010s,粤语,粤语,粤语,粤语（广府片/白话）,Tier 1,≈100%（推断）,纯方言/少数民族语言标签，无普通话标签（对应'全部对白为方言'的狭义纯方言片）,https://movie.douban.com/subject/20427164/
方言片,11604162,物·语女子,2012,6.9,383,爱情 / 短片,2010s,粤语,粤语,粤语,粤语（广府片/白话）,Tier 1,≈100%（推断）,纯方言/少数民族语言标签，无普通话标签（对应'全部对白为方言'的狭义纯方言片）,https://movie.douban.com/subject/11604162/
方言片,10518931,猎人与骷髅怪,2012,8.1,325,动画 / 冒险 / 短片,2010s,藏语,藏语,藏语,中国少数民族语言,Tier 1,≈100%（推断）,纯方言/少数民族语言标签，无普通话标签（对应'全部对白为方言'的狭义纯方言片）,https://movie.douban.com/subject/10518931/
方言片,10545972,白天的星星,2012,7.4,191,剧情,2010s,台语,台语,台语,台语（闽南语台湾变体）,Tier 1,≈100%（推断）,纯方言/少数民族语言标签，无普通话标签（对应'全部对白为方言'的狭义纯方言片）,https://movie.douban.com/subject/10545972/
方言片,10606945,脚趾上的星光,2012,7.5,128,动画,2010s,粤语,粤语,粤语,粤语（广府片/白话）,Tier 1,≈100%（推断）,纯方言/少数民族语言标签，无普通话标签（对应'全部对白为方言'的狭义纯方言片）,https://movie.douban.com/subject/10606945/
方言片,10807880,记忆望着我,2012,6.8,637,剧情,2010s,南京话,南京话,南京话,江淮官话,Tier 1,≈100%（推断）,纯方言/少数民族语言标签，无普通话标签（对应'全部对白为方言'的狭义纯方言片）,https://movie.douban.com/subject/10807880/
方言片,3993559,赛德克·巴莱,2012,8.8,161142,剧情 / 历史 / 战争,2010s,赛德克语 / 闽南语 / 日语,赛德克语 / 闽南语 / 日语,赛德克语 / 闽南语,中国少数民族语言 / 闽南语（闽台片）,Tier 1,≈100%（推断）,纯方言/少数民族语言标签，无普通话标签（对应'全部对白为方言'的狭义纯方言片）,https://movie.douban.com/subject/3993559/
方言片,11584264,赤蜡角到天水围是我爱你最佳距离,2012,6.7,881,剧情 / 同性,2010s,粤语,粤语,粤语,粤语（广府片/白话）,Tier 1,≈100%（推断）,纯方言/少数民族语言标签，无普通话标签（对应'全部对白为方言'的狭义纯方言片）,https://movie.douban.com/subject/11584264/
方言片,20268702,赤裸人性,2012,3.8,349,短片 / 情色,2010s,粤语,粤语,粤语,粤语（广府片/白话）,Tier 1,≈100%（推断）,纯方言/少数民族语言标签，无普通话标签（对应'全部对白为方言'的狭义纯方言片）,https://movie.douban.com/subject/20268702/
方言片,7055667,起势摇滚,2012,6.5,986,剧情 / 音乐,2010s,粤语,粤语,粤语,粤语（广府片/白话）,Tier 1,≈100%（推断）,纯方言/少数民族语言标签，无普通话标签（对应'全部对白为方言'的狭义纯方言片）,https://movie.douban.com/subject/7055667/
方言片,11611136,金刚经,2012,7.2,6377,剧情 / 短片,2010s,贵州方言,贵州方言,贵州方言,西南官话（川渝滇黔片） / 通用汉语方言标签,Tier 1,≈100%（推断）,纯方言/少数民族语言标签，无普通话标签（对应'全部对白为方言'的狭义纯方言片）,https://movie.douban.com/subject/11611136/
方言片,26582661,黄子华栋笃笑之洗燥,2012,9.4,2135,脱口秀,2010s,粤语,粤语,粤语,粤语（广府片/白话）,Tier 1,≈100%（推断）,纯方言/少数民族语言标签，无普通话标签（对应'全部对白为方言'的狭义纯方言片）,https://movie.douban.com/subject/26582661/
方言片,22715021,僵尸,2013,7.9,149512,恐怖,2010s,粤语,粤语,粤语,粤语（广府片/白话）,Tier 1,≈100%（推断）,纯方言/少数民族语言标签，无普通话标签（对应'全部对白为方言'的狭义纯方言片）,https://movie.douban.com/subject/22715021/
方言片,5965664,动物园,2013,7.2,205,剧情,2010s,广西方言,广西方言,广西方言,通用汉语方言标签,Tier 1,≈100%（推断）,纯方言/少数民族语言标签，无普通话标签（对应'全部对白为方言'的狭义纯方言片）,https://movie.douban.com/subject/5965664/
方言片,25803285,吾守尔大爷的冰,2013,7.9,124,纪录片,2010s,维吾尔语,维吾尔语,维吾尔语,中国少数民族语言,Tier 1,≈100%（推断）,纯方言/少数民族语言标签，无普通话标签（对应'全部对白为方言'的狭义纯方言片）,https://movie.douban.com/subject/25803285/
方言片,25758005,命运派对,2013,5.6,1803,剧情 / 犯罪 / 惊悚,2010s,粤语,粤语,粤语,粤语（广府片/白话）,Tier 1,≈100%（推断）,纯方言/少数民族语言标签，无普通话标签（对应'全部对白为方言'的狭义纯方言片）,https://movie.douban.com/subject/25758005/
方言片,21264296,嗨起，打他个鬼子,2013,2.9,165,剧情 / 战争,2010s,贵州方言,贵州方言,贵州方言,西南官话（川渝滇黔片） / 通用汉语方言标签,Tier 1,≈100%（推断）,纯方言/少数民族语言标签，无普通话标签（对应'全部对白为方言'的狭义纯方言片）,https://movie.douban.com/subject/21264296/
方言片,25745206,子非鱼,2013,7.7,1285,纪录片,2010s,粤语,粤语,粤语,粤语（广府片/白话）,Tier 1,≈100%（推断）,纯方言/少数民族语言标签，无普通话标签（对应'全部对白为方言'的狭义纯方言片）,https://movie.douban.com/subject/25745206/
方言片,25732109,扎溪卡的微笑,2013,8.2,159,纪录片,2010s,藏语,藏语,藏语,中国少数民族语言,Tier 1,≈100%（推断）,纯方言/少数民族语言标签，无普通话标签（对应'全部对白为方言'的狭义纯方言片）,https://movie.douban.com/subject/25732109/
方言片,24849384,拥有，新中国农民战争：修辞学的正义,2013,6.9,168,纪录片,2010s,湖南方言,湖南方言,湖南方言,湘语 / 通用汉语方言标签,Tier 1,≈100%（推断）,纯方言/少数民族语言标签，无普通话标签（对应'全部对白为方言'的狭义纯方言片）,https://movie.douban.com/subject/24849384/
方言片,22759752,李碧华鬼魅系列：奇幻夜,2013,6.8,19929,恐怖,2010s,粤语,粤语,粤语,粤语（广府片/白话）,Tier 1,≈100%（推断）,纯方言/少数民族语言标签，无普通话标签（对应'全部对白为方言'的狭义纯方言片）,https://movie.douban.com/subject/22759752/
方言片,22759660,李碧华鬼魅系列：迷离夜,2013,6.8,19380,恐怖,2010s,粤语,粤语,粤语,粤语（广府片/白话）,Tier 1,≈100%（推断）,纯方言/少数民族语言标签，无普通话标签（对应'全部对白为方言'的狭义纯方言片）,https://movie.douban.com/subject/22759660/
方言片,21340793,烂滚夫斗烂滚妻,2013,5.1,5152,喜剧,2010s,粤语,粤语,粤语,粤语（广府片/白话）,Tier 1,≈100%（推断）,纯方言/少数民族语言标签，无普通话标签（对应'全部对白为方言'的狭义纯方言片）,https://movie.douban.com/subject/21340793/
方言片,21360412,狂舞派,2013,7.2,8659,剧情 / 爱情 / 歌舞,2010s,粤语 / 英语,粤语 / 英语,粤语,粤语（广府片/白话）,Tier 1,≈100%（推断）,纯方言/少数民族语言标签，无普通话标签（对应'全部对白为方言'的狭义纯方言片）,https://movie.douban.com/subject/21360412/
方言片,6514136,百家乐翻天,2013,5.7,13176,喜剧 / 爱情,2010s,粤语,粤语,粤语,粤语（广府片/白话）,Tier 1,≈100%（推断）,纯方言/少数民族语言标签，无普通话标签（对应'全部对白为方言'的狭义纯方言片）,https://movie.douban.com/subject/6514136/
方言片,24736797,盲拳之梦中寻龙,2013,7.3,127,喜剧 / 动作 / 短片,2010s,粤语,粤语,粤语,粤语（广府片/白话）,Tier 1,≈100%（推断）,纯方言/少数民族语言标签，无普通话标签（对应'全部对白为方言'的狭义纯方言片）,https://movie.douban.com/subject/24736797/
方言片,22557483,第一次不是你,2013,6.6,3440,剧情 / 爱情,2010s,粤语,粤语,粤语,粤语（广府片/白话）,Tier 1,≈100%（推断）,纯方言/少数民族语言标签，无普通话标签（对应'全部对白为方言'的狭义纯方言片）,https://movie.douban.com/subject/22557483/
方言片,24843708,被遗弃的,2013,7.3,187,短片 / 家庭,2010s,粤语,粤语,粤语,粤语（广府片/白话）,Tier 1,≈100%（推断）,纯方言/少数民族语言标签，无普通话标签（对应'全部对白为方言'的狭义纯方言片）,https://movie.douban.com/subject/24843708/
方言片,20515078,重口味,2013,5.0,4471,喜剧,2010s,粤语,粤语,粤语,粤语（广府片/白话）,Tier 1,≈100%（推断）,纯方言/少数民族语言标签，无普通话标签（对应'全部对白为方言'的狭义纯方言片）,https://movie.douban.com/subject/20515078/
方言片,24854896,锤子镰刀都休息,2013,7.3,3775,剧情,2010s,东北话,东北话,东北话,东北/冀鲁/胶辽官话,Tier 1,≈100%（推断）,纯方言/少数民族语言标签，无普通话标签（对应'全部对白为方言'的狭义纯方言片）,https://movie.douban.com/subject/24854896/
方言片,20515071,飞虎出征,2013,6.6,27773,喜剧 / 情色,2010s,粤语,粤语,粤语,粤语（广府片/白话）,Tier 1,≈100%（推断）,纯方言/少数民族语言标签，无普通话标签（对应'全部对白为方言'的狭义纯方言片）,https://movie.douban.com/subject/20515071/
方言片,20453254,黑短寿,2013,6.5,113,剧情,2010s,山西方言,山西方言,山西方言,晋语 / 通用汉语方言标签,Tier 1,≈100%（推断）,纯方言/少数民族语言标签，无普通话标签（对应'全部对白为方言'的狭义纯方言片）,https://movie.douban.com/subject/20453254/
方言片,24525953,龙老一生,2013,8.4,132,纪录片,2010s,湖南方言,湖南方言,湖南方言,湘语 / 通用汉语方言标签,Tier 1,≈100%（推断）,纯方言/少数民族语言标签，无普通话标签（对应'全部对白为方言'的狭义纯方言片）,https://movie.douban.com/subject/24525953/
方言片,25970956,九叔,2014,8.3,3795,纪录片,2010s,粤语,粤语,粤语,粤语（广府片/白话）,Tier 1,≈100%（推断）,纯方言/少数民族语言标签，无普通话标签（对应'全部对白为方言'的狭义纯方言片）,https://movie.douban.com/subject/25970956/
方言片,25912967,争气,2014,7.7,204,纪录片,2010s,粤语 / 英语,粤语 / 英语,粤语,粤语（广府片/白话）,Tier 1,≈100%（推断）,纯方言/少数民族语言标签，无普通话标签（对应'全部对白为方言'的狭义纯方言片）,https://movie.douban.com/subject/25912967/
方言片,25741345,五彩神箭,2014,6.7,586,剧情,2010s,藏语,藏语,藏语,中国少数民族语言,Tier 1,≈100%（推断）,纯方言/少数民族语言标签，无普通话标签（对应'全部对白为方言'的狭义纯方言片）,https://movie.douban.com/subject/25741345/
方言片,26966845,唔痴线唔正常,2014,9.3,1413,脱口秀,2010s,粤语,粤语,粤语,粤语（广府片/白话）,Tier 1,≈100%（推断）,纯方言/少数民族语言标签，无普通话标签（对应'全部对白为方言'的狭义纯方言片）,https://movie.douban.com/subject/26966845/
方言片,10810278,大稻埕,2014,5.8,1307,剧情,2010s,闽南语,闽南语,闽南语,闽南语（闽台片）,Tier 1,≈100%（推断）,纯方言/少数民族语言标签，无普通话标签（对应'全部对白为方言'的狭义纯方言片）,https://movie.douban.com/subject/10810278/
方言片,25886495,天师斗僵尸,2014,5.3,4030,喜剧 / 恐怖,2010s,粤语,粤语,粤语,粤语（广府片/白话）,Tier 1,≈100%（推断）,纯方言/少数民族语言标签，无普通话标签（对应'全部对白为方言'的狭义纯方言片）,https://movie.douban.com/subject/25886495/
方言片,25986684,奇缘灰姑娘,2014,4.9,771,剧情 / 爱情,2010s,粤语,粤语,粤语,粤语（广府片/白话）,Tier 1,≈100%（推断）,纯方言/少数民族语言标签，无普通话标签（对应'全部对白为方言'的狭义纯方言片）,https://movie.douban.com/subject/25986684/
方言片,25886490,尸城,2014,4.3,3829,恐怖,2010s,粤语 / 英语,粤语 / 英语,粤语,粤语（广府片/白话）,Tier 1,≈100%（推断）,纯方言/少数民族语言标签，无普通话标签（对应'全部对白为方言'的狭义纯方言片）,https://movie.douban.com/subject/25886490/
方言片,25922880,川剧往事,2014,6.8,143,剧情,2010s,四川话,四川话,四川话,西南官话（川渝滇黔片）,Tier 1,≈100%（推断）,纯方言/少数民族语言标签，无普通话标签（对应'全部对白为方言'的狭义纯方言片）,https://movie.douban.com/subject/25922880/
方言片,26266598,当不掉的记忆,2014,6.6,102,短片,2010s,粤语,粤语,粤语,粤语（广府片/白话）,Tier 1,≈100%（推断）,纯方言/少数民族语言标签，无普通话标签（对应'全部对白为方言'的狭义纯方言片）,https://movie.douban.com/subject/26266598/
方言片,22734960,微交少女,2014,4.6,2571,情色,2010s,粤语,粤语,粤语,粤语（广府片/白话）,Tier 1,≈100%（推断）,纯方言/少数民族语言标签，无普通话标签（对应'全部对白为方言'的狭义纯方言片）,https://movie.douban.com/subject/22734960/
方言片,25899439,暧昧不明关系研究学会,2014,7.6,3169,剧情 / 爱情,2010s,粤语,粤语,粤语,粤语（广府片/白话）,Tier 1,≈100%（推断）,纯方言/少数民族语言标签，无普通话标签（对应'全部对白为方言'的狭义纯方言片）,https://movie.douban.com/subject/25899439/
方言片,25884312,涩青298-03,2014,4.2,451,剧情 / 犯罪,2010s,粤语,粤语,粤语,粤语（广府片/白话）,Tier 1,≈100%（推断）,纯方言/少数民族语言标签，无普通话标签（对应'全部对白为方言'的狭义纯方言片）,https://movie.douban.com/subject/25884312/
方言片,24857827,爱寻迷,2014,5.1,1899,剧情,2010s,粤语,粤语,粤语,粤语（广府片/白话）,Tier 1,≈100%（推断）,纯方言/少数民族语言标签，无普通话标签（对应'全部对白为方言'的狭义纯方言片）,https://movie.douban.com/subject/24857827/
方言片,25863017,爱，不难,2014,6.4,452,爱情 / 短片 / 同性,2010s,粤语,粤语,粤语,粤语（广府片/白话）,Tier 1,≈100%（推断）,纯方言/少数民族语言标签，无普通话标签（对应'全部对白为方言'的狭义纯方言片）,https://movie.douban.com/subject/25863017/
方言片,24522915,盂兰神功,2014,5.6,14922,惊悚 / 恐怖,2010s,粤语,粤语,粤语,粤语（广府片/白话）,Tier 1,≈100%（推断）,纯方言/少数民族语言标签，无普通话标签（对应'全部对白为方言'的狭义纯方言片）,https://movie.douban.com/subject/24522915/
方言片,26317244,等,2014,8.5,959,短片,2010s,粤语,粤语,粤语,粤语（广府片/白话）,Tier 1,≈100%（推断）,纯方言/少数民族语言标签，无普通话标签（对应'全部对白为方言'的狭义纯方言片）,https://movie.douban.com/subject/26317244/
方言片,25926350,贩卖·爱,2014,4.9,1285,剧情 / 爱情,2010s,粤语,粤语,粤语,粤语（广府片/白话）,Tier 1,≈100%（推断）,纯方言/少数民族语言标签，无普通话标签（对应'全部对白为方言'的狭义纯方言片）,https://movie.douban.com/subject/25926350/
方言片,25868115,边走边唱,2014,8.7,248,纪录片,2010s,中国陕北方言,中国陕北方言,中国陕北方言,中原/兰银官话 / 通用汉语方言标签,Tier 1,≈100%（推断）,纯方言/少数民族语言标签，无普通话标签（对应'全部对白为方言'的狭义纯方言片）,https://movie.douban.com/subject/25868115/
方言片,21354060,那夜凌晨，我坐上了旺角开往大埔的红VAN,2014,5.9,20621,悬疑 / 惊悚,2010s,粤语,粤语,粤语,粤语（广府片/白话）,Tier 1,≈100%（推断）,纯方言/少数民族语言标签，无普通话标签（对应'全部对白为方言'的狭义纯方言片）,https://movie.douban.com/subject/21354060/
方言片,22759708,重生,2014,5.6,1724,恐怖,2010s,粤语,粤语,粤语,粤语（广府片/白话）,Tier 1,≈100%（推断）,纯方言/少数民族语言标签，无普通话标签（对应'全部对白为方言'的狭义纯方言片）,https://movie.douban.com/subject/22759708/
方言片,25703430,金鸡SSS,2014,6.2,25770,剧情 / 喜剧,2010s,粤语,粤语,粤语,粤语（广府片/白话）,Tier 1,≈100%（推断）,纯方言/少数民族语言标签，无普通话标签（对应'全部对白为方言'的狭义纯方言片）,https://movie.douban.com/subject/25703430/
方言片,25831851,香港2014— 仝人教育,2014,6.7,290,短片,2010s,粤语,粤语,粤语,粤语（广府片/白话）,Tier 1,≈100%（推断）,纯方言/少数民族语言标签，无普通话标签（对应'全部对白为方言'的狭义纯方言片）,https://movie.douban.com/subject/25831851/
方言片,22557694,黑色喜剧,2014,4.0,2374,喜剧,2010s,粤语,粤语,粤语,粤语（广府片/白话）,Tier 1,≈100%（推断）,纯方言/少数民族语言标签，无普通话标签（对应'全部对白为方言'的狭义纯方言片）,https://movie.douban.com/subject/22557694/
方言片,25857313,一狱一世界：高登阔少蹲监日记,2015,6.4,4672,喜剧,2010s,粤语,粤语,粤语,粤语（广府片/白话）,Tier 1,≈100%（推断）,纯方言/少数民族语言标签，无普通话标签（对应'全部对白为方言'的狭义纯方言片）,https://movie.douban.com/subject/25857313/
方言片,26675586,东北花泽类之起幺蛾子,2015,7.8,413,喜剧 / 动画,2010s,东北方言,东北方言,东北方言,东北/冀鲁/胶辽官话 / 通用汉语方言标签,Tier 1,≈100%（推断）,纯方言/少数民族语言标签，无普通话标签（对应'全部对白为方言'的狭义纯方言片）,https://movie.douban.com/subject/26675586/
方言片,26653168,吉祥酒店,2015,3.2,660,惊悚 / 恐怖,2010s,粤语,粤语,粤语,粤语（广府片/白话）,Tier 1,≈100%（推断）,纯方言/少数民族语言标签，无普通话标签（对应'全部对白为方言'的狭义纯方言片）,https://movie.douban.com/subject/26653168/
方言片,26348218,同班同学,2015,4.9,8268,剧情,2010s,粤语,粤语,粤语,粤语（广府片/白话）,Tier 1,≈100%（推断）,纯方言/少数民族语言标签，无普通话标签（对应'全部对白为方言'的狭义纯方言片）,https://movie.douban.com/subject/26348218/
方言片,25767564,四非,2015,4.8,1418,悬疑 / 惊悚,2010s,粤语,粤语,粤语,粤语（广府片/白话）,Tier 1,≈100%（推断）,纯方言/少数民族语言标签，无普通话标签（对应'全部对白为方言'的狭义纯方言片）,https://movie.douban.com/subject/25767564/
方言片,26632642,德兰,2015,6.9,943,剧情,2010s,云南方言 / 藏语,云南方言 / 藏语,云南方言 / 藏语,西南官话（川渝滇黔片） / 通用汉语方言标签 / 中国少数民族语言,Tier 1,≈100%（推断）,纯方言/少数民族语言标签，无普通话标签（对应'全部对白为方言'的狭义纯方言片）,https://movie.douban.com/subject/26632642/
方言片,26368454,日光之下,2015,5.7,240,剧情 / 短片,2010s,中文方言 – 常州话,中文方言 – 常州话,中文方言 – 常州话,吴语（江浙片） / 通用汉语方言标签,Tier 1,≈100%（推断）,纯方言/少数民族语言标签，无普通话标签（对应'全部对白为方言'的狭义纯方言片）,https://movie.douban.com/subject/26368454/
方言片,26614827,星探,2015,2.6,835,喜剧,2010s,粤语,粤语,粤语,粤语（广府片/白话）,Tier 1,≈100%（推断）,纯方言/少数民族语言标签，无普通话标签（对应'全部对白为方言'的狭义纯方言片）,https://movie.douban.com/subject/26614827/
方言片,26285777,有客到,2015,5.5,3859,惊悚,2010s,粤语,粤语,粤语,粤语（广府片/白话）,Tier 1,≈100%（推断）,纯方言/少数民族语言标签，无普通话标签（对应'全部对白为方言'的狭义纯方言片）,https://movie.douban.com/subject/26285777/
方言片,26745394,欲望Jungle,2015,9.0,331,动画 / 短片,2010s,粤语,粤语,粤语,粤语（广府片/白话）,Tier 1,≈100%（推断）,纯方言/少数民族语言标签，无普通话标签（对应'全部对白为方言'的狭义纯方言片）,https://movie.douban.com/subject/26745394/
方言片,26353322,死后三天,2015,4.8,135,剧情 / 短片 / 家庭,2010s,粤语,粤语,粤语,粤语（广府片/白话）,Tier 1,≈100%（推断）,纯方言/少数民族语言标签，无普通话标签（对应'全部对白为方言'的狭义纯方言片）,https://movie.douban.com/subject/26353322/
方言片,26434823,没女神探,2015,4.3,3128,喜剧,2010s,粤语,粤语,粤语,粤语（广府片/白话）,Tier 1,≈100%（推断）,纯方言/少数民族语言标签，无普通话标签（对应'全部对白为方言'的狭义纯方言片）,https://movie.douban.com/subject/26434823/
方言片,26324750,河,2015,7.9,2201,剧情,2010s,藏语,藏语,藏语,中国少数民族语言,Tier 1,≈100%（推断）,纯方言/少数民族语言标签，无普通话标签（对应'全部对白为方言'的狭义纯方言片）,https://movie.douban.com/subject/26324750/
方言片,26337854,灵魂相认,2015,8.4,233,爱情,2010s,粤语,粤语,粤语,粤语（广府片/白话）,Tier 1,≈100%（推断）,纯方言/少数民族语言标签，无普通话标签（对应'全部对白为方言'的狭义纯方言片）,https://movie.douban.com/subject/26337854/
方言片,26382726,狗仔式的爱,2015,8.5,403,动画 / 短片,2010s,粤语,粤语,粤语,粤语（广府片/白话）,Tier 1,≈100%（推断）,纯方言/少数民族语言标签，无普通话标签（对应'全部对白为方言'的狭义纯方言片）,https://movie.douban.com/subject/26382726/
方言片,27107619,玩谢大师,2015,3.3,209,喜剧,2010s,粤语,粤语,粤语,粤语（广府片/白话）,Tier 1,≈100%（推断）,纯方言/少数民族语言标签，无普通话标签（对应'全部对白为方言'的狭义纯方言片）,https://movie.douban.com/subject/27107619/
方言片,26415335,碟仙碟仙,2015,5.1,1601,惊悚,2010s,粤语,粤语,粤语,粤语（广府片/白话）,Tier 1,≈100%（推断）,纯方言/少数民族语言标签，无普通话标签（对应'全部对白为方言'的狭义纯方言片）,https://movie.douban.com/subject/26415335/
方言片,25853739,花街柳巷,2015,4.5,1829,惊悚 / 情色,2010s,粤语,粤语,粤语,粤语（广府片/白话）,Tier 1,≈100%（推断）,纯方言/少数民族语言标签，无普通话标签（对应'全部对白为方言'的狭义纯方言片）,https://movie.douban.com/subject/25853739/
方言片,26279166,鸭王,2015,4.9,29890,喜剧 / 爱情 / 情色,2010s,粤语,粤语,粤语,粤语（广府片/白话）,Tier 1,≈100%（推断）,纯方言/少数民族语言标签，无普通话标签（对应'全部对白为方言'的狭义纯方言片）,https://movie.douban.com/subject/26279166/
方言片,26392167,龙老,2015,8.1,404,纪录片,2010s,湖南当地方言,湖南当地方言,湖南当地方言,通用汉语方言标签,Tier 1,≈100%（推断）,纯方言/少数民族语言标签，无普通话标签（对应'全部对白为方言'的狭义纯方言片）,https://movie.douban.com/subject/26392167/
方言片,26882411,伴生,2016,7.5,180,纪录片,2010s,粤语,粤语,粤语,粤语（广府片/白话）,Tier 1,≈100%（推断）,纯方言/少数民族语言标签，无普通话标签（对应'全部对白为方言'的狭义纯方言片）,https://movie.douban.com/subject/26882411/
方言片,26602966,凶手还未睡,2016,3.9,3286,剧情 / 悬疑 / 惊悚,2010s,粤语,粤语,粤语,粤语（广府片/白话）,Tier 1,≈100%（推断）,纯方言/少数民族语言标签，无普通话标签（对应'全部对白为方言'的狭义纯方言片）,https://movie.douban.com/subject/26602966/
方言片,27003570,勃起之后,2016,7.2,885,爱情 / 短片 / 同性,2010s,粤语,粤语,粤语,粤语（广府片/白话）,Tier 1,≈100%（推断）,纯方言/少数民族语言标签，无普通话标签（对应'全部对白为方言'的狭义纯方言片）,https://movie.douban.com/subject/27003570/
方言片,26586806,塔洛,2016,7.7,16698,剧情,2010s,藏语,藏语,藏语,中国少数民族语言,Tier 1,≈100%（推断）,纯方言/少数民族语言标签，无普通话标签（对应'全部对白为方言'的狭义纯方言片）,https://movie.douban.com/subject/26586806/
方言片,26874465,失恋日,2016,5.8,1803,剧情 / 爱情,2010s,粤语,粤语,粤语,粤语（广府片/白话）,Tier 1,≈100%（推断）,纯方言/少数民族语言标签，无普通话标签（对应'全部对白为方言'的狭义纯方言片）,https://movie.douban.com/subject/26874465/
方言片,26717012,导火新闻线,2016,6.9,6212,剧情 / 犯罪 / 悬疑,2010s,粤语,粤语,粤语,粤语（广府片/白话）,Tier 1,≈100%（推断）,纯方言/少数民族语言标签，无普通话标签（对应'全部对白为方言'的狭义纯方言片）,https://movie.douban.com/subject/26717012/
方言片,26734651,少年滋味,2016,7.3,159,纪录片,2010s,粤语,粤语,粤语,粤语（广府片/白话）,Tier 1,≈100%（推断）,纯方言/少数民族语言标签，无普通话标签（对应'全部对白为方言'的狭义纯方言片）,https://movie.douban.com/subject/26734651/
方言片,26219651,恶人报喜,2016,4.9,6090,喜剧,2010s,粤语,粤语,粤语,粤语（广府片/白话）,Tier 1,≈100%（推断）,纯方言/少数民族语言标签，无普通话标签（对应'全部对白为方言'的狭义纯方言片）,https://movie.douban.com/subject/26219651/
方言片,26602368,我的极品女神,2016,4.2,2950,喜剧 / 爱情 / 科幻,2010s,粤语,粤语,粤语,粤语（广府片/白话）,Tier 1,≈100%（推断）,纯方言/少数民族语言标签，无普通话标签（对应'全部对白为方言'的狭义纯方言片）,https://movie.douban.com/subject/26602368/
方言片,26703456,我的老婆是明星,2016,4.1,1915,喜剧 / 爱情,2010s,粤语,粤语,粤语,粤语（广府片/白话）,Tier 1,≈100%（推断）,纯方言/少数民族语言标签，无普通话标签（对应'全部对白为方言'的狭义纯方言片）,https://movie.douban.com/subject/26703456/
方言片,26790676,打开我天空,2016,6.1,1549,剧情,2010s,粤语,粤语,粤语,粤语（广府片/白话）,Tier 1,≈100%（推断）,纯方言/少数民族语言标签，无普通话标签（对应'全部对白为方言'的狭义纯方言片）,https://movie.douban.com/subject/26790676/
方言片,26755037,拍得不错,2016,6.0,6575,剧情 / 惊悚 / 恐怖,2010s,粤语,粤语,粤语,粤语（广府片/白话）,Tier 1,≈100%（推断）,纯方言/少数民族语言标签，无普通话标签（对应'全部对白为方言'的狭义纯方言片）,https://movie.douban.com/subject/26755037/
方言片,26416121,提款机,2016,5.2,118,剧情 / 喜剧,2010s,粤语,粤语,粤语,粤语（广府片/白话）,Tier 1,≈100%（推断）,纯方言/少数民族语言标签，无普通话标签（对应'全部对白为方言'的狭义纯方言片）,https://movie.douban.com/subject/26416121/
方言片,26887078,撞墙,2016,7.2,170,短片,2010s,粤语,粤语,粤语,粤语（广府片/白话）,Tier 1,≈100%（推断）,纯方言/少数民族语言标签，无普通话标签（对应'全部对白为方言'的狭义纯方言片）,https://movie.douban.com/subject/26887078/
方言片,26351532,暗色天堂,2016,6.4,6102,剧情,2010s,粤语,粤语,粤语,粤语（广府片/白话）,Tier 1,≈100%（推断）,纯方言/少数民族语言标签，无普通话标签（对应'全部对白为方言'的狭义纯方言片）,https://movie.douban.com/subject/26351532/
方言片,26811883,最后的沙漠守望者,2016,8.2,424,纪录片,2010s,维吾尔语,维吾尔语,维吾尔语,中国少数民族语言,Tier 1,≈100%（推断）,纯方言/少数民族语言标签，无普通话标签（对应'全部对白为方言'的狭义纯方言片）,https://movie.douban.com/subject/26811883/
方言片,26827787,杀手与卧底的久别重逢,2016,7.7,305,剧情,2010s,粤语,粤语,粤语,粤语（广府片/白话）,Tier 1,≈100%（推断）,纯方言/少数民族语言标签，无普通话标签（对应'全部对白为方言'的狭义纯方言片）,https://movie.douban.com/subject/26827787/
方言片,26928897,江湖水,2016,6.4,304,剧情 / 动作 / 爱情,2010s,粤语,粤语,粤语,粤语（广府片/白话）,Tier 1,≈100%（推断）,纯方言/少数民族语言标签，无普通话标签（对应'全部对白为方言'的狭义纯方言片）,https://movie.douban.com/subject/26928897/
方言片,26855763,海报师：阮大勇的插画艺术,2016,7.1,787,纪录片,2010s,粤语,粤语,粤语,粤语（广府片/白话）,Tier 1,≈100%（推断）,纯方言/少数民族语言标签，无普通话标签（对应'全部对白为方言'的狭义纯方言片）,https://movie.douban.com/subject/26855763/
方言片,26821301,牛奶计划,2016,7.5,167,短片,2010s,粤语,粤语,粤语,粤语（广府片/白话）,Tier 1,≈100%（推断）,纯方言/少数民族语言标签，无普通话标签（对应'全部对白为方言'的狭义纯方言片）,https://movie.douban.com/subject/26821301/
方言片,26895378,玛嘉烈与大卫 白咖啡男,2016,8.7,618,剧情 / 爱情 / 短片,2010s,粤语,粤语,粤语,粤语（广府片/白话）,Tier 1,≈100%（推断）,纯方言/少数民族语言标签，无普通话标签（对应'全部对白为方言'的狭义纯方言片）,https://movie.douban.com/subject/26895378/
方言片,26822334,绑架丁丁当,2016,4.4,672,喜剧,2010s,粤语,粤语,粤语,粤语（广府片/白话）,Tier 1,≈100%（推断）,纯方言/少数民族语言标签，无普通话标签（对应'全部对白为方言'的狭义纯方言片）,https://movie.douban.com/subject/26822334/
方言片,26352462,老笠,2016,7.4,47628,犯罪 / 惊悚,2010s,粤语,粤语,粤语,粤语（广府片/白话）,Tier 1,≈100%（推断）,纯方言/少数民族语言标签，无普通话标签（对应'全部对白为方言'的狭义纯方言片）,https://movie.douban.com/subject/26352462/
方言片,26337866,路边野餐,2016,7.9,146141,剧情,2010s,贵州方言,贵州方言,贵州方言,西南官话（川渝滇黔片） / 通用汉语方言标签,Tier 1,≈100%（推断）,纯方言/少数民族语言标签，无普通话标签（对应'全部对白为方言'的狭义纯方言片）,https://movie.douban.com/subject/26337866/
方言片,26284621,追凶者也,2016,7.9,266939,剧情 / 喜剧 / 犯罪,2010s,西南方言,西南方言,西南方言,西南官话（川渝滇黔片） / 通用汉语方言标签,Tier 1,≈100%（推断）,纯方言/少数民族语言标签，无普通话标签（对应'全部对白为方言'的狭义纯方言片）,https://movie.douban.com/subject/26284621/
方言片,26614645,鸭王2,2016,4.5,13871,剧情 / 情色,2010s,粤语,粤语,粤语,粤语（广府片/白话）,Tier 1,≈100%（推断）,纯方言/少数民族语言标签，无普通话标签（对应'全部对白为方言'的狭义纯方言片）,https://movie.douban.com/subject/26614645/
方言片,26877237,29+1,2017,7.2,37867,剧情 / 爱情,2010s,粤语,粤语,粤语,粤语（广府片/白话）,Tier 1,≈100%（推断）,纯方言/少数民族语言标签，无普通话标签（对应'全部对白为方言'的狭义纯方言片）,https://movie.douban.com/subject/26877237/
方言片,26704590,一念无明,2017,7.9,99533,剧情 / 家庭,2010s,粤语,粤语,粤语,粤语（广府片/白话）,Tier 1,≈100%（推断）,纯方言/少数民族语言标签，无普通话标签（对应'全部对白为方言'的狭义纯方言片）,https://movie.douban.com/subject/26704590/
方言片,26747344,今晚打丧尸,2017,4.2,1356,喜剧 / 恐怖,2010s,粤语,粤语,粤语,粤语（广府片/白话）,Tier 1,≈100%（推断）,纯方言/少数民族语言标签，无普通话标签（对应'全部对白为方言'的狭义纯方言片）,https://movie.douban.com/subject/26747344/
方言片,26968026,以青春的名义,2017,6.4,678,爱情 / 家庭,2010s,粤语,粤语,粤语,粤语（广府片/白话）,Tier 1,≈100%（推断）,纯方言/少数民族语言标签，无普通话标签（对应'全部对白为方言'的狭义纯方言片）,https://movie.douban.com/subject/26968026/
方言片,27135577,你要热烈地亲亲爹地,2017,8.5,419,动画 / 短片 / 情色,2010s,粤语,粤语,粤语,粤语（广府片/白话）,Tier 1,≈100%（推断）,纯方言/少数民族语言标签，无普通话标签（对应'全部对白为方言'的狭义纯方言片）,https://movie.douban.com/subject/27135577/
方言片,26857793,原谅他77次,2017,6.4,54157,爱情,2010s,粤语,粤语,粤语,粤语（广府片/白话）,Tier 1,≈100%（推断）,纯方言/少数民族语言标签，无普通话标签（对应'全部对白为方言'的狭义纯方言片）,https://movie.douban.com/subject/26857793/
方言片,26897027,同囚,2017,5.9,1097,剧情 / 犯罪,2010s,粤语,粤语,粤语,粤语（广府片/白话）,Tier 1,≈100%（推断）,纯方言/少数民族语言标签，无普通话标签（对应'全部对白为方言'的狭义纯方言片）,https://movie.douban.com/subject/26897027/
方言片,27597095,团鱼岩,2017,6.8,389,纪录片,2010s,中文方言,中文方言,中文方言,通用汉语方言标签,Tier 1,≈100%（推断）,纯方言/少数民族语言标签，无普通话标签（对应'全部对白为方言'的狭义纯方言片）,https://movie.douban.com/subject/27597095/
方言片,26895406,大乐师．为爱配乐,2017,6.0,2128,剧情 / 爱情 / 音乐,2010s,粤语,粤语,粤语,粤语（广府片/白话）,Tier 1,≈100%（推断）,纯方言/少数民族语言标签，无普通话标签（对应'全部对白为方言'的狭义纯方言片）,https://movie.douban.com/subject/26895406/
方言片,27004746,天使曾经来过,2017,4.7,170,剧情,2010s,粤语,粤语,粤语,粤语（广府片/白话）,Tier 1,≈100%（推断）,纯方言/少数民族语言标签，无普通话标签（对应'全部对白为方言'的狭义纯方言片）,https://movie.douban.com/subject/27004746/
方言片,27192262,天坑人家,2017,7.5,283,纪录片,2010s,云南方言,云南方言,云南方言,西南官话（川渝滇黔片） / 通用汉语方言标签,Tier 1,≈100%（推断）,纯方言/少数民族语言标签，无普通话标签（对应'全部对白为方言'的狭义纯方言片）,https://movie.douban.com/subject/27192262/
方言片,1470865,失业生,2017,7.0,10333,剧情 / 爱情,2010s,粤语,粤语,粤语,粤语（广府片/白话）,Tier 1,≈100%（推断）,纯方言/少数民族语言标签，无普通话标签（对应'全部对白为方言'的狭义纯方言片）,https://movie.douban.com/subject/1470865/
方言片,26748223,失眠,2017,6.2,13942,恐怖,2010s,粤语,粤语,粤语,粤语（广府片/白话）,Tier 1,≈100%（推断）,纯方言/少数民族语言标签，无普通话标签（对应'全部对白为方言'的狭义纯方言片）,https://movie.douban.com/subject/26748223/
方言片,26801733,女士复仇,2017,4.1,1203,剧情,2010s,粤语,粤语,粤语,粤语（广府片/白话）,Tier 1,≈100%（推断）,纯方言/少数民族语言标签，无普通话标签（对应'全部对白为方言'的狭义纯方言片）,https://movie.douban.com/subject/26801733/
方言片,27018248,小城二月,2017,6.7,2028,剧情 / 短片,2010s,常州话,常州话,常州话,吴语（江浙片）,Tier 1,≈100%（推断）,纯方言/少数民族语言标签，无普通话标签（对应'全部对白为方言'的狭义纯方言片）,https://movie.douban.com/subject/27018248/
方言片,26903766,小男人周记之吾家有喜,2017,5.7,1865,喜剧,2010s,粤语,粤语,粤语,粤语（广府片/白话）,Tier 1,≈100%（推断）,纯方言/少数民族语言标签，无普通话标签（对应'全部对白为方言'的狭义纯方言片）,https://movie.douban.com/subject/26903766/
方言片,26980016,小羊小羊,2017,6.3,207,剧情,2010s,汉语（甘肃方言）,汉语（甘肃方言）,汉语（甘肃方言）,中原/兰银官话 / 通用汉语方言标签,Tier 1,≈100%（推断）,纯方言/少数民族语言标签，无普通话标签（对应'全部对白为方言'的狭义纯方言片）,https://movie.douban.com/subject/26980016/
方言片,26961002,常在你左右,2017,5.1,10929,犯罪 / 悬疑,2010s,粤语,粤语,粤语,粤语（广府片/白话）,Tier 1,≈100%（推断）,纯方言/少数民族语言标签，无普通话标签（对应'全部对白为方言'的狭义纯方言片）,https://movie.douban.com/subject/26961002/
方言片,26617291,心惊胆战,2017,4.0,2056,惊悚,2010s,粤语,粤语,粤语,粤语（广府片/白话）,Tier 1,≈100%（推断）,纯方言/少数民族语言标签，无普通话标签（对应'全部对白为方言'的狭义纯方言片）,https://movie.douban.com/subject/26617291/
方言片,26712235,我的妈呀,2017,7.1,4684,剧情,2010s,粤语,粤语,粤语,粤语（广府片/白话）,Tier 1,≈100%（推断）,纯方言/少数民族语言标签，无普通话标签（对应'全部对白为方言'的狭义纯方言片）,https://movie.douban.com/subject/26712235/
方言片,26826398,杀破狼·贪狼,2017,7.0,159460,剧情 / 动作,2010s,粤语 / 泰语 / 英语,粤语 / 泰语 / 英语,粤语,粤语（广府片/白话）,Tier 1,≈100%（推断）,纯方言/少数民族语言标签，无普通话标签（对应'全部对白为方言'的狭义纯方言片）,https://movie.douban.com/subject/26826398/
方言片,26738204,村戏,2017,8.1,12837,剧情,2010s,河北井陉话,河北井陉话,河北井陉话,晋语,Tier 1,≈100%（推断）,纯方言/少数民族语言标签，无普通话标签（对应'全部对白为方言'的狭义纯方言片）,https://movie.douban.com/subject/26738204/
方言片,25949800,死开啲啦,2017,6.2,2504,剧情 / 喜剧 / 惊悚,2010s,粤语,粤语,粤语,粤语（广府片/白话）,Tier 1,≈100%（推断）,纯方言/少数民族语言标签，无普通话标签（对应'全部对白为方言'的狭义纯方言片）,https://movie.douban.com/subject/25949800/
方言片,27028599,沾寒沾冻,2017,7.1,153,奇幻,2010s,粤语,粤语,粤语,粤语（广府片/白话）,Tier 1,≈100%（推断）,纯方言/少数民族语言标签，无普通话标签（对应'全部对白为方言'的狭义纯方言片）,https://movie.douban.com/subject/27028599/
方言片,26704592,点五步,2017,6.5,3730,剧情 / 运动,2010s,粤语,粤语,粤语,粤语（广府片/白话）,Tier 1,≈100%（推断）,纯方言/少数民族语言标签，无普通话标签（对应'全部对白为方言'的狭义纯方言片）,https://movie.douban.com/subject/26704592/
方言片,27098418,白色女孩,2017,4.3,431,剧情,2010s,粤语 / 英语 / 日语,粤语 / 英语 / 日语,粤语,粤语（广府片/白话）,Tier 1,≈100%（推断）,纯方言/少数民族语言标签，无普通话标签（对应'全部对白为方言'的狭义纯方言片）,https://movie.douban.com/subject/27098418/
方言片,27133255,看不见的王国,2017,6.3,231,剧情 / 儿童 / 奇幻,2010s,维语,维语,维语,中国少数民族语言,Tier 1,≈100%（推断）,纯方言/少数民族语言标签，无普通话标签（对应'全部对白为方言'的狭义纯方言片）,https://movie.douban.com/subject/27133255/
方言片,26996753,私人会所,2017,4.0,2060,剧情,2010s,粤语,粤语,粤语,粤语（广府片/白话）,Tier 1,≈100%（推断）,纯方言/少数民族语言标签，无普通话标签（对应'全部对白为方言'的狭义纯方言片）,https://movie.douban.com/subject/26996753/
方言片,27006898,空手道,2017,6.1,2970,剧情 / 运动,2010s,粤语,粤语,粤语,粤语（广府片/白话）,Tier 1,≈100%（推断）,纯方言/少数民族语言标签，无普通话标签（对应'全部对白为方言'的狭义纯方言片）,https://movie.douban.com/subject/27006898/
方言片,26969821,笨鸟,2017,6.6,1816,剧情,2010s,湖南方言,湖南方言,湖南方言,湘语 / 通用汉语方言标签,Tier 1,≈100%（推断）,纯方言/少数民族语言标签，无普通话标签（对应'全部对白为方言'的狭义纯方言片）,https://movie.douban.com/subject/26969821/
方言片,27067935,粉色药丸,2017,7.2,2049,剧情 / 短片 / 同性,2010s,四川话,四川话,四川话,西南官话（川渝滇黔片）,Tier 1,≈100%（推断）,纯方言/少数民族语言标签，无普通话标签（对应'全部对白为方言'的狭义纯方言片）,https://movie.douban.com/subject/27067935/
方言片,26992121,若男,2017,6.2,174,剧情 / 短片,2010s,粤语,粤语,粤语,粤语（广府片/白话）,Tier 1,≈100%（推断）,纯方言/少数民族语言标签，无普通话标签（对应'全部对白为方言'的狭义纯方言片）,https://movie.douban.com/subject/26992121/
方言片,27008600,野潮,2017,7.5,713,剧情,2010s,闽南语,闽南语,闽南语,闽南语（闽台片）,Tier 1,≈100%（推断）,纯方言/少数民族语言标签，无普通话标签（对应'全部对白为方言'的狭义纯方言片）,https://movie.douban.com/subject/27008600/
方言片,26995550,鬼网,2017,5.0,1057,悬疑 / 惊悚 / 恐怖,2010s,粤语,粤语,粤语,粤语（广府片/白话）,Tier 1,≈100%（推断）,纯方言/少数民族语言标签，无普通话标签（对应'全部对白为方言'的狭义纯方言片）,https://movie.douban.com/subject/26995550/
方言片,27608311,一家大晒,2018,3.9,674,喜剧 / 家庭,2010s,粤语,粤语,粤语,粤语（广府片/白话）,Tier 1,≈100%（推断）,纯方言/少数民族语言标签，无普通话标签（对应'全部对白为方言'的狭义纯方言片）,https://movie.douban.com/subject/27608311/
方言片,27037504,三个绑匪七条心,2018,4.0,367,喜剧 / 犯罪,2010s,粤语,粤语,粤语,粤语（广府片/白话）,Tier 1,≈100%（推断）,纯方言/少数民族语言标签，无普通话标签（对应'全部对白为方言'的狭义纯方言片）,https://movie.douban.com/subject/27037504/
方言片,30290848,下雨天,2018,6.8,112,剧情 / 短片,2010s,粤语,粤语,粤语,粤语（广府片/白话）,Tier 1,≈100%（推断）,纯方言/少数民族语言标签，无普通话标签（对应'全部对白为方言'的狭义纯方言片）,https://movie.douban.com/subject/30290848/
方言片,26928160,八个女人一台戏,2018,6.6,710,剧情,2010s,粤语,粤语,粤语,粤语（广府片/白话）,Tier 1,≈100%（推断）,纯方言/少数民族语言标签，无普通话标签（对应'全部对白为方言'的狭义纯方言片）,https://movie.douban.com/subject/26928160/
方言片,26969045,八步半喜怒哀乐,2018,4.5,212,奇幻,2010s,粤语,粤语,粤语,粤语（广府片/白话）,Tier 1,≈100%（推断）,纯方言/少数民族语言标签，无普通话标签（对应'全部对白为方言'的狭义纯方言片）,https://movie.douban.com/subject/26969045/
方言片,26995764,古宅,2018,3.4,1319,惊悚 / 恐怖,2010s,粤语,粤语,粤语,粤语（广府片/白话）,Tier 1,≈100%（推断）,纯方言/少数民族语言标签，无普通话标签（对应'全部对白为方言'的狭义纯方言片）,https://movie.douban.com/subject/26995764/
方言片,27663775,古巴花旦,2018,8.1,674,纪录片,2010s,粤语 / 西班牙语 / 英语,粤语 / 西班牙语 / 英语,粤语,粤语（广府片/白话）,Tier 1,≈100%（推断）,纯方言/少数民族语言标签，无普通话标签（对应'全部对白为方言'的狭义纯方言片）,https://movie.douban.com/subject/27663775/
方言片,30156290,合群路,2018,6.1,189,剧情 / 儿童 / 喜剧,2010s,贵阳方言,贵阳方言,贵阳方言,西南官话（川渝滇黔片） / 通用汉语方言标签,Tier 1,≈100%（推断）,纯方言/少数民族语言标签，无普通话标签（对应'全部对白为方言'的狭义纯方言片）,https://movie.douban.com/subject/30156290/
方言片,30224527,吉屋,2018,4.8,1092,惊悚 / 恐怖,2010s,粤语,粤语,粤语,粤语（广府片/白话）,Tier 1,≈100%（推断）,纯方言/少数民族语言标签，无普通话标签（对应'全部对白为方言'的狭义纯方言片）,https://movie.douban.com/subject/30224527/
方言片,30200064,回家过年,2018,5.8,434,短片,2010s,山东方言,山东方言,山东方言,东北/冀鲁/胶辽官话 / 通用汉语方言标签,Tier 1,≈100%（推断）,纯方言/少数民族语言标签，无普通话标签（对应'全部对白为方言'的狭义纯方言片）,https://movie.douban.com/subject/30200064/
方言片,27169976,女皇撞到正,2018,6.1,1238,喜剧 / 奇幻,2010s,粤语,粤语,粤语,粤语（广府片/白话）,Tier 1,≈100%（推断）,纯方言/少数民族语言标签，无普通话标签（对应'全部对白为方言'的狭义纯方言片）,https://movie.douban.com/subject/27169976/
方言片,26392172,川军老兵彭国臣,2018,7.8,205,纪录片,2010s,湖南当地方言,湖南当地方言,湖南当地方言,通用汉语方言标签,Tier 1,≈100%（推断）,纯方言/少数民族语言标签，无普通话标签（对应'全部对白为方言'的狭义纯方言片）,https://movie.douban.com/subject/26392172/
方言片,27091387,幼儿怨,2018,3.4,463,惊悚,2010s,粤语,粤语,粤语,粤语（广府片/白话）,Tier 1,≈100%（推断）,纯方言/少数民族语言标签，无普通话标签（对应'全部对白为方言'的狭义纯方言片）,https://movie.douban.com/subject/27091387/
方言片,30272778,我儿子去了外星球,2018,4.9,1484,剧情,2010s,武汉话,武汉话,武汉话,西南官话（川渝滇黔片）,Tier 1,≈100%（推断）,纯方言/少数民族语言标签，无普通话标签（对应'全部对白为方言'的狭义纯方言片）,https://movie.douban.com/subject/30272778/
方言片,30269044,春雨过境,2018,6.3,182,剧情 / 短片 / 家庭,2010s,粤语,粤语,粤语,粤语（广府片/白话）,Tier 1,≈100%（推断）,纯方言/少数民族语言标签，无普通话标签（对应'全部对白为方言'的狭义纯方言片）,https://movie.douban.com/subject/30269044/
方言片,30254589,最后的棒棒,2018,6.7,4284,纪录片,2010s,重庆方言,重庆方言,重庆方言,西南官话（川渝滇黔片） / 通用汉语方言标签,Tier 1,≈100%（推断）,纯方言/少数民族语言标签，无普通话标签（对应'全部对白为方言'的狭义纯方言片）,https://movie.douban.com/subject/30254589/
方言片,26782656,栋笃特工,2018,5.2,7024,喜剧,2010s,粤语,粤语,粤语,粤语（广府片/白话）,Tier 1,≈100%（推断）,纯方言/少数民族语言标签，无普通话标签（对应'全部对白为方言'的狭义纯方言片）,https://movie.douban.com/subject/26782656/
方言片,30312179,毛侠,2018,5.8,220,剧情,2010s,粤语,粤语,粤语,粤语（广府片/白话）,Tier 1,≈100%（推断）,纯方言/少数民族语言标签，无普通话标签（对应'全部对白为方言'的狭义纯方言片）,https://movie.douban.com/subject/30312179/
方言片,27149762,水底行走的人,2018,8.4,245,纪录片,2010s,粤语,粤语,粤语,粤语（广府片/白话）,Tier 1,≈100%（推断）,纯方言/少数民族语言标签，无普通话标签（对应'全部对白为方言'的狭义纯方言片）,https://movie.douban.com/subject/27149762/
方言片,26792481,江湖有道,2018,3.2,1507,剧情 / 喜剧 / 动作,2010s,粤语,粤语,粤语,粤语（广府片/白话）,Tier 1,≈100%（推断）,纯方言/少数民族语言标签，无普通话标签（对应'全部对白为方言'的狭义纯方言片）,https://movie.douban.com/subject/26792481/
方言片,30441138,监狱建筑师,2018,6.3,127,短片,2010s,粤语,粤语,粤语,粤语（广府片/白话）,Tier 1,≈100%（推断）,纯方言/少数民族语言标签，无普通话标签（对应'全部对白为方言'的狭义纯方言片）,https://movie.douban.com/subject/30441138/
方言片,27157806,看见你便想念你,2018,6.0,106,爱情 / 同性,2010s,粤语 / 英语,粤语 / 英语,粤语,粤语（广府片/白话）,Tier 1,≈100%（推断）,纯方言/少数民族语言标签，无普通话标签（对应'全部对白为方言'的狭义纯方言片）,https://movie.douban.com/subject/27157806/
方言片,27601006,翠丝,2018,6.9,13583,剧情 / 同性,2010s,粤语,粤语,粤语,粤语（广府片/白话）,Tier 1,≈100%（推断）,纯方言/少数民族语言标签，无普通话标签（对应'全部对白为方言'的狭义纯方言片）,https://movie.douban.com/subject/27601006/
方言片,26661194,脱皮爸爸,2018,5.5,5986,剧情 / 喜剧 / 奇幻,2010s,粤语,粤语,粤语,粤语（广府片/白话）,Tier 1,≈100%（推断）,纯方言/少数民族语言标签，无普通话标签（对应'全部对白为方言'的狭义纯方言片）,https://movie.douban.com/subject/26661194/
方言片,26352192,蓝天白云,2018,6.3,1768,剧情,2010s,粤语,粤语,粤语,粤语（广府片/白话）,Tier 1,≈100%（推断）,纯方言/少数民族语言标签，无普通话标签（对应'全部对白为方言'的狭义纯方言片）,https://movie.douban.com/subject/26352192/
方言片,27072710,起底组,2018,4.8,113,剧情,2010s,粤语,粤语,粤语,粤语（广府片/白话）,Tier 1,≈100%（推断）,纯方言/少数民族语言标签，无普通话标签（对应'全部对白为方言'的狭义纯方言片）,https://movie.douban.com/subject/27072710/
方言片,26752542,逆向诱拐,2018,4.7,720,剧情 / 悬疑,2010s,粤语,粤语,粤语,粤语（广府片/白话）,Tier 1,≈100%（推断）,纯方言/少数民族语言标签，无普通话标签（对应'全部对白为方言'的狭义纯方言片）,https://movie.douban.com/subject/26752542/
方言片,30181130,阿拉姜色,2018,7.6,21246,剧情 / 家庭,2010s,藏语,藏语,藏语,中国少数民族语言,Tier 1,≈100%（推断）,纯方言/少数民族语言标签，无普通话标签（对应'全部对白为方言'的狭义纯方言片）,https://movie.douban.com/subject/30181130/
方言片,26752558,非分熟女,2018,4.9,10434,剧情 / 情色,2010s,粤语,粤语,粤语,粤语（广府片/白话）,Tier 1,≈100%（推断）,纯方言/少数民族语言标签，无普通话标签（对应'全部对白为方言'的狭义纯方言片）,https://movie.douban.com/subject/26752558/
方言片,27663808,非同凡响,2018,6.7,1438,剧情,2010s,粤语,粤语,粤语,粤语（广府片/白话）,Tier 1,≈100%（推断）,纯方言/少数民族语言标签，无普通话标签（对应'全部对白为方言'的狭义纯方言片）,https://movie.douban.com/subject/27663808/
方言片,30203557,黄子华栋笃笑之金盆𠺘口,2018,9.5,2969,喜剧,2010s,粤语,粤语,粤语,粤语（广府片/白话）,Tier 1,≈100%（推断）,纯方言/少数民族语言标签，无普通话标签（对应'全部对白为方言'的狭义纯方言片）,https://movie.douban.com/subject/30203557/
方言片,30249280,黑夜走向我,2018,7.0,213,剧情 / 短片 / 家庭,2010s,粤语,粤语,粤语,粤语（广府片/白话）,Tier 1,≈100%（推断）,纯方言/少数民族语言标签，无普通话标签（对应'全部对白为方言'的狭义纯方言片）,https://movie.douban.com/subject/30249280/
方言片,30334399,三夫,2019,5.7,24644,剧情 / 情色,2010s,粤语,粤语,粤语,粤语（广府片/白话）,Tier 1,≈100%（推断）,纯方言/少数民族语言标签，无普通话标签（对应'全部对白为方言'的狭义纯方言片）,https://movie.douban.com/subject/30334399/
方言片,30170120,作家的谎言：笔忠诱罪,2019,6.7,13732,悬疑,2010s,粤语,粤语,粤语,粤语（广府片/白话）,Tier 1,≈100%（推断）,纯方言/少数民族语言标签，无普通话标签（对应'全部对白为方言'的狭义纯方言片）,https://movie.douban.com/subject/30170120/
方言片,30331429,你咪理，我爱你！,2019,4.6,1259,喜剧 / 爱情 / 歌舞,2010s,粤语,粤语,粤语,粤语（广府片/白话）,Tier 1,≈100%（推断）,纯方言/少数民族语言标签，无普通话标签（对应'全部对白为方言'的狭义纯方言片）,https://movie.douban.com/subject/30331429/
方言片,27195113,入铁笼,2019,4.5,603,动作,2010s,粤语,粤语,粤语,粤语（广府片/白话）,Tier 1,≈100%（推断）,纯方言/少数民族语言标签，无普通话标签（对应'全部对白为方言'的狭义纯方言片）,https://movie.douban.com/subject/27195113/
方言片,34907107,六月三十,2019,6.8,193,纪录片 / 短片 / 家庭,2010s,粤语,粤语,粤语,粤语（广府片/白话）,Tier 1,≈100%（推断）,纯方言/少数民族语言标签，无普通话标签（对应'全部对白为方言'的狭义纯方言片）,https://movie.douban.com/subject/34907107/
方言片,34436895,出花园,2019,6.9,187,短片,2010s,潮汕方言,潮汕方言,潮汕方言,闽南语（闽台片） / 通用汉语方言标签,Tier 1,≈100%（推断）,纯方言/少数民族语言标签，无普通话标签（对应'全部对白为方言'的狭义纯方言片）,https://movie.douban.com/subject/34436895/
方言片,27668250,南方车站的聚会,2019,7.4,295431,剧情 / 犯罪,2010s,武汉方言,武汉方言,武汉方言,西南官话（川渝滇黔片） / 通用汉语方言标签,Tier 1,≈100%（推断）,纯方言/少数民族语言标签，无普通话标签（对应'全部对白为方言'的狭义纯方言片）,https://movie.douban.com/subject/27668250/
方言片,30198980,双魂,2019,5.3,1334,惊悚 / 恐怖,2010s,粤语,粤语,粤语,粤语（广府片/白话）,Tier 1,≈100%（推断）,纯方言/少数民族语言标签，无普通话标签（对应'全部对白为方言'的狭义纯方言片）,https://movie.douban.com/subject/30198980/
方言片,27191492,四个春天,2019,8.8,147340,纪录片 / 家庭,2010s,贵州独山话,贵州独山话,贵州独山话,西南官话（川渝滇黔片）,Tier 1,≈100%（推断）,纯方言/少数民族语言标签，无普通话标签（对应'全部对白为方言'的狭义纯方言片）,https://movie.douban.com/subject/27191492/
方言片,34867948,在别处,2019,6.0,184,剧情 / 短片,2010s,方言,方言,方言,通用汉语方言标签,Tier 1,≈100%（推断）,纯方言/少数民族语言标签，无普通话标签（对应'全部对白为方言'的狭义纯方言片）,https://movie.douban.com/subject/34867948/
方言片,34907966,埃里克斯,2019,7.1,322,剧情 / 短片,2010s,维吾尔语,维吾尔语,维吾尔语,中国少数民族语言,Tier 1,≈100%（推断）,纯方言/少数民族语言标签，无普通话标签（对应'全部对白为方言'的狭义纯方言片）,https://movie.douban.com/subject/34907966/
方言片,30279883,失踪,2019,4.7,1548,剧情 / 悬疑,2010s,粤语,粤语,粤语,粤语（广府片/白话）,Tier 1,≈100%（推断）,纯方言/少数民族语言标签，无普通话标签（对应'全部对白为方言'的狭义纯方言片）,https://movie.douban.com/subject/30279883/
方言片,30360143,女人就是女人,2019,6.4,161,剧情 / 同性,2010s,粤语,粤语,粤语,粤语（广府片/白话）,Tier 1,≈100%（推断）,纯方言/少数民族语言标签，无普通话标签（对应'全部对白为方言'的狭义纯方言片）,https://movie.douban.com/subject/30360143/
方言片,26742714,好友,2019,6.8,656,剧情,2010s,粤语,粤语,粤语,粤语（广府片/白话）,Tier 1,≈100%（推断）,纯方言/少数民族语言标签，无普通话标签（对应'全部对白为方言'的狭义纯方言片）,https://movie.douban.com/subject/26742714/
方言片,30335298,如珠如宝的人生,2019,4.8,1225,剧情 / 喜剧 / 动作,2010s,粤语,粤语,粤语,粤语（广府片/白话）,Tier 1,≈100%（推断）,纯方言/少数民族语言标签，无普通话标签（对应'全部对白为方言'的狭义纯方言片）,https://movie.douban.com/subject/30335298/
方言片,27604296,家和万事惊,2019,5.9,15567,喜剧 / 家庭,2010s,粤语,粤语,粤语,粤语（广府片/白话）,Tier 1,≈100%（推断）,纯方言/少数民族语言标签，无普通话标签（对应'全部对白为方言'的狭义纯方言片）,https://movie.douban.com/subject/27604296/
方言片,34867940,寻牛,2019,6.6,736,短片,2010s,藏语,藏语,藏语,中国少数民族语言,Tier 1,≈100%（推断）,纯方言/少数民族语言标签，无普通话标签（对应'全部对白为方言'的狭义纯方言片）,https://movie.douban.com/subject/34867940/
方言片,30414283,少年与海,2019,6.5,1051,剧情 / 儿童 / 奇幻,2010s,东北方言,东北方言,东北方言,东北/冀鲁/胶辽官话 / 通用汉语方言标签,Tier 1,≈100%（推断）,纯方言/少数民族语言标签，无普通话标签（对应'全部对白为方言'的狭义纯方言片）,https://movie.douban.com/subject/30414283/
方言片,27114416,廉政风云 廉政風雲 煙幕,2019,5.4,90220,剧情 / 悬疑 / 犯罪,2010s,粤语,粤语,粤语,粤语（广府片/白话）,Tier 1,≈100%（推断）,纯方言/少数民族语言标签，无普通话标签（对应'全部对白为方言'的狭义纯方言片）,https://movie.douban.com/subject/27114416/
方言片,34676828,开水喇嘛,2019,6.7,187,纪录片,2010s,藏语 Tibetan language,藏语 tibetan language,藏语 tibetan language,中国少数民族语言,Tier 1,≈100%（推断）,纯方言/少数民族语言标签，无普通话标签（对应'全部对白为方言'的狭义纯方言片）,https://movie.douban.com/subject/34676828/
方言片,30367685,恭喜八婆,2019,5.1,4621,喜剧,2010s,粤语,粤语,粤语,粤语（广府片/白话）,Tier 1,≈100%（推断）,纯方言/少数民族语言标签，无普通话标签（对应'全部对白为方言'的狭义纯方言片）,https://movie.douban.com/subject/30367685/
方言片,34847186,戏棚,2019,6.6,298,纪录片,2010s,粤语,粤语,粤语,粤语（广府片/白话）,Tier 1,≈100%（推断）,纯方言/少数民族语言标签，无普通话标签（对应'全部对白为方言'的狭义纯方言片）,https://movie.douban.com/subject/34847186/
方言片,30283179,撞死了一只羊,2019,7.1,51147,剧情,2010s,藏语,藏语,藏语,中国少数民族语言,Tier 1,≈100%（推断）,纯方言/少数民族语言标签，无普通话标签（对应'全部对白为方言'的狭义纯方言片）,https://movie.douban.com/subject/30283179/
方言片,27107718,某日某月,2019,5.0,901,爱情,2010s,粤语,粤语,粤语,粤语（广府片/白话）,Tier 1,≈100%（推断）,纯方言/少数民族语言标签，无普通话标签（对应'全部对白为方言'的狭义纯方言片）,https://movie.douban.com/subject/27107718/
方言片,30140231,沦落人,2019,8.2,37144,剧情,2010s,粤语,粤语,粤语,粤语（广府片/白话）,Tier 1,≈100%（推断）,纯方言/少数民族语言标签，无普通话标签（对应'全部对白为方言'的狭义纯方言片）,https://movie.douban.com/subject/30140231/
方言片,26235346,犯罪现场,2019,6.2,89039,犯罪 / 悬疑 / 惊悚,2010s,粤语,粤语,粤语,粤语（广府片/白话）,Tier 1,≈100%（推断）,纯方言/少数民族语言标签，无普通话标签（对应'全部对白为方言'的狭义纯方言片）,https://movie.douban.com/subject/26235346/
方言片,27186651,狮子山上,2019,5.4,130,剧情 / 传记,2010s,粤语,粤语,粤语,粤语（广府片/白话）,Tier 1,≈100%（推断）,纯方言/少数民族语言标签，无普通话标签（对应'全部对白为方言'的狭义纯方言片）,https://movie.douban.com/subject/27186651/
方言片,33428759,生前约死后,2019,5.9,221,剧情,2010s,粤语,粤语,粤语,粤语（广府片/白话）,Tier 1,≈100%（推断）,纯方言/少数民族语言标签，无普通话标签（对应'全部对白为方言'的狭义纯方言片）,https://movie.douban.com/subject/33428759/
方言片,26807958,白牦牛,2019,5.8,210,剧情,2010s,藏语,藏语,藏语,中国少数民族语言,Tier 1,≈100%（推断）,纯方言/少数民族语言标签，无普通话标签（对应'全部对白为方言'的狭义纯方言片）,https://movie.douban.com/subject/26807958/
方言片,33434897,红枣薏米花生,2019,7.1,191,剧情 / 短片 / 家庭,2010s,粤语,粤语,粤语,粤语（广府片/白话）,Tier 1,≈100%（推断）,纯方言/少数民族语言标签，无普通话标签（对应'全部对白为方言'的狭义纯方言片）,https://movie.douban.com/subject/33434897/
方言片,34432335,路过星宿,2019,7.7,204,爱情 / 短片,2010s,粤语,粤语,粤语,粤语（广府片/白话）,Tier 1,≈100%（推断）,纯方言/少数民族语言标签，无普通话标签（对应'全部对白为方言'的狭义纯方言片）,https://movie.douban.com/subject/34432335/
方言片,30206431,过昭关,2019,7.8,15884,剧情 / 儿童 / 家庭,2010s,河南方言,河南方言,河南方言,中原/兰银官话 / 通用汉语方言标签,Tier 1,≈100%（推断）,纯方言/少数民族语言标签，无普通话标签（对应'全部对白为方言'的狭义纯方言片）,https://movie.douban.com/subject/30206431/
方言片,26958485,逆流大叔,2019,6.6,7434,剧情,2010s,粤语,粤语,粤语,粤语（广府片/白话）,Tier 1,≈100%（推断）,纯方言/少数民族语言标签，无普通话标签（对应'全部对白为方言'的狭义纯方言片）,https://movie.douban.com/subject/26958485/
方言片,33465029,那日上午,2019,6.6,179,短片,2010s,粤语,粤语,粤语,粤语（广府片/白话）,Tier 1,≈100%（推断）,纯方言/少数民族语言标签，无普通话标签（对应'全部对白为方言'的狭义纯方言片）,https://movie.douban.com/subject/33465029/
方言片,33464204,鲤鱼池,2019,6.9,537,剧情 / 儿童 / 短片,2010s,重庆话,重庆话,重庆话,西南官话（川渝滇黔片）,Tier 1,≈100%（推断）,纯方言/少数民族语言标签，无普通话标签（对应'全部对白为方言'的狭义纯方言片）,https://movie.douban.com/subject/33464204/
方言片,30217450,#PTGF出租女友,2020,5.0,772,剧情,2020s,粤语,粤语,粤语,粤语（广府片/白话）,Tier 1,≈100%（推断）,纯方言/少数民族语言标签，无普通话标签（对应'全部对白为方言'的狭义纯方言片）,https://movie.douban.com/subject/30217450/
方言片,33383711,乜代宗师,2020,4.6,2883,剧情 / 喜剧,2020s,粤语,粤语,粤语,粤语（广府片/白话）,Tier 1,≈100%（推断）,纯方言/少数民族语言标签，无普通话标签（对应'全部对白为方言'的狭义纯方言片）,https://movie.douban.com/subject/33383711/
方言片,35123252,云阳,2020,5.0,145,纪录片,2020s,重庆方言 / 德语,重庆方言 / 德语,重庆方言,西南官话（川渝滇黔片） / 通用汉语方言标签,Tier 1,≈100%（推断）,纯方言/少数民族语言标签，无普通话标签（对应'全部对白为方言'的狭义纯方言片）,https://movie.douban.com/subject/35123252/
方言片,34967373,人妖阿发 痴人三部曲 1/3,2020,5.2,493,剧情,2020s,粤语 / 泰语,粤语 / 泰语,粤语,粤语（广府片/白话）,Tier 1,≈100%（推断）,纯方言/少数民族语言标签，无普通话标签（对应'全部对白为方言'的狭义纯方言片）,https://movie.douban.com/subject/34967373/
方言片,33385626,冥通银行特约：翻生争霸战,2020,4.6,440,喜剧 / 惊悚,2020s,粤语,粤语,粤语,粤语（广府片/白话）,Tier 1,≈100%（推断）,纯方言/少数民族语言标签，无普通话标签（对应'全部对白为方言'的狭义纯方言片）,https://movie.douban.com/subject/33385626/
方言片,33428622,叔·叔,2020,7.6,21068,剧情 / 同性,2020s,粤语,粤语,粤语,粤语（广府片/白话）,Tier 1,≈100%（推断）,纯方言/少数民族语言标签，无普通话标签（对应'全部对白为方言'的狭义纯方言片）,https://movie.douban.com/subject/33428622/
方言片,35223494,台风来之前,2020,5.7,293,剧情 / 短片 / 家庭,2020s,闽南语,闽南语,闽南语,闽南语（闽台片）,Tier 1,≈100%（推断）,纯方言/少数民族语言标签，无普通话标签（对应'全部对白为方言'的狭义纯方言片）,https://movie.douban.com/subject/35223494/
方言片,30489287,堕落花,2020,4.0,591,剧情,2020s,粤语,粤语,粤语,粤语（广府片/白话）,Tier 1,≈100%（推断）,纯方言/少数民族语言标签，无普通话标签（对应'全部对白为方言'的狭义纯方言片）,https://movie.douban.com/subject/30489287/
方言片,34851173,夜香·鸳鸯·深水埗,2020,7.4,177,剧情,2020s,粤语,粤语,粤语,粤语（广府片/白话）,Tier 1,≈100%（推断）,纯方言/少数民族语言标签，无普通话标签（对应'全部对白为方言'的狭义纯方言片）,https://movie.douban.com/subject/34851173/
方言片,32495643,失恋反攻队,2020,5.8,771,喜剧 / 爱情,2020s,粤语,粤语,粤语,粤语（广府片/白话）,Tier 1,≈100%（推断）,纯方言/少数民族语言标签，无普通话标签（对应'全部对白为方言'的狭义纯方言片）,https://movie.douban.com/subject/32495643/
方言片,34793068,家有喜事2020,2020,5.3,770,喜剧,2020s,粤语,粤语,粤语,粤语（广府片/白话）,Tier 1,≈100%（推断）,纯方言/少数民族语言标签，无普通话标签（对应'全部对白为方言'的狭义纯方言片）,https://movie.douban.com/subject/34793068/
方言片,35228498,山下野兽,2020,8.0,790,短片,2020s,方言,方言,方言,通用汉语方言标签,Tier 1,≈100%（推断）,纯方言/少数民族语言标签，无普通话标签（对应'全部对白为方言'的狭义纯方言片）,https://movie.douban.com/subject/35228498/
方言片,35134612,岛屿故事,2020,5.8,141,剧情 / 喜剧 / 短片,2020s,粤语,粤语,粤语,粤语（广府片/白话）,Tier 1,≈100%（推断）,纯方言/少数民族语言标签，无普通话标签（对应'全部对白为方言'的狭义纯方言片）,https://movie.douban.com/subject/35134612/
方言片,34908185,我的100分男友,2020,4.1,1018,喜剧 / 爱情,2020s,粤语,粤语,粤语,粤语（广府片/白话）,Tier 1,≈100%（推断）,纯方言/少数民族语言标签，无普通话标签（对应'全部对白为方言'的狭义纯方言片）,https://movie.douban.com/subject/34908185/
方言片,34937951,敲门,2020,7.1,189,短片,2020s,维吾尔语,维吾尔语,维吾尔语,中国少数民族语言,Tier 1,≈100%（推断）,纯方言/少数民族语言标签，无普通话标签（对应'全部对白为方言'的狭义纯方言片）,https://movie.douban.com/subject/34937951/
方言片,28510273,旺扎的雨靴,2020,7.0,4666,剧情 / 儿童,2020s,藏语,藏语,藏语,中国少数民族语言,Tier 1,≈100%（推断）,纯方言/少数民族语言标签，无普通话标签（对应'全部对白为方言'的狭义纯方言片）,https://movie.douban.com/subject/28510273/
方言片,30353078,梅艳芳菲,2020,6.3,2746,传记,2020s,粤语,粤语,粤语,粤语（广府片/白话）,Tier 1,≈100%（推断）,纯方言/少数民族语言标签，无普通话标签（对应'全部对白为方言'的狭义纯方言片）,https://movie.douban.com/subject/30353078/
方言片,30394841,死因无可疑,2020,5.7,1743,悬疑 / 惊悚,2020s,粤语,粤语,粤语,粤语（广府片/白话）,Tier 1,≈100%（推断）,纯方言/少数民族语言标签，无普通话标签（对应'全部对白为方言'的狭义纯方言片）,https://movie.douban.com/subject/30394841/
方言片,30204413,气球,2020,7.7,73280,剧情,2020s,藏语,藏语,藏语,中国少数民族语言,Tier 1,≈100%（推断）,纯方言/少数民族语言标签，无普通话标签（对应'全部对白为方言'的狭义纯方言片）,https://movie.douban.com/subject/30204413/
方言片,26991880,热血合唱团,2020,4.5,11272,剧情,2020s,粤语,粤语,粤语,粤语（广府片/白话）,Tier 1,≈100%（推断）,纯方言/少数民族语言标签，无普通话标签（对应'全部对白为方言'的狭义纯方言片）,https://movie.douban.com/subject/26991880/
方言片,34842217,白云之下,2020,6.4,3292,剧情,2020s,蒙古语,蒙古语,蒙古语,中国少数民族语言,Tier 1,≈100%（推断）,纯方言/少数民族语言标签，无普通话标签（对应'全部对白为方言'的狭义纯方言片）,https://movie.douban.com/subject/34842217/
方言片,30337172,第一次的离别,2020,7.2,15134,剧情 / 儿童,2020s,维吾尔语,维吾尔语,维吾尔语,中国少数民族语言,Tier 1,≈100%（推断）,纯方言/少数民族语言标签，无普通话标签（对应'全部对白为方言'的狭义纯方言片）,https://movie.douban.com/subject/30337172/
方言片,27097910,蕃薯浇米,2020,6.5,2288,剧情,2020s,闽南语,闽南语,闽南语,闽南语（闽台片）,Tier 1,≈100%（推断）,纯方言/少数民族语言标签，无普通话标签（对应'全部对白为方言'的狭义纯方言片）,https://movie.douban.com/subject/27097910/
方言片,33379643,逃狱兄弟,2020,6.0,4555,喜剧 / 犯罪,2020s,粤语,粤语,粤语,粤语（广府片/白话）,Tier 1,≈100%（推断）,纯方言/少数民族语言标签，无普通话标签（对应'全部对白为方言'的狭义纯方言片）,https://movie.douban.com/subject/33379643/
方言片,30465842,随风飘散,2020,6.5,619,剧情,2020s,藏语,藏语,藏语,中国少数民族语言,Tier 1,≈100%（推断）,纯方言/少数民族语言标签，无普通话标签（对应'全部对白为方言'的狭义纯方言片）,https://movie.douban.com/subject/30465842/
方言片,1299448,刀不留人,1971,6.4,290,武侠 / 古装,Pre-1990s,粤语 / 汉语普通话,粤语 / 普通话,粤语,粤语（广府片/白话）,Tier 2a,>50%（推断）,方言标签排首位、普通话居后（方言为主导对白）,https://movie.douban.com/subject/1299448/
方言片,1478691,李小龙的生与死,1973,7.4,665,纪录片,Pre-1990s,粤语 / 英语 / 汉语普通话,粤语 / 英语 / 普通话,粤语,粤语（广府片/白话）,Tier 2a,>50%（推断）,方言标签排首位、普通话居后（方言为主导对白）,https://movie.douban.com/subject/1478691/
方言片,2213933,八万罪人,1979,6.9,254,剧情,Pre-1990s,粤语 / 汉语普通话,粤语 / 普通话,粤语,粤语（广府片/白话）,Tier 2a,>50%（推断）,方言标签排首位、普通话居后（方言为主导对白）,https://movie.douban.com/subject/2213933/
方言片,1302531,少林搭棚大师,1980,7.5,5004,剧情 / 喜剧 / 动作,Pre-1990s,粵語 / 汉语普通话,粵語 / 普通话,粵語,粤语（广府片/白话）,Tier 2a,>50%（推断）,方言标签排首位、普通话居后（方言为主导对白）,https://movie.douban.com/subject/1302531/
方言片,1299207,滑稽时代,1980,7.8,2698,喜剧 / 动作 / 剧情,Pre-1990s,粤语 / 汉语普通话,粤语 / 普通话,粤语,粤语（广府片/白话）,Tier 2a,>50%（推断）,方言标签排首位、普通话居后（方言为主导对白）,https://movie.douban.com/subject/1299207/
方言片,1484633,邪,1980,7.2,9608,恐怖 / 奇幻,Pre-1990s,粤语 / 汉语普通话,粤语 / 普通话,粤语,粤语（广府片/白话）,Tier 2a,>50%（推断）,方言标签排首位、普通话居后（方言为主导对白）,https://movie.douban.com/subject/1484633/
方言片,1302512,摩登保镖,1981,8.2,13180,喜剧,Pre-1990s,粤语 / 汉语普通话,粤语 / 普通话,粤语,粤语（广府片/白话）,Tier 2a,>50%（推断）,方言标签排首位、普通话居后（方言为主导对白）,https://movie.douban.com/subject/1302512/
方言片,1784747,死亡塔,1981,6.8,4028,动作 / 悬疑,Pre-1990s,粤语 / 普通话,粤语 / 普通话,粤语,粤语（广府片/白话）,Tier 2a,>50%（推断）,方言标签排首位、普通话居后（方言为主导对白）,https://movie.douban.com/subject/1784747/
方言片,1871997,猫头鹰,1981,7.7,2962,喜剧 / 动作 / 武侠,Pre-1990s,粤语 / 汉语普通话,粤语 / 普通话,粤语,粤语（广府片/白话）,Tier 2a,>50%（推断）,方言标签排首位、普通话居后（方言为主导对白）,https://movie.douban.com/subject/1871997/
方言片,2003648,飞刀传说,1981,5.5,154,动作 / 犯罪 / 剧情,Pre-1990s,粤语 / 汉语普通话,粤语 / 普通话,粤语,粤语（广府片/白话）,Tier 2a,>50%（推断）,方言标签排首位、普通话居后（方言为主导对白）,https://movie.douban.com/subject/2003648/
方言片,1462622,如来神掌,1982,6.4,1722,动作 / 武侠 / 古装,Pre-1990s,粤语 / 汉语普通话,粤语 / 普通话,粤语,粤语（广府片/白话）,Tier 2a,>50%（推断）,方言标签排首位、普通话居后（方言为主导对白）,https://movie.douban.com/subject/1462622/
方言片,1301118,柠檬可乐,1982,7.1,4520,歌舞 / 喜剧 / 剧情,Pre-1990s,粤语 / 英语 / 汉语普通话,粤语 / 英语 / 普通话,粤语,粤语（广府片/白话）,Tier 2a,>50%（推断）,方言标签排首位、普通话居后（方言为主导对白）,https://movie.douban.com/subject/1301118/
方言片,1305364,烈火青春,1982,7.5,6341,剧情 / 爱情 / 惊悚,Pre-1990s,粤语 / 日语 / 汉语普通话,粤语 / 日语 / 普通话,粤语,粤语（广府片/白话）,Tier 2a,>50%（推断）,方言标签排首位、普通话居后（方言为主导对白）,https://movie.douban.com/subject/1305364/
方言片,1302912,儿子的大玩偶,1983,8.1,5927,剧情,Pre-1990s,闽南语 / 汉语普通话,闽南语 / 普通话,闽南语,闽南语（闽台片）,Tier 2a,>50%（推断）,方言标签排首位、普通话居后（方言为主导对白）,https://movie.douban.com/subject/1302912/
方言片,1982122,六指琴魔,1983,6.4,981,奇幻 / 武侠 / 古装,Pre-1990s,粤语 / 汉语普通话,粤语 / 普通话,粤语,粤语（广府片/白话）,Tier 2a,>50%（推断）,方言标签排首位、普通话居后（方言为主导对白）,https://movie.douban.com/subject/1982122/
方言片,1920138,家在香港,1983,7.4,1091,剧情 / 爱情,Pre-1990s,粤语 / 英语 / 汉语普通话,粤语 / 英语 / 普通话,粤语,粤语（广府片/白话）,Tier 2a,>50%（推断）,方言标签排首位、普通话居后（方言为主导对白）,https://movie.douban.com/subject/1920138/
方言片,1305579,小毕的故事,1983,8.3,6638,剧情,Pre-1990s,闽南语 / 汉语普通话,闽南语 / 普通话,闽南语,闽南语（闽台片）,Tier 2a,>50%（推断）,方言标签排首位、普通话居后（方言为主导对白）,https://movie.douban.com/subject/1305579/
方言片,1773520,生死决,1983,7.5,2296,动作 / 武侠 / 古装,Pre-1990s,粤语 / 汉语普通话,粤语 / 普通话,粤语,粤语（广府片/白话）,Tier 2a,>50%（推断）,方言标签排首位、普通话居后（方言为主导对白）,https://movie.douban.com/subject/1773520/
方言片,1298199,倾城之恋,1984,6.8,14940,剧情 / 爱情 / 战争,Pre-1990s,粤语 / 汉语普通话,粤语 / 普通话,粤语,粤语（广府片/白话）,Tier 2a,>50%（推断）,方言标签排首位、普通话居后（方言为主导对白）,https://movie.douban.com/subject/1298199/
方言片,1304018,南拳王,1984,6.7,1198,剧情 / 动作,Pre-1990s,粤语 / 汉语普通话,粤语 / 普通话,粤语,粤语（广府片/白话）,Tier 2a,>50%（推断）,方言标签排首位、普通话居后（方言为主导对白）,https://movie.douban.com/subject/1304018/
方言片,2138569,多情种,1984,6.1,304,喜剧 / 爱情,Pre-1990s,粤语 / 汉语普通话,粤语 / 普通话,粤语,粤语（广府片/白话）,Tier 2a,>50%（推断）,方言标签排首位、普通话居后（方言为主导对白）,https://movie.douban.com/subject/2138569/
方言片,1292846,省港旗兵,1984,7.9,15054,动作 / 犯罪,Pre-1990s,粤语 / 英语 / 汉语普通话,粤语 / 英语 / 普通话,粤语,粤语（广府片/白话）,Tier 2a,>50%（推断）,方言标签排首位、普通话居后（方言为主导对白）,https://movie.douban.com/subject/1292846/
方言片,1307872,青蛙王子,1984,6.6,2753,喜剧 / 爱情,Pre-1990s,粤语 / 汉语普通话,粤语 / 普通话,粤语,粤语（广府片/白话）,Tier 2a,>50%（推断）,方言标签排首位、普通话居后（方言为主导对白）,https://movie.douban.com/subject/1307872/
方言片,3609105,七只狐狸,1985,6.0,272,喜剧 / 动作,Pre-1990s,粤语 / 汉语普通话,粤语 / 普通话,粤语,粤语（广府片/白话）,Tier 2a,>50%（推断）,方言标签排首位、普通话居后（方言为主导对白）,https://movie.douban.com/subject/3609105/
方言片,1307305,为你钟情,1985,7.5,11259,喜剧 / 剧情 / 爱情,Pre-1990s,粤语 / 汉语普通话,粤语 / 普通话,粤语,粤语（广府片/白话）,Tier 2a,>50%（推断）,方言标签排首位、普通话居后（方言为主导对白）,https://movie.douban.com/subject/1307305/
方言片,2172920,少林与武当,1985,6.5,159,动作,Pre-1990s,粤语 / 汉语普通话,粤语 / 普通话,粤语,粤语（广府片/白话）,Tier 2a,>50%（推断）,方言标签排首位、普通话居后（方言为主导对白）,https://movie.douban.com/subject/2172920/
方言片,26301561,摩登神探,1985,5.8,115,喜剧,Pre-1990s,粤语 / 汉语普通话,粤语 / 普通话,粤语,粤语（广府片/白话）,Tier 2a,>50%（推断）,方言标签排首位、普通话居后（方言为主导对白）,https://movie.douban.com/subject/26301561/
方言片,1306105,木棉袈裟,1985,6.8,4009,动作 / 古装,Pre-1990s,粤语 / 汉语普通话,粤语 / 普通话,粤语,粤语（广府片/白话）,Tier 2a,>50%（推断）,方言标签排首位、普通话居后（方言为主导对白）,https://movie.douban.com/subject/1306105/
方言片,1305327,青梅竹马,1985,7.9,13994,剧情,Pre-1990s,闽南语 / 汉语普通话,闽南语 / 普通话,闽南语,闽南语（闽台片）,Tier 2a,>50%（推断）,方言标签排首位、普通话居后（方言为主导对白）,https://movie.douban.com/subject/1305327/
方言片,2332443,半支情,1986,7.0,246,爱情,Pre-1990s,粤语 / 汉语普通话,粤语 / 普通话,粤语,粤语（广府片/白话）,Tier 2a,>50%（推断）,方言标签排首位、普通话居后（方言为主导对白）,https://movie.douban.com/subject/2332443/
方言片,1298272,地下情,1986,7.5,6191,剧情 / 爱情,Pre-1990s,粤语 / 汉语普通话,粤语 / 普通话,粤语,粤语（广府片/白话）,Tier 2a,>50%（推断）,方言标签排首位、普通话居后（方言为主导对白）,https://movie.douban.com/subject/1298272/
方言片,1300312,茅山学堂,1986,5.6,465,恐怖,Pre-1990s,粤语 / 汉语普通话,粤语 / 普通话,粤语,粤语（广府片/白话）,Tier 2a,>50%（推断）,方言标签排首位、普通话居后（方言为主导对白）,https://movie.douban.com/subject/1300312/
方言片,2070433,天使行动,1987,6.4,371,动作 / 犯罪 / 惊悚,Pre-1990s,粤语 / 汉语普通话,粤语 / 普通话,粤语,粤语（广府片/白话）,Tier 2a,>50%（推断）,方言标签排首位、普通话居后（方言为主导对白）,https://movie.douban.com/subject/2070433/
方言片,1302360,小生梦惊魂,1987,6.5,1729,喜剧 / 犯罪 / 惊悚,Pre-1990s,粤语 / 汉语普通话,粤语 / 普通话,粤语,粤语（广府片/白话）,Tier 2a,>50%（推断）,方言标签排首位、普通话居后（方言为主导对白）,https://movie.douban.com/subject/1302360/
方言片,1303168,美梦三千万,1987,6.9,3457,喜剧 / 动作 / 犯罪,Pre-1990s,粤语 / 汉语普通话,粤语 / 普通话,粤语,粤语（广府片/白话）,Tier 2a,>50%（推断）,方言标签排首位、普通话居后（方言为主导对白）,https://movie.douban.com/subject/1303168/
方言片,1308262,美男子,1987,6.3,814,喜剧,Pre-1990s,粤语 / 汉语普通话,粤语 / 普通话,粤语,粤语（广府片/白话）,Tier 2a,>50%（推断）,方言标签排首位、普通话居后（方言为主导对白）,https://movie.douban.com/subject/1308262/
方言片,1306140,英雄好汉,1987,7.1,7600,剧情 / 动作 / 犯罪,Pre-1990s,粤语 / 英语 / 汉语普通话,粤语 / 英语 / 普通话,粤语,粤语（广府片/白话）,Tier 2a,>50%（推断）,方言标签排首位、普通话居后（方言为主导对白）,https://movie.douban.com/subject/1306140/
方言片,1297862,英雄本色2,1987,8.4,148935,剧情 / 动作 / 犯罪,Pre-1990s,粤语 / 汉语普通话 / 英语,粤语 / 普通话 / 英语,粤语,粤语（广府片/白话）,Tier 2a,>50%（推断）,方言标签排首位、普通话居后（方言为主导对白）,https://movie.douban.com/subject/1297862/
方言片,3166940,长城大决战,1987,6.5,484,动作 / 剧情,Pre-1990s,粤语 / 汉语普通话,粤语 / 普通话,粤语,粤语（广府片/白话）,Tier 2a,>50%（推断）,方言标签排首位、普通话居后（方言为主导对白）,https://movie.douban.com/subject/3166940/
方言片,1299658,龙虎风云,1987,7.7,15523,动作 / 犯罪 / 剧情,Pre-1990s,粤语 / 汉语普通话 / 英语,粤语 / 普通话 / 英语,粤语,粤语（广府片/白话）,Tier 2a,>50%（推断）,方言标签排首位、普通话居后（方言为主导对白）,https://movie.douban.com/subject/1299658/
方言片,1295674,猛鬼佛跳墙,1988,6.8,5065,喜剧 / 恐怖,Pre-1990s,粤语 / 汉语普通话,粤语 / 普通话,粤语,粤语（广府片/白话）,Tier 2a,>50%（推断）,方言标签排首位、普通话居后（方言为主导对白）,https://movie.douban.com/subject/1295674/
方言片,2339415,猛鬼咒,1988,5.1,220,恐怖 / 情色,Pre-1990s,粤语 / 汉语普通话,粤语 / 普通话,粤语,粤语（广府片/白话）,Tier 2a,>50%（推断）,方言标签排首位、普通话居后（方言为主导对白）,https://movie.douban.com/subject/2339415/
方言片,1854964,皇家师姐3：雌雄大盗,1988,6.1,824,动作,Pre-1990s,粤语 / 汉语普通话,粤语 / 普通话,粤语,粤语（广府片/白话）,Tier 2a,>50%（推断）,方言标签排首位、普通话居后（方言为主导对白）,https://movie.douban.com/subject/1854964/
方言片,10490155,衰鬼抓狂,1988,5.8,132,恐怖,Pre-1990s,粤语 / 汉语普通话,粤语 / 普通话,粤语,粤语（广府片/白话）,Tier 2a,>50%（推断）,方言标签排首位、普通话居后（方言为主导对白）,https://movie.douban.com/subject/10490155/
方言片,1299965,长短脚之恋,1988,6.9,9816,喜剧 / 爱情,Pre-1990s,粤语 / 汉语普通话 / 客家话,粤语 / 普通话 / 客家话,粤语 / 客家话,粤语（广府片/白话） / 客家话,Tier 2a,>50%（推断）,方言标签排首位、普通话居后（方言为主导对白）,https://movie.douban.com/subject/1299965/
方言片,1300080,鸡同鸭讲,1988,7.8,14379,喜剧,Pre-1990s,粤语 / 汉语普通话,粤语 / 普通话,粤语,粤语（广府片/白话）,Tier 2a,>50%（推断）,方言标签排首位、普通话居后（方言为主导对白）,https://movie.douban.com/subject/1300080/
方言片,1294658,伴我闯天涯,1989,7.3,4051,惊悚 / 动作 / 剧情,Pre-1990s,粤语 / 汉语普通话,粤语 / 普通话,粤语,粤语（广府片/白话）,Tier 2a,>50%（推断）,方言标签排首位、普通话居后（方言为主导对白）,https://movie.douban.com/subject/1294658/
方言片,1300202,八两金,1989,8.3,11474,剧情 / 喜剧 / 爱情,Pre-1990s,粤语 / 汉语普通话,粤语 / 普通话,粤语,粤语（广府片/白话）,Tier 2a,>50%（推断）,方言标签排首位、普通话居后（方言为主导对白）,https://movie.douban.com/subject/1300202/
方言片,1294194,悲情城市,1989,8.9,67346,剧情 / 历史,Pre-1990s,闽南语 / 汉语普通话 / 日语 / 上海话 / 粤语,闽南语 / 普通话 / 日语 / 上海话 / 粤语,闽南语 / 上海话 / 粤语,闽南语（闽台片） / 吴语（江浙片） / 粤语（广府片/白话）,Tier 2a,>50%（推断）,方言标签排首位、普通话居后（方言为主导对白）,https://movie.douban.com/subject/1294194/
方言片,1428363,牛棚,1989,5.9,552,剧情,Pre-1990s,粤语 / 汉语普通话 / 上海话,粤语 / 普通话 / 上海话,粤语 / 上海话,粤语（广府片/白话） / 吴语（江浙片）,Tier 2a,>50%（推断）,方言标签排首位、普通话居后（方言为主导对白）,https://movie.douban.com/subject/1428363/
方言片,1786413,省港旗兵3：逃出香港,1989,6.3,4365,动作,Pre-1990s,粤语 / 英语 / 汉语普通话,粤语 / 英语 / 普通话,粤语,粤语（广府片/白话）,Tier 2a,>50%（推断）,方言标签排首位、普通话居后（方言为主导对白）,https://movie.douban.com/subject/1786413/
方言片,3067329,龙虎家族,1989,5.5,129,动作,Pre-1990s,粤语 / 汉语普通话,粤语 / 普通话,粤语,粤语（广府片/白话）,Tier 2a,>50%（推断）,方言标签排首位、普通话居后（方言为主导对白）,https://movie.douban.com/subject/3067329/
方言片,1307569,川岛芳子,1990,7.3,17619,传记 / 历史 / 战争,1990s,粤语 / 汉语普通话 / 日语,粤语 / 普通话 / 日语,粤语,粤语（广府片/白话）,Tier 2a,>50%（推断）,方言标签排首位、普通话居后（方言为主导对白）,https://movie.douban.com/subject/1307569/
方言片,1456622,明日天涯,1990,6.1,289,动作 / 犯罪,1990s,粤语 / 汉语普通话,粤语 / 普通话,粤语,粤语（广府片/白话）,Tier 2a,>50%（推断）,方言标签排首位、普通话居后（方言为主导对白）,https://movie.douban.com/subject/1456622/
方言片,1295453,爱在别乡的季节,1990,7.8,2232,剧情,1990s,粤语 / 汉语普通话 / 英语 / 闽南语,粤语 / 普通话 / 英语 / 闽南语,粤语 / 闽南语,粤语（广府片/白话） / 闽南语（闽台片）,Tier 2a,>50%（推断）,方言标签排首位、普通话居后（方言为主导对白）,https://movie.douban.com/subject/1295453/
方言片,1298837,皇家女将,1990,6.6,1267,动作 / 犯罪,1990s,粤语 / 汉语普通话,粤语 / 普通话,粤语,粤语（广府片/白话）,Tier 2a,>50%（推断）,方言标签排首位、普通话居后（方言为主导对白）,https://movie.douban.com/subject/1298837/
方言片,1302441,表姐，你好嘢！,1990,7.7,8614,动作 / 喜剧 / 剧情,1990s,粤语 / 汉语普通话 / 四川话,粤语 / 普通话 / 四川话,粤语 / 四川话,粤语（广府片/白话） / 西南官话（川渝滇黔片）,Tier 2a,>50%（推断）,方言标签排首位、普通话居后（方言为主导对白）,https://movie.douban.com/subject/1302441/
方言片,1464814,惊天12小时,1991,6.7,1647,动作 / 喜剧,1990s,粤语 / 英语 / 汉语普通话 / 日语 / 泰语,粤语 / 英语 / 普通话 / 日语 / 泰语,粤语,粤语（广府片/白话）,Tier 2a,>50%（推断）,方言标签排首位、普通话居后（方言为主导对白）,https://movie.douban.com/subject/1464814/
方言片,1307163,棋王,1991,7.8,16239,剧情,1990s,粤语 / 汉语普通话,粤语 / 普通话,粤语,粤语（广府片/白话）,Tier 2a,>50%（推断）,方言标签排首位、普通话居后（方言为主导对白）,https://movie.douban.com/subject/1307163/
方言片,2003853,禁海苍狼,1991,6.0,151,动作 / 犯罪,1990s,粤语 / 汉语普通话,粤语 / 普通话,粤语,粤语（广府片/白话）,Tier 2a,>50%（推断）,方言标签排首位、普通话居后（方言为主导对白）,https://movie.douban.com/subject/2003853/
方言片,900152,纵横四海,1991,8.7,359796,剧情 / 喜剧 / 动作 / 犯罪,1990s,粤语 / 汉语普通话 / 客家话 / 英语 / 法语,粤语 / 普通话 / 客家话 / 英语 / 法语,粤语 / 客家话,粤语（广府片/白话） / 客家话,Tier 2a,>50%（推断）,方言标签排首位、普通话居后（方言为主导对白）,https://movie.douban.com/subject/1295409/
方言片,1302977,赌侠2：上海滩赌圣,1991,7.6,114878,喜剧 / 奇幻,1990s,粤语 / 英语 / 汉语普通话 / 法语,粤语 / 英语 / 普通话 / 法语,粤语,粤语（广府片/白话）,Tier 2a,>50%（推断）,方言标签排首位、普通话居后（方言为主导对白）,https://movie.douban.com/subject/1302977/
方言片,1293414,阮玲玉,1991,8.6,92011,传记 / 剧情 / 爱情,1990s,粤语 / 汉语普通话 / 上海话,粤语 / 普通话 / 上海话,粤语 / 上海话,粤语（广府片/白话） / 吴语（江浙片）,Tier 2a,>50%（推断）,方言标签排首位、普通话居后（方言为主导对白）,https://movie.douban.com/subject/1293414/
方言片,1298443,黄飞鸿,1991,8.3,150937,剧情 / 动作 / 武侠,1990s,粤语 / 英语 / 汉语普通话,粤语 / 英语 / 普通话,粤语,粤语（广府片/白话）,Tier 2a,>50%（推断）,方言标签排首位、普通话居后（方言为主导对白）,https://movie.douban.com/subject/1298443/
方言片,1917973,92霸王花与霸王花,1992,6.4,3893,喜剧 / 动作,1990s,粤语 / 汉语普通话,粤语 / 普通话,粤语,粤语（广府片/白话）,Tier 2a,>50%（推断）,方言标签排首位、普通话居后（方言为主导对白）,https://movie.douban.com/subject/1917973/
方言片,1307252,女校风云之邪教入侵,1992,5.4,425,动作 / 犯罪 / 奇幻,1990s,粤语 / 汉语普通话,粤语 / 普通话,粤语,粤语（广府片/白话）,Tier 2a,>50%（推断）,方言标签排首位、普通话居后（方言为主导对白）,https://movie.douban.com/subject/1307252/
方言片,1298846,少年吔，安啦！,1992,8.1,843,动作 / 犯罪 / 剧情,1990s,闽南语 / 汉语普通话,闽南语 / 普通话,闽南语,闽南语（闽台片）,Tier 2a,>50%（推断）,方言标签排首位、普通话居后（方言为主导对白）,https://movie.douban.com/subject/1298846/
方言片,2719893,旺角马场,1992,5.3,243,剧情 / 动作 / 犯罪,1990s,粤语 / 汉语普通话,粤语 / 普通话,粤语,粤语（广府片/白话）,Tier 2a,>50%（推断）,方言标签排首位、普通话居后（方言为主导对白）,https://movie.douban.com/subject/2719893/
方言片,1307483,梦醒时分,1992,6.7,1061,剧情,1990s,粤语 / 汉语普通话,粤语 / 普通话,粤语,粤语（广府片/白话）,Tier 2a,>50%（推断）,方言标签排首位、普通话居后（方言为主导对白）,https://movie.douban.com/subject/1307483/
方言片,2296064,特警雄威,1992,4.9,103,动作 / 犯罪,1990s,粤语 / 汉语普通话,粤语 / 普通话,粤语,粤语（广府片/白话）,Tier 2a,>50%（推断）,方言标签排首位、普通话居后（方言为主导对白）,https://movie.douban.com/subject/2296064/
方言片,4893743,猎豹行动,1992,5.3,426,动作,1990s,粤语 / 汉语普通话,粤语 / 普通话,粤语,粤语（广府片/白话）,Tier 2a,>50%（推断）,方言标签排首位、普通话居后（方言为主导对白）,https://movie.douban.com/subject/4893743/
方言片,1300108,秋菊打官司,1992,8.1,87267,剧情,1990s,陕西话 / 汉语普通话,陕西话 / 普通话,陕西话,中原/兰银官话,Tier 2a,>50%（推断）,方言标签排首位、普通话居后（方言为主导对白）,https://movie.douban.com/subject/1300108/
方言片,1306326,笼民,1992,8.9,9132,剧情,1990s,粤语 / 汉语普通话,粤语 / 普通话,粤语,粤语（广府片/白话）,Tier 2a,>50%（推断）,方言标签排首位、普通话居后（方言为主导对白）,https://movie.douban.com/subject/1306326/
方言片,1296203,警察故事3：超级警察,1992,7.8,54595,喜剧 / 动作 / 犯罪,1990s,粤语 / 英语 / 汉语普通话 / 马来语 / 泰语,粤语 / 英语 / 普通话 / 马来语 / 泰语,粤语,粤语（广府片/白话）,Tier 2a,>50%（推断）,方言标签排首位、普通话居后（方言为主导对白）,https://movie.douban.com/subject/1296203/
方言片,3793671,轰天皇家将,1992,5.4,292,动作,1990s,粤语 / 汉语普通话,粤语 / 普通话,粤语,粤语（广府片/白话）,Tier 2a,>50%（推断）,方言标签排首位、普通话居后（方言为主导对白）,https://movie.douban.com/subject/3793671/
方言片,1305211,逃学外传,1992,6.9,11809,剧情 / 喜剧,1990s,粤语 / 汉语普通话,粤语 / 普通话,粤语,粤语（广府片/白话）,Tier 2a,>50%（推断）,方言标签排首位、普通话居后（方言为主导对白）,https://movie.douban.com/subject/1305211/
方言片,26602968,靓妹系列之不羁十七岁,1992,6.6,141,情色,1990s,粤语 / 汉语普通话,粤语 / 普通话,粤语,粤语（广府片/白话）,Tier 2a,>50%（推断）,方言标签排首位、普通话居后（方言为主导对白）,https://movie.douban.com/subject/26602968/
方言片,1292704,黄飞鸿之三：狮王争霸,1992,8.1,128512,剧情 / 动作 / 武侠,1990s,粤语 / 汉语普通话,粤语 / 普通话,粤语,粤语（广府片/白话）,Tier 2a,>50%（推断）,方言标签排首位、普通话居后（方言为主导对白）,https://movie.douban.com/subject/1292704/
方言片,1293475,黄飞鸿之二：男儿当自强,1992,8.2,115676,剧情 / 动作 / 爱情,1990s,粤语 / 汉语普通话,粤语 / 普通话,粤语,粤语（广府片/白话）,Tier 2a,>50%（推断）,方言标签排首位、普通话居后（方言为主导对白）,https://movie.douban.com/subject/1293475/
方言片,1304124,龙腾四海,1992,6.6,6077,喜剧 / 动作 / 犯罪,1990s,粤语 / 英语 / 汉语普通话,粤语 / 英语 / 普通话,粤语,粤语（广府片/白话）,Tier 2a,>50%（推断）,方言标签排首位、普通话居后（方言为主导对白）,https://movie.douban.com/subject/1304124/
方言片,1299059,倚天屠龙记之魔教教主,1993,7.8,156587,动作 / 奇幻 / 武侠,1990s,粤语 / 汉语普通话,粤语 / 普通话,粤语,粤语（广府片/白话）,Tier 2a,>50%（推断）,方言标签排首位、普通话居后（方言为主导对白）,https://movie.douban.com/subject/1299059/
方言片,1294561,太极张三丰,1993,7.9,134491,喜剧 / 动作 / 武侠,1990s,粤语 / 汉语普通话,粤语 / 普通话,粤语,粤语（广府片/白话）,Tier 2a,>50%（推断）,方言标签排首位、普通话居后（方言为主导对白）,https://movie.douban.com/subject/1294561/
方言片,1299846,少林豪侠传,1993,6.3,836,动作 / 冒险 / 喜剧,1990s,粤语 / 汉语普通话,粤语 / 普通话,粤语,粤语（广府片/白话）,Tier 2a,>50%（推断）,方言标签排首位、普通话居后（方言为主导对白）,https://movie.douban.com/subject/1299846/
方言片,2056130,干将莫邪绝情,1993,6.4,424,剧情 / 动作 / 历史,1990s,粤语 / 普通话,粤语 / 普通话,粤语,粤语（广府片/白话）,Tier 2a,>50%（推断）,方言标签排首位、普通话居后（方言为主导对白）,https://movie.douban.com/subject/2056130/
方言片,1292950,新不了情,1993,8.3,54707,剧情 / 爱情,1990s,粤语 / 汉语普通话 / 英语,粤语 / 普通话 / 英语,粤语,粤语（广府片/白话）,Tier 2a,>50%（推断）,方言标签排首位、普通话居后（方言为主导对白）,https://movie.douban.com/subject/1292950/
方言片,1477395,新冷血十三鹰,1993,6.0,2318,动作 / 剧情,1990s,粤语 / 汉语普通话,粤语 / 普通话,粤语,粤语（广府片/白话）,Tier 2a,>50%（推断）,方言标签排首位、普通话居后（方言为主导对白）,https://movie.douban.com/subject/1477395/
方言片,1305837,新碧血剑,1993,6.9,16485,动作 / 武侠 / 古装,1990s,粤语 / 汉语普通话,粤语 / 普通话,粤语,粤语（广府片/白话）,Tier 2a,>50%（推断）,方言标签排首位、普通话居后（方言为主导对白）,https://movie.douban.com/subject/1305837/
方言片,1297032,新难兄难弟,1993,8.0,25014,剧情 / 喜剧,1990s,粤语 / 汉语普通话,粤语 / 普通话,粤语,粤语（广府片/白话）,Tier 2a,>50%（推断）,方言标签排首位、普通话居后（方言为主导对白）,https://movie.douban.com/subject/1297032/
方言片,1295485,方世玉续集,1993,7.8,69302,喜剧 / 动作 / 武侠,1990s,粤语 / 汉语普通话,粤语 / 普通话,粤语,粤语（广府片/白话）,Tier 2a,>50%（推断）,方言标签排首位、普通话居后（方言为主导对白）,https://movie.douban.com/subject/1295485/
方言片,1297924,水浒传之英雄本色,1993,7.3,28296,剧情 / 动作 / 武侠,1990s,粤语 / 汉语普通话,粤语 / 普通话,粤语,粤语（广府片/白话）,Tier 2a,>50%（推断）,方言标签排首位、普通话居后（方言为主导对白）,https://movie.douban.com/subject/1297924/
方言片,26593681,浪蝶狂花,1993,4.4,149,情色,1990s,粤语 / 汉语普通话,粤语 / 普通话,粤语,粤语（广府片/白话）,Tier 2a,>50%（推断）,方言标签排首位、普通话居后（方言为主导对白）,https://movie.douban.com/subject/26593681/
方言片,1875025,狭路英豪,1993,6.5,1114,动作 / 喜剧 / 剧情,1990s,粤语 / 汉语普通话,粤语 / 普通话,粤语,粤语（广府片/白话）,Tier 2a,>50%（推断）,方言标签排首位、普通话居后（方言为主导对白）,https://movie.douban.com/subject/1875025/
方言片,4891791,猛鬼校园,1993,3.9,150,恐怖,1990s,粤语 / 汉语普通话,粤语 / 普通话,粤语,粤语（广府片/白话）,Tier 2a,>50%（推断）,方言标签排首位、普通话居后（方言为主导对白）,https://movie.douban.com/subject/4891791/
方言片,1463357,至尊三十六计之偷天换日,1993,7.0,10387,喜剧 / 动作,1990s,粤语 / 汉语普通话,粤语 / 普通话,粤语,粤语（广府片/白话）,Tier 2a,>50%（推断）,方言标签排首位、普通话居后（方言为主导对白）,https://movie.douban.com/subject/1463357/
方言片,1865903,苏乞儿,1993,6.6,7481,剧情 / 动作 / 武侠,1990s,粤语 / 汉语普通话,粤语 / 普通话,粤语,粤语（广府片/白话）,Tier 2a,>50%（推断）,方言标签排首位、普通话居后（方言为主导对白）,https://movie.douban.com/subject/1865903/
方言片,900196,青蛇,1993,8.4,451870,剧情 / 奇幻 / 古装,1990s,粤语 / 汉语普通话,粤语 / 普通话,粤语,粤语（广府片/白话）,Tier 2a,>50%（推断）,方言标签排首位、普通话居后（方言为主导对白）,https://movie.douban.com/subject/1303394/
方言片,25984543,魔鬼情人,1993,5.7,112,惊悚,1990s,粤语 / 汉语普通话,粤语 / 普通话,粤语,粤语（广府片/白话）,Tier 2a,>50%（推断）,方言标签排首位、普通话居后（方言为主导对白）,https://movie.douban.com/subject/25984543/
方言片,1294011,黄飞鸿之四：王者之风,1993,7.1,24238,动作 / 武侠 / 古装,1990s,粤语 / 汉语普通话,粤语 / 普通话,粤语,粤语（广府片/白话）,Tier 2a,>50%（推断）,方言标签排首位、普通话居后（方言为主导对白）,https://movie.douban.com/subject/1294011/
方言片,2338220,黄飞鸿之鬼脚七,1993,6.4,2043,动作,1990s,粤语 / 汉语普通话,粤语 / 普通话,粤语,粤语（广府片/白话）,Tier 2a,>50%（推断）,方言标签排首位、普通话居后（方言为主导对白）,https://movie.douban.com/subject/2338220/
方言片,1305225,黑豹天下,1993,6.0,3196,动作 / 喜剧 / 犯罪,1990s,粤语 / 汉语普通话 / 英语,粤语 / 普通话 / 英语,粤语,粤语（广府片/白话）,Tier 2a,>50%（推断）,方言标签排首位、普通话居后（方言为主导对白）,https://movie.douban.com/subject/1305225/
方言片,1294484,94独臂刀之情,1994,7.0,1460,剧情 / 动作 / 武侠,1990s,粤语 / 汉语普通话,粤语 / 普通话,粤语,粤语（广府片/白话）,Tier 2a,>50%（推断）,方言标签排首位、普通话居后（方言为主导对白）,https://movie.douban.com/subject/1294484/
方言片,900131,东邪西毒,1994,8.6,511664,剧情 / 动作 / 爱情 / 武侠 / 古装,1990s,粤语 / 汉语普通话,粤语 / 普通话,粤语,粤语（广府片/白话）,Tier 2a,>50%（推断）,方言标签排首位、普通话居后（方言为主导对白）,https://movie.douban.com/subject/1292328/
方言片,1300265,六指琴魔,1994,7.2,51482,动作 / 武侠 / 古装,1990s,粤语 / 汉语普通话,粤语 / 普通话,粤语,粤语（广府片/白话）,Tier 2a,>50%（推断）,方言标签排首位、普通话居后（方言为主导对白）,https://movie.douban.com/subject/1300265/
方言片,1301982,刀剑笑,1994,6.4,23573,喜剧 / 动作 / 武侠,1990s,粤语 / 汉语普通话,粤语 / 普通话,粤语,粤语（广府片/白话）,Tier 2a,>50%（推断）,方言标签排首位、普通话居后（方言为主导对白）,https://movie.douban.com/subject/1301982/
方言片,1305829,天与地,1994,7.2,6327,剧情,1990s,粤语 / 汉语普通话,粤语 / 普通话,粤语,粤语（广府片/白话）,Tier 2a,>50%（推断）,方言标签排首位、普通话居后（方言为主导对白）,https://movie.douban.com/subject/1305829/
方言片,2154280,怒海侠盗,1994,6.4,341,剧情 / 动作 / 古装,1990s,粤语 / 汉语普通话,粤语 / 普通话,粤语,粤语（广府片/白话）,Tier 2a,>50%（推断）,方言标签排首位、普通话居后（方言为主导对白）,https://movie.douban.com/subject/2154280/
方言片,1293518,火云传奇,1994,6.4,5927,喜剧 / 动作 / 武侠,1990s,粤语 / 汉语普通话,粤语 / 普通话,粤语,粤语（广府片/白话）,Tier 2a,>50%（推断）,方言标签排首位、普通话居后（方言为主导对白）,https://movie.douban.com/subject/1293518/
方言片,1297258,火烧红莲寺,1994,6.8,7526,动作 / 冒险 / 武侠,1990s,粤语 / 汉语普通话,粤语 / 普通话,粤语,粤语（广府片/白话）,Tier 2a,>50%（推断）,方言标签排首位、普通话居后（方言为主导对白）,https://movie.douban.com/subject/1297258/
方言片,1304420,珠光宝气,1994,6.3,2267,喜剧 / 爱情,1990s,粤语 / 汉语普通话 / 英语,粤语 / 普通话 / 英语,粤语,粤语（广府片/白话）,Tier 2a,>50%（推断）,方言标签排首位、普通话居后（方言为主导对白）,https://movie.douban.com/subject/1304420/
方言片,1299441,股疯,1994,7.7,10648,剧情 / 喜剧,1990s,粤语 / 汉语普通话 / 上海话,粤语 / 普通话 / 上海话,粤语 / 上海话,粤语（广府片/白话） / 吴语（江浙片）,Tier 2a,>50%（推断）,方言标签排首位、普通话居后（方言为主导对白）,https://movie.douban.com/subject/1299441/
方言片,1295636,花旗少林,1994,6.9,6693,动作 / 奇幻 / 爱情,1990s,粤语 / 汉语普通话 / 英语 / 日语,粤语 / 普通话 / 英语 / 日语,粤语,粤语（广府片/白话）,Tier 2a,>50%（推断）,方言标签排首位、普通话居后（方言为主导对白）,https://movie.douban.com/subject/1295636/
方言片,1292506,赌神2,1994,7.9,103563,动作 / 喜剧,1990s,粤语 / 汉语普通话 / 英语 / 法语,粤语 / 普通话 / 英语 / 法语,粤语,粤语（广府片/白话）,Tier 2a,>50%（推断）,方言标签排首位、普通话居后（方言为主导对白）,https://movie.douban.com/subject/1292506/
方言片,1303436,醉拳3,1994,6.5,15433,喜剧 / 动作 / 爱情,1990s,粤语 / 汉语普通话,粤语 / 普通话,粤语,粤语（广府片/白话）,Tier 2a,>50%（推断）,方言标签排首位、普通话居后（方言为主导对白）,https://movie.douban.com/subject/1303436/
方言片,900089,重庆森林,1994,8.7,691415,剧情 / 爱情,1990s,粤语 / 汉语普通话 / 英语 / 印地语 / 日语,粤语 / 普通话 / 英语 / 印地语 / 日语,粤语,粤语（广府片/白话）,Tier 2a,>50%（推断）,方言标签排首位、普通话居后（方言为主导对白）,https://movie.douban.com/subject/1291999/
方言片,1864541,中国龙,1995,6.9,7912,动作 / 喜剧 / 犯罪,1990s,粤语 / 汉语普通话 / 英语,粤语 / 普通话 / 英语,粤语,粤语（广府片/白话）,Tier 2a,>50%（推断）,方言标签排首位、普通话居后（方言为主导对白）,https://movie.douban.com/subject/1864541/
方言片,1460996,十兄弟,1995,6.8,62371,喜剧 / 动作 / 奇幻,1990s,粤语 / 汉语普通话 / 英语,粤语 / 普通话 / 英语,粤语,粤语（广府片/白话）,Tier 2a,>50%（推断）,方言标签排首位、普通话居后（方言为主导对白）,https://movie.douban.com/subject/1460996/
方言片,1299584,大冒险家,1995,6.5,6834,动作 / 剧情,1990s,粤语 / 英语 / 汉语普通话,粤语 / 英语 / 普通话,粤语,粤语（广府片/白话）,Tier 2a,>50%（推断）,方言标签排首位、普通话居后（方言为主导对白）,https://movie.douban.com/subject/1299584/
方言片,1460907,归土,1995,7.8,523,剧情,1990s,粤语 / 汉语普通话,粤语 / 普通话,粤语,粤语（广府片/白话）,Tier 2a,>50%（推断）,方言标签排首位、普通话居后（方言为主导对白）,https://movie.douban.com/subject/1460907/
方言片,1304772,特警急先锋,1995,6.9,1288,动作 / 犯罪,1990s,粤语 / 汉语普通话,粤语 / 普通话,粤语,粤语（广府片/白话）,Tier 2a,>50%（推断）,方言标签排首位、普通话居后（方言为主导对白）,https://movie.douban.com/subject/1304772/
方言片,1469713,猛鬼屠房,1995,5.6,1434,恐怖,1990s,粤语 / 汉语普通话,粤语 / 普通话,粤语,粤语（广府片/白话）,Tier 2a,>50%（推断）,方言标签排首位、普通话居后（方言为主导对白）,https://movie.douban.com/subject/1469713/
方言片,1300498,百变星君,1995,7.8,260123,喜剧 / 奇幻 / 科幻,1990s,粤语 / 汉语普通话 / 英语,粤语 / 普通话 / 英语,粤语,粤语（广府片/白话）,Tier 2a,>50%（推断）,方言标签排首位、普通话居后（方言为主导对白）,https://movie.douban.com/subject/1300498/
方言片,26733922,空虚少妇性告白,1995,4.9,110,情色,1990s,粤语 / 汉语普通话,粤语 / 普通话,粤语,粤语（广府片/白话）,Tier 2a,>50%（推断）,方言标签排首位、普通话居后（方言为主导对白）,https://movie.douban.com/subject/26733922/
方言片,1298564,红粉,1995,7.3,2058,剧情,1990s,粤语 / 汉语普通话,粤语 / 普通话,粤语,粤语（广府片/白话）,Tier 2a,>50%（推断）,方言标签排首位、普通话居后（方言为主导对白）,https://movie.douban.com/subject/1298564/
方言片,1299250,给爸爸的信,1995,7.9,64751,剧情 / 动作 / 犯罪,1990s,粤语 / 汉语普通话,粤语 / 普通话,粤语,粤语（广府片/白话）,Tier 2a,>50%（推断）,方言标签排首位、普通话居后（方言为主导对白）,https://movie.douban.com/subject/1299250/
方言片,1482466,错体追击组合,1995,6.5,215,动作,1990s,粤语 / 汉语普通话,粤语 / 普通话,粤语,粤语（广府片/白话）,Tier 2a,>50%（推断）,方言标签排首位、普通话居后（方言为主导对白）,https://movie.douban.com/subject/1482466/
方言片,1295106,鼠胆龙威,1995,7.4,40288,动作 / 喜剧 / 犯罪,1990s,粤语 / 汉语普通话 / 英语,粤语 / 普通话 / 英语,粤语,粤语（广府片/白话）,Tier 2a,>50%（推断）,方言标签排首位、普通话居后（方言为主导对白）,https://movie.douban.com/subject/1295106/
方言片,1294114,冒险王,1996,6.8,54527,动作,1990s,粤语 / 汉语普通话,粤语 / 普通话,粤语,粤语（广府片/白话）,Tier 2a,>50%（推断）,方言标签排首位、普通话居后（方言为主导对白）,https://movie.douban.com/subject/1294114/
方言片,1483577,功夫小子闯情关,1996,6.5,6862,动作 / 爱情 / 武侠,1990s,粤语 / 英语 / 汉语普通话,粤语 / 英语 / 普通话,粤语,粤语（广府片/白话）,Tier 2a,>50%（推断）,方言标签排首位、普通话居后（方言为主导对白）,https://movie.douban.com/subject/1483577/
方言片,1473074,古惑仔2之猛龙过江,1996,7.7,86538,动作 / 剧情,1990s,粤语 / 英语 / 汉语普通话,粤语 / 英语 / 普通话,粤语,粤语（广府片/白话）,Tier 2a,>50%（推断）,方言标签排首位、普通话居后（方言为主导对白）,https://movie.douban.com/subject/1473074/
方言片,1301283,古惑仔3之只手遮天,1996,7.7,85403,动作 / 剧情,1990s,粤语 / 英语 / 汉语普通话 / 荷兰语,粤语 / 英语 / 普通话 / 荷兰语,粤语,粤语（广府片/白话）,Tier 2a,>50%（推断）,方言标签排首位、普通话居后（方言为主导对白）,https://movie.douban.com/subject/1301283/
方言片,1293142,新上海滩,1996,7.7,49210,动作 / 犯罪 / 惊悚,1990s,粤语 / 汉语普通话 / 英语,粤语 / 普通话 / 英语,粤语,粤语（广府片/白话）,Tier 2a,>50%（推断）,方言标签排首位、普通话居后（方言为主导对白）,https://movie.douban.com/subject/1293142/
方言片,1302054,金枝玉叶2,1996,7.9,40438,喜剧 / 同性,1990s,粤语 / 汉语普通话 / 英语,粤语 / 普通话 / 英语,粤语,粤语（广府片/白话）,Tier 2a,>50%（推断）,方言标签排首位、普通话居后（方言为主导对白）,https://movie.douban.com/subject/1302054/
方言片,1307372,一个字头的诞生,1997,8.3,48141,动作 / 喜剧 / 犯罪,1990s,粤语 / 汉语普通话,粤语 / 普通话,粤语,粤语（广府片/白话）,Tier 2a,>50%（推断）,方言标签排首位、普通话居后（方言为主导对白）,https://movie.douban.com/subject/1307372/
方言片,1308443,减肥旅行团,1997,5.5,1660,喜剧,1990s,粤语 / 汉语普通话,粤语 / 普通话,粤语,粤语（广府片/白话）,Tier 2a,>50%（推断）,方言标签排首位、普通话居后（方言为主导对白）,https://movie.douban.com/subject/1308443/
方言片,1299624,半生缘,1997,7.9,75403,剧情 / 爱情,1990s,粤语 / 汉语普通话,粤语 / 普通话,粤语,粤语（广府片/白话）,Tier 2a,>50%（推断）,方言标签排首位、普通话居后（方言为主导对白）,https://movie.douban.com/subject/1299624/
方言片,900079,春光乍泄,1997,8.8,543778,剧情 / 爱情 / 同性,1990s,粤语 / 汉语普通话 / 西班牙语,粤语 / 普通话 / 西班牙语,粤语,粤语（广府片/白话）,Tier 2a,>50%（推断）,方言标签排首位、普通话居后（方言为主导对白）,https://movie.douban.com/subject/1292679/
方言片,1304648,自梳,1997,8.5,46391,剧情 / 爱情 / 同性,1990s,粤语 / 汉语普通话 / 英语,粤语 / 普通话 / 英语,粤语,粤语（广府片/白话）,Tier 2a,>50%（推断）,方言标签排首位、普通话居后（方言为主导对白）,https://movie.douban.com/subject/1304648/
方言片,1764897,麻雀飞龙,1997,7.0,735,喜剧 / 动作 / 爱情,1990s,粤语 / 汉语普通话,粤语 / 普通话,粤语,粤语（广府片/白话）,Tier 2a,>50%（推断）,方言标签排首位、普通话居后（方言为主导对白）,https://movie.douban.com/subject/1764897/
方言片,1292962,黑金,1997,7.8,72037,剧情 / 动作 / 犯罪,1990s,粤语 / 汉语普通话 / 英语 / 闽南语,粤语 / 普通话 / 英语 / 闽南语,粤语 / 闽南语,粤语（广府片/白话） / 闽南语（闽台片）,Tier 2a,>50%（推断）,方言标签排首位、普通话居后（方言为主导对白）,https://movie.douban.com/subject/1292962/
方言片,1308174,初缠恋后的2人世界,1998,7.8,7634,剧情 / 爱情,1990s,粤语 / 汉语普通话,粤语 / 普通话,粤语,粤语（广府片/白话）,Tier 2a,>50%（推断）,方言标签排首位、普通话居后（方言为主导对白）,https://movie.douban.com/subject/1308174/
方言片,1291851,小武,1998,8.5,111155,剧情,1990s,晋语 / 汉语普通话,晋语 / 普通话,晋语,晋语,Tier 2a,>50%（推断）,方言标签排首位、普通话居后（方言为主导对白）,https://movie.douban.com/subject/1291851/
方言片,1307404,愈快乐愈堕落,1998,7.3,9945,剧情 / 爱情 / 同性,1990s,粤语 / 汉语普通话,粤语 / 普通话,粤语,粤语（广府片/白话）,Tier 2a,>50%（推断）,方言标签排首位、普通话居后（方言为主导对白）,https://movie.douban.com/subject/1307404/
方言片,1297194,杀手之王,1998,6.8,24171,动作 / 喜剧,1990s,粤语 / 汉语普通话 / 日语 / 英语,粤语 / 普通话 / 日语 / 英语,粤语,粤语（广府片/白话）,Tier 2a,>50%（推断）,方言标签排首位、普通话居后（方言为主导对白）,https://movie.douban.com/subject/1297194/
方言片,1294963,一个都不能少,1999,7.7,122990,剧情,1990s,晋语 / 汉语普通话,晋语 / 普通话,晋语,晋语,Tier 2a,>50%（推断）,方言标签排首位、普通话居后（方言为主导对白）,https://movie.douban.com/subject/1294963/
方言片,1294671,中华英雄,1999,6.5,54972,动作 / 冒险 / 剧情,1990s,粤语 / 汉语普通话,粤语 / 普通话,粤语,粤语（广府片/白话）,Tier 2a,>50%（推断）,方言标签排首位、普通话居后（方言为主导对白）,https://movie.douban.com/subject/1294671/
方言片,1304677,千王之王2000,1999,6.9,105482,喜剧,1990s,粤语 / 汉语普通话,粤语 / 普通话,粤语,粤语（广府片/白话）,Tier 2a,>50%（推断）,方言标签排首位、普通话居后（方言为主导对白）,https://movie.douban.com/subject/1304677/
方言片,11636425,唐朝禁宫秘史,1999,4.9,220,情色,1990s,粤语 / 汉语普通话,粤语 / 普通话,粤语,粤语（广府片/白话）,Tier 2a,>50%（推断）,方言标签排首位、普通话居后（方言为主导对白）,https://movie.douban.com/subject/11636425/
方言片,1306433,天马茶房,1999,7.3,316,剧情 / 历史 / 爱情,1990s,闽南语 / 日语 / 上海话 / 汉语普通话,闽南语 / 日语 / 上海话 / 普通话,闽南语 / 上海话,闽南语（闽台片） / 吴语（江浙片）,Tier 2a,>50%（推断）,方言标签排首位、普通话居后（方言为主导对白）,https://movie.douban.com/subject/1306433/
方言片,1299592,成龙的特技,1999,8.8,3135,纪录片,1990s,粤语 / 英语 / 汉语普通话,粤语 / 英语 / 普通话,粤语,粤语（广府片/白话）,Tier 2a,>50%（推断）,方言标签排首位、普通话居后（方言为主导对白）,https://movie.douban.com/subject/1299592/
方言片,1401526,摄氏零度·春光再现,1999,8.8,21192,纪录片 / 同性,1990s,粤语 / 汉语普通话 / 西班牙语,粤语 / 普通话 / 西班牙语,粤语,粤语（广府片/白话）,Tier 2a,>50%（推断）,方言标签排首位、普通话居后（方言为主导对白）,https://movie.douban.com/subject/1401526/
方言片,1295284,星月童话,1999,8.1,32590,剧情 / 爱情 / 惊悚,1990s,粤语 / 日语 / 普通话,粤语 / 日语 / 普通话,粤语,粤语（广府片/白话）,Tier 2a,>50%（推断）,方言标签排首位、普通话居后（方言为主导对白）,https://movie.douban.com/subject/1295284/
方言片,1304837,爆裂刑警,1999,7.6,21738,动作 / 犯罪 / 爱情,1990s,粤语 / 普通话,粤语 / 普通话,粤语,粤语（广府片/白话）,Tier 2a,>50%（推断）,方言标签排首位、普通话居后（方言为主导对白）,https://movie.douban.com/subject/1304837/
方言片,1306541,玻璃樽,1999,6.5,56453,动作 / 爱情 / 喜剧,1990s,粤语 / 英语 / 汉语普通话 / 日语 / 闽南语,粤语 / 英语 / 普通话 / 日语 / 闽南语,粤语 / 闽南语,粤语（广府片/白话） / 闽南语（闽台片）,Tier 2a,>50%（推断）,方言标签排首位、普通话居后（方言为主导对白）,https://movie.douban.com/subject/1306541/
方言片,1296530,紫雨风暴,1999,6.5,3981,动作,1990s,粤语 / 高棉语 / 汉语普通话,粤语 / 高棉语 / 普通话,粤语,粤语（广府片/白话）,Tier 2a,>50%（推断）,方言标签排首位、普通话居后（方言为主导对白）,https://movie.douban.com/subject/1296530/
方言片,1299158,美丽新世界,1999,7.7,7545,剧情 / 喜剧,1990s,粤语 / 汉语普通话,粤语 / 普通话,粤语,粤语（广府片/白话）,Tier 2a,>50%（推断）,方言标签排首位、普通话居后（方言为主导对白）,https://movie.douban.com/subject/1299158/
方言片,1308129,赌侠大战拉斯维加斯,1999,6.4,32603,喜剧 / 动作,1990s,粤语 / 普通话 / 英语,粤语 / 普通话 / 英语,粤语,粤语（广府片/白话）,Tier 2a,>50%（推断）,方言标签排首位、普通话居后（方言为主导对白）,https://movie.douban.com/subject/1308129/
方言片,3772582,黄金恶梦,1999,3.9,113,剧情 / 动作,1990s,粤语 / 汉语普通话,粤语 / 普通话,粤语,粤语（广府片/白话）,Tier 2a,>50%（推断）,方言标签排首位、普通话居后（方言为主导对白）,https://movie.douban.com/subject/3772582/
方言片,1663415,上车走吧,2000,8.0,26887,剧情,2000s,青岛话 / 汉语普通话 / 北京话,青岛话 / 普通话 / 北京话,青岛话 / 北京话,东北/冀鲁/胶辽官话 / 北京官话,Tier 2a,>50%（推断）,方言标签排首位、普通话居后（方言为主导对白）,https://movie.douban.com/subject/1663415/
方言片,1305655,古镜怪谈,2000,5.8,16480,剧情 / 爱情 / 犯罪,2000s,粤语 / 汉语普通话,粤语 / 普通话,粤语,粤语（广府片/白话）,Tier 2a,>50%（推断）,方言标签排首位、普通话居后（方言为主导对白）,https://movie.douban.com/subject/1305655/
方言片,1297291,夏日么么茶,2000,6.7,76240,喜剧 / 爱情,2000s,粤语 / 普通话,粤语 / 普通话,粤语,粤语（广府片/白话）,Tier 2a,>50%（推断）,方言标签排首位、普通话居后（方言为主导对白）,https://movie.douban.com/subject/1297291/
方言片,6730009,旺角的天空3之终极边缘,2000,5.7,192,动作 / 犯罪 / 惊悚,2000s,粤语 / 汉语普通话,粤语 / 普通话,粤语,粤语（广府片/白话）,Tier 2a,>50%（推断）,方言标签排首位、普通话居后（方言为主导对白）,https://movie.douban.com/subject/6730009/
方言片,1308518,月亮的秘密,2000,7.0,640,剧情 / 爱情,2000s,粤语 / 汉语普通话,粤语 / 普通话,粤语,粤语（广府片/白话）,Tier 2a,>50%（推断）,方言标签排首位、普通话居后（方言为主导对白）,https://movie.douban.com/subject/1308518/
方言片,1308252,江湖告急,2000,7.6,42057,喜剧 / 犯罪,2000s,粤语 / 汉语普通话,粤语 / 普通话,粤语,粤语（广府片/白话）,Tier 2a,>50%（推断）,方言标签排首位、普通话居后（方言为主导对白）,https://movie.douban.com/subject/1308252/
方言片,1302904,爱与诚,2000,7.3,2292,动作 / 惊悚,2000s,粤语 / 汉语普通话 / 泰语,粤语 / 普通话 / 泰语,粤语,粤语（广府片/白话）,Tier 2a,>50%（推断）,方言标签排首位、普通话居后（方言为主导对白）,https://movie.douban.com/subject/1302904/
方言片,1298252,胜者为王,2000,7.4,45417,犯罪 / 惊悚,2000s,粤语 / 汉语普通话 / 英语,粤语 / 普通话 / 英语,粤语,粤语（广府片/白话）,Tier 2a,>50%（推断）,方言标签排首位、普通话居后（方言为主导对白）,https://movie.douban.com/subject/1298252/
方言片,1298439,蓝烟火,2000,6.1,422,剧情,2000s,粤语 / 汉语普通话,粤语 / 普通话,粤语,粤语（广府片/白话）,Tier 2a,>50%（推断）,方言标签排首位、普通话居后（方言为主导对白）,https://movie.douban.com/subject/1298439/
方言片,1301876,阿虎,2000,6.9,18414,剧情 / 爱情,2000s,粤语 / 汉语普通话 / 日语 / 泰语,粤语 / 普通话 / 日语 / 泰语,粤语,粤语（广府片/白话）,Tier 2a,>50%（推断）,方言标签排首位、普通话居后（方言为主导对白）,https://movie.douban.com/subject/1301876/
方言片,1296169,全职杀手,2001,6.8,27819,犯罪 / 剧情 / 惊悚,2000s,粤语 / 普通话 / 英语 / 日语,粤语 / 普通话 / 英语 / 日语,粤语,粤语（广府片/白话）,Tier 2a,>50%（推断）,方言标签排首位、普通话居后（方言为主导对白）,https://movie.douban.com/subject/1296169/
方言片,1917655,困兽,2001,6.8,490,剧情 / 动作 / 犯罪,2000s,粤语 / 汉语普通话,粤语 / 普通话,粤语,粤语（广府片/白话）,Tier 2a,>50%（推断）,方言标签排首位、普通话居后（方言为主导对白）,https://movie.douban.com/subject/1917655/
方言片,1297420,爱你爱我,2001,6.8,2154,剧情 / 爱情,2000s,台语 / 汉语普通话,台语 / 普通话,台语,台语（闽南语台湾变体）,Tier 2a,>50%（推断）,方言标签排首位、普通话居后（方言为主导对白）,https://movie.douban.com/subject/1297420/
方言片,1302242,特务迷城,2001,6.6,25940,动作 / 喜剧 / 惊悚,2000s,粤语 / 普通话 / 英语 / 法语 / 土耳其语 / 韩语,粤语 / 普通话 / 英语 / 法语 / 土耳其语 / 韩语,粤语,粤语（广府片/白话）,Tier 2a,>50%（推断）,方言标签排首位、普通话居后（方言为主导对白）,https://movie.douban.com/subject/1302242/
方言片,1302812,知法犯法,2001,6.8,6469,犯罪 / 动作,2000s,粤语 / 英语 / 汉语普通话,粤语 / 英语 / 普通话,粤语,粤语（广府片/白话）,Tier 2a,>50%（推断）,方言标签排首位、普通话居后（方言为主导对白）,https://movie.douban.com/subject/1302812/
方言片,1304536,绝色神偷,2001,6.3,22343,剧情 / 动作 / 爱情,2000s,粤语 / 汉语普通话,粤语 / 普通话,粤语,粤语（广府片/白话）,Tier 2a,>50%（推断）,方言标签排首位、普通话居后（方言为主导对白）,https://movie.douban.com/subject/1304536/
方言片,1298346,芭啦芭啦樱之花,2001,6.1,50569,歌舞 / 喜剧 / 爱情,2000s,粤语 / 汉语普通话 / 日语,粤语 / 普通话 / 日语,粤语,粤语（广府片/白话）,Tier 2a,>50%（推断）,方言标签排首位、普通话居后（方言为主导对白）,https://movie.douban.com/subject/1298346/
方言片,1441902,苹果的滋味,2001,5.3,855,喜剧 / 爱情,2000s,粤语 / 汉语普通话,粤语 / 普通话,粤语,粤语（广府片/白话）,Tier 2a,>50%（推断）,方言标签排首位、普通话居后（方言为主导对白）,https://movie.douban.com/subject/1441902/
方言片,1304676,香港有个荷里活,2001,7.3,21861,剧情 / 喜剧 / 惊悚,2000s,粤语 / 汉语普通话,粤语 / 普通话,粤语,粤语（广府片/白话）,Tier 2a,>50%（推断）,方言标签排首位、普通话居后（方言为主导对白）,https://movie.douban.com/subject/1304676/
方言片,1870004,停不了的爱,2002,6.5,3284,爱情,2000s,粤语 / 汉语普通话,粤语 / 普通话,粤语,粤语（广府片/白话）,Tier 2a,>50%（推断）,方言标签排首位、普通话居后（方言为主导对白）,https://movie.douban.com/subject/1870004/
方言片,1300608,夕阳天使,2002,6.7,57756,动作 / 犯罪,2000s,粤语 / 汉语普通话,粤语 / 普通话,粤语,粤语（广府片/白话）,Tier 2a,>50%（推断）,方言标签排首位、普通话居后（方言为主导对白）,https://movie.douban.com/subject/1300608/
方言片,5178802,夺宝英雄,2002,4.6,607,动作 / 冒险,2000s,粤语 / 汉语普通话,粤语 / 普通话,粤语,粤语（广府片/白话）,Tier 2a,>50%（推断）,方言标签排首位、普通话居后（方言为主导对白）,https://movie.douban.com/subject/5178802/
方言片,1306916,想飞,2002,6.7,5995,爱情 / 科幻,2000s,粤语 / 汉语普通话,粤语 / 普通话,粤语,粤语（广府片/白话）,Tier 2a,>50%（推断）,方言标签排首位、普通话居后（方言为主导对白）,https://movie.douban.com/subject/1306916/
方言片,1307054,美丽时光,2002,7.8,2360,剧情 / 犯罪 / 惊悚,2000s,客家话 / 闽南语 / 汉语普通话,客家话 / 闽南语 / 普通话,客家话 / 闽南语,客家话 / 闽南语（闽台片）,Tier 2a,>50%（推断）,方言标签排首位、普通话居后（方言为主导对白）,https://movie.douban.com/subject/1307054/
方言片,1296026,见鬼,2002,7.2,33861,剧情 / 恐怖 / 惊悚,2000s,粤语 / 泰语 / 普通话 / 英语 / 客家语,粤语 / 泰语 / 普通话 / 英语 / 客家语,粤语 / 客家语,粤语（广府片/白话） / 客家话,Tier 2a,>50%（推断）,方言标签排首位、普通话居后（方言为主导对白）,https://movie.douban.com/subject/1296026/
方言片,1303630,金鸡,2002,8.1,60246,剧情 / 喜剧,2000s,粤语 / 普通话,粤语 / 普通话,粤语,粤语（广府片/白话）,Tier 2a,>50%（推断）,方言标签排首位、普通话居后（方言为主导对白）,https://movie.douban.com/subject/1303630/
方言片,1419547,1:99电影行动,2003,7.5,2378,剧情,2000s,粤语 / 汉语普通话,粤语 / 普通话,粤语,粤语（广府片/白话）,Tier 2a,>50%（推断）,方言标签排首位、普通话居后（方言为主导对白）,https://movie.douban.com/subject/1419547/
方言片,1305179,大丈夫,2003,7.5,40835,喜剧 / 剧情,2000s,粤语 / 普通话,粤语 / 普通话,粤语,粤语（广府片/白话）,Tier 2a,>50%（推断）,方言标签排首位、普通话居后（方言为主导对白）,https://movie.douban.com/subject/1305179/
方言片,1578723,好死不如赖活着,2003,8.4,8587,纪录片,2000s,河南话 / 汉语普通话,河南话 / 普通话,河南话,中原/兰银官话,Tier 2a,>50%（推断）,方言标签排首位、普通话居后（方言为主导对白）,https://movie.douban.com/subject/1578723/
方言片,1394626,寻找周杰伦,2003,5.1,18875,爱情,2000s,粤语 / 汉语普通话,粤语 / 普通话,粤语,粤语（广府片/白话）,Tier 2a,>50%（推断）,方言标签排首位、普通话居后（方言为主导对白）,https://movie.douban.com/subject/1394626/
方言片,1307106,无间道2,2003,8.7,380587,剧情 / 犯罪 / 惊悚,2000s,粤语 / 英语 / 汉语普通话 / 泰语,粤语 / 英语 / 普通话 / 泰语,粤语,粤语（广府片/白话）,Tier 2a,>50%（推断）,方言标签排首位、普通话居后（方言为主导对白）,https://movie.douban.com/subject/1307106/
方言片,1304282,百年好合,2003,6.1,46589,喜剧 / 动作 / 爱情,2000s,粤语 / 普通话,粤语 / 普通话,粤语,粤语（广府片/白话）,Tier 2a,>50%（推断）,方言标签排首位、普通话居后（方言为主导对白）,https://movie.douban.com/subject/1304282/
方言片,1308060,龙的深处―失落的拼图,2003,7.7,245,纪录片 / 传记,2000s,粤语/安徽方言/国语,粤语 / 安徽方言 / 普通话,粤语 / 安徽方言,粤语（广府片/白话） / 江淮官话 / 通用汉语方言标签,Tier 2a,>50%（推断）,方言标签排首位、普通话居后（方言为主导对白）,https://movie.douban.com/subject/1308060/
方言片,1401873,三更2,2004,7.1,12044,恐怖,2000s,粤语 / 日语 / 韩语 / 汉语普通话,粤语 / 日语 / 韩语 / 普通话,粤语,粤语（广府片/白话）,Tier 2a,>50%（推断）,方言标签排首位、普通话居后（方言为主导对白）,https://movie.douban.com/subject/1401873/
方言片,1329286,公主复仇记,2004,6.8,25431,剧情,2000s,粤语 / 汉语普通话 / 四川话,粤语 / 普通话 / 四川话,粤语 / 四川话,粤语（广府片/白话） / 西南官话（川渝滇黔片）,Tier 2a,>50%（推断）,方言标签排首位、普通话居后（方言为主导对白）,https://movie.douban.com/subject/1329286/
方言片,1303269,冲锋陷阵,2004,6.3,6839,喜剧 / 动作 / 犯罪,2000s,粤语 / 英语 / 汉语普通话,粤语 / 英语 / 普通话,粤语,粤语（广府片/白话）,Tier 2a,>50%（推断）,方言标签排首位、普通话居后（方言为主导对白）,https://movie.douban.com/subject/1303269/
方言片,1291543,功夫,2004,8.7,912904,动作 / 喜剧 / 犯罪,2000s,粤语 / 汉语普通话 / 手语,粤语 / 普通话 / 手语,粤语,粤语（广府片/白话）,Tier 2a,>50%（推断）,方言标签排首位、普通话居后（方言为主导对白）,https://movie.douban.com/subject/1291543/
方言片,1946996,失惊无神,2004,5.4,782,恐怖 / 惊悚,2000s,粤语 / 汉语普通话,粤语 / 普通话,粤语,粤语（广府片/白话）,Tier 2a,>50%（推断）,方言标签排首位、普通话居后（方言为主导对白）,https://movie.douban.com/subject/1946996/
方言片,3328336,我爱天上人间,2004,6.1,1644,剧情,2000s,粤语 / 汉语普通话,粤语 / 普通话,粤语,粤语（广府片/白话）,Tier 2a,>50%（推断）,方言标签排首位、普通话居后（方言为主导对白）,https://movie.douban.com/subject/3328336/
方言片,1308796,柔道龙虎榜,2004,7.6,30803,剧情 / 动作,2000s,粤语 / 普通话,粤语 / 普通话,粤语,粤语（广府片/白话）,Tier 2a,>50%（推断）,方言标签排首位、普通话居后（方言为主导对白）,https://movie.douban.com/subject/1308796/
方言片,1308850,江湖,2004,7.2,46593,剧情 / 犯罪 / 动作,2000s,粤语 / 汉语普通话,粤语 / 普通话,粤语,粤语（广府片/白话）,Tier 2a,>50%（推断）,方言标签排首位、普通话居后（方言为主导对白）,https://movie.douban.com/subject/1308850/
方言片,1308862,爱‧作战,2004,7.4,3574,动作 / 爱情,2000s,粤语 / 汉语普通话,粤语 / 普通话,粤语,粤语（广府片/白话）,Tier 2a,>50%（推断）,方言标签排首位、普通话居后（方言为主导对白）,https://movie.douban.com/subject/1308862/
方言片,1308700,生死速递,2004,5.6,515,剧情,2000s,粤语 / 汉语普通话,粤语 / 普通话,粤语,粤语（广府片/白话）,Tier 2a,>50%（推断）,方言标签排首位、普通话居后（方言为主导对白）,https://movie.douban.com/subject/1308700/
方言片,1309125,见鬼2,2004,6.2,7660,剧情 / 奇幻 / 恐怖,2000s,粤语 / 泰语 / 普通话 / 英语,粤语 / 泰语 / 普通话 / 英语,粤语,粤语（广府片/白话）,Tier 2a,>50%（推断）,方言标签排首位、普通话居后（方言为主导对白）,https://movie.douban.com/subject/1309125/
方言片,1308838,龙凤斗,2004,6.7,65908,喜剧 / 剧情 / 爱情,2000s,粤语 / 汉语普通话,粤语 / 普通话,粤语,粤语（广府片/白话）,Tier 2a,>50%（推断）,方言标签排首位、普通话居后（方言为主导对白）,https://movie.douban.com/subject/1308838/
方言片,6984081,人肉实验室,2005,2.5,233,恐怖,2000s,粤语 / 汉语普通话,粤语 / 普通话,粤语,粤语（广府片/白话）,Tier 2a,>50%（推断）,方言标签排首位、普通话居后（方言为主导对白）,https://movie.douban.com/subject/6984081/
方言片,2052363,借兵,2005,5.7,1482,动作 / 犯罪,2000s,粤语 / 汉语普通话,粤语 / 普通话,粤语,粤语（广府片/白话）,Tier 2a,>50%（推断）,方言标签排首位、普通话居后（方言为主导对白）,https://movie.douban.com/subject/2052363/
方言片,1456690,情义我心知,2005,6.8,1902,喜剧 / 剧情,2000s,粤语 / 日语 / 汉语普通话,粤语 / 日语 / 普通话,粤语,粤语（广府片/白话）,Tier 2a,>50%（推断）,方言标签排首位、普通话居后（方言为主导对白）,https://movie.douban.com/subject/1456690/
方言片,1439890,情癫大圣,2005,5.4,120990,剧情 / 喜剧 / 动作,2000s,粤语 / 汉语普通话,粤语 / 普通话,粤语,粤语（广府片/白话）,Tier 2a,>50%（推断）,方言标签排首位、普通话居后（方言为主导对白）,https://movie.douban.com/subject/1439890/
方言片,1440099,挚爱,2005,6.5,1049,爱情,2000s,粤语 / 汉语普通话,粤语 / 普通话,粤语,粤语（广府片/白话）,Tier 2a,>50%（推断）,方言标签排首位、普通话居后（方言为主导对白）,https://movie.douban.com/subject/1440099/
方言片,1393479,韩城攻略,2005,6.1,72731,剧情 / 喜剧 / 动作,2000s,粤语 / 韩语 / 汉语普通话 / 英语 / 日语,粤语 / 韩语 / 普通话 / 英语 / 日语,粤语,粤语（广府片/白话）,Tier 2a,>50%（推断）,方言标签排首位、普通话居后（方言为主导对白）,https://movie.douban.com/subject/1393479/
方言片,1915729,卧虎,2006,6.0,14067,犯罪 / 剧情 / 惊悚,2000s,粤语 / 汉语普通话 / 英语,粤语 / 普通话 / 英语,粤语,粤语（广府片/白话）,Tier 2a,>50%（推断）,方言标签排首位、普通话居后（方言为主导对白）,https://movie.douban.com/subject/1915729/
方言片,1917313,天行者,2006,6.3,9864,动作 / 犯罪 / 剧情,2000s,粤语 / 英语 / 谷美尔语 / 泰语 / 汉语普通话,粤语 / 英语 / 谷美尔语 / 泰语 / 普通话,粤语,粤语（广府片/白话）,Tier 2a,>50%（推断）,方言标签排首位、普通话居后（方言为主导对白）,https://movie.douban.com/subject/1917313/
方言片,1868887,太阳雨,2006,6.6,175,剧情,2000s,粤语 / 汉语普通话,粤语 / 普通话,粤语,粤语（广府片/白话）,Tier 2a,>50%（推断）,方言标签排首位、普通话居后（方言为主导对白）,https://movie.douban.com/subject/1868887/
方言片,1864290,我要成名,2006,6.9,21579,喜剧 / 剧情,2000s,粤语 / 汉语普通话 / 英语,粤语 / 普通话 / 英语,粤语,粤语（广府片/白话）,Tier 2a,>50%（推断）,方言标签排首位、普通话居后（方言为主导对白）,https://movie.douban.com/subject/1864290/
方言片,1727557,父子,2006,6.9,28830,剧情 / 家庭,2000s,粤语 / 汉语普通话,粤语 / 普通话,粤语,粤语（广府片/白话）,Tier 2a,>50%（推断）,方言标签排首位、普通话居后（方言为主导对白）,https://movie.douban.com/subject/1727557/
方言片,1762077,结果,2006,6.7,1088,剧情,2000s,粤语 / 汉语普通话,粤语 / 普通话,粤语,粤语（广府片/白话）,Tier 2a,>50%（推断）,方言标签排首位、普通话居后（方言为主导对白）,https://movie.douban.com/subject/1762077/
方言片,1890786,缘邀知音,2006,5.6,293,歌舞,2000s,粤语 / 英语 / 汉语普通话,粤语 / 英语 / 普通话,粤语,粤语（广府片/白话）,Tier 2a,>50%（推断）,方言标签排首位、普通话居后（方言为主导对白）,https://movie.douban.com/subject/1890786/
方言片,1763857,黑夜,2006,5.6,1248,惊悚,2000s,粤语 / 日语 / 汉语普通话 / 泰语,粤语 / 日语 / 普通话 / 泰语,粤语,粤语（广府片/白话）,Tier 2a,>50%（推断）,方言标签排首位、普通话居后（方言为主导对白）,https://movie.douban.com/subject/1763857/
方言片,2027948,人在江湖,2007,5.5,1288,犯罪 / 剧情 / 爱情,2000s,粤语 / 汉语普通话 / 英语,粤语 / 普通话 / 英语,粤语,粤语（广府片/白话）,Tier 2a,>50%（推断）,方言标签排首位、普通话居后（方言为主导对白）,https://movie.douban.com/subject/2027948/
方言片,1962508,双子神偷,2007,5.6,33232,喜剧 / 动作,2000s,粤语 / 汉语普通话,粤语 / 普通话,粤语,粤语（广府片/白话）,Tier 2a,>50%（推断）,方言标签排首位、普通话居后（方言为主导对白）,https://movie.douban.com/subject/1962508/
方言片,1788392,夜·上海,2007,6.6,30163,剧情 / 爱情,2000s,粤语 / 日语 / 汉语普通话,粤语 / 日语 / 普通话,粤语,粤语（广府片/白话）,Tier 2a,>50%（推断）,方言标签排首位、普通话居后（方言为主导对白）,https://movie.douban.com/subject/1788392/
方言片,2044102,导火线,2007,7.3,107022,动作 / 犯罪,2000s,粤语 / 汉语普通话 / 英语 / 越南语,粤语 / 普通话 / 英语 / 越南语,粤语,粤语（广府片/白话）,Tier 2a,>50%（推断）,方言标签排首位、普通话居后（方言为主导对白）,https://movie.douban.com/subject/2044102/
方言片,1941257,战·鼓,2007,6.2,4788,犯罪 / 剧情,2000s,粤语 / 汉语普通话,粤语 / 普通话,粤语,粤语（广府片/白话）,Tier 2a,>50%（推断）,方言标签排首位、普通话居后（方言为主导对白）,https://movie.douban.com/subject/1941257/
方言片,2346881,破事儿,2007,7.5,58778,喜剧,2000s,粤语 / 普通话,粤语 / 普通话,粤语,粤语（广府片/白话）,Tier 2a,>50%（推断）,方言标签排首位、普通话居后（方言为主导对白）,https://movie.douban.com/subject/2346881/
方言片,2130121,绑架,2007,6.6,17016,惊悚,2000s,粤语 / 汉语普通话,粤语 / 普通话,粤语,粤语（广府片/白话）,Tier 2a,>50%（推断）,方言标签排首位、普通话居后（方言为主导对白）,https://movie.douban.com/subject/2130121/
方言片,2053618,醒狮,2007,5.3,1652,喜剧 / 剧情,2000s,粤语 / 汉语普通话 / 英语,粤语 / 普通话 / 英语,粤语,粤语（广府片/白话）,Tier 2a,>50%（推断）,方言标签排首位、普通话居后（方言为主导对白）,https://movie.douban.com/subject/2053618/
方言片,1890784,门徒,2007,7.9,247134,犯罪 / 剧情 / 惊悚,2000s,粤语 / 英语 / 泰语 / 汉语普通话,粤语 / 英语 / 泰语 / 普通话,粤语,粤语（广府片/白话）,Tier 2a,>50%（推断）,方言标签排首位、普通话居后（方言为主导对白）,https://movie.douban.com/subject/1890784/
方言片,2053665,降头,2007,6.2,5558,恐怖,2000s,粤语 / 汉语普通话 / 英语 / 泰语,粤语 / 普通话 / 英语 / 泰语,粤语,粤语（广府片/白话）,Tier 2a,>50%（推断）,方言标签排首位、普通话居后（方言为主导对白）,https://movie.douban.com/subject/2053665/
方言片,3318434,一八九五,2008,7.4,1365,历史,2000s,客家话 / 闽南语 / 汉语普通话 / 日语,客家话 / 闽南语 / 普通话 / 日语,客家话 / 闽南语,客家话 / 闽南语（闽台片）,Tier 2a,>50%（推断）,方言标签排首位、普通话居后（方言为主导对白）,https://movie.douban.com/subject/3318434/
方言片,2278021,七月好风,2008,6.8,740,剧情,2000s,粤语 / 汉语普通话 / 上海话,粤语 / 普通话 / 上海话,粤语 / 上海话,粤语（广府片/白话） / 吴语（江浙片）,Tier 2a,>50%（推断）,方言标签排首位、普通话居后（方言为主导对白）,https://movie.douban.com/subject/2278021/
方言片,2359431,保持通话,2008,6.7,150339,剧情 / 动作,2000s,粤语 / 汉语普通话,粤语 / 普通话,粤语,粤语（广府片/白话）,Tier 2a,>50%（推断）,方言标签排首位、普通话居后（方言为主导对白）,https://movie.douban.com/subject/2359431/
方言片,3074303,停车,2008,7.3,25365,剧情,2000s,台语 / 粤语 / 汉语普通话,台语 / 粤语 / 普通话,台语 / 粤语,台语（闽南语台湾变体） / 粤语（广府片/白话）,Tier 2a,>50%（推断）,方言标签排首位、普通话居后（方言为主导对白）,https://movie.douban.com/subject/3074303/
方言片,3041806,叶问,2008,7.7,337136,动作 / 传记 / 剧情,2000s,粤语 / 汉语普通话 / 日语,粤语 / 普通话 / 日语,粤语,粤语（广府片/白话）,Tier 2a,>50%（推断）,方言标签排首位、普通话居后（方言为主导对白）,https://movie.douban.com/subject/3041806/
方言片,3136488,大搜查之女,2008,5.9,19369,喜剧 / 犯罪 / 惊悚,2000s,粤语 / 普通话,粤语 / 普通话,粤语,粤语（广府片/白话）,Tier 2a,>50%（推断）,方言标签排首位、普通话居后（方言为主导对白）,https://movie.douban.com/subject/3136488/
方言片,3230460,夺标,2008,5.4,4929,动作,2000s,粤语 / 汉语普通话,粤语 / 普通话,粤语,粤语（广府片/白话）,Tier 2a,>50%（推断）,方言标签排首位、普通话居后（方言为主导对白）,https://movie.douban.com/subject/3230460/
方言片,3015835,我的最爱,2008,7.6,44646,爱情,2000s,粤语 / 普通话,粤语 / 普通话,粤语,粤语（广府片/白话）,Tier 2a,>50%（推断）,方言标签排首位、普通话居后（方言为主导对白）,https://movie.douban.com/subject/3015835/
方言片,2976123,文雀,2008,6.9,48407,剧情 / 爱情,2000s,粤语 / 普通话,粤语 / 普通话,粤语,粤语（广府片/白话）,Tier 2a,>50%（推断）,方言标签排首位、普通话居后（方言为主导对白）,https://movie.douban.com/subject/2976123/
方言片,2123510,深海寻人,2008,5.9,31177,剧情 / 奇幻 / 恐怖,2000s,粤语 / 汉语普通话,粤语 / 普通话,粤语,粤语（广府片/白话）,Tier 2a,>50%（推断）,方言标签排首位、普通话居后（方言为主导对白）,https://movie.douban.com/subject/2123510/
方言片,3193264,滚拉拉的枪,2008,8.1,1477,剧情 / 儿童,2000s,苗语 / 汉语普通话,苗语 / 普通话,苗语,中国少数民族语言,Tier 2a,>50%（推断）,方言标签排首位、普通话居后（方言为主导对白）,https://movie.douban.com/subject/3193264/
方言片,3036997,立春,2008,8.3,123164,剧情,2000s,晋语 / 汉语普通话,晋语 / 普通话,晋语,晋语,Tier 2a,>50%（推断）,方言标签排首位、普通话居后（方言为主导对白）,https://movie.douban.com/subject/3036997/
方言片,2027923,第一诫,2008,7.2,31827,动作 / 犯罪 / 恐怖,2000s,粤语 / 汉语普通话,粤语 / 普通话,粤语,粤语（广府片/白话）,Tier 2a,>50%（推断）,方言标签排首位、普通话居后（方言为主导对白）,https://movie.douban.com/subject/2027923/
方言片,3113588,艾草,2008,8.3,6377,剧情 / 同性 / 家庭,2000s,闽南语 / 汉语普通话,闽南语 / 普通话,闽南语,闽南语（闽台片）,Tier 2a,>50%（推断）,方言标签排首位、普通话居后（方言为主导对白）,https://movie.douban.com/subject/3113588/
方言片,3002819,花花型警,2008,5.7,24349,动作 / 爱情 / 惊悚,2000s,粤语 / 汉语普通话 / 英语,粤语 / 普通话 / 英语,粤语,粤语（广府片/白话）,Tier 2a,>50%（推断）,方言标签排首位、普通话居后（方言为主导对白）,https://movie.douban.com/subject/3002819/
方言片,2359442,蝴蝶飞,2008,5.5,14268,剧情 / 爱情,2000s,粤语 / 普通话,粤语 / 普通话,粤语,粤语（广府片/白话）,Tier 2a,>50%（推断）,方言标签排首位、普通话居后（方言为主导对白）,https://movie.douban.com/subject/2359442/
方言片,3312344,证人,2008,7.3,91713,动作 / 惊悚,2000s,粤语 / 汉语普通话,粤语 / 普通话,粤语,粤语（广府片/白话）,Tier 2a,>50%（推断）,方言标签排首位、普通话居后（方言为主导对白）,https://movie.douban.com/subject/3312344/
方言片,3726072,东邪西毒：终极版,2009,8.8,170563,剧情 / 动作 / 爱情,2000s,粤语 / 汉语普通话,粤语 / 普通话,粤语,粤语（广府片/白话）,Tier 2a,>50%（推断）,方言标签排首位、普通话居后（方言为主导对白）,https://movie.douban.com/subject/3726072/
方言片,3244128,亲密,2009,6.3,12229,剧情 / 爱情,2000s,粤语 / 普通话 / 英语,粤语 / 普通话 / 英语,粤语,粤语（广府片/白话）,Tier 2a,>50%（推断）,方言标签排首位、普通话居后（方言为主导对白）,https://movie.douban.com/subject/3244128/
方言片,3670447,大内密探灵灵狗,2009,5.2,146829,喜剧 / 动作 / 武侠,2000s,粤语 / 汉语普通话,粤语 / 普通话,粤语,粤语（广府片/白话）,Tier 2a,>50%（推断）,方言标签排首位、普通话居后（方言为主导对白）,https://movie.douban.com/subject/3670447/
方言片,3596513,天水围的夜与雾,2009,7.5,41253,剧情 / 犯罪,2000s,粤语 / 汉语普通话,粤语 / 普通话,粤语,粤语（广府片/白话）,Tier 2a,>50%（推断）,方言标签排首位、普通话居后（方言为主导对白）,https://movie.douban.com/subject/3596513/
方言片,4166383,奥戈,2009,6.1,113,剧情,2000s,粤语 / 汉语普通话,粤语 / 普通话,粤语,粤语（广府片/白话）,Tier 2a,>50%（推断）,方言标签排首位、普通话居后（方言为主导对白）,https://movie.douban.com/subject/4166383/
方言片,3244162,家有喜事2009,2009,5.4,52186,喜剧,2000s,粤语 / 汉语普通话,粤语 / 普通话,粤语,粤语（广府片/白话）,Tier 2a,>50%（推断）,方言标签排首位、普通话居后（方言为主导对白）,https://movie.douban.com/subject/3244162/
方言片,3899297,心魔,2009,6.3,7039,剧情 / 犯罪 / 惊悚,2000s,粤语 / 汉语普通话 / 马来语,粤语 / 普通话 / 马来语,粤语,粤语（广府片/白话）,Tier 2a,>50%（推断）,方言标签排首位、普通话居后（方言为主导对白）,https://movie.douban.com/subject/3899297/
方言片,3596509,战·无双,2009,3.9,2621,动作 / 剧情,2000s,粤语 / 汉语普通话,粤语 / 普通话,粤语,粤语（广府片/白话）,Tier 2a,>50%（推断）,方言标签排首位、普通话居后（方言为主导对白）,https://movie.douban.com/subject/3596509/
方言片,3862627,扑克王,2009,5.5,22224,喜剧,2000s,粤语 / 汉语普通话,粤语 / 普通话,粤语,粤语（广府片/白话）,Tier 2a,>50%（推断）,方言标签排首位、普通话居后（方言为主导对白）,https://movie.douban.com/subject/3862627/
方言片,3813814,明媚时光,2009,6.4,1471,剧情,2000s,粤语 / 汉语普通话,粤语 / 普通话,粤语,粤语（广府片/白话）,Tier 2a,>50%（推断）,方言标签排首位、普通话居后（方言为主导对白）,https://movie.douban.com/subject/3813814/
方言片,3578756,永久居留,2009,7.3,10223,剧情 / 爱情 / 同性,2000s,粤语 / 英语 / 汉语普通话,粤语 / 英语 / 普通话,粤语,粤语（广府片/白话）,Tier 2a,>50%（推断）,方言标签排首位、普通话居后（方言为主导对白）,https://movie.douban.com/subject/3578756/
方言片,3262939,游龙戏凤,2009,6.0,64873,爱情,2000s,粤语 / 汉语普通话 / 英语,粤语 / 普通话 / 英语,粤语,粤语（广府片/白话）,Tier 2a,>50%（推断）,方言标签排首位、普通话居后（方言为主导对白）,https://movie.douban.com/subject/3262939/
方言片,3447595,爱得起,2009,5.7,17080,喜剧 / 爱情,2000s,粤语 / 汉语普通话,粤语 / 普通话,粤语,粤语（广府片/白话）,Tier 2a,>50%（推断）,方言标签排首位、普通话居后（方言为主导对白）,https://movie.douban.com/subject/3447595/
方言片,3412882,窃听风云,2009,7.6,258464,动作 / 剧情 / 惊悚,2000s,粤语 / 汉语普通话,粤语 / 普通话,粤语,粤语（广府片/白话）,Tier 2a,>50%（推断）,方言标签排首位、普通话居后（方言为主导对白）,https://movie.douban.com/subject/3412882/
方言片,3897667,窈窕绅士,2009,6.1,63214,喜剧 / 爱情,2000s,Shanghainese / 英语 / 粤语 / 汉语普通话,shanghainese / 英语 / 粤语 / 普通话,shanghainese / 粤语,吴语（江浙片） / 粤语（广府片/白话）,Tier 2a,>50%（推断）,方言标签排首位、普通话居后（方言为主导对白）,https://movie.douban.com/subject/3897667/
方言片,2124718,跳出去,2009,5.3,10224,喜剧 / 剧情,2000s,粤语 / 汉语普通话,粤语 / 普通话,粤语,粤语（广府片/白话）,Tier 2a,>50%（推断）,方言标签排首位、普通话居后（方言为主导对白）,https://movie.douban.com/subject/2124718/
方言片,3874981,全城戒备,2010,4.6,43623,动作 / 科幻 / 惊悚,2010s,粤语 / 汉语普通话,粤语 / 普通话,粤语,粤语（广府片/白话）,Tier 2a,>50%（推断）,方言标签排首位、普通话居后（方言为主导对白）,https://movie.douban.com/subject/3874981/
方言片,2276989,出水芙蓉,2010,5.0,9840,喜剧 / 运动,2010s,粤语 / 汉语普通话,粤语 / 普通话,粤语,粤语（广府片/白话）,Tier 2a,>50%（推断）,方言标签排首位、普通话居后（方言为主导对白）,https://movie.douban.com/subject/2276989/
方言片,5250341,功夫·咏春,2010,5.5,3276,动作,2010s,粤语 / 汉语普通话,粤语 / 普通话,粤语,粤语（广府片/白话）,Tier 2a,>50%（推断）,方言标签排首位、普通话居后（方言为主导对白）,https://movie.douban.com/subject/5250341/
方言片,3578981,叶问2：宗师传奇,2010,7.4,234231,动作 / 传记 / 历史,2010s,粤语 / 汉语普通话 / 英语,粤语 / 普通话 / 英语,粤语,粤语（广府片/白话）,Tier 2a,>50%（推断）,方言标签排首位、普通话居后（方言为主导对白）,https://movie.douban.com/subject/3578981/
方言片,4134631,叶问前传,2010,5.8,22810,动作,2010s,粤语 / 汉语普通话,粤语 / 普通话,粤语,粤语（广府片/白话）,Tier 2a,>50%（推断）,方言标签排首位、普通话居后（方言为主导对白）,https://movie.douban.com/subject/4134631/
方言片,4604803,安非他命,2010,6.3,17755,剧情 / 同性,2010s,粤语 / 英语 / 汉语普通话,粤语 / 英语 / 普通话,粤语,粤语（广府片/白话）,Tier 2a,>50%（推断）,方言标签排首位、普通话居后（方言为主导对白）,https://movie.douban.com/subject/4604803/
方言片,4271832,完美嫁衣,2010,6.5,41006,喜剧 / 爱情,2010s,粤语 / 汉语普通话,粤语 / 普通话,粤语,粤语（广府片/白话）,Tier 2a,>50%（推断）,方言标签排首位、普通话居后（方言为主导对白）,https://movie.douban.com/subject/4271832/
方言片,900122,岁月神偷,2010,8.6,521901,剧情 / 家庭,2010s,粤语 / 汉语普通话 / 英语 / 上海话 / 法语,粤语 / 普通话 / 英语 / 上海话 / 法语,粤语 / 上海话,粤语（广府片/白话） / 吴语（江浙片）,Tier 2a,>50%（推断）,方言标签排首位、普通话居后（方言为主导对白）,https://movie.douban.com/subject/3792799/
方言片,3777800,月满轩尼诗,2010,6.7,82980,喜剧 / 爱情,2010s,粤语 / 汉语普通话,粤语 / 普通话,粤语,粤语（广府片/白话）,Tier 2a,>50%（推断）,方言标签排首位、普通话居后（方言为主导对白）,https://movie.douban.com/subject/3777800/
方言片,4133988,枪王之王,2010,6.7,133970,动作 / 悬疑 / 惊悚,2010s,粤语 / 汉语普通话,粤语 / 普通话,粤语,粤语（广府片/白话）,Tier 2a,>50%（推断）,方言标签排首位、普通话居后（方言为主导对白）,https://movie.douban.com/subject/4133988/
方言片,3993708,火龙对决,2010,6.1,18802,动作 / 惊悚,2010s,粤语 / 汉语普通话,粤语 / 普通话,粤语,粤语（广府片/白话）,Tier 2a,>50%（推断）,方言标签排首位、普通话居后（方言为主导对白）,https://movie.douban.com/subject/3993708/
方言片,3829512,灭门,2010,4.4,5350,动作 / 惊悚,2010s,粤语 / 汉语普通话,粤语 / 普通话,粤语,粤语（广府片/白话）,Tier 2a,>50%（推断）,方言标签排首位、普通话居后（方言为主导对白）,https://movie.douban.com/subject/3829512/
方言片,4063408,眼泪,2010,7.5,1120,剧情,2010s,闽南语 Min Nan / 汉语普通话,闽南语 min nan / 普通话,闽南语 min nan,闽南语（闽台片）,Tier 2a,>50%（推断）,方言标签排首位、普通话居后（方言为主导对白）,https://movie.douban.com/subject/4063408/
方言片,3267195,童眼,2010,4.7,5668,惊悚 / 恐怖,2010s,粤语 / 汉语普通话,粤语 / 普通话,粤语,粤语（广府片/白话）,Tier 2a,>50%（推断）,方言标签排首位、普通话居后（方言为主导对白）,https://movie.douban.com/subject/3267195/
方言片,3609001,米香,2010,7.4,2152,剧情,2010s,四川话 / 河南话 / 汉语普通话,四川话 / 河南话 / 普通话,四川话 / 河南话,西南官话（川渝滇黔片） / 中原/兰银官话,Tier 2a,>50%（推断）,方言标签排首位、普通话居后（方言为主导对白）,https://movie.douban.com/subject/3609001/
方言片,3792816,精武风云·陈真,2010,6.1,70003,动作,2010s,粤语 / 汉语普通话,粤语 / 普通话,粤语,粤语（广府片/白话）,Tier 2a,>50%（推断）,方言标签排首位、普通话居后（方言为主导对白）,https://movie.douban.com/subject/3792816/
方言片,4133814,线人,2010,7.4,133609,动作 / 剧情 / 惊悚,2010s,粤语 / 汉语普通话,粤语 / 普通话,粤语,粤语（广府片/白话）,Tier 2a,>50%（推断）,方言标签排首位、普通话居后（方言为主导对白）,https://movie.douban.com/subject/4133814/
方言片,4100696,美丽密令,2010,5.4,43985,喜剧,2010s,粤语 / 汉语普通话,粤语 / 普通话,粤语,粤语（广府片/白话）,Tier 2a,>50%（推断）,方言标签排首位、普通话居后（方言为主导对白）,https://movie.douban.com/subject/4100696/
方言片,3737102,艋舺,2010,7.7,257931,剧情 / 动作 / 犯罪,2010s,闽南语 / 汉语普通话,闽南语 / 普通话,闽南语,闽南语（闽台片）,Tier 2a,>50%（推断）,方言标签排首位、普通话居后（方言为主导对白）,https://movie.douban.com/subject/3737102/
方言片,3804746,花田喜事2010,2010,5.3,73391,喜剧 / 爱情 / 古装,2010s,粤语 / 汉语普通话,粤语 / 普通话,粤语,粤语（广府片/白话）,Tier 2a,>50%（推断）,方言标签排首位、普通话居后（方言为主导对白）,https://movie.douban.com/subject/3804746/
方言片,4118060,B+侦探,2011,5.8,30859,剧情 / 犯罪 / 悬疑,2010s,粤语 / 汉语普通话 / 泰语,粤语 / 普通话 / 泰语,粤语,粤语（广府片/白话）,Tier 2a,>50%（推断）,方言标签排首位、普通话居后（方言为主导对白）,https://movie.douban.com/subject/4118060/
方言片,6068516,东成西就2011,2011,4.0,54665,喜剧 / 动作 / 爱情,2010s,粤语 / 汉语普通话,粤语 / 普通话,粤语,粤语（广府片/白话）,Tier 2a,>50%（推断）,方言标签排首位、普通话居后（方言为主导对白）,https://movie.douban.com/subject/6068516/
方言片,4946963,光棍儿,2011,8.1,40885,剧情 / 喜剧 / 同性,2010s,河北方言 / 汉语普通话,河北方言 / 普通话,河北方言,通用汉语方言标签,Tier 2a,>50%（推断）,方言标签排首位、普通话居后（方言为主导对白）,https://movie.douban.com/subject/4946963/
方言片,6514087,北角,2011,6.3,505,剧情,2010s,粤语 / 汉语普通话 / 四川话 / 闽南语,粤语 / 普通话 / 四川话 / 闽南语,粤语 / 四川话 / 闽南语,粤语（广府片/白话） / 西南官话（川渝滇黔片） / 闽南语（闽台片）,Tier 2a,>50%（推断）,方言标签排首位、普通话居后（方言为主导对白）,https://movie.douban.com/subject/6514087/
方言片,4724739,单身男女,2011,6.8,274511,喜剧 / 爱情,2010s,粤语 / 汉语普通话,粤语 / 普通话,粤语,粤语（广府片/白话）,Tier 2a,>50%（推断）,方言标签排首位、普通话居后（方言为主导对白）,https://movie.douban.com/subject/4724739/
方言片,6518721,夏日恋神马,2011,3.9,3893,剧情 / 喜剧 / 爱情,2010s,粤语 / 汉语普通话,粤语 / 普通话,粤语,粤语（广府片/白话）,Tier 2a,>50%（推断）,方言标签排首位、普通话居后（方言为主导对白）,https://movie.douban.com/subject/6518721/
方言片,6861624,大同：康有为在瑞典,2011,8.3,253,剧情 / 纪录片 / 舞台艺术,2010s,粤语 / 汉语普通话 / 法语,粤语 / 普通话 / 法语,粤语,粤语（广府片/白话）,Tier 2a,>50%（推断）,方言标签排首位、普通话居后（方言为主导对白）,https://movie.douban.com/subject/6861624/
方言片,5250583,最强囍事,2011,5.2,74415,喜剧 / 爱情,2010s,粤语 / 汉语普通话,粤语 / 普通话,粤语,粤语（广府片/白话）,Tier 2a,>50%（推断）,方言标签排首位、普通话居后（方言为主导对白）,https://movie.douban.com/subject/5250583/
方言片,6804364,梦游,2011,5.0,3725,悬疑 / 惊悚,2010s,粤语 / 汉语普通话,粤语 / 普通话,粤语,粤语（广府片/白话）,Tier 2a,>50%（推断）,方言标签排首位、普通话居后（方言为主导对白）,https://movie.douban.com/subject/6804364/
方言片,6058567,生活而已,2011,7.6,671,纪录片,2010s,山东话 / 湖南话 / 汉语普通话,山东话 / 湖南话 / 普通话,山东话 / 湖南话,东北/冀鲁/胶辽官话 / 湘语,Tier 2a,>50%（推断）,方言标签排首位、普通话居后（方言为主导对白）,https://movie.douban.com/subject/6058567/
方言片,5422105,窃听风云2,2011,7.6,224656,剧情 / 动作 / 犯罪,2010s,粤语 / 汉语普通话,粤语 / 普通话,粤语,粤语（广府片/白话）,Tier 2a,>50%（推断）,方言标签排首位、普通话居后（方言为主导对白）,https://movie.douban.com/subject/5422105/
方言片,4195726,酒徒,2011,6.8,2691,剧情,2010s,粤语 / 汉语普通话 / 上海话,粤语 / 普通话 / 上海话,粤语 / 上海话,粤语（广府片/白话） / 吴语（江浙片）,Tier 2a,>50%（推断）,方言标签排首位、普通话居后（方言为主导对白）,https://movie.douban.com/subject/4195726/
方言片,7161707,2012喜上加喜,2012,6.1,14017,剧情 / 喜剧,2010s,粤语 / 汉语普通话,粤语 / 普通话,粤语,粤语（广府片/白话）,Tier 2a,>50%（推断）,方言标签排首位、普通话居后（方言为主导对白）,https://movie.douban.com/subject/7161707/
方言片,6011805,一九四二,2012,7.9,270623,剧情 / 历史 / 战争,2010s,河南方言 / 英语 / 日语 / 汉语普通话,河南方言 / 英语 / 日语 / 普通话,河南方言,中原/兰银官话 / 通用汉语方言标签,Tier 2a,>50%（推断）,方言标签排首位、普通话居后（方言为主导对白）,https://movie.douban.com/subject/6011805/
方言片,10788273,七月流火,2012,6.8,378,剧情 / 短片 / 犯罪,2010s,广西白话 / 汉语普通话,广西白话 / 普通话,广西白话,粤语（广府片/白话）,Tier 2a,>50%（推断）,方言标签排首位、普通话居后（方言为主导对白）,https://movie.douban.com/subject/10788273/
方言片,6873331,八星抱喜,2012,4.9,25400,喜剧 / 爱情,2010s,粤语 / 汉语普通话,粤语 / 普通话,粤语,粤语（广府片/白话）,Tier 2a,>50%（推断）,方言标签排首位、普通话居后（方言为主导对白）,https://movie.douban.com/subject/6873331/
方言片,6738735,大追捕,2012,7.3,77867,剧情 / 动作 / 犯罪,2010s,粤语 / 英语 / 汉语普通话,粤语 / 英语 / 普通话,粤语,粤语（广府片/白话）,Tier 2a,>50%（推断）,方言标签排首位、普通话居后（方言为主导对白）,https://movie.douban.com/subject/6738735/
方言片,3532614,夺命金,2012,7.3,104731,剧情 / 犯罪,2010s,粤语 / 汉语普通话,粤语 / 普通话,粤语,粤语（广府片/白话）,Tier 2a,>50%（推断）,方言标签排首位、普通话居后（方言为主导对白）,https://movie.douban.com/subject/3532614/
方言片,6829652,女朋友，男朋友,2012,7.5,155789,剧情 / 爱情 / 同性,2010s,闽南语 / 汉语普通话,闽南语 / 普通话,闽南语,闽南语（闽台片）,Tier 2a,>50%（推断）,方言标签排首位、普通话居后（方言为主导对白）,https://movie.douban.com/subject/6829652/
方言片,10467774,孙子从美国来,2012,8.5,76757,剧情 / 儿童 / 家庭,2010s,陕西话 / 汉语普通话 / 英语,陕西话 / 普通话 / 英语,陕西话,中原/兰银官话,Tier 2a,>50%（推断）,方言标签排首位、普通话居后（方言为主导对白）,https://movie.douban.com/subject/10467774/
方言片,6890730,寒战,2012,7.5,340398,剧情 / 动作 / 犯罪,2010s,粤语 / 汉语普通话,粤语 / 普通话,粤语,粤语（广府片/白话）,Tier 2a,>50%（推断）,方言标签排首位、普通话居后（方言为主导对白）,https://movie.douban.com/subject/6890730/
方言片,11593592,将令,2012,6.9,927,纪录片,2010s,陕西话 / 汉语普通话,陕西话 / 普通话,陕西话,中原/兰银官话,Tier 2a,>50%（推断）,方言标签排首位、普通话居后（方言为主导对白）,https://movie.douban.com/subject/11593592/
方言片,10467746,无憾,2012,7.8,1102,纪录片,2010s,粤语 / 汉语普通话,粤语 / 普通话,粤语,粤语（广府片/白话）,Tier 2a,>50%（推断）,方言标签排首位、普通话居后（方言为主导对白）,https://movie.douban.com/subject/10467746/
方言片,6386345,春娇与志明,2012,7.3,364714,剧情 / 喜剧 / 爱情,2010s,粤语 / 汉语普通话,粤语 / 普通话,粤语,粤语（广府片/白话）,Tier 2a,>50%（推断）,方言标签排首位、普通话居后（方言为主导对白）,https://movie.douban.com/subject/6386345/
方言片,6991110,消失的子弹,2012,6.5,106736,动作 / 悬疑 / 犯罪,2010s,粤语 / 汉语普通话,粤语 / 普通话,粤语,粤语（广府片/白话）,Tier 2a,>50%（推断）,方言标签排首位、普通话居后（方言为主导对白）,https://movie.douban.com/subject/6991110/
方言片,10521688,美好2012,2012,6.5,499,剧情,2010s,粤语 / 汉语普通话 / 韩语,粤语 / 普通话 / 韩语,粤语,粤语（广府片/白话）,Tier 2a,>50%（推断）,方言标签排首位、普通话居后（方言为主导对白）,https://movie.douban.com/subject/10521688/
方言片,4903581,追凶,2012,4.5,10527,犯罪 / 悬疑 / 惊悚,2010s,粤语 / 汉语普通话,粤语 / 普通话,粤语,粤语（广府片/白话）,Tier 2a,>50%（推断）,方言标签排首位、普通话居后（方言为主导对白）,https://movie.douban.com/subject/4903581/
方言片,10831905,那是说着玩的,2012,7.3,626,剧情 / 喜剧,2010s,河南方言 / 汉语普通话,河南方言 / 普通话,河南方言,中原/兰银官话 / 通用汉语方言标签,Tier 2a,>50%（推断）,方言标签排首位、普通话居后（方言为主导对白）,https://movie.douban.com/subject/10831905/
方言片,6781967,高举爱,2012,6.1,3480,剧情 / 爱情,2010s,粤语 / 汉语普通话,粤语 / 普通话,粤语,粤语（广府片/白话）,Tier 2a,>50%（推断）,方言标签排首位、普通话居后（方言为主导对白）,https://movie.douban.com/subject/6781967/
方言片,5977838,高海拔之恋Ⅱ,2012,5.9,19188,爱情,2010s,粤语 / 汉语普通话,粤语 / 普通话,粤语,粤语（广府片/白话）,Tier 2a,>50%（推断）,方言标签排首位、普通话居后（方言为主导对白）,https://movie.douban.com/subject/5977838/
方言片,4284085,团圆,2013,7.9,13980,剧情 / 家庭,2010s,上海话 / 汉语普通话,上海话 / 普通话,上海话,吴语（江浙片）,Tier 2a,>50%（推断）,方言标签排首位、普通话居后（方言为主导对白）,https://movie.douban.com/subject/4284085/
方言片,19976824,天后之战,2013,6.2,193,喜剧 / 运动,2010s,闽南语 Hokkien / 汉语普通话,闽南语 hokkien / 普通话,闽南语 hokkien,闽南语（闽台片）,Tier 2a,>50%（推断）,方言标签排首位、普通话居后（方言为主导对白）,https://movie.douban.com/subject/19976824/
方言片,25745197,小学鸡大电影,2013,7.6,126,剧情 / 儿童,2010s,粤语 / 汉语普通话,粤语 / 普通话,粤语,粤语（广府片/白话）,Tier 2a,>50%（推断）,方言标签排首位、普通话居后（方言为主导对白）,https://movie.douban.com/subject/25745197/
方言片,11623346,心战,2013,4.4,6030,犯罪 / 悬疑 / 惊悚,2010s,粤语 / 汉语普通话,粤语 / 普通话,粤语,粤语（广府片/白话）,Tier 2a,>50%（推断）,方言标签排首位、普通话居后（方言为主导对白）,https://movie.douban.com/subject/11623346/
方言片,24878178,无涯：杜琪峰的电影世界,2013,8.5,5614,纪录片,2010s,粤语 / 汉语普通话 / 英语,粤语 / 普通话 / 英语,粤语,粤语（广府片/白话）,Tier 2a,>50%（推断）,方言标签排首位、普通话居后（方言为主导对白）,https://movie.douban.com/subject/24878178/
方言片,20388223,激战,2013,7.9,178587,剧情 / 动作 / 运动,2010s,粤语 / 汉语普通话,粤语 / 普通话,粤语,粤语（广府片/白话）,Tier 2a,>50%（推断）,方言标签排首位、普通话居后（方言为主导对白）,https://movie.douban.com/subject/20388223/
方言片,6872273,盲探,2013,7.1,202735,喜剧 / 爱情 / 悬疑,2010s,粤语 / 汉语普通话,粤语 / 普通话,粤语,粤语（广府片/白话）,Tier 2a,>50%（推断）,方言标签排首位、普通话居后（方言为主导对白）,https://movie.douban.com/subject/6872273/
方言片,23715312,神算,2013,7.7,346,剧情 / 奇幻 / 短片,2010s,闽南语 / 汉语普通话,闽南语 / 普通话,闽南语,闽南语（闽台片）,Tier 2a,>50%（推断）,方言标签排首位、普通话居后（方言为主导对白）,https://movie.douban.com/subject/23715312/
方言片,19899635,穷人·榴莲·麻药·偷渡客,2013,6.6,454,剧情,2010s,云南方言/普通话/缅语,云南方言 / 普通话 / 缅语,云南方言,西南官话（川渝滇黔片） / 通用汉语方言标签,Tier 2a,>50%（推断）,方言标签排首位、普通话居后（方言为主导对白）,https://movie.douban.com/subject/19899635/
方言片,26946562,一诺.千金,2014,7.5,109,剧情 / 儿童 / 喜剧,2010s,重庆方言 / 汉语普通话,重庆方言 / 普通话,重庆方言,西南官话（川渝滇黔片） / 通用汉语方言标签,Tier 2a,>50%（推断）,方言标签排首位、普通话居后（方言为主导对白）,https://movie.douban.com/subject/26946562/
方言片,19995496,兰亭,2014,6.9,254,剧情,2010s,吴语 / 汉语普通话,吴语 / 普通话,吴语,吴语（江浙片）,Tier 2a,>50%（推断）,方言标签排首位、普通话居后（方言为主导对白）,https://movie.douban.com/subject/19995496/
方言片,1292213,大话西游之大圣娶亲,2014,9.2,1341384,喜剧 / 爱情 / 奇幻,2010s,粤语 / 汉语普通话,粤语 / 普通话,粤语,粤语（广府片/白话）,Tier 2a,>50%（推断）,方言标签排首位、普通话居后（方言为主导对白）,https://movie.douban.com/subject/1292213/
方言片,1299398,大话西游之月光宝盒,2014,9.0,1068801,喜剧 / 爱情 / 奇幻,2010s,粤语 / 汉语普通话,粤语 / 普通话,粤语,粤语（广府片/白话）,Tier 2a,>50%（推断）,方言标签排首位、普通话居后（方言为主导对白）,https://movie.douban.com/subject/1299398/
方言片,20443013,救火英雄,2014,7.2,65198,动作 / 灾难,2010s,粤语 / 汉语普通话,粤语 / 普通话,粤语,粤语（广府片/白话）,Tier 2a,>50%（推断）,方言标签排首位、普通话居后（方言为主导对白）,https://movie.douban.com/subject/20443013/
方言片,25912600,明月的暑期日记,2014,8.1,3887,剧情 / 短片,2010s,益阳方言 / 汉语普通话,益阳方言 / 普通话,益阳方言,湘语 / 通用汉语方言标签,Tier 2a,>50%（推断）,方言标签排首位、普通话居后（方言为主导对白）,https://movie.douban.com/subject/25912600/
方言片,26282656,梦想，从心出发,2014,8.4,173,剧情 / 短片 / 运动,2010s,维吾尔语 / 汉语普通话,维吾尔语 / 普通话,维吾尔语,中国少数民族语言,Tier 2a,>50%（推断）,方言标签排首位、普通话居后（方言为主导对白）,https://movie.douban.com/subject/26282656/
方言片,24706118,求爱大作战,2014,4.4,3667,剧情 / 喜剧 / 爱情,2010s,粤语 / 汉语普通话,粤语 / 普通话,粤语,粤语（广府片/白话）,Tier 2a,>50%（推断）,方言标签排首位、普通话居后（方言为主导对白）,https://movie.douban.com/subject/24706118/
方言片,25724870,点对点,2014,6.8,1937,剧情,2010s,粤语 / 汉语普通话,粤语 / 普通话,粤语,粤语（广府片/白话）,Tier 2a,>50%（推断）,方言标签排首位、普通话居后（方言为主导对白）,https://movie.douban.com/subject/25724870/
方言片,10810270,西藏天空,2014,6.9,1312,剧情 / 历史,2010s,藏语 / 英语 / 汉语普通话,藏语 / 英语 / 普通话,藏语,中国少数民族语言,Tier 2a,>50%（推断）,方言标签排首位、普通话居后（方言为主导对白）,https://movie.douban.com/subject/10810270/
方言片,19944289,过界男女,2014,5.7,13188,剧情 / 爱情,2010s,粤语 / 汉语普通话 / 英语,粤语 / 普通话 / 英语,粤语,粤语（广府片/白话）,Tier 2a,>50%（推断）,方言标签排首位、普通话居后（方言为主导对白）,https://movie.douban.com/subject/19944289/
方言片,26271893,12金鸭,2015,5.3,18813,爱情,2010s,粤语 / 汉语普通话 / 英语 / 泰语,粤语 / 普通话 / 英语 / 泰语,粤语,粤语（广府片/白话）,Tier 2a,>50%（推断）,方言标签排首位、普通话居后（方言为主导对白）,https://movie.douban.com/subject/26271893/
方言片,26611458,分手再说我爱你,2015,6.6,14018,喜剧 / 爱情,2010s,粤语 / 汉语普通话,粤语 / 普通话,粤语,粤语（广府片/白话）,Tier 2a,>50%（推断）,方言标签排首位、普通话居后（方言为主导对白）,https://movie.douban.com/subject/26611458/
方言片,24743696,喜马拉雅天梯,2015,7.4,9303,纪录片,2010s,藏语 / 汉语普通话 / 英语,藏语 / 普通话 / 英语,藏语,中国少数民族语言,Tier 2a,>50%（推断）,方言标签排首位、普通话居后（方言为主导对白）,https://movie.douban.com/subject/24743696/
方言片,11537965,家在水草丰茂的地方,2015,7.9,13231,剧情 / 儿童,2010s,裕固语 / 甘肃方言 / 汉语普通话,裕固语 / 甘肃方言 / 普通话,裕固语 / 甘肃方言,中国少数民族语言 / 中原/兰银官话 / 通用汉语方言标签,Tier 2a,>50%（推断）,方言标签排首位、普通话居后（方言为主导对白）,https://movie.douban.com/subject/11537965/
方言片,24875658,我的青春期,2015,6.1,18412,剧情 / 爱情,2010s,晋语 / 汉语普通话,晋语 / 普通话,晋语,晋语,Tier 2a,>50%（推断）,方言标签排首位、普通话居后（方言为主导对白）,https://movie.douban.com/subject/24875658/
方言片,11505245,最美的时候遇见你,2015,6.3,15951,爱情,2010s,贵州方言 / 汉语普通话,贵州方言 / 普通话,贵州方言,西南官话（川渝滇黔片） / 通用汉语方言标签,Tier 2a,>50%（推断）,方言标签排首位、普通话居后（方言为主导对白）,https://movie.douban.com/subject/11505245/
方言片,25778483,消失的凶手,2015,5.0,30540,动作 / 犯罪 / 悬疑,2010s,粤语 / 汉语普通话,粤语 / 普通话,粤语,粤语（广府片/白话）,Tier 2a,>50%（推断）,方言标签排首位、普通话居后（方言为主导对白）,https://movie.douban.com/subject/25778483/
方言片,25858785,澳门风云2 賭城風雲II,2015,5.6,153634,喜剧 / 动作,2010s,粤语 / 汉语普通话 / 泰语 / 四川话 / 英语,粤语 / 普通话 / 泰语 / 四川话 / 英语,粤语 / 四川话,粤语（广府片/白话） / 西南官话（川渝滇黔片）,Tier 2a,>50%（推断）,方言标签排首位、普通话居后（方言为主导对白）,https://movie.douban.com/subject/25858785/
方言片,25934051,爱情攻略,2015,5.9,6270,喜剧 / 爱情,2010s,粤语 / 汉语普通话,粤语 / 普通话,粤语,粤语（广府片/白话）,Tier 2a,>50%（推断）,方言标签排首位、普通话居后（方言为主导对白）,https://movie.douban.com/subject/25934051/
方言片,1305164,甜蜜蜜,2015,8.9,451862,剧情 / 爱情,2010s,粤语 / 汉语普通话 / 英语,粤语 / 普通话 / 英语,粤语,粤语（广府片/白话）,Tier 2a,>50%（推断）,方言标签排首位、普通话居后（方言为主导对白）,https://movie.douban.com/subject/1305164/
方言片,25966085,踏血寻梅,2015,7.5,171878,剧情 / 犯罪 / 悬疑,2010s,粤语 / 汉语普通话 / 湖南方言,粤语 / 普通话 / 湖南方言,粤语 / 湖南方言,粤语（广府片/白话） / 湘语 / 通用汉语方言标签,Tier 2a,>50%（推断）,方言标签排首位、普通话居后（方言为主导对白）,https://movie.douban.com/subject/25966085/
方言片,26341750,陀地驱魔人,2015,6.5,35447,剧情 / 恐怖,2010s,粤语 / 汉语普通话,粤语 / 普通话,粤语,粤语（广府片/白话）,Tier 2a,>50%（推断）,方言标签排首位、普通话居后（方言为主导对白）,https://movie.douban.com/subject/26341750/
方言片,26831448,你往何处去,2016,7.0,127,剧情,2010s,粤语 / 汉语普通话 / 他加禄语 / 英语,粤语 / 普通话 / 他加禄语 / 英语,粤语,粤语（广府片/白话）,Tier 2a,>50%（推断）,方言标签排首位、普通话居后（方言为主导对白）,https://movie.douban.com/subject/26831448/
方言片,26336253,使徒行者,2016,6.9,191473,剧情 / 动作 / 犯罪,2010s,粤语 / 汉语普通话,粤语 / 普通话,粤语,粤语（广府片/白话）,Tier 2a,>50%（推断）,方言标签排首位、普通话居后（方言为主导对白）,https://movie.douban.com/subject/26336253/
方言片,11625312,刑警兄弟,2016,5.4,7333,喜剧 / 动作,2010s,粤语 / 汉语普通话,粤语 / 普通话,粤语,粤语（广府片/白话）,Tier 2a,>50%（推断）,方言标签排首位、普通话居后（方言为主导对白）,https://movie.douban.com/subject/11625312/
方言片,26351526,幸运是我,2016,8.0,39002,剧情 / 家庭,2010s,粤语 / 汉语普通话,粤语 / 普通话,粤语,粤语（广府片/白话）,Tier 2a,>50%（推断）,方言标签排首位、普通话居后（方言为主导对白）,https://movie.douban.com/subject/26351526/
方言片,26818281,杜琪峰的银河创作：《三人行》制作纪录,2016,8.0,965,纪录片,2010s,粤语 / 汉语普通话,粤语 / 普通话,粤语,粤语（广府片/白话）,Tier 2a,>50%（推断）,方言标签排首位、普通话居后（方言为主导对白）,https://movie.douban.com/subject/26818281/
方言片,26575857,灯塔下的恋人,2016,4.6,991,剧情 / 爱情,2010s,粤语 / 汉语普通话,粤语 / 普通话,粤语,粤语（广府片/白话）,Tier 2a,>50%（推断）,方言标签排首位、普通话居后（方言为主导对白）,https://movie.douban.com/subject/26575857/
方言片,26235351,辣警霸王花,2016,3.9,2238,喜剧 / 动作,2010s,粤语 / 汉语普通话,粤语 / 普通话,粤语,粤语（广府片/白话）,Tier 2a,>50%（推断）,方言标签排首位、普通话居后（方言为主导对白）,https://movie.douban.com/subject/26235351/
方言片,26761978,骨妹,2016,7.3,5692,剧情 / 爱情 / 同性,2010s,粤语 / 汉语普通话,粤语 / 普通话,粤语,粤语（广府片/白话）,Tier 2a,>50%（推断）,方言标签排首位、普通话居后（方言为主导对白）,https://movie.douban.com/subject/26761978/
方言片,27089436,侧耳倾听3,2017,8.3,102,剧情,2010s,重庆话 / 汉语普通话,重庆话 / 普通话,重庆话,西南官话（川渝滇黔片）,Tier 2a,>50%（推断）,方言标签排首位、普通话居后（方言为主导对白）,https://movie.douban.com/subject/27089436/
方言片,26606242,冈仁波齐,2017,7.7,131012,剧情,2010s,藏语 / 汉语普通话,藏语 / 普通话,藏语,中国少数民族语言,Tier 2a,>50%（推断）,方言标签排首位、普通话居后（方言为主导对白）,https://movie.douban.com/subject/26606242/
方言片,26969722,初恋日记,2017,5.3,1536,爱情,2010s,粤语 / 汉语普通话,粤语 / 普通话,粤语,粤语（广府片/白话）,Tier 2a,>50%（推断）,方言标签排首位、普通话居后（方言为主导对白）,https://movie.douban.com/subject/26969722/
方言片,27059130,大佛普拉斯,2017,8.7,367886,剧情 / 喜剧,2010s,闽南语 / 汉语普通话,闽南语 / 普通话,闽南语,闽南语（闽台片）,Tier 2a,>50%（推断）,方言标签排首位、普通话居后（方言为主导对白）,https://movie.douban.com/subject/27059130/
方言片,26791366,大钓哥,2017,5.2,320,喜剧 / 犯罪,2010s,闽南话 / 汉语普通话,闽南话 / 普通话,闽南话,闽南语（闽台片）,Tier 2a,>50%（推断）,方言标签排首位、普通话居后（方言为主导对白）,https://movie.douban.com/subject/26791366/
方言片,27601256,天落水,2017,7.2,320,剧情,2010s,上海话 / 汉语普通话,上海话 / 普通话,上海话,吴语（江浙片）,Tier 2a,>50%（推断）,方言标签排首位、普通话居后（方言为主导对白）,https://movie.douban.com/subject/27601256/
方言片,26959527,女人永远是对的,2017,3.9,640,喜剧 / 爱情,2010s,粤语 / 汉语普通话,粤语 / 普通话,粤语,粤语（广府片/白话）,Tier 2a,>50%（推断）,方言标签排首位、普通话居后（方言为主导对白）,https://movie.douban.com/subject/26959527/
方言片,26354028,我们停战吧,2017,5.2,611,剧情 / 爱情,2010s,粤语 / 汉语普通话,粤语 / 普通话,粤语,粤语（广府片/白话）,Tier 2a,>50%（推断）,方言标签排首位、普通话居后（方言为主导对白）,https://movie.douban.com/subject/26354028/
方言片,26666181,我只认识你,2017,8.1,2807,纪录片,2010s,上海话 / 汉语普通话,上海话 / 普通话,上海话,吴语（江浙片）,Tier 2a,>50%（推断）,方言标签排首位、普通话居后（方言为主导对白）,https://movie.douban.com/subject/26666181/
方言片,26909457,我要发达,2017,4.6,923,剧情,2010s,粤语 / 汉语普通话,粤语 / 普通话,粤语,粤语（广府片/白话）,Tier 2a,>50%（推断）,方言标签排首位、普通话居后（方言为主导对白）,https://movie.douban.com/subject/26909457/
方言片,26759783,救僵清道夫,2017,5.4,8797,喜剧 / 恐怖,2010s,粤语 / 汉语普通话,粤语 / 普通话,粤语,粤语（广府片/白话）,Tier 2a,>50%（推断）,方言标签排首位、普通话居后（方言为主导对白）,https://movie.douban.com/subject/26759783/
方言片,27089144,方绣英,2017,6.7,859,纪录片,2010s,浙江方言 / 汉语普通话,浙江方言 / 普通话,浙江方言,江淮官话 / 通用汉语方言标签,Tier 2a,>50%（推断）,方言标签排首位、普通话居后（方言为主导对白）,https://movie.douban.com/subject/27089144/
方言片,26884826,日常对话,2017,8.3,13592,纪录片 / 同性,2010s,闽南语 / 汉语普通话,闽南语 / 普通话,闽南语,闽南语（闽台片）,Tier 2a,>50%（推断）,方言标签排首位、普通话居后（方言为主导对白）,https://movie.douban.com/subject/26884826/
方言片,26425072,明月几时有,2017,6.9,83553,剧情 / 历史 / 战争,2010s,粤语 / 汉语普通话 / 日语,粤语 / 普通话 / 日语,粤语,粤语（广府片/白话）,Tier 2a,>50%（推断）,方言标签排首位、普通话居后（方言为主导对白）,https://movie.douban.com/subject/26425072/
方言片,26639958,春娇救志明,2017,7.0,197603,剧情 / 喜剧 / 爱情,2010s,粤语 / 汉语普通话,粤语 / 普通话,粤语,粤语（广府片/白话）,Tier 2a,>50%（推断）,方言标签排首位、普通话居后（方言为主导对白）,https://movie.douban.com/subject/26639958/
方言片,26801752,此情此刻,2017,5.9,1590,剧情 / 爱情,2010s,粤语 / 汉语普通话,粤语 / 普通话,粤语,粤语（广府片/白话）,Tier 2a,>50%（推断）,方言标签排首位、普通话居后（方言为主导对白）,https://movie.douban.com/subject/26801752/
方言片,1297574,英雄本色,2017,8.6,456145,剧情 / 动作 / 犯罪,2010s,粤语 / 汉语普通话 / 英语,粤语 / 普通话 / 英语,粤语,粤语（广府片/白话）,Tier 2a,>50%（推断）,方言标签排首位、普通话居后（方言为主导对白）,https://movie.douban.com/subject/1297574/
方言片,26425068,追龙,2017,7.2,316370,动作 / 犯罪,2010s,粤语 / 汉语普通话,粤语 / 普通话,粤语,粤语（广府片/白话）,Tier 2a,>50%（推断）,方言标签排首位、普通话居后（方言为主导对白）,https://movie.douban.com/subject/26425068/
方言片,22557335,降魔传,2017,2.9,16515,喜剧 / 奇幻,2010s,粤语 / 汉语普通话,粤语 / 普通话,粤语,粤语（广府片/白话）,Tier 2a,>50%（推断）,方言标签排首位、普通话居后（方言为主导对白）,https://movie.douban.com/subject/22557335/
方言片,26988003,兄弟班,2018,5.4,1221,剧情 / 喜剧,2010s,粤语 / 汉语普通话,粤语 / 普通话,粤语,粤语（广府片/白话）,Tier 2a,>50%（推断）,方言标签排首位、普通话居后（方言为主导对白）,https://movie.douban.com/subject/26988003/
方言片,30329714,冒牌搭档,2018,3.0,1239,喜剧,2010s,粤语 / 汉语普通话,粤语 / 普通话,粤语,粤语（广府片/白话）,Tier 2a,>50%（推断）,方言标签排首位、普通话居后（方言为主导对白）,https://movie.douban.com/subject/30329714/
方言片,26984538,卧底巨星,2018,3.5,18396,喜剧 / 动作,2010s,粤语 / 汉语普通话,粤语 / 普通话,粤语,粤语（广府片/白话）,Tier 2a,>50%（推断）,方言标签排首位、普通话居后（方言为主导对白）,https://movie.douban.com/subject/26984538/
方言片,26996640,反贪风暴3,2018,5.7,107432,剧情 / 动作 / 犯罪,2010s,粤语 / 汉语普通话,粤语 / 普通话,粤语,粤语（广府片/白话）,Tier 2a,>50%（推断）,方言标签排首位、普通话居后（方言为主导对白）,https://movie.douban.com/subject/26996640/
方言片,26633257,地球最后的夜晚,2018,6.9,200389,剧情 / 爱情 / 悬疑,2010s,贵州方言 / 汉语普通话,贵州方言 / 普通话,贵州方言,西南官话（川渝滇黔片） / 通用汉语方言标签,Tier 2a,>50%（推断）,方言标签排首位、普通话居后（方言为主导对白）,https://movie.douban.com/subject/26633257/
方言片,27201353,大师兄,2018,5.1,38782,喜剧 / 动作,2010s,粤语 / 汉语普通话,粤语 / 普通话,粤语,粤语（广府片/白话）,Tier 2a,>50%（推断）,方言标签排首位、普通话居后（方言为主导对白）,https://movie.douban.com/subject/27201353/
方言片,30345209,延禧南巡,2018,7.2,114,真人秀 / 脱口秀,2010s,粤语 / 汉语普通话,粤语 / 普通话,粤语,粤语（广府片/白话）,Tier 2a,>50%（推断）,方言标签排首位、普通话居后（方言为主导对白）,https://movie.douban.com/subject/30345209/
方言片,27019210,有罪,2018,4.5,110,剧情 / 情色,2010s,粤语 / 汉语普通话,粤语 / 普通话,粤语,粤语（广府片/白话）,Tier 2a,>50%（推断）,方言标签排首位、普通话居后（方言为主导对白）,https://movie.douban.com/subject/27019210/
方言片,26351812,欧洲攻略,2018,3.5,60855,喜剧 / 动作 / 爱情,2010s,粤语 / 英语 / 汉语普通话 / 意大利语 / 克林贡语,粤语 / 英语 / 普通话 / 意大利语 / 克林贡语,粤语,粤语（广府片/白话）,Tier 2a,>50%（推断）,方言标签排首位、普通话居后（方言为主导对白）,https://movie.douban.com/subject/26351812/
方言片,27195080,泄密者,2018,5.3,27307,剧情 / 犯罪,2010s,粤语 / 汉语普通话,粤语 / 普通话,粤语,粤语（广府片/白话）,Tier 2a,>50%（推断）,方言标签排首位、普通话居后（方言为主导对白）,https://movie.douban.com/subject/27195080/
方言片,30276726,爸，我一定行的,2018,6.4,6672,剧情 / 喜剧 / 家庭,2010s,潮汕方言 / 汉语普通话,潮汕方言 / 普通话,潮汕方言,闽南语（闽台片） / 通用汉语方言标签,Tier 2a,>50%（推断）,方言标签排首位、普通话居后（方言为主导对白）,https://movie.douban.com/subject/30276726/
方言片,30316976,片警宝音,2018,6.9,881,剧情,2010s,蒙古语 / 汉语普通话,蒙古语 / 普通话,蒙古语,中国少数民族语言,Tier 2a,>50%（推断）,方言标签排首位、普通话居后（方言为主导对白）,https://movie.douban.com/subject/30316976/
方言片,1305690,阿飞正传,2018,8.5,436699,犯罪 / 剧情 / 爱情,2010s,粤语 / 汉语普通话 / 英语 / 菲律宾语 / 上海话,粤语 / 普通话 / 英语 / 菲律宾语 / 上海话,粤语 / 上海话,粤语（广府片/白话） / 吴语（江浙片）,Tier 2a,>50%（推断）,方言标签排首位、普通话居后（方言为主导对白）,https://movie.douban.com/subject/1305690/
方言片,27069427,黄金兄弟,2018,5.0,47095,动作 / 犯罪,2010s,粤语 / 汉语普通话,粤语 / 普通话,粤语,粤语（广府片/白话）,Tier 2a,>50%（推断）,方言标签排首位、普通话居后（方言为主导对白）,https://movie.douban.com/subject/27069427/
方言片,26796665,九龙不败,2019,3.0,9131,剧情 / 动作 / 犯罪,2010s,粤语 / 英语 / 汉语普通话,粤语 / 英语 / 普通话,粤语,粤语（广府片/白话）,Tier 2a,>50%（推断）,方言标签排首位、普通话居后（方言为主导对白）,https://movie.douban.com/subject/26796665/
方言片,30423193,使徒行者2：谍影行动,2019,6.2,178991,剧情 / 动作 / 犯罪,2010s,粤语 / 汉语普通话,粤语 / 普通话,粤语,粤语（广府片/白话）,Tier 2a,>50%（推断）,方言标签排首位、普通话居后（方言为主导对白）,https://movie.douban.com/subject/30423193/
方言片,26752547,催眠·裁决,2019,5.8,50815,犯罪 / 悬疑,2010s,粤语 / 汉语普通话,粤语 / 普通话,粤语,粤语（广府片/白话）,Tier 2a,>50%（推断）,方言标签排首位、普通话居后（方言为主导对白）,https://movie.douban.com/subject/26752547/
方言片,27202819,反贪风暴4,2019,5.9,151659,动作 / 犯罪,2010s,粤语 / 汉语普通话,粤语 / 普通话,粤语,粤语（广府片/白话）,Tier 2a,>50%（推断）,方言标签排首位、普通话居后（方言为主导对白）,https://movie.douban.com/subject/27202819/
方言片,26885074,叶问4：完结篇,2019,6.8,269509,剧情 / 动作,2010s,粤语 / 英语 / 汉语普通话,粤语 / 英语 / 普通话,粤语,粤语（广府片/白话）,Tier 2a,>50%（推断）,方言标签排首位、普通话居后（方言为主导对白）,https://movie.douban.com/subject/26885074/
方言片,30416337,唐伯虎点秋香2019,2019,2.8,3849,喜剧 / 奇幻 / 古装,2010s,粤语 / 汉语普通话,粤语 / 普通话,粤语,粤语（广府片/白话）,Tier 2a,>50%（推断）,方言标签排首位、普通话居后（方言为主导对白）,https://movie.douban.com/subject/30416337/
方言片,30476893,川味 第三季,2019,7.7,1791,纪录片,2010s,四川方言 / 汉语普通话,四川方言 / 普通话,四川方言,西南官话（川渝滇黔片） / 通用汉语方言标签,Tier 2a,>50%（推断）,方言标签排首位、普通话居后（方言为主导对白）,https://movie.douban.com/subject/30476893/
方言片,30204446,江湖无难事,2019,6.5,2444,喜剧,2010s,闽南语 / 汉语普通话,闽南语 / 普通话,闽南语,闽南语（闽台片）,Tier 2a,>50%（推断）,方言标签排首位、普通话居后（方言为主导对白）,https://movie.douban.com/subject/30204446/
方言片,34447514,烟花与月亮,2019,7.0,152,剧情 / 爱情 / 短片,2010s,粤语 / 汉语普通话,粤语 / 普通话,粤语,粤语（广府片/白话）,Tier 2a,>50%（推断）,方言标签排首位、普通话居后（方言为主导对白）,https://movie.douban.com/subject/34447514/
方言片,30308966,玩转全家福,2019,4.3,299,喜剧,2010s,粤语 / 汉语普通话,粤语 / 普通话,粤语,粤语（广府片/白话）,Tier 2a,>50%（推断）,方言标签排首位、普通话居后（方言为主导对白）,https://movie.douban.com/subject/30308966/
方言片,27041454,绑灵,2019,3.6,1022,恐怖,2010s,粤语 / 汉语普通话,粤语 / 普通话,粤语,粤语（广府片/白话）,Tier 2a,>50%（推断）,方言标签排首位、普通话居后（方言为主导对白）,https://movie.douban.com/subject/27041454/
方言片,30219680,迷局伏香,2019,3.6,953,剧情 / 犯罪 / 悬疑,2010s,粤语 / 汉语普通话,粤语 / 普通话,粤语,粤语（广府片/白话）,Tier 2a,>50%（推断）,方言标签排首位、普通话居后（方言为主导对白）,https://movie.douban.com/subject/30219680/
方言片,30175306,追龙Ⅱ,2019,5.4,134802,剧情 / 动作 / 犯罪,2010s,粤语 / 汉语普通话,粤语 / 普通话,粤语,粤语（广府片/白话）,Tier 2a,>50%（推断）,方言标签排首位、普通话居后（方言为主导对白）,https://movie.douban.com/subject/30175306/
方言片,33385628,一秒拳王,2020,6.5,1889,剧情,2020s,粤语 / 汉语普通话,粤语 / 普通话,粤语,粤语（广府片/白话）,Tier 2a,>50%（推断）,方言标签排首位、普通话居后（方言为主导对白）,https://movie.douban.com/subject/33385628/
方言片,34902639,同学麦娜丝,2020,7.9,75421,剧情 / 喜剧,2020s,闽南语 / 汉语普通话 / 日语,闽南语 / 普通话 / 日语,闽南语,闽南语（闽台片）,Tier 2a,>50%（推断）,方言标签排首位、普通话居后（方言为主导对白）,https://movie.douban.com/subject/34902639/
方言片,35123268,哈日夫,2020,6.5,432,剧情,2020s,蒙古语 / 汉语普通话,蒙古语 / 普通话,蒙古语,中国少数民族语言,Tier 2a,>50%（推断）,方言标签排首位、普通话居后（方言为主导对白）,https://movie.douban.com/subject/35123268/
方言片,27110314,圣何塞谋杀案,2020,4.6,7431,爱情 / 犯罪 / 悬疑,2020s,粤语 / 汉语普通话,粤语 / 普通话,粤语,粤语（广府片/白话）,Tier 2a,>50%（推断）,方言标签排首位、普通话居后（方言为主导对白）,https://movie.douban.com/subject/27110314/
方言片,30306760,失路人,2020,5.3,345,剧情 / 悬疑,2020s,粤语 / 汉语普通话,粤语 / 普通话,粤语,粤语（广府片/白话）,Tier 2a,>50%（推断）,方言标签排首位、普通话居后（方言为主导对白）,https://movie.douban.com/subject/30306760/
方言片,35158157,好好拍电影,2020,8.9,7793,纪录片,2020s,粤语 / 汉语普通话,粤语 / 普通话,粤语,粤语（广府片/白话）,Tier 2a,>50%（推断）,方言标签排首位、普通话居后（方言为主导对白）,https://movie.douban.com/subject/35158157/
方言片,30150727,怪物先生,2020,4.2,10427,动作 / 奇幻 / 冒险,2020s,粤语 / 汉语普通话,粤语 / 普通话,粤语,粤语（广府片/白话）,Tier 2a,>50%（推断）,方言标签排首位、普通话居后（方言为主导对白）,https://movie.douban.com/subject/30150727/
方言片,34606671,继园台七号,2020,7.1,1967,动画,2020s,粤语 / 汉语普通话 / 上海话 / 法语,粤语 / 普通话 / 上海话 / 法语,粤语 / 上海话,粤语（广府片/白话） / 吴语（江浙片）,Tier 2a,>50%（推断）,方言标签排首位、普通话居后（方言为主导对白）,https://movie.douban.com/subject/34606671/
方言片,27131218,肥龙过江,2020,4.7,26263,喜剧 / 动作,2020s,粤语 / 汉语普通话 / 日语,粤语 / 普通话 / 日语,粤语,粤语（广府片/白话）,Tier 2a,>50%（推断）,方言标签排首位、普通话居后（方言为主导对白）,https://movie.douban.com/subject/27131218/
方言片,33447342,蚵丰村,2020,6.6,169,剧情,2020s,闽南语 / 汉语普通话,闽南语 / 普通话,闽南语,闽南语（闽台片）,Tier 2a,>50%（推断）,方言标签排首位、普通话居后（方言为主导对白）,https://movie.douban.com/subject/33447342/
方言片,27135563,辣警霸王花：澳门行动,2020,3.0,862,剧情 / 喜剧 / 动作,2020s,粤语 / 汉语普通话,粤语 / 普通话,粤语,粤语（广府片/白话）,Tier 2a,>50%（推断）,方言标签排首位、普通话居后（方言为主导对白）,https://movie.douban.com/subject/27135563/
方言片,30159567,金都,2020,7.7,35148,剧情,2020s,粤语 / 汉语普通话,粤语 / 普通话,粤语,粤语（广府片/白话）,Tier 2a,>50%（推断）,方言标签排首位、普通话居后（方言为主导对白）,https://movie.douban.com/subject/30159567/
方言片,34847185,阿紫,2020,7.0,168,纪录片,2020s,闽南语/普通话,闽南语 / 普通话,闽南语,闽南语（闽台片）,Tier 2a,>50%（推断）,方言标签排首位、普通话居后（方言为主导对白）,https://movie.douban.com/subject/34847185/
方言片,30373723,除暴,2020,6.1,232607,剧情 / 动作 / 犯罪,2020s,粤语 / 汉语普通话,粤语 / 普通话,粤语,粤语（广府片/白话）,Tier 2a,>50%（推断）,方言标签排首位、普通话居后（方言为主导对白）,https://movie.douban.com/subject/30373723/
方言片,37116446,给阿嬷的情书,2026,9.3,928894,剧情 家庭,2020s,潮汕话 / 汉语普通话 / 泰语 / 英语,潮汕话 / 普通话 / 泰语 / 英语,潮汕话,闽南语（闽台片）,Tier 2a,>50%（推断）,方言标签排首位、普通话居后（方言为主导对白）,https://movie.douban.com/subject/37116446/
方言片,1424631,大李小李和老李,1962,8.1,6348,剧情 / 喜剧 / 运动,Pre-1990s,汉语普通话 / 沪语,普通话 / 沪语,沪语,吴语（江浙片）,Tier 2b,<50%（推断）,普通话标签排首位、方言为次要但对白中显著存在,https://movie.douban.com/subject/1424631/
方言片,1306870,猛龙过江,1972,8.4,39134,动作 / 喜剧 / 犯罪,Pre-1990s,汉语普通话 / 粤语 / 英语 / 意大利语,普通话 / 粤语 / 英语 / 意大利语,粤语,粤语（广府片/白话）,Tier 2b,<50%（推断）,普通话标签排首位、方言为次要但对白中显著存在,https://movie.douban.com/subject/1306870/
方言片,1298871,海滩的一天,1983,8.4,18810,剧情 / 爱情,Pre-1990s,汉语普通话 / 闽南话 / 日语 / 德语,普通话 / 闽南话 / 日语 / 德语,闽南话,闽南语（闽台片）,Tier 2b,<50%（推断）,普通话标签排首位、方言为次要但对白中显著存在,https://movie.douban.com/subject/1298871/
方言片,1299436,风柜来的人,1983,8.4,37006,剧情,Pre-1990s,汉语普通话 / 闽南语,普通话 / 闽南语,闽南语,闽南语（闽台片）,Tier 2b,<50%（推断）,普通话标签排首位、方言为次要但对白中显著存在,https://movie.douban.com/subject/1299436/
方言片,1294139,似水流年,1984,8.2,5706,剧情,Pre-1990s,汉语普通话 / 粤语,普通话 / 粤语,粤语,粤语（广府片/白话）,Tier 2b,<50%（推断）,普通话标签排首位、方言为次要但对白中显著存在,https://movie.douban.com/subject/1294139/
方言片,1299103,冬冬的假期,1984,8.6,19847,剧情 / 儿童,Pre-1990s,汉语普通话 / 客家话 / 上海话,普通话 / 客家话 / 上海话,客家话 / 上海话,客家话 / 吴语（江浙片）,Tier 2b,<50%（推断）,普通话标签排首位、方言为次要但对白中显著存在,https://movie.douban.com/subject/1299103/
方言片,1868857,大桥下面,1984,7.9,3413,爱情,Pre-1990s,汉语普通话 / 上海话,普通话 / 上海话,上海话,吴语（江浙片）,Tier 2b,<50%（推断）,普通话标签排首位、方言为次要但对白中显著存在,https://movie.douban.com/subject/1868857/
方言片,1401754,老莫的第二个春天,1984,7.9,555,喜剧 / 剧情,Pre-1990s,汉语普通话 / 闽南语,普通话 / 闽南语,闽南语,闽南语（闽台片）,Tier 2b,<50%（推断）,普通话标签排首位、方言为次要但对白中显著存在,https://movie.douban.com/subject/1401754/
方言片,1291876,黄土地,1984,7.9,29131,剧情 / 音乐,Pre-1990s,汉语普通话 / 陕西方言,普通话 / 陕西方言,陕西方言,中原/兰银官话 / 通用汉语方言标签,Tier 2b,<50%（推断）,普通话标签排首位、方言为次要但对白中显著存在,https://movie.douban.com/subject/1291876/
方言片,1300572,童年往事,1985,8.8,45846,剧情 / 传记 / 家庭,Pre-1990s,汉语普通话 / 闽南语 / 客家话,普通话 / 闽南语 / 客家话,闽南语 / 客家话,闽南语（闽台片） / 客家话,Tier 2b,<50%（推断）,普通话标签排首位、方言为次要但对白中显著存在,https://movie.douban.com/subject/1300572/
方言片,26324974,钱，这东西......,1985,7.8,116,剧情,Pre-1990s,汉语普通话 / 维吾尔语,普通话 / 维吾尔语,维吾尔语,中国少数民族语言,Tier 2b,<50%（推断）,普通话标签排首位、方言为次要但对白中显著存在,https://movie.douban.com/subject/26324974/
方言片,1292330,恋恋风尘,1986,8.6,72348,剧情 / 爱情,Pre-1990s,汉语普通话 / 粤语 / 闽南语,普通话 / 粤语 / 闽南语,粤语 / 闽南语,粤语（广府片/白话） / 闽南语（闽台片）,Tier 2b,<50%（推断）,普通话标签排首位、方言为次要但对白中显著存在,https://movie.douban.com/subject/1292330/
方言片,1305261,恐怖分子,1986,8.9,42853,剧情 / 犯罪,Pre-1990s,汉语普通话 / 闽南语,普通话 / 闽南语,闽南语,闽南语（闽台片）,Tier 2b,<50%（推断）,普通话标签排首位、方言为次要但对白中显著存在,https://movie.douban.com/subject/1305261/
方言片,1305085,盗马贼,1986,7.3,5317,剧情,Pre-1990s,汉语普通话 / 藏语,普通话 / 藏语,藏语,中国少数民族语言,Tier 2b,<50%（推断）,普通话标签排首位、方言为次要但对白中显著存在,https://movie.douban.com/subject/1305085/
方言片,1308553,桂花巷,1987,7.6,1306,传记 / 剧情,Pre-1990s,汉语普通话 / 台语,普通话 / 台语,台语,台语（闽南语台湾变体）,Tier 2b,<50%（推断）,普通话标签排首位、方言为次要但对白中显著存在,https://movie.douban.com/subject/1308553/
方言片,3224840,芳草碧连天,1987,7.6,432,剧情 / 爱情,Pre-1990s,汉语普通话 / 闽南语,普通话 / 闽南语,闽南语,闽南语（闽台片）,Tier 2b,<50%（推断）,普通话标签排首位、方言为次要但对白中显著存在,https://movie.douban.com/subject/3224840/
方言片,3074682,大头仔,1988,7.4,604,剧情,Pre-1990s,汉语普通话 / 闽南语,普通话 / 闽南语,闽南语,闽南语（闽台片）,Tier 2b,<50%（推断）,普通话标签排首位、方言为次要但对白中显著存在,https://movie.douban.com/subject/3074682/
方言片,1308228,鲁冰花,1989,8.8,14545,家庭 / 剧情,Pre-1990s,汉语普通话 / 闽南语,普通话 / 闽南语,闽南语,闽南语（闽台片）,Tier 2b,<50%（推断）,普通话标签排首位、方言为次要但对白中显著存在,https://movie.douban.com/subject/1308228/
方言片,1306970,上海假期,1991,7.1,2556,剧情 / 家庭,1990s,汉语普通话 / 英语 / 上海话,普通话 / 英语 / 上海话,上海话,吴语（江浙片）,Tier 2b,<50%（推断）,普通话标签排首位、方言为次要但对白中显著存在,https://movie.douban.com/subject/1306970/
方言片,1306075,娃娃,1991,8.7,739,家庭 / 剧情,1990s,汉语普通话 / 闽南语,普通话 / 闽南语,闽南语,闽南语（闽台片）,Tier 2b,<50%（推断）,普通话标签排首位、方言为次要但对白中显著存在,https://movie.douban.com/subject/1306075/
方言片,900189,牯岭街少年杀人事件,1991,8.8,234542,剧情 / 犯罪,1990s,汉语普通话 / 闽南语 / 上海话 / 粤语,普通话 / 闽南语 / 上海话 / 粤语,闽南语 / 上海话 / 粤语,闽南语（闽台片） / 吴语（江浙片） / 粤语（广府片/白话）,Tier 2b,<50%（推断）,普通话标签排首位、方言为次要但对白中显著存在,https://movie.douban.com/subject/1292329/
方言片,1307561,青少年哪吒,1992,8.0,21128,剧情,1990s,汉语普通话 / 台语,普通话 / 台语,台语,台语（闽南语台湾变体）,Tier 2b,<50%（推断）,普通话标签排首位、方言为次要但对白中显著存在,https://movie.douban.com/subject/1307561/
方言片,1304291,三个夏天,1993,7.5,2939,剧情,1990s,汉语普通话 / 闽南语,普通话 / 闽南语,闽南语,闽南语（闽台片）,Tier 2b,<50%（推断）,普通话标签排首位、方言为次要但对白中显著存在,https://movie.douban.com/subject/1304291/
方言片,1302941,戏梦人生,1994,8.4,7236,传记 / 剧情 / 战争,1990s,汉语普通话 / 日语 / 闽南语,普通话 / 日语 / 闽南语,闽南语,闽南语（闽台片）,Tier 2b,<50%（推断）,普通话标签排首位、方言为次要但对白中显著存在,https://movie.douban.com/subject/1302941/
方言片,1304476,独立时代,1994,8.8,31821,剧情,1990s,汉语普通话 / 闽南话,普通话 / 闽南话,闽南话,闽南语（闽台片）,Tier 2b,<50%（推断）,普通话标签排首位、方言为次要但对白中显著存在,https://movie.douban.com/subject/1304476/
方言片,1297036,红玫瑰白玫瑰,1994,7.7,27916,剧情 / 爱情,1990s,汉语普通话 / 粤语 / 上海话,普通话 / 粤语 / 上海话,粤语 / 上海话,粤语（广府片/白话） / 吴语（江浙片）,Tier 2b,<50%（推断）,普通话标签排首位、方言为次要但对白中显著存在,https://movie.douban.com/subject/1297036/
方言片,900054,饮食男女,1994,9.1,521251,剧情 / 家庭,1990s,汉语普通话 / 闽南语 / 湖南话,普通话 / 闽南语 / 湖南话,闽南语 / 湖南话,闽南语（闽台片） / 湘语,Tier 2b,<50%（推断）,普通话标签排首位、方言为次要但对白中显著存在,https://movie.douban.com/subject/1291818/
方言片,1294735,好男好女,1995,7.5,6289,剧情 / 历史 / 爱情,1990s,汉语普通话 / 粤语 / 日语 / 闽南语,普通话 / 粤语 / 日语 / 闽南语,粤语 / 闽南语,粤语（广府片/白话） / 闽南语（闽台片）,Tier 2b,<50%（推断）,普通话标签排首位、方言为次要但对白中显著存在,https://movie.douban.com/subject/1294735/
方言片,1308729,我的美丽与哀愁,1995,6.8,1662,剧情 / 奇幻,1990s,汉语普通话 / 台语,普通话 / 台语,台语,台语（闽南语台湾变体）,Tier 2b,<50%（推断）,普通话标签排首位、方言为次要但对白中显著存在,https://movie.douban.com/subject/1308729/
方言片,1302181,热带鱼,1995,8.6,10927,喜剧 / 剧情,1990s,汉语普通话 / 闽南语,普通话 / 闽南语,闽南语,闽南语（闽台片）,Tier 2b,<50%（推断）,普通话标签排首位、方言为次要但对白中显著存在,https://movie.douban.com/subject/1302181/
方言片,1303458,南国再见，南国,1996,8.1,14705,犯罪 / 剧情,1990s,汉语普通话 / 闽南语,普通话 / 闽南语,闽南语,闽南语（闽台片）,Tier 2b,<50%（推断）,普通话标签排首位、方言为次要但对白中显著存在,https://movie.douban.com/subject/1303458/
方言片,1297418,麻将,1996,8.6,36029,喜剧 / 剧情,1990s,汉语普通话 / 英语 / 法语 / 闽南语,普通话 / 英语 / 法语 / 闽南语,闽南语,闽南语（闽台片）,Tier 2b,<50%（推断）,普通话标签排首位、方言为次要但对白中显著存在,https://movie.douban.com/subject/1297418/
方言片,1305146,一只鸟仔哮啾啾,1997,8.7,1192,剧情 / 历史,1990s,汉语普通话 / 闽南语,普通话 / 闽南语,闽南语,闽南语（闽台片）,Tier 2b,<50%（推断）,普通话标签排首位、方言为次要但对白中显著存在,https://movie.douban.com/subject/1305146/
方言片,1298203,国道封闭,1997,7.8,170,喜剧 / 剧情 / 爱情,1990s,汉语普通话 / Min Nan,普通话 / min nan,min nan,闽南语（闽台片）,Tier 2b,<50%（推断）,普通话标签排首位、方言为次要但对白中显著存在,https://movie.douban.com/subject/1298203/
方言片,1316559,美丽在唱歌,1997,6.7,2547,剧情 / 同性,1990s,汉语普通话 / 闽南语,普通话 / 闽南语,闽南语,闽南语（闽台片）,Tier 2b,<50%（推断）,普通话标签排首位、方言为次要但对白中显著存在,https://movie.douban.com/subject/1316559/
方言片,1307707,一生一台戏,1998,7.4,217,剧情,1990s,汉语普通话 / 闽南语,普通话 / 闽南语,闽南语,闽南语（闽台片）,Tier 2b,<50%（推断）,普通话标签排首位、方言为次要但对白中显著存在,https://movie.douban.com/subject/1307707/
方言片,1299227,魔法阿妈,1998,8.9,6739,喜剧 / 动画 / 奇幻,1990s,汉语普通话 / 闽南语,普通话 / 闽南语,闽南语,闽南语（闽台片）,Tier 2b,<50%（推断）,普通话标签排首位、方言为次要但对白中显著存在,https://movie.douban.com/subject/1299227/
方言片,1300678,没事偷着乐,1999,7.8,34611,喜剧,1990s,汉语普通话 / 天津方言,普通话 / 天津方言,天津方言,北京官话 / 通用汉语方言标签,Tier 2b,<50%（推断）,普通话标签排首位、方言为次要但对白中显著存在,https://movie.douban.com/subject/1300678/
方言片,1301914,真心话,1999,7.3,1065,喜剧 / 爱情 / 剧情,1990s,普通话 / 英语 / 粤语,普通话 / 英语 / 粤语,粤语,粤语（广府片/白话）,Tier 2b,<50%（推断）,普通话标签排首位、方言为次要但对白中显著存在,https://movie.douban.com/subject/1301914/
方言片,1302384,赵先生,1999,7.7,8525,剧情,1990s,汉语普通话 / 上海话,普通话 / 上海话,上海话,吴语（江浙片）,Tier 2b,<50%（推断）,普通话标签排首位、方言为次要但对白中显著存在,https://movie.douban.com/subject/1302384/
方言片,1301098,黑暗之光,1999,8.0,2986,剧情,1990s,汉语普通话 / 闽南语,普通话 / 闽南语,闽南语,闽南语（闽台片）,Tier 2b,<50%（推断）,普通话标签排首位、方言为次要但对白中显著存在,https://movie.douban.com/subject/1301098/
方言片,1858095,一代天骄成吉思汗,2000,6.6,522,冒险 / 剧情 / 战争,2000s,汉语普通话 / 蒙古语,普通话 / 蒙古语,蒙古语,中国少数民族语言,Tier 2b,<50%（推断）,普通话标签排首位、方言为次要但对白中显著存在,https://movie.douban.com/subject/1858095/
方言片,1298362,益西卓玛,2000,7.5,645,剧情,2000s,汉语普通话 / 藏语,普通话 / 藏语,藏语,中国少数民族语言,Tier 2b,<50%（推断）,普通话标签排首位、方言为次要但对白中显著存在,https://movie.douban.com/subject/1298362/
方言片,1291850,站台,2000,8.4,57825,剧情 / 历史,2000s,汉语普通话 / 晋语,普通话 / 晋语,晋语,晋语,Tier 2b,<50%（推断）,普通话标签排首位、方言为次要但对白中显著存在,https://movie.douban.com/subject/1291850/
方言片,1308035,顺流逆流,2000,7.5,14661,动作 / 犯罪 / 剧情,2000s,汉语普通话 / 福建话 / 粤语 / 英语 / 葡萄牙语,普通话 / 福建话 / 粤语 / 英语 / 葡萄牙语,福建话 / 粤语,闽南语（闽台片） / 粤语（广府片/白话）,Tier 2b,<50%（推断）,普通话标签排首位、方言为次要但对白中显著存在,https://movie.douban.com/subject/1308035/
方言片,900030,鬼子来了,2000,9.2,537438,剧情 / 历史 / 战争,2000s,汉语普通话 / 日语 / 唐山话,普通话 / 日语 / 唐山话,唐山话,东北/冀鲁/胶辽官话,Tier 2b,<50%（推断）,普通话标签排首位、方言为次要但对白中显著存在,https://movie.douban.com/subject/1291858/
方言片,5382857,晓光,2001,7.4,298,剧情 / 爱情,2000s,汉语普通话 / 闽南语,普通话 / 闽南语,闽南语,闽南语（闽台片）,Tier 2b,<50%（推断）,普通话标签排首位、方言为次要但对白中显著存在,https://movie.douban.com/subject/5382857/
方言片,3189968,生命列车,2001,6.0,135,剧情,2000s,汉语普通话 / 河南话,普通话 / 河南话,河南话,中原/兰银官话,Tier 2b,<50%（推断）,普通话标签排首位、方言为次要但对白中显著存在,https://movie.douban.com/subject/3189968/
方言片,1305046,双瞳,2002,7.7,105006,剧情 / 犯罪 / 悬疑,2000s,汉语普通话 / 台语 / 英语,普通话 / 台语 / 英语,台语,台语（闽南语台湾变体）,Tier 2b,<50%（推断）,普通话标签排首位、方言为次要但对白中显著存在,https://movie.douban.com/subject/1305046/
方言片,2252377,咸豆浆,2002,6.6,396,剧情,2000s,汉语普通话 / 闽南语,普通话 / 闽南语,闽南语,闽南语（闽台片）,Tier 2b,<50%（推断）,普通话标签排首位、方言为次要但对白中显著存在,https://movie.douban.com/subject/2252377/
方言片,1421619,我们害怕,2002,6.3,1129,剧情,2000s,汉语普通话 / 上海方言 / 粤语,普通话 / 上海方言 / 粤语,上海方言 / 粤语,吴语（江浙片） / 通用汉语方言标签 / 粤语（广府片/白话）,Tier 2b,<50%（推断）,普通话标签排首位、方言为次要但对白中显著存在,https://movie.douban.com/subject/1421619/
方言片,1483000,我的美丽乡愁,2002,5.8,1866,剧情,2000s,汉语普通话 / 粤语 / 蒙古语 / 湖南话,普通话 / 粤语 / 蒙古语 / 湖南话,粤语 / 蒙古语 / 湖南话,粤语（广府片/白话） / 中国少数民族语言 / 湘语,Tier 2b,<50%（推断）,普通话标签排首位、方言为次要但对白中显著存在,https://movie.douban.com/subject/1483000/
方言片,2330657,凤冠情事,2003,7.9,344,纪录片,2000s,普通话/国语 / 苏州话,普通话 / 苏州话,苏州话,吴语（江浙片）,Tier 2b,<50%（推断）,普通话标签排首位、方言为次要但对白中显著存在,https://movie.douban.com/subject/2330657/
方言片,1477536,婼玛的十七岁,2003,7.0,594,剧情,2000s,汉语普通话 / 哈尼语 / 英语 / 云南方言 / 日语,普通话 / 哈尼语 / 英语 / 云南方言 / 日语,哈尼语 / 云南方言,中国少数民族语言 / 西南官话（川渝滇黔片） / 通用汉语方言标签,Tier 2b,<50%（推断）,普通话标签排首位、方言为次要但对白中显著存在,https://movie.douban.com/subject/1477536/
方言片,1306351,给我一支猫,2003,6.7,384,冒险,2000s,汉语普通话 / 日语 / 粤语,普通话 / 日语 / 粤语,粤语,粤语（广府片/白话）,Tier 2b,<50%（推断）,普通话标签排首位、方言为次要但对白中显著存在,https://movie.douban.com/subject/1306351/
方言片,1457410,黑狗来了,2003,7.4,714,喜剧,2000s,汉语普通话 / 台语,普通话 / 台语,台语,台语（闽南语台湾变体）,Tier 2b,<50%（推断）,普通话标签排首位、方言为次要但对白中显著存在,https://movie.douban.com/subject/1457410/
方言片,1915881,一百年的歌声,2004,9.0,115,纪录片,2000s,汉语普通话 / 上海话,普通话 / 上海话,上海话,吴语（江浙片）,Tier 2b,<50%（推断）,普通话标签排首位、方言为次要但对白中显著存在,https://movie.douban.com/subject/1915881/
方言片,900180,可可西里,2004,8.7,259686,剧情 / 犯罪,2000s,汉语普通话 / 藏语,普通话 / 藏语,藏语,中国少数民族语言,Tier 2b,<50%（推断）,普通话标签排首位、方言为次要但对白中显著存在,https://movie.douban.com/subject/1308857/
方言片,1309087,世界,2005,7.4,23440,剧情,2000s,汉语普通话 / 晋语 / 俄语 / 英语,普通话 / 晋语 / 俄语 / 英语,晋语,晋语,Tier 2b,<50%（推断）,普通话标签排首位、方言为次要但对白中显著存在,https://movie.douban.com/subject/1309087/
方言片,1309004,孔雀,2005,8.1,117746,剧情 / 家庭,2000s,汉语普通话 / 晋语,普通话 / 晋语,晋语,晋语,Tier 2b,<50%（推断）,普通话标签排首位、方言为次要但对白中显著存在,https://movie.douban.com/subject/1309004/
方言片,1484900,季风中的马,2005,8.1,317,剧情,2000s,汉语普通话 / Mongolian,普通话 / mongolian,mongolian,中国少数民族语言,Tier 2b,<50%（推断）,普通话标签排首位、方言为次要但对白中显著存在,https://movie.douban.com/subject/1484900/
方言片,2300091,孤恋花,2005,7.5,2989,剧情 / 爱情 / 同性,2000s,汉语普通话 / 闽南话 / 上海话,普通话 / 闽南话 / 上海话,闽南话 / 上海话,闽南语（闽台片） / 吴语（江浙片）,Tier 2b,<50%（推断）,普通话标签排首位、方言为次要但对白中显著存在,https://movie.douban.com/subject/2300091/
方言片,1421809,最好的时光,2005,7.6,90466,剧情 / 爱情,2000s,汉语普通话 / 闽南语,普通话 / 闽南语,闽南语,闽南语（闽台片）,Tier 2b,<50%（推断）,普通话标签排首位、方言为次要但对白中显著存在,https://movie.douban.com/subject/1421809/
方言片,1963953,月光下，我记得,2005,7.5,494,剧情,2000s,汉语普通话 / 闽南语 / 日语,普通话 / 闽南语 / 日语,闽南语,闽南语（闽台片）,Tier 2b,<50%（推断）,普通话标签排首位、方言为次要但对白中显著存在,https://movie.douban.com/subject/1963953/
方言片,1763100,深海,2005,7.0,1408,剧情 / 爱情,2000s,汉语普通话 / 闽南语,普通话 / 闽南语,闽南语,闽南语（闽台片）,Tier 2b,<50%（推断）,普通话标签排首位、方言为次要但对白中显著存在,https://movie.douban.com/subject/1763100/
方言片,3113757,爆肚张和老吉家,2005,7.6,400,纪录片,2000s,汉语普通话 / 北京话,普通话 / 北京话,北京话,北京官话,Tier 2b,<50%（推断）,普通话标签排首位、方言为次要但对白中显著存在,https://movie.douban.com/subject/3113757/
方言片,1424582,红颜,2005,7.9,11576,剧情,2000s,汉语普通话 / 四川话,普通话 / 四川话,四川话,西南官话（川渝滇黔片）,Tier 2b,<50%（推断）,普通话标签排首位、方言为次要但对白中显著存在,https://movie.douban.com/subject/1424582/
方言片,1322851,青红,2005,7.1,48539,剧情,2000s,汉语普通话 / 上海话,普通话 / 上海话,上海话,吴语（江浙片）,Tier 2b,<50%（推断）,普通话标签排首位、方言为次要但对白中显著存在,https://movie.douban.com/subject/1322851/
方言片,3993255,香平丽,2005,6.9,133,剧情 / 情色 / 同性,2000s,汉语普通话 / 粤语,普通话 / 粤语,粤语,粤语（广府片/白话）,Tier 2b,<50%（推断）,普通话标签排首位、方言为次要但对白中显著存在,https://movie.douban.com/subject/3993255/
方言片,1761854,高三,2005,8.4,39418,纪录片,2000s,汉语普通话 / 福建方言,普通话 / 福建方言,福建方言,闽南语（闽台片） / 通用汉语方言标签,Tier 2b,<50%（推断）,普通话标签排首位、方言为次要但对白中显著存在,https://movie.douban.com/subject/1761854/
方言片,1459399,鲁迅,2005,7.3,1689,传记 / 历史,2000s,普通话 / 上海话 / 日语 / 英语,普通话 / 上海话 / 日语 / 英语,上海话,吴语（江浙片）,Tier 2b,<50%（推断）,普通话标签排首位、方言为次要但对白中显著存在,https://movie.douban.com/subject/1459399/
方言片,1790412,乡愁,2006,7.4,432,纪录片,2000s,汉语普通话 / 上海话,普通话 / 上海话,上海话,吴语（江浙片）,Tier 2b,<50%（推断）,普通话标签排首位、方言为次要但对白中显著存在,https://movie.douban.com/subject/1790412/
方言片,1926445,喜马拉雅王子,2006,5.5,590,剧情,2000s,汉语普通话 / 藏语,普通话 / 藏语,藏语,中国少数民族语言,Tier 2b,<50%（推断）,普通话标签排首位、方言为次要但对白中显著存在,https://movie.douban.com/subject/1926445/
方言片,1947270,天狗,2006,8.7,29247,剧情,2000s,汉语普通话 / 晋语,普通话 / 晋语,晋语,晋语,Tier 2b,<50%（推断）,普通话标签排首位、方言为次要但对白中显著存在,https://movie.douban.com/subject/1947270/
方言片,4860078,无间道(正序版),2006,9.1,49904,剧情 / 犯罪,2000s,汉语普通话 / 粤语 / 英语 / 泰语,普通话 / 粤语 / 英语 / 泰语,粤语,粤语（广府片/白话）,Tier 2b,<50%（推断）,普通话标签排首位、方言为次要但对白中显著存在,https://movie.douban.com/subject/4860078/
方言片,900225,疯狂的石头,2006,8.3,702896,喜剧 / 犯罪,2000s,汉语普通话 / 重庆话,普通话 / 重庆话,重庆话,西南官话（川渝滇黔片）,Tier 2b,<50%（推断）,普通话标签排首位、方言为次要但对白中显著存在,https://movie.douban.com/subject/1862151/
方言片,1485319,赖小子,2006,7.4,2597,剧情,2000s,汉语普通话 / 晋语,普通话 / 晋语,晋语,晋语,Tier 2b,<50%（推断）,普通话标签排首位、方言为次要但对白中显著存在,https://movie.douban.com/subject/1485319/
方言片,1888671,鸡犬不宁,2006,6.7,9152,喜剧 / 剧情,2000s,汉语普通话 / 河南话,普通话 / 河南话,河南话,中原/兰银官话,Tier 2b,<50%（推断）,普通话标签排首位、方言为次要但对白中显著存在,https://movie.douban.com/subject/1888671/
方言片,2038365,十三棵泡桐,2007,7.1,21049,剧情,2000s,汉语普通话 / 四川话,普通话 / 四川话,四川话,西南官话（川渝滇黔片）,Tier 2b,<50%（推断）,普通话标签排首位、方言为次要但对白中显著存在,https://movie.douban.com/subject/2038365/
方言片,3773977,卡到了！,2007,6.2,137,纪录片,2000s,汉语普通话 / 闽南语,普通话 / 闽南语,闽南语,闽南语（闽台片）,Tier 2b,<50%（推断）,普通话标签排首位、方言为次要但对白中显著存在,https://movie.douban.com/subject/3773977/
方言片,4323362,坑,2007,7.2,130,剧情 / 喜剧 / 历史,2000s,汉语普通话 / 日语 / 唐山方言,普通话 / 日语 / 唐山方言,唐山方言,东北/冀鲁/胶辽官话 / 通用汉语方言标签,Tier 2b,<50%（推断）,普通话标签排首位、方言为次要但对白中显著存在,https://movie.douban.com/subject/4323362/
方言片,2271640,天下第二,2007,6.0,10282,剧情 / 喜剧 / 动作,2000s,汉语普通话 / 日语 / 英语 / 陕西方言 / 四川方言,普通话 / 日语 / 英语 / 陕西方言 / 四川方言,陕西方言 / 四川方言,中原/兰银官话 / 通用汉语方言标签 / 西南官话（川渝滇黔片）,Tier 2b,<50%（推断）,普通话标签排首位、方言为次要但对白中显著存在,https://movie.douban.com/subject/2271640/
方言片,1766086,太阳照常升起,2007,8.3,236085,剧情 / 奇幻,2000s,汉语普通话 / 温州话 / 俄语 / 维吾尔语,普通话 / 温州话 / 俄语 / 维吾尔语,温州话 / 维吾尔语,吴语（江浙片） / 中国少数民族语言,Tier 2b,<50%（推断）,普通话标签排首位、方言为次要但对白中显著存在,https://movie.douban.com/subject/1766086/
方言片,2148295,奇迹世界,2007,7.7,9355,短片,2000s,汉语普通话 / 天津话,普通话 / 天津话,天津话,北京官话,Tier 2b,<50%（推断）,普通话标签排首位、方言为次要但对白中显著存在,https://movie.douban.com/subject/2148295/
方言片,1794435,姨妈的后现代生活,2007,7.4,55413,喜剧 / 剧情 / 爱情,2000s,汉语普通话 / 上海话 / 武汉话 / 东北话,普通话 / 上海话 / 武汉话 / 东北话,上海话 / 武汉话 / 东北话,吴语（江浙片） / 西南官话（川渝滇黔片） / 东北/冀鲁/胶辽官话,Tier 2b,<50%（推断）,普通话标签排首位、方言为次要但对白中显著存在,https://movie.douban.com/subject/1794435/
方言片,3113423,我最后的秘密,2007,7.7,963,纪录片,2000s,汉语普通话 / 吴语,普通话 / 吴语,吴语,吴语（江浙片）,Tier 2b,<50%（推断）,普通话标签排首位、方言为次要但对白中显著存在,https://movie.douban.com/subject/3113423/
方言片,2230890,无用,2007,7.2,6197,纪录片,2000s,汉语普通话 / 粤语 / 英语 / 法语,普通话 / 粤语 / 英语 / 法语,粤语,粤语（广府片/白话）,Tier 2b,<50%（推断）,普通话标签排首位、方言为次要但对白中显著存在,https://movie.douban.com/subject/2230890/
方言片,3193464,爱的面包魂,2007,7.2,118,剧情 / 喜剧,2000s,普通话/国语 / 閩南語,普通话 / 閩南語,閩南語,闽南语（闽台片）,Tier 2b,<50%（推断）,普通话标签排首位、方言为次要但对白中显著存在,https://movie.douban.com/subject/3193464/
方言片,3999733,白领日志,2007,8.4,113,nan,2000s,汉语普通话 / 上海话,普通话 / 上海话,上海话,吴语（江浙片）,Tier 2b,<50%（推断）,普通话标签排首位、方言为次要但对白中显著存在,https://movie.douban.com/subject/3999733/
方言片,3773973,移动之外,2007,6.4,179,纪录片,2000s,普通话/国语 / 粤语，台语，四川话,普通话 / 粤语，台语，四川话,粤语，台语，四川话,粤语（广府片/白话） / 西南官话（川渝滇黔片） / 台语（闽南语台湾变体）,Tier 2b,<50%（推断）,普通话标签排首位、方言为次要但对白中显著存在,https://movie.douban.com/subject/3773973/
方言片,3773980,红谷子,2007,7.3,103,nan,2000s,普通话/国语 / 云南方言,普通话 / 云南方言,云南方言,西南官话（川渝滇黔片） / 通用汉语方言标签,Tier 2b,<50%（推断）,普通话标签排首位、方言为次要但对白中显著存在,https://movie.douban.com/subject/3773980/
方言片,2055017,练习曲,2007,8.0,52417,剧情,2000s,汉语普通话 / 闽南语 / 立陶宛语,普通话 / 闽南语 / 立陶宛语,闽南语,闽南语（闽台片）,Tier 2b,<50%（推断）,普通话标签排首位、方言为次要但对白中显著存在,https://movie.douban.com/subject/2055017/
方言片,1828115,色，戒,2007,8.5,628211,剧情 / 爱情 / 情色,2000s,汉语普通话 / 上海话 / 英语 / 粤语 / 日语 / 印地语,普通话 / 上海话 / 英语 / 粤语 / 日语 / 印地语,上海话 / 粤语,吴语（江浙片） / 粤语（广府片/白话）,Tier 2b,<50%（推断）,普通话标签排首位、方言为次要但对白中显著存在,https://movie.douban.com/subject/1828115/
方言片,2338323,请将我遗忘,2007,6.0,1231,剧情 / 爱情,2000s,汉语普通话 / 四川话,普通话 / 四川话,四川话,西南官话（川渝滇黔片）,Tier 2b,<50%（推断）,普通话标签排首位、方言为次要但对白中显著存在,https://movie.douban.com/subject/2338323/
方言片,3024212,阿妹的诺言,2007,7.2,124,剧情,2000s,汉语普通话 / 陕西话,普通话 / 陕西话,陕西话,中原/兰银官话,Tier 2b,<50%（推断）,普通话标签排首位、方言为次要但对白中显著存在,https://movie.douban.com/subject/3024212/
方言片,3032884,风雪狼道,2007,6.6,457,剧情,2000s,汉语普通话 / 西北方言,普通话 / 西北方言,西北方言,中原/兰银官话 / 通用汉语方言标签,Tier 2b,<50%（推断）,普通话标签排首位、方言为次要但对白中显著存在,https://movie.douban.com/subject/3032884/
方言片,3017916,马大夫的诊所,2007,7.7,390,纪录片,2000s,汉语普通话 / 甘肃方言,普通话 / 甘肃方言,甘肃方言,中原/兰银官话 / 通用汉语方言标签,Tier 2b,<50%（推断）,普通话标签排首位、方言为次要但对白中显著存在,https://movie.douban.com/subject/3017916/
方言片,3056430,马戏学校,2007,8.2,702,纪录片,2000s,汉语普通话 / 上海话,普通话 / 上海话,上海话,吴语（江浙片）,Tier 2b,<50%（推断）,普通话标签排首位、方言为次要但对白中显著存在,https://movie.douban.com/subject/3056430/
方言片,3003092,冈拉梅朵,2008,6.3,1544,剧情 / 爱情 / 音乐,2000s,汉语普通话 / 藏语,普通话 / 藏语,藏语,中国少数民族语言,Tier 2b,<50%（推断）,普通话标签排首位、方言为次要但对白中显著存在,https://movie.douban.com/subject/3003092/
方言片,2256043,千钧。一发,2008,8.0,2399,剧情 / 犯罪,2000s,汉语普通话 / 东北话,普通话 / 东北话,东北话,东北/冀鲁/胶辽官话,Tier 2b,<50%（推断）,普通话标签排首位、方言为次要但对白中显著存在,https://movie.douban.com/subject/2256043/
方言片,3075903,好猫,2008,7.5,276,剧情,2000s,汉语普通话 / 自贡方言,普通话 / 自贡方言,自贡方言,西南官话（川渝滇黔片） / 通用汉语方言标签,Tier 2b,<50%（推断）,普通话标签排首位、方言为次要但对白中显著存在,https://movie.douban.com/subject/3075903/
方言片,3212098,河上的爱情,2008,6.5,5347,短片 / 剧情 / 爱情,2000s,汉语普通话 / 粤语,普通话 / 粤语,粤语,粤语（广府片/白话）,Tier 2b,<50%（推断）,普通话标签排首位、方言为次要但对白中显著存在,https://movie.douban.com/subject/3212098/
方言片,2375763,漂浪青春,2008,7.5,12865,剧情 / 同性,2000s,汉语普通话 / 台语,普通话 / 台语,台语,台语（闽南语台湾变体）,Tier 2b,<50%（推断）,普通话标签排首位、方言为次要但对白中显著存在,https://movie.douban.com/subject/2375763/
方言片,26729320,笑侃三十年,2008,8.6,235,nan,2000s,汉语普通话 / 中国上海话,普通话 / 中国上海话,中国上海话,吴语（江浙片）,Tier 2b,<50%（推断）,普通话标签排首位、方言为次要但对白中显著存在,https://movie.douban.com/subject/26729320/
方言片,2995945,蝴蝶,2008,6.8,1262,剧情,2000s,汉语普通话 / 闽南语 / 日语,普通话 / 闽南语 / 日语,闽南语,闽南语（闽台片）,Tier 2b,<50%（推断）,普通话标签排首位、方言为次要但对白中显著存在,https://movie.douban.com/subject/2995945/
方言片,3403153,豫菜皇后,2008,5.0,299,剧情,2000s,汉语普通话 / 河南话,普通话 / 河南话,河南话,中原/兰银官话,Tier 2b,<50%（推断）,普通话标签排首位、方言为次要但对白中显著存在,https://movie.douban.com/subject/3403153/
方言片,3098844,长假,2008,8.7,293,剧情 / 家庭,2000s,汉语普通话 / 闽南话,普通话 / 闽南话,闽南话,闽南语（闽台片）,Tier 2b,<50%（推断）,普通话标签排首位、方言为次要但对白中显著存在,https://movie.douban.com/subject/3098844/
方言片,3032852,黑道之无悔今生,2008,6.2,136,nan,2000s,普通话/国语 / 粤语,普通话 / 粤语,粤语,粤语（广府片/白话）,Tier 2b,<50%（推断）,普通话标签排首位、方言为次要但对白中显著存在,https://movie.douban.com/subject/3032852/
方言片,3805953,不能没有你,2009,8.3,31286,剧情 / 家庭,2000s,汉语普通话 / 闽南语 / 客家话,普通话 / 闽南语 / 客家话,闽南语 / 客家话,闽南语（闽台片） / 客家话,Tier 2b,<50%（推断）,普通话标签排首位、方言为次要但对白中显著存在,https://movie.douban.com/subject/3805953/
方言片,3053521,二十四城记,2009,7.4,37433,剧情,2000s,汉语普通话 / 四川话 / 上海话 / 东北话,普通话 / 四川话 / 上海话 / 东北话,四川话 / 上海话 / 东北话,西南官话（川渝滇黔片） / 吴语（江浙片） / 东北/冀鲁/胶辽官话,Tier 2b,<50%（推断）,普通话标签排首位、方言为次要但对白中显著存在,https://movie.douban.com/subject/3053521/
方言片,3626416,十月围城,2009,7.7,295511,动作 / 剧情 / 历史,2000s,汉语普通话 / 粤语 / 英语,普通话 / 粤语 / 英语,粤语,粤语（广府片/白话）,Tier 2b,<50%（推断）,普通话标签排首位、方言为次要但对白中显著存在,https://movie.douban.com/subject/3626416/
方言片,3732860,多大事啊,2009,6.1,1642,剧情 / 喜剧,2000s,汉语普通话 / 南京话,普通话 / 南京话,南京话,江淮官话,Tier 2b,<50%（推断）,普通话标签排首位、方言为次要但对白中显著存在,https://movie.douban.com/subject/3732860/
方言片,3629232,带我去远方,2009,7.5,25264,剧情 / 同性,2000s,汉语普通话 / 闽南语,普通话 / 闽南语,闽南语,闽南语（闽台片）,Tier 2b,<50%（推断）,普通话标签排首位、方言为次要但对白中显著存在,https://movie.douban.com/subject/3629232/
方言片,2209368,新宿事件,2009,7.5,121245,剧情 / 犯罪,2000s,汉语普通话 / 日语 / 粤语 / 英语 / 闽南语,普通话 / 日语 / 粤语 / 英语 / 闽南语,粤语 / 闽南语,粤语（广府片/白话） / 闽南语（闽台片）,Tier 2b,<50%（推断）,普通话标签排首位、方言为次要但对白中显著存在,https://movie.douban.com/subject/2209368/
方言片,3690289,春风沉醉的夜晚,2009,8.1,109121,剧情 / 同性,2000s,汉语普通话 / 粤语,普通话 / 粤语,粤语,粤语（广府片/白话）,Tier 2b,<50%（推断）,普通话标签排首位、方言为次要但对白中显著存在,https://movie.douban.com/subject/3690289/
方言片,4896301,母大虫顾大嫂,2009,5.6,280,喜剧 / 武侠 / 古装,2000s,汉语普通话 / 山东方言,普通话 / 山东方言,山东方言,东北/冀鲁/胶辽官话 / 通用汉语方言标签,Tier 2b,<50%（推断）,普通话标签排首位、方言为次要但对白中显著存在,https://movie.douban.com/subject/4896301/
方言片,3158990,海角七号,2009,7.6,237540,喜剧 / 剧情 / 爱情,2000s,汉语普通话 / 闽南语 / 日语 / 英语,普通话 / 闽南语 / 日语 / 英语,闽南语,闽南语（闽台片）,Tier 2b,<50%（推断）,普通话标签排首位、方言为次要但对白中显著存在,https://movie.douban.com/subject/3158990/
方言片,3892449,熊猫大侠,2009,4.4,27387,喜剧 / 动作 / 武侠,2000s,汉语普通话 / 四川方言,普通话 / 四川方言,四川方言,西南官话（川渝滇黔片） / 通用汉语方言标签,Tier 2b,<50%（推断）,普通话标签排首位、方言为次要但对白中显著存在,https://movie.douban.com/subject/3892449/
方言片,3091050,爱情狗,2009,7.3,382,剧情 / 喜剧,2000s,汉语普通话 / 重庆话,普通话 / 重庆话,重庆话,西南官话（川渝滇黔片）,Tier 2b,<50%（推断）,普通话标签排首位、方言为次要但对白中显著存在,https://movie.douban.com/subject/3091050/
方言片,2124703,疯狂的赛车,2009,8.2,316848,动作 / 冒险 / 喜剧,2000s,汉语普通话 / 青岛话 / 闽南语 / 陕西话 / 武汉话 / 四川话,普通话 / 青岛话 / 闽南语 / 陕西话 / 武汉话 / 四川话,青岛话 / 闽南语 / 陕西话 / 武汉话 / 四川话,东北/冀鲁/胶辽官话 / 闽南语（闽台片） / 中原/兰银官话 / 西南官话（川渝滇黔片）,Tier 2b,<50%（推断）,普通话标签排首位、方言为次要但对白中显著存在,https://movie.douban.com/subject/2124703/
方言片,3732806,羊肉泡馍麻辣烫,2009,5.6,201,喜剧 / 悬疑,2000s,普通话/国语 / 四川话,普通话 / 四川话,四川话,西南官话（川渝滇黔片）,Tier 2b,<50%（推断）,普通话标签排首位、方言为次要但对白中显著存在,https://movie.douban.com/subject/3732806/
方言片,4135765,那时年纪小,2009,6.5,112,nan,2000s,普通话/国语 / 山东方言,普通话 / 山东方言,山东方言,东北/冀鲁/胶辽官话 / 通用汉语方言标签,Tier 2b,<50%（推断）,普通话标签排首位、方言为次要但对白中显著存在,https://movie.douban.com/subject/4135765/
方言片,3607666,高兴,2009,6.5,41780,喜剧 / 剧情,2000s,汉语普通话 / 陕西话,普通话 / 陕西话,陕西话,中原/兰银官话,Tier 2b,<50%（推断）,普通话标签排首位、方言为次要但对白中显著存在,https://movie.douban.com/subject/3607666/
方言片,3217122,一页台北,2010,6.6,77932,喜剧 / 爱情,2010s,汉语普通话 / 闽南语,普通话 / 闽南语,闽南语,闽南语（闽台片）,Tier 2b,<50%（推断）,普通话标签排首位、方言为次要但对白中显著存在,https://movie.douban.com/subject/3217122/
方言片,4707225,不是闹着玩的,2010,7.3,5039,喜剧,2010s,普通话/国语 / 河南方言,普通话 / 河南方言,河南方言,中原/兰银官话 / 通用汉语方言标签,Tier 2b,<50%（推断）,普通话标签排首位、方言为次要但对白中显著存在,https://movie.douban.com/subject/4707225/
方言片,4237879,人在囧途,2010,7.8,548718,喜剧,2010s,汉语普通话 / 武汉话,普通话 / 武汉话,武汉话,西南官话（川渝滇黔片）,Tier 2b,<50%（推断）,普通话标签排首位、方言为次要但对白中显著存在,https://movie.douban.com/subject/4237879/
方言片,4066206,全城热恋,2010,6.2,243512,喜剧 / 爱情,2010s,汉语普通话 / 粤语 / 上海话 / 英语,普通话 / 粤语 / 上海话 / 英语,粤语 / 上海话,粤语（广府片/白话） / 吴语（江浙片）,Tier 2b,<50%（推断）,普通话标签排首位、方言为次要但对白中显著存在,https://movie.douban.com/subject/4066206/
方言片,3596502,唐山大地震,2010,7.8,404384,剧情 / 历史 / 灾难,2010s,汉语普通话 / 唐山话,普通话 / 唐山话,唐山话,东北/冀鲁/胶辽官话,Tier 2b,<50%（推断）,普通话标签排首位、方言为次要但对白中显著存在,https://movie.douban.com/subject/3596502/
方言片,4323370,寻欢作乐,2010,6.9,205,剧情,2010s,普通话/国语 / 粤语,普通话 / 粤语,粤语,粤语（广府片/白话）,Tier 2b,<50%（推断）,普通话标签排首位、方言为次要但对白中显著存在,https://movie.douban.com/subject/4323370/
方言片,4304212,当爱来的时候,2010,7.4,9182,剧情 / 家庭,2010s,汉语普通话 / 闽南语,普通话 / 闽南语,闽南语,闽南语（闽台片）,Tier 2b,<50%（推断）,普通话标签排首位、方言为次要但对白中显著存在,https://movie.douban.com/subject/4304212/
方言片,3732800,我们天上见,2010,8.7,64045,剧情 / 家庭,2010s,汉语普通话 / 蚌埠话,普通话 / 蚌埠话,蚌埠话,江淮官话,Tier 2b,<50%（推断）,普通话标签排首位、方言为次要但对白中显著存在,https://movie.douban.com/subject/3732800/
方言片,4914628,斗鸡人,2010,7.3,372,剧情,2010s,汉语普通话 / 河南方言,普通话 / 河南方言,河南方言,中原/兰银官话 / 通用汉语方言标签,Tier 2b,<50%（推断）,普通话标签排首位、方言为次要但对白中显著存在,https://movie.douban.com/subject/4914628/
方言片,4718232,无蝉的夏天,2010,8.3,1597,剧情,2010s,汉语普通话 / 四川话,普通话 / 四川话,四川话,西南官话（川渝滇黔片）,Tier 2b,<50%（推断）,普通话标签排首位、方言为次要但对白中显著存在,https://movie.douban.com/subject/4718232/
方言片,4275444,有一天,2010,6.5,7298,剧情 / 爱情 / 科幻,2010s,汉语普通话 / 闽南语,普通话 / 闽南语,闽南语,闽南语（闽台片）,Tier 2b,<50%（推断）,普通话标签排首位、方言为次要但对白中显著存在,https://movie.douban.com/subject/4275444/
方言片,3768185,海上传奇,2010,7.4,21518,纪录片 / 历史,2010s,汉语普通话 / 上海话 / 闽南语 / 粤语 / 英语,普通话 / 上海话 / 闽南语 / 粤语 / 英语,上海话 / 闽南语 / 粤语,吴语（江浙片） / 闽南语（闽台片） / 粤语（广府片/白话）,Tier 2b,<50%（推断）,普通话标签排首位、方言为次要但对白中显著存在,https://movie.douban.com/subject/3768185/
方言片,4307349,父后七日,2010,8.0,16209,剧情 / 家庭,2010s,汉语普通话 / 闽南语,普通话 / 闽南语,闽南语,闽南语（闽台片）,Tier 2b,<50%（推断）,普通话标签排首位、方言为次要但对白中显著存在,https://movie.douban.com/subject/4307349/
方言片,4022126,玩酷青春,2010,6.4,2718,剧情 / 运动 / 家庭,2010s,汉语普通话 / 日语 / 北京话 / 东北话,普通话 / 日语 / 北京话 / 东北话,北京话 / 东北话,北京官话 / 东北/冀鲁/胶辽官话,Tier 2b,<50%（推断）,普通话标签排首位、方言为次要但对白中显著存在,https://movie.douban.com/subject/4022126/
方言片,4833562,碧罗雪山,2010,8.0,2549,剧情,2010s,汉语普通话 / 傈僳语,普通话 / 傈僳语,傈僳语,中国少数民族语言,Tier 2b,<50%（推断）,普通话标签排首位、方言为次要但对白中显著存在,https://movie.douban.com/subject/4833562/
方言片,4253448,第四张画,2010,7.7,16933,剧情,2010s,国语 / 闽南语,普通话 / 闽南语,闽南语,闽南语（闽台片）,Tier 2b,<50%（推断）,普通话标签排首位、方言为次要但对白中显著存在,https://movie.douban.com/subject/4253448/
方言片,4290915,纺织姑娘,2010,7.3,3652,剧情,2010s,汉语普通话 / 陕西话 / 北京话,普通话 / 陕西话 / 北京话,陕西话 / 北京话,中原/兰银官话 / 北京官话,Tier 2b,<50%（推断）,普通话标签排首位、方言为次要但对白中显著存在,https://movie.douban.com/subject/4290915/
方言片,4233892,老虎都要嫁,2010,6.0,1899,喜剧 / 爱情,2010s,汉语普通话 / 粤语,普通话 / 粤语,粤语,粤语（广府片/白话）,Tier 2b,<50%（推断）,普通话标签排首位、方言为次要但对白中显著存在,https://movie.douban.com/subject/4233892/
方言片,5279627,胡辣汤,2010,6.4,155,家庭,2010s,普通话/国语 / 河南周口话,普通话 / 河南周口话,河南周口话,中原/兰银官话,Tier 2b,<50%（推断）,普通话标签排首位、方言为次要但对白中显著存在,https://movie.douban.com/subject/5279627/
方言片,4830901,胶带,2010,7.7,233,传记 / 纪录片 / 剧情,2010s,汉语普通话 / 山东方言,普通话 / 山东方言,山东方言,东北/冀鲁/胶辽官话 / 通用汉语方言标签,Tier 2b,<50%（推断）,普通话标签排首位、方言为次要但对白中显著存在,https://movie.douban.com/subject/4830901/
方言片,4920572,茱丽叶,2010,6.5,2889,剧情 / 爱情 / 同性,2010s,汉语普通话 / 闽南话,普通话 / 闽南话,闽南话,闽南语（闽台片）,Tier 2b,<50%（推断）,普通话标签排首位、方言为次要但对白中显著存在,https://movie.douban.com/subject/4920572/
方言片,26392401,裸山,2010,5.5,302,剧情,2010s,汉语普通话 / 贵州方言,普通话 / 贵州方言,贵州方言,西南官话（川渝滇黔片） / 通用汉语方言标签,Tier 2b,<50%（推断）,普通话标签排首位、方言为次要但对白中显著存在,https://movie.douban.com/subject/26392401/
方言片,900072,让子弹飞,2010,8.7,1438181,剧情 / 喜剧 / 动作 / 西部,2010s,汉语普通话 / 四川话 / 山西话,普通话 / 四川话 / 山西话,四川话 / 山西话,西南官话（川渝滇黔片） / 晋语,Tier 2b,<50%（推断）,普通话标签排首位、方言为次要但对白中显著存在,https://movie.douban.com/subject/3742360/
方言片,4917689,读·豆瓣,2010,5.8,388,纪录片,2010s,汉语普通话 / 粤语,普通话 / 粤语,粤语,粤语（广府片/白话）,Tier 2b,<50%（推断）,普通话标签排首位、方言为次要但对白中显著存在,https://movie.douban.com/subject/4917689/
方言片,3993565,额吉,2010,8.0,591,剧情,2010s,汉语普通话 / 蒙语,普通话 / 蒙语,蒙语,中国少数民族语言,Tier 2b,<50%（推断）,普通话标签排首位、方言为次要但对白中显著存在,https://movie.douban.com/subject/3993565/
方言片,5268683,黑白照片,2010,7.2,278,剧情,2010s,汉语普通话 / 上海方言,普通话 / 上海方言,上海方言,吴语（江浙片） / 通用汉语方言标签,Tier 2b,<50%（推断）,普通话标签排首位、方言为次要但对白中显著存在,https://movie.douban.com/subject/5268683/
方言片,6110557,乌鲁木齐的天空,2011,7.3,256,剧情 / 爱情,2010s,汉语普通话 / 维语,普通话 / 维语,维语,中国少数民族语言,Tier 2b,<50%（推断）,普通话标签排首位、方言为次要但对白中显著存在,https://movie.douban.com/subject/6110557/
方言片,6432144,余光之下,2011,7.1,153,纪录片,2010s,汉语普通话 / 客家话,普通话 / 客家话,客家话,客家话,Tier 2b,<50%（推断）,普通话标签排首位、方言为次要但对白中显著存在,https://movie.douban.com/subject/6432144/
方言片,4291275,到阜阳六百里,2011,7.7,20568,剧情,2010s,汉语普通话 / 上海话,普通话 / 上海话,上海话,吴语（江浙片）,Tier 2b,<50%（推断）,普通话标签排首位、方言为次要但对白中显著存在,https://movie.douban.com/subject/4291275/
方言片,6432145,博弈,2011,8.1,269,纪录片,2010s,汉语普通话 / 河北方言,普通话 / 河北方言,河北方言,通用汉语方言标签,Tier 2b,<50%（推断）,普通话标签排首位、方言为次要但对白中显著存在,https://movie.douban.com/subject/6432145/
方言片,6796784,四年一梦,2011,7.5,142,剧情,2010s,汉语普通话 / 山东方言,普通话 / 山东方言,山东方言,东北/冀鲁/胶辽官话 / 通用汉语方言标签,Tier 2b,<50%（推断）,普通话标签排首位、方言为次要但对白中显著存在,https://movie.douban.com/subject/6796784/
方言片,5993189,回声,2011,7.1,177,剧情,2010s,汉语普通话 / 日语 / 閩南語 / 客家話,普通话 / 日语 / 閩南語 / 客家話,閩南語 / 客家話,闽南语（闽台片） / 客家话,Tier 2b,<50%（推断）,普通话标签排首位、方言为次要但对白中显著存在,https://movie.douban.com/subject/5993189/
方言片,5977833,大太阳,2011,5.3,231,剧情,2010s,汉语普通话 / 四川方言,普通话 / 四川方言,四川方言,西南官话（川渝滇黔片） / 通用汉语方言标签,Tier 2b,<50%（推断）,普通话标签排首位、方言为次要但对白中显著存在,https://movie.douban.com/subject/5977833/
方言片,6894068,宅男电台,2011,7.1,13320,剧情 / 短片 / 同性,2010s,汉语普通话 / 日语 / 上海话,普通话 / 日语 / 上海话,上海话,吴语（江浙片）,Tier 2b,<50%（推断）,普通话标签排首位、方言为次要但对白中显著存在,https://movie.douban.com/subject/6894068/
方言片,6224731,带一片风景走,2011,7.6,2021,剧情,2010s,汉语普通话 / 闽南语,普通话 / 闽南语,闽南语,闽南语（闽台片）,Tier 2b,<50%（推断）,普通话标签排首位、方言为次要但对白中显著存在,https://movie.douban.com/subject/6224731/
方言片,6905209,归去来,2011,7.3,178,纪录片,2010s,汉语普通话 / 汉语普通话 汉语方言,普通话 / 汉语普通话 汉语方言,汉语普通话 汉语方言,通用汉语方言标签,Tier 2b,<50%（推断）,普通话标签排首位、方言为次要但对白中显著存在,https://movie.douban.com/subject/6905209/
方言片,6386979,有一种静叫庄严,2011,8.4,1181,纪录片,2010s,汉语普通话 / 湖南方言,普通话 / 湖南方言,湖南方言,湘语 / 通用汉语方言标签,Tier 2b,<50%（推断）,普通话标签排首位、方言为次要但对白中显著存在,https://movie.douban.com/subject/6386979/
方言片,4942776,武侠,2011,6.7,149364,剧情 / 动作 / 悬疑,2010s,汉语普通话 / 粤语 / 四川话,普通话 / 粤语 / 四川话,粤语 / 四川话,粤语（广府片/白话） / 西南官话（川渝滇黔片）,Tier 2b,<50%（推断）,普通话标签排首位、方言为次要但对白中显著存在,https://movie.douban.com/subject/4942776/
方言片,5322605,消失的村庄,2011,6.5,236,剧情,2010s,汉语普通话 / 云南方言,普通话 / 云南方言,云南方言,西南官话（川渝滇黔片） / 通用汉语方言标签,Tier 2b,<50%（推断）,普通话标签排首位、方言为次要但对白中显著存在,https://movie.douban.com/subject/5322605/
方言片,3552301,爱到底,2011,6.0,18895,剧情 / 喜剧 / 爱情,2010s,汉语普通话 / 台语,普通话 / 台语,台语,台语（闽南语台湾变体）,Tier 2b,<50%（推断）,普通话标签排首位、方言为次要但对白中显著存在,https://movie.douban.com/subject/3552301/
方言片,5244092,翻滚吧！阿信,2011,7.3,89146,剧情 / 喜剧 / 运动,2010s,汉语普通话 / 闽南语 Hokkien,普通话 / 闽南语 hokkien,闽南语 hokkien,闽南语（闽台片）,Tier 2b,<50%（推断）,普通话标签排首位、方言为次要但对白中显著存在,https://movie.douban.com/subject/5244092/
方言片,6519580,老家新家,2011,7.4,466,剧情 / 喜剧,2010s,汉语普通话 / 四川话 / 山东话,普通话 / 四川话 / 山东话,四川话 / 山东话,西南官话（川渝滇黔片） / 东北/冀鲁/胶辽官话,Tier 2b,<50%（推断）,普通话标签排首位、方言为次要但对白中显著存在,https://movie.douban.com/subject/6519580/
方言片,6428116,胆小鬼,2011,6.2,339,动画 / 短片,2010s,汉语普通话 / 汕尾话,普通话 / 汕尾话,汕尾话,闽南语（闽台片）,Tier 2b,<50%（推断）,普通话标签排首位、方言为次要但对白中显著存在,https://movie.douban.com/subject/6428116/
方言片,4116937,西藏往事,2011,6.5,3482,剧情 / 爱情,2010s,汉语普通话 / 英语 / 藏语,普通话 / 英语 / 藏语,藏语,中国少数民族语言,Tier 2b,<50%（推断）,普通话标签排首位、方言为次要但对白中显著存在,https://movie.douban.com/subject/4116937/
方言片,5318669,转山,2011,7.9,87027,剧情 / 冒险,2010s,汉语普通话 / 藏语,普通话 / 藏语,藏语,中国少数民族语言,Tier 2b,<50%（推断）,普通话标签排首位、方言为次要但对白中显著存在,https://movie.douban.com/subject/5318669/
方言片,3649049,金陵十三钗,2011,8.2,605483,剧情 / 历史 / 战争,2010s,汉语普通话 / 英语 / 日语 / 南京话 / 上海话,普通话 / 英语 / 日语 / 南京话 / 上海话,南京话 / 上海话,江淮官话 / 吴语（江浙片）,Tier 2b,<50%（推断）,普通话标签排首位、方言为次要但对白中显著存在,https://movie.douban.com/subject/3649049/
方言片,25851736,陈仓已冬,2011,8.9,164,剧情 / 家庭,2010s,汉语普通话 / 地方方言,普通话 / 地方方言,地方方言,通用汉语方言标签,Tier 2b,<50%（推断）,普通话标签排首位、方言为次要但对白中显著存在,https://movie.douban.com/subject/25851736/
方言片,6900614,风铃,2011,4.1,167,剧情,2010s,汉语普通话 / 四川话,普通话 / 四川话,四川话,西南官话（川渝滇黔片）,Tier 2b,<50%（推断）,普通话标签排首位、方言为次要但对白中显著存在,https://movie.douban.com/subject/6900614/
方言片,5382848,鸡排英雄,2011,6.8,13036,剧情 / 喜剧,2010s,汉语普通话 / 闽南语,普通话 / 闽南语,闽南语,闽南语（闽台片）,Tier 2b,<50%（推断）,普通话标签排首位、方言为次要但对白中显著存在,https://movie.douban.com/subject/5382848/
方言片,6432156,龙船,2011,7.8,155,纪录片,2010s,汉语普通话 / 粤语,普通话 / 粤语,粤语,粤语（广府片/白话）,Tier 2b,<50%（推断）,普通话标签排首位、方言为次要但对白中显著存在,https://movie.douban.com/subject/6432156/
方言片,10537853,万箭穿心,2012,8.6,200054,剧情 / 家庭,2010s,汉语普通话 / 武汉方言,普通话 / 武汉方言,武汉方言,西南官话（川渝滇黔片） / 通用汉语方言标签,Tier 2b,<50%（推断）,普通话标签排首位、方言为次要但对白中显著存在,https://movie.douban.com/subject/10537853/
方言片,11510453,不老骑士：欧兜迈环台日记,2012,8.9,6038,纪录片,2010s,汉语普通话 / 闽南语,普通话 / 闽南语,闽南语,闽南语（闽台片）,Tier 2b,<50%（推断）,普通话标签排首位、方言为次要但对白中显著存在,https://movie.douban.com/subject/11510453/
方言片,20444574,不耻,2012,6.1,104,剧情,2010s,汉语普通话 / 象山方言,普通话 / 象山方言,象山方言,吴语（江浙片） / 通用汉语方言标签,Tier 2b,<50%（推断）,普通话标签排首位、方言为次要但对白中显著存在,https://movie.douban.com/subject/20444574/
方言片,4841182,云上太阳,2012,6.5,530,剧情,2010s,汉语普通话 / 法语 / 少数民族语,普通话 / 法语 / 少数民族语,少数民族语,中国少数民族语言,Tier 2b,<50%（推断）,普通话标签排首位、方言为次要但对白中显著存在,https://movie.douban.com/subject/4841182/
方言片,4728518,人山人海,2012,6.7,12775,剧情 / 悬疑 / 犯罪,2010s,汉语普通话 / 贵州话,普通话 / 贵州话,贵州话,西南官话（川渝滇黔片）,Tier 2b,<50%（推断）,普通话标签排首位、方言为次要但对白中显著存在,https://movie.douban.com/subject/4728518/
方言片,6869395,低俗喜剧,2012,6.4,65237,喜剧,2010s,汉语普通话 / 粤语,普通话 / 粤语,粤语,粤语（广府片/白话）,Tier 2b,<50%（推断）,普通话标签排首位、方言为次要但对白中显著存在,https://movie.douban.com/subject/6869395/
方言片,20433191,南京爱情故事：我们的那些年,2012,7.4,364,喜剧 / 爱情 / 短片,2010s,汉语普通话 / 南京话 Nankinese,普通话 / 南京话 nankinese,南京话 nankinese,江淮官话,Tier 2b,<50%（推断）,普通话标签排首位、方言为次要但对白中显著存在,https://movie.douban.com/subject/20433191/
方言片,10833882,危城之恋,2012,6.9,652,剧情 / 爱情,2010s,汉语普通话 / 天津话,普通话 / 天津话,天津话,北京官话,Tier 2b,<50%（推断）,普通话标签排首位、方言为次要但对白中显著存在,https://movie.douban.com/subject/10833882/
方言片,11528251,告诉他们，我乘白鹤去了,2012,7.7,8786,剧情,2010s,汉语普通话 / 甘肃方言,普通话 / 甘肃方言,甘肃方言,中原/兰银官话 / 通用汉语方言标签,Tier 2b,<50%（推断）,普通话标签排首位、方言为次要但对白中显著存在,https://movie.douban.com/subject/11528251/
方言片,5942150,喜酒,2012,3.1,333,喜剧,2010s,汉语普通话 / 四川话 / 东北话 / 河南话,普通话 / 四川话 / 东北话 / 河南话,四川话 / 东北话 / 河南话,西南官话（川渝滇黔片） / 东北/冀鲁/胶辽官话 / 中原/兰银官话,Tier 2b,<50%（推断）,普通话标签排首位、方言为次要但对白中显著存在,https://movie.douban.com/subject/5942150/
方言片,10864754,天津闲人,2012,7.5,4613,剧情 / 喜剧,2010s,汉语普通话 / 天津话,普通话 / 天津话,天津话,北京官话,Tier 2b,<50%（推断）,普通话标签排首位、方言为次要但对白中显著存在,https://movie.douban.com/subject/10864754/
方言片,6901135,宝马狂想曲,2012,3.7,1476,喜剧,2010s,汉语普通话 / 粤语 / 重庆话,普通话 / 粤语 / 重庆话,粤语 / 重庆话,粤语（广府片/白话） / 西南官话（川渝滇黔片）,Tier 2b,<50%（推断）,普通话标签排首位、方言为次要但对白中显著存在,https://movie.douban.com/subject/6901135/
方言片,10580093,操场,2012,6.5,405,剧情 / 儿童 / 短片,2010s,汉语普通话 / 上海话Shanghainese,普通话 / 上海话shanghainese,上海话shanghainese,吴语（江浙片）,Tier 2b,<50%（推断）,普通话标签排首位、方言为次要但对白中显著存在,https://movie.douban.com/subject/10580093/
方言片,24869508,斗争,2012,7.6,1806,短片,2010s,汉语普通话 / 维吾尔语,普通话 / 维吾尔语,维吾尔语,中国少数民族语言,Tier 2b,<50%（推断）,普通话标签排首位、方言为次要但对白中显著存在,https://movie.douban.com/subject/24869508/
方言片,11537964,有人赞美聪慧，有人则不,2012,7.8,6069,剧情 / 儿童 / 家庭,2010s,汉语普通话 / 汉语方言,普通话 / 汉语方言,汉语方言,通用汉语方言标签,Tier 2b,<50%（推断）,普通话标签排首位、方言为次要但对白中显著存在,https://movie.douban.com/subject/11537964/
方言片,4176542,杀生,2012,7.8,204106,剧情 / 悬疑,2010s,汉语普通话 / 四川话,普通话 / 四川话,四川话,西南官话（川渝滇黔片）,Tier 2b,<50%（推断）,普通话标签排首位、方言为次要但对白中显著存在,https://movie.douban.com/subject/4176542/
方言片,6902345,潘多拉的宝剑,2012,5.1,1382,喜剧 / 爱情,2010s,汉语普通话 / 河南方言,普通话 / 河南方言,河南方言,中原/兰银官话 / 通用汉语方言标签,Tier 2b,<50%（推断）,普通话标签排首位、方言为次要但对白中显著存在,https://movie.douban.com/subject/6902345/
方言片,6858739,爱的面包魂,2012,5.9,11485,剧情 / 喜剧 / 爱情,2010s,汉语普通话 / 闽南语 / 英语 / 法语,普通话 / 闽南语 / 英语 / 法语,闽南语,闽南语（闽台片）,Tier 2b,<50%（推断）,普通话标签排首位、方言为次要但对白中显著存在,https://movie.douban.com/subject/6858739/
方言片,11226123,生活而已2,2012,7.9,431,纪录片,2010s,汉语普通话 / 山东话,普通话 / 山东话,山东话,东北/冀鲁/胶辽官话,Tier 2b,<50%（推断）,普通话标签排首位、方言为次要但对白中显著存在,https://movie.douban.com/subject/11226123/
方言片,4718369,白鹿原,2012,6.4,116216,剧情 / 历史,2010s,汉语普通话 / 陕西话,普通话 / 陕西话,陕西话,中原/兰银官话,Tier 2b,<50%（推断）,普通话标签排首位、方言为次要但对白中显著存在,https://movie.douban.com/subject/4718369/
方言片,11604171,致敬青春,2012,7.0,364,剧情,2010s,汉语普通话 / 山西太谷方言,普通话 / 山西太谷方言,山西太谷方言,晋语 / 通用汉语方言标签,Tier 2b,<50%（推断）,普通话标签排首位、方言为次要但对白中显著存在,https://movie.douban.com/subject/11604171/
方言片,11501396,边境风云,2012,7.8,98756,剧情 / 犯罪,2010s,汉语普通话 / 四川话 / 缅甸语,普通话 / 四川话 / 缅甸语,四川话,西南官话（川渝滇黔片）,Tier 2b,<50%（推断）,普通话标签排首位、方言为次要但对白中显著存在,https://movie.douban.com/subject/11501396/
方言片,6989743,阵头,2012,7.2,5506,剧情 / 喜剧,2010s,汉语普通话 / 闽南语,普通话 / 闽南语,闽南语,闽南语（闽台片）,Tier 2b,<50%（推断）,普通话标签排首位、方言为次要但对白中显著存在,https://movie.douban.com/subject/6989743/
方言片,10776186,飞机,2012,6.9,111,喜剧 / 动作 / 犯罪,2010s,汉语普通话 / 东北话,普通话 / 东北话,东北话,东北/冀鲁/胶辽官话,Tier 2b,<50%（推断）,普通话标签排首位、方言为次要但对白中显著存在,https://movie.douban.com/subject/10776186/
方言片,6080775,黄金大劫案,2012,6.8,210454,剧情 / 喜剧 / 动作,2010s,汉语普通话 / 东北话,普通话 / 东北话,东北话,东北/冀鲁/胶辽官话,Tier 2b,<50%（推断）,普通话标签排首位、方言为次要但对白中显著存在,https://movie.douban.com/subject/6080775/
方言片,7163765,龙飞凤舞,2012,6.7,156,剧情 / 喜剧,2010s,汉语普通话 / 闽南语,普通话 / 闽南语,闽南语,闽南语（闽台片）,Tier 2b,<50%（推断）,普通话标签排首位、方言为次要但对白中显著存在,https://movie.douban.com/subject/7163765/
方言片,3821067,一代宗师,2013,8.1,534866,剧情 / 传记 / 动作,2010s,汉语普通话 / 粤语 / 日语,普通话 / 粤语 / 日语,粤语,粤语（广府片/白话）,Tier 2b,<50%（推断）,普通话标签排首位、方言为次要但对白中显著存在,https://movie.douban.com/subject/3821067/
方言片,20470278,世界第一麦方,2013,6.6,383,剧情,2010s,汉语普通话 / 闽南语,普通话 / 闽南语,闽南语,闽南语（闽台片）,Tier 2b,<50%（推断）,普通话标签排首位、方言为次要但对白中显著存在,https://movie.douban.com/subject/20470278/
方言片,24722816,候鸟,2013,6.8,109,剧情 / 短片 / 家庭,2010s,汉语普通话 / 湘潭话 / 武汉话,普通话 / 湘潭话 / 武汉话,湘潭话 / 武汉话,湘语 / 西南官话（川渝滇黔片）,Tier 2b,<50%（推断）,普通话标签排首位、方言为次要但对白中显著存在,https://movie.douban.com/subject/24722816/
方言片,21327875,台湾人在满洲国,2013,8.0,101,纪录片,2010s,汉语普通话 / 台语 Taiwanese,普通话 / 台语 taiwanese,台语 taiwanese,台语（闽南语台湾变体）,Tier 2b,<50%（推断）,普通话标签排首位、方言为次要但对白中显著存在,https://movie.douban.com/subject/21327875/
方言片,25775642,嘿！小面,2013,7.9,3814,纪录片,2010s,汉语普通话 / 重庆话,普通话 / 重庆话,重庆话,西南官话（川渝滇黔片）,Tier 2b,<50%（推断）,普通话标签排首位、方言为次要但对白中显著存在,https://movie.douban.com/subject/25775642/
方言片,11599151,大尾鲈鳗,2013,5.9,4928,剧情 / 喜剧 / 动作,2010s,汉语普通话 / 闽南语,普通话 / 闽南语,闽南语,闽南语（闽台片）,Tier 2b,<50%（推断）,普通话标签排首位、方言为次要但对白中显著存在,https://movie.douban.com/subject/11599151/
方言片,30200085,如果早知道男生也会被性侵,2013,8.7,3261,剧情 / 短片,2010s,汉语普通话 / 闽南语,普通话 / 闽南语,闽南语,闽南语（闽台片）,Tier 2b,<50%（推断）,普通话标签排首位、方言为次要但对白中显著存在,https://movie.douban.com/subject/30200085/
方言片,21340768,急诊,2013,8.0,3003,纪录片,2010s,汉语普通话 / 粤语,普通话 / 粤语,粤语,粤语（广府片/白话）,Tier 2b,<50%（推断）,普通话标签排首位、方言为次要但对白中显著存在,https://movie.douban.com/subject/21340768/
方言片,20515031,总铺师,2013,7.1,7058,剧情 / 喜剧,2010s,汉语普通话 / 闽南语,普通话 / 闽南语,闽南语,闽南语（闽台片）,Tier 2b,<50%（推断）,普通话标签排首位、方言为次要但对白中显著存在,https://movie.douban.com/subject/20515031/
方言片,10763164,扫毒,2013,7.5,239286,剧情 / 动作 / 犯罪,2010s,汉语普通话 / 粤语 / 泰语 / 英语,普通话 / 粤语 / 泰语 / 英语,粤语,粤语（广府片/白话）,Tier 2b,<50%（推断）,普通话标签排首位、方言为次要但对白中显著存在,https://movie.douban.com/subject/10763164/
方言片,3804891,无人区,2013,8.3,468826,剧情 / 犯罪 / 西部,2010s,汉语普通话 / 陕西方言 / 甘肃方言,普通话 / 陕西方言 / 甘肃方言,陕西方言 / 甘肃方言,中原/兰银官话 / 通用汉语方言标签,Tier 2b,<50%（推断）,普通话标签排首位、方言为次要但对白中显著存在,https://movie.douban.com/subject/3804891/
方言片,5997849,暑假作业,2013,7.3,1656,剧情 / 儿童 / 家庭,2010s,汉语普通话 / 闽南语,普通话 / 闽南语,闽南语,闽南语（闽台片）,Tier 2b,<50%（推断）,普通话标签排首位、方言为次要但对白中显著存在,https://movie.douban.com/subject/5997849/
方言片,20254287,爱呦，阿斗,2013,7.6,518,喜剧 / 爱情,2010s,汉语普通话 / 大连话,普通话 / 大连话,大连话,东北/冀鲁/胶辽官话,Tier 2b,<50%（推断）,普通话标签排首位、方言为次要但对白中显著存在,https://movie.douban.com/subject/20254287/
方言片,20645007,美好2013,2013,6.7,161,剧情,2010s,汉语普通话 / 粤语 / 日语,普通话 / 粤语 / 日语,粤语,粤语（广府片/白话）,Tier 2b,<50%（推断）,普通话标签排首位、方言为次要但对白中显著存在,https://movie.douban.com/subject/20645007/
方言片,10833919,美姐,2013,7.8,22704,剧情 / 爱情 / 家庭,2010s,汉语普通话 / 晋语,普通话 / 晋语,晋语,晋语,Tier 2b,<50%（推断）,普通话标签排首位、方言为次要但对白中显著存在,https://movie.douban.com/subject/10833919/
方言片,25733522,自行车与旧电钢,2013,8.5,3449,纪录片,2010s,汉语普通话 / 徐州方言,普通话 / 徐州方言,徐州方言,江淮官话 / 通用汉语方言标签,Tier 2b,<50%（推断）,普通话标签排首位、方言为次要但对白中显著存在,https://movie.douban.com/subject/25733522/
方言片,20645076,迷失,2013,4.8,196,剧情 / 爱情 / 短片,2010s,汉语普通话 / 武汉话,普通话 / 武汉话,武汉话,西南官话（川渝滇黔片）,Tier 2b,<50%（推断）,普通话标签排首位、方言为次要但对白中显著存在,https://movie.douban.com/subject/20645076/
方言片,11599147,逗阵儿,2013,8.2,4351,喜剧 / 家庭,2010s,汉语普通话 / 闽南语 / 客家话 / 原住民语,普通话 / 闽南语 / 客家话 / 原住民语,闽南语 / 客家话,闽南语（闽台片） / 客家话,Tier 2b,<50%（推断）,普通话标签排首位、方言为次要但对白中显著存在,https://movie.douban.com/subject/11599147/
方言片,11599155,阿嬷的梦中情人,2013,7.2,6527,喜剧 / 爱情,2010s,汉语普通话 / 闽南语,普通话 / 闽南语,闽南语,闽南语（闽台片）,Tier 2b,<50%（推断）,普通话标签排首位、方言为次要但对白中显著存在,https://movie.douban.com/subject/11599155/
方言片,24752295,青春小说,2013,6.1,125,爱情 / 奇幻,2010s,汉语普通话 / 河南方言,普通话 / 河南方言,河南方言,中原/兰银官话 / 通用汉语方言标签,Tier 2b,<50%（推断）,普通话标签排首位、方言为次要但对白中显著存在,https://movie.douban.com/subject/24752295/
方言片,6126442,一步之遥,2014,6.6,283593,剧情 / 喜剧 / 动作,2010s,汉语普通话 / 英语 / 上海话 / 法语 / 日语 / 满语 / 越南语 / 拉丁语,普通话 / 英语 / 上海话 / 法语 / 日语 / 满语 / 越南语 / 拉丁语,上海话 / 满语,吴语（江浙片） / 中国少数民族语言,Tier 2b,<50%（推断）,普通话标签排首位、方言为次要但对白中显著存在,https://movie.douban.com/subject/6126442/
方言片,25713408,一生一世,2014,5.3,101454,爱情,2010s,汉语普通话 / 英语 / 粤语 / 上海话,普通话 / 英语 / 粤语 / 上海话,粤语 / 上海话,粤语（广府片/白话） / 吴语（江浙片）,Tier 2b,<50%（推断）,普通话标签排首位、方言为次要但对白中显著存在,https://movie.douban.com/subject/25713408/
方言片,25798222,亲爱的,2014,8.4,463240,剧情 / 家庭,2010s,汉语普通话 / 安徽方言 / 粤语 / 陕西方言,普通话 / 安徽方言 / 粤语 / 陕西方言,安徽方言 / 粤语 / 陕西方言,江淮官话 / 通用汉语方言标签 / 粤语（广府片/白话） / 中原/兰银官话,Tier 2b,<50%（推断）,普通话标签排首位、方言为次要但对白中显著存在,https://movie.douban.com/subject/25798222/
方言片,19962587,夜莺,2014,6.5,7640,剧情 / 家庭,2010s,汉语普通话 / 广西方言 / 法语,普通话 / 广西方言 / 法语,广西方言,通用汉语方言标签,Tier 2b,<50%（推断）,普通话标签排首位、方言为次要但对白中显著存在,https://movie.douban.com/subject/19962587/
方言片,3078390,太平轮(上),2014,6.0,92132,剧情 / 爱情 / 战争,2010s,汉语普通话 / 日语 / 闽南语 / 上海话,普通话 / 日语 / 闽南语 / 上海话,闽南语 / 上海话,闽南语（闽台片） / 吴语（江浙片）,Tier 2b,<50%（推断）,普通话标签排首位、方言为次要但对白中显著存在,https://movie.douban.com/subject/3078390/
方言片,25802582,希望有个如你一般的人,2014,5.5,102,剧情 / 爱情 / 短片,2010s,汉语普通话 / 南京话,普通话 / 南京话,南京话,江淮官话,Tier 2b,<50%（推断）,普通话标签排首位、方言为次要但对白中显著存在,https://movie.douban.com/subject/25802582/
方言片,25717233,心花路放,2014,7.2,480573,喜剧 / 爱情,2010s,汉语普通话 / 粤语 / 云南方言,普通话 / 粤语 / 云南方言,粤语 / 云南方言,粤语（广府片/白话） / 西南官话（川渝滇黔片） / 通用汉语方言标签,Tier 2b,<50%（推断）,普通话标签排首位、方言为次要但对白中显著存在,https://movie.douban.com/subject/25717233/
方言片,25849506,热带,2014,7.4,102,剧情,2010s,汉语普通话 / 粤语,普通话 / 粤语,粤语,粤语（广府片/白话）,Tier 2b,<50%（推断）,普通话标签排首位、方言为次要但对白中显著存在,https://movie.douban.com/subject/25849506/
方言片,24867840,甘南情歌,2014,7.6,302,剧情,2010s,汉语普通话 / 藏语,普通话 / 藏语,藏语,中国少数民族语言,Tier 2b,<50%（推断）,普通话标签排首位、方言为次要但对白中显著存在,https://movie.douban.com/subject/24867840/
方言片,25861611,禁止吸烟,2014,6.4,501,喜剧,2010s,汉语普通话 / 新疆方言 / 陕西方言,普通话 / 新疆方言 / 陕西方言,新疆方言 / 陕西方言,中原/兰银官话 / 通用汉语方言标签,Tier 2b,<50%（推断）,普通话标签排首位、方言为次要但对白中显著存在,https://movie.douban.com/subject/25861611/
方言片,26200601,钱在路上跑,2014,6.9,367,喜剧,2010s,汉语普通话 / 维吾尔语 Uyghur,普通话 / 维吾尔语 uyghur,维吾尔语 uyghur,中国少数民族语言,Tier 2b,<50%（推断）,普通话标签排首位、方言为次要但对白中显著存在,https://movie.douban.com/subject/26200601/
方言片,10545939,黄金时代,2014,7.3,166138,剧情 / 传记 / 爱情,2010s,汉语普通话 / 粤语 / 上海话 / 武汉话 / 四川话 / 俄语 / 日语,普通话 / 粤语 / 上海话 / 武汉话 / 四川话 / 俄语 / 日语,粤语 / 上海话 / 武汉话 / 四川话,粤语（广府片/白话） / 吴语（江浙片） / 西南官话（川渝滇黔片）,Tier 2b,<50%（推断）,普通话标签排首位、方言为次要但对白中显著存在,https://movie.douban.com/subject/10545939/
方言片,25926267,一个勺子,2015,7.7,152800,剧情 / 喜剧,2010s,汉语普通话 / 西北方言 / 重庆话,普通话 / 西北方言 / 重庆话,西北方言 / 重庆话,中原/兰银官话 / 通用汉语方言标签 / 西南官话（川渝滇黔片）,Tier 2b,<50%（推断）,普通话标签排首位、方言为次要但对白中显著存在,https://movie.douban.com/subject/25926267/
方言片,26061902,东北偏北,2015,6.3,7251,剧情 / 喜剧 / 悬疑,2010s,汉语普通话 / 东北方言,普通话 / 东北方言,东北方言,东北/冀鲁/胶辽官话 / 通用汉语方言标签,Tier 2b,<50%（推断）,普通话标签排首位、方言为次要但对白中显著存在,https://movie.douban.com/subject/26061902/
方言片,25811357,冲锋车,2015,6.6,37642,喜剧 / 犯罪,2010s,汉语普通话 / 粤语 / 马来语 / 英语 / 闽南语,普通话 / 粤语 / 马来语 / 英语 / 闽南语,粤语 / 闽南语,粤语（广府片/白话） / 闽南语（闽台片）,Tier 2b,<50%（推断）,普通话标签排首位、方言为次要但对白中显著存在,https://movie.douban.com/subject/25811357/
方言片,26433965,告别,2015,7.5,2172,剧情 / 家庭,2010s,汉语普通话 / 蒙古语,普通话 / 蒙古语,蒙古语,中国少数民族语言,Tier 2b,<50%（推断）,普通话标签排首位、方言为次要但对白中显著存在,https://movie.douban.com/subject/26433965/
方言片,25875053,基隆,2015,6.9,861,剧情,2010s,汉语普通话 / 闽南语,普通话 / 闽南语,闽南语,闽南语（闽台片）,Tier 2b,<50%（推断）,普通话标签排首位、方言为次要但对白中显著存在,https://movie.douban.com/subject/25875053/
方言片,26280561,大喜临门,2015,5.4,3463,喜剧,2010s,汉语普通话 / 闽南语,普通话 / 闽南语,闽南语,闽南语（闽台片）,Tier 2b,<50%（推断）,普通话标签排首位、方言为次要但对白中显著存在,https://movie.douban.com/subject/26280561/
方言片,25956520,太平轮(下)·彼岸,2015,6.6,62165,剧情 / 爱情 / 灾难,2010s,汉语普通话 / 日语 / 闽南语 / 上海话,普通话 / 日语 / 闽南语 / 上海话,闽南语 / 上海话,闽南语（闽台片） / 吴语（江浙片）,Tier 2b,<50%（推断）,普通话标签排首位、方言为次要但对白中显著存在,https://movie.douban.com/subject/25956520/
方言片,26184568,奇人密码：古罗布之迷,2015,6.6,586,动作 / 动画 / 奇幻,2010s,汉语普通话 / 闽南语,普通话 / 闽南语,闽南语,闽南语（闽台片）,Tier 2b,<50%（推断）,普通话标签排首位、方言为次要但对白中显著存在,https://movie.douban.com/subject/26184568/
方言片,25746375,我是路人甲,2015,7.1,138174,剧情 / 喜剧,2010s,汉语普通话 / 粤语 / 浙江方言,普通话 / 粤语 / 浙江方言,粤语 / 浙江方言,粤语（广府片/白话） / 江淮官话 / 通用汉语方言标签,Tier 2b,<50%（推断）,普通话标签排首位、方言为次要但对白中显著存在,https://movie.douban.com/subject/25746375/
方言片,25746414,暴走神探,2015,5.4,15078,喜剧 / 动作 / 爱情,2010s,汉语普通话 / 英语 / 上海话,普通话 / 英语 / 上海话,上海话,吴语（江浙片）,Tier 2b,<50%（推断）,普通话标签排首位、方言为次要但对白中显著存在,https://movie.douban.com/subject/25746414/
方言片,26306897,李文漫游东湖,2015,8.3,2322,剧情 / 纪录片,2010s,汉语普通话 / 武汉方言,普通话 / 武汉方言,武汉方言,西南官话（川渝滇黔片） / 通用汉语方言标签,Tier 2b,<50%（推断）,普通话标签排首位、方言为次要但对白中显著存在,https://movie.douban.com/subject/26306897/
方言片,26607132,梦开始的地方,2015,5.8,126,剧情,2010s,汉语普通话 / 维吾尔语 / 哈萨克语,普通话 / 维吾尔语 / 哈萨克语,维吾尔语 / 哈萨克语,中国少数民族语言,Tier 2b,<50%（推断）,普通话标签排首位、方言为次要但对白中显著存在,https://movie.douban.com/subject/26607132/
方言片,25790210,爱琳娜,2015,6.5,104,剧情 / 喜剧 / 爱情,2010s,汉语普通话 / 台語,普通话 / 台語,台語,台语（闽南语台湾变体）,Tier 2b,<50%（推断）,普通话标签排首位、方言为次要但对白中显著存在,https://movie.douban.com/subject/25790210/
方言片,25772420,爸爸的晚餐,2015,7.2,339,剧情,2010s,汉语普通话 / 重庆话,普通话 / 重庆话,重庆话,西南官话（川渝滇黔片）,Tier 2b,<50%（推断）,普通话标签排首位、方言为次要但对白中显著存在,https://movie.douban.com/subject/25772420/
方言片,26586488,红衣小女孩,2015,5.9,12201,惊悚 / 恐怖,2010s,汉语普通话 / 台语,普通话 / 台语,台语,台语（闽南语台湾变体）,Tier 2b,<50%（推断）,普通话标签排首位、方言为次要但对白中显著存在,https://movie.douban.com/subject/26586488/
方言片,26275692,角头,2015,5.7,4358,剧情 / 动作 / 犯罪,2010s,汉语普通话 / 闽南语,普通话 / 闽南语,闽南语,闽南语（闽台片）,Tier 2b,<50%（推断）,普通话标签排首位、方言为次要但对白中显著存在,https://movie.douban.com/subject/26275692/
方言片,25837175,谜城,2015,5.6,40759,动作 / 犯罪 / 惊悚,2010s,汉语普通话 / 粤语 / 闽南语,普通话 / 粤语 / 闽南语,粤语 / 闽南语,粤语（广府片/白话） / 闽南语（闽台片）,Tier 2b,<50%（推断）,普通话标签排首位、方言为次要但对白中显著存在,https://movie.douban.com/subject/25837175/
方言片,26658552,送别,2015,6.7,390,剧情 / 喜剧 / 短片,2010s,汉语普通话 / 东北官话,普通话 / 东北官话,东北官话,东北/冀鲁/胶辽官话,Tier 2b,<50%（推断）,普通话标签排首位、方言为次要但对白中显著存在,https://movie.douban.com/subject/26658552/
方言片,25732105,鄂尔多斯骑士,2015,5.6,159,剧情,2010s,汉语普通话 / 蒙语,普通话 / 蒙语,蒙语,中国少数民族语言,Tier 2b,<50%（推断）,普通话标签排首位、方言为次要但对白中显著存在,https://movie.douban.com/subject/25732105/
方言片,26306656,醉·生梦死,2015,7.2,11137,剧情 / 同性 / 家庭,2010s,汉语普通话 / 闽南语,普通话 / 闽南语,闽南语,闽南语（闽台片）,Tier 2b,<50%（推断）,普通话标签排首位、方言为次要但对白中显著存在,https://movie.douban.com/subject/26306656/
方言片,26425088,一切都好,2016,6.5,17373,剧情 / 家庭,2010s,汉语普通话 / 天津话 / 英语 / 上海话 / 四川话,普通话 / 天津话 / 英语 / 上海话 / 四川话,天津话 / 上海话 / 四川话,北京官话 / 吴语（江浙片） / 西南官话（川渝滇黔片）,Tier 2b,<50%（推断）,普通话标签排首位、方言为次要但对白中显著存在,https://movie.douban.com/subject/26425088/
方言片,26769480,一路顺风,2016,7.6,18213,剧情 / 喜剧 / 犯罪,2010s,汉语普通话 / 闽南语 / 粤语 / 泰语,普通话 / 闽南语 / 粤语 / 泰语,闽南语 / 粤语,闽南语（闽台片） / 粤语（广府片/白话）,Tier 2b,<50%（推断）,普通话标签排首位、方言为次要但对白中显著存在,https://movie.douban.com/subject/26769480/
方言片,11598977,叶问3,2016,6.6,146797,剧情 / 传记 / 动作,2010s,汉语普通话 / 粤语 / 英语,普通话 / 粤语 / 英语,粤语,粤语（广府片/白话）,Tier 2b,<50%（推断）,普通话标签排首位、方言为次要但对白中显著存在,https://movie.douban.com/subject/11598977/
方言片,26271105,同流合乌,2016,4.4,2110,剧情 / 爱情 / 同性,2010s,汉语普通话 / 粤语 / 日语 / 英语,普通话 / 粤语 / 日语 / 英语,粤语,粤语（广府片/白话）,Tier 2b,<50%（推断）,普通话标签排首位、方言为次要但对白中显著存在,https://movie.douban.com/subject/26271105/
方言片,26665828,呼吸正常,2016,5.7,2866,剧情 / 爱情,2010s,汉语普通话 / 粤语,普通话 / 粤语,粤语,粤语（广府片/白话）,Tier 2b,<50%（推断）,普通话标签排首位、方言为次要但对白中显著存在,https://movie.douban.com/subject/26665828/
方言片,26720391,大显神威,2016,4.6,344,喜剧 / 奇幻,2010s,汉语普通话 / 闽南语,普通话 / 闽南语,闽南语,闽南语（闽台片）,Tier 2b,<50%（推断）,普通话标签排首位、方言为次要但对白中显著存在,https://movie.douban.com/subject/26720391/
方言片,25951720,寻找心中的你,2016,7.4,11991,剧情 / 爱情,2010s,汉语普通话 / 粤语 / 英语,普通话 / 粤语 / 英语,粤语,粤语（广府片/白话）,Tier 2b,<50%（推断）,普通话标签排首位、方言为次要但对白中显著存在,https://movie.douban.com/subject/25951720/
方言片,26732377,川流之岛,2016,7.4,3524,剧情 / 爱情 / 家庭,2010s,汉语普通话 / 闽南语,普通话 / 闽南语,闽南语,闽南语（闽台片）,Tier 2b,<50%（推断）,普通话标签排首位、方言为次要但对白中显著存在,https://movie.douban.com/subject/26732377/
方言片,25757187,我不是王毛,2016,8.0,60378,喜剧 / 战争,2010s,汉语普通话 / 河南话,普通话 / 河南话,河南话,中原/兰银官话,Tier 2b,<50%（推断）,普通话标签排首位、方言为次要但对白中显著存在,https://movie.douban.com/subject/25757187/
方言片,26418005,我的“狐朋狗友”,2016,5.7,1060,剧情 / 喜剧 / 爱情,2010s,汉语普通话 / 河南话,普通话 / 河南话,河南话,中原/兰银官话,Tier 2b,<50%（推断）,普通话标签排首位、方言为次要但对白中显著存在,https://movie.douban.com/subject/26418005/
方言片,24867829,杠上开花,2016,3.1,439,喜剧 / 悬疑,2010s,汉语普通话 / 武汉话,普通话 / 武汉话,武汉话,西南官话（川渝滇黔片）,Tier 2b,<50%（推断）,普通话标签排首位、方言为次要但对白中显著存在,https://movie.douban.com/subject/24867829/
方言片,25662327,火锅英雄,2016,7.2,318741,剧情 / 犯罪,2010s,汉语普通话 / 重庆话,普通话 / 重庆话,重庆话,西南官话（川渝滇黔片）,Tier 2b,<50%（推断）,普通话标签排首位、方言为次要但对白中显著存在,https://movie.douban.com/subject/25662327/
方言片,24751763,罗曼蒂克消亡史,2016,7.7,350867,剧情,2010s,汉语普通话 / 上海话 / 日语 / 英语,普通话 / 上海话 / 日语 / 英语,上海话,吴语（江浙片）,Tier 2b,<50%（推断）,普通话标签排首位、方言为次要但对白中显著存在,https://movie.douban.com/subject/24751763/
方言片,26352419,飞地,2016,6.7,441,纪录片,2010s,汉语普通话 / 彝语 Yi,普通话 / 彝语 yi,彝语 yi,中国少数民族语言,Tier 2b,<50%（推断）,普通话标签排首位、方言为次要但对白中显著存在,https://movie.douban.com/subject/26352419/
方言片,26780534,52赫兹，我爱你,2017,5.7,3139,喜剧 / 爱情 / 歌舞,2010s,汉语普通话 / 闽南语,普通话 / 闽南语,闽南语,闽南语（闽台片）,Tier 2b,<50%（推断）,普通话标签排首位、方言为次要但对白中显著存在,https://movie.douban.com/subject/26780534/
方言片,1292434,一一,2017,9.1,313439,剧情 / 爱情 / 家庭,2010s,汉语普通话 / 闽南语 / 英语 / 日语,普通话 / 闽南语 / 英语 / 日语,闽南语,闽南语（闽台片）,Tier 2b,<50%（推断）,普通话标签排首位、方言为次要但对白中显著存在,https://movie.douban.com/subject/1292434/
方言片,26984183,一个人的字幕,2017,7.0,362,传记 / 纪录片,2010s,汉语普通话 / 粤语 / 顺德话,普通话 / 粤语 / 顺德话,粤语 / 顺德话,粤语（广府片/白话）,Tier 2b,<50%（推断）,普通话标签排首位、方言为次要但对白中显著存在,https://movie.douban.com/subject/26984183/
方言片,4078592,上海王,2017,4.8,8615,剧情 / 动作 / 爱情,2010s,汉语普通话 / 英语 / 上海话 / 日语,普通话 / 英语 / 上海话 / 日语,上海话,吴语（江浙片）,Tier 2b,<50%（推断）,普通话标签排首位、方言为次要但对白中显著存在,https://movie.douban.com/subject/4078592/
方言片,26657126,不成问题的问题,2017,8.1,92254,剧情,2010s,汉语普通话 / 北京话 / 重庆话 / 上海话,普通话 / 北京话 / 重庆话 / 上海话,北京话 / 重庆话 / 上海话,北京官话 / 西南官话（川渝滇黔片） / 吴语（江浙片）,Tier 2b,<50%（推断）,普通话标签排首位、方言为次要但对白中显著存在,https://movie.douban.com/subject/26657126/
方言片,26961159,囚,2017,9.1,7029,纪录片,2010s,汉语普通话 / 东北方言,普通话 / 东北方言,东北方言,东北/冀鲁/胶辽官话 / 通用汉语方言标签,Tier 2b,<50%（推断）,普通话标签排首位、方言为次要但对白中显著存在,https://movie.douban.com/subject/26961159/
方言片,27062663,塬上,2017,6.5,371,剧情,2010s,汉语普通话 / 陕西方言,普通话 / 陕西方言,陕西方言,中原/兰银官话 / 通用汉语方言标签,Tier 2b,<50%（推断）,普通话标签排首位、方言为次要但对白中显著存在,https://movie.douban.com/subject/27062663/
方言片,27063404,壬午渝汐,2017,6.8,242,动作 / 历史 / 短片,2010s,汉语普通话 / 德语 / 重庆方言 / 日语,普通话 / 德语 / 重庆方言 / 日语,重庆方言,西南官话（川渝滇黔片） / 通用汉语方言标签,Tier 2b,<50%（推断）,普通话标签排首位、方言为次要但对白中显著存在,https://movie.douban.com/subject/27063404/
方言片,26429879,我不做大哥好多年,2017,5.3,3165,剧情 / 喜剧 / 动作,2010s,汉语普通话 / 闽南语,普通话 / 闽南语,闽南语,闽南语（闽台片）,Tier 2b,<50%（推断）,普通话标签排首位、方言为次要但对白中显著存在,https://movie.douban.com/subject/26429879/
方言片,26731242,接线员,2017,6.1,567,剧情,2010s,汉语普通话 / 英语 / 闽南语,普通话 / 英语 / 闽南语,闽南语,闽南语（闽台片）,Tier 2b,<50%（推断）,普通话标签排首位、方言为次要但对白中显著存在,https://movie.douban.com/subject/26731242/
方言片,26324232,摇摇晃晃的人间,2017,7.9,23700,传记 / 纪录片,2010s,汉语普通话 / 湖北方言,普通话 / 湖北方言,湖北方言,通用汉语方言标签,Tier 2b,<50%（推断）,普通话标签排首位、方言为次要但对白中显著存在,https://movie.douban.com/subject/26324232/
方言片,26968495,最后的诗句,2017,7.7,5623,剧情 / 爱情,2010s,汉语普通话 / 闽南语,普通话 / 闽南语,闽南语,闽南语（闽台片）,Tier 2b,<50%（推断）,普通话标签排首位、方言为次要但对白中显著存在,https://movie.douban.com/subject/26968495/
方言片,26335565,河对岸是山,2017,6.6,436,剧情,2010s,汉语普通话 / 甘肃方言,普通话 / 甘肃方言,甘肃方言,中原/兰银官话 / 通用汉语方言标签,Tier 2b,<50%（推断）,普通话标签排首位、方言为次要但对白中显著存在,https://movie.douban.com/subject/26335565/
方言片,26289140,灿烂这一刻,2017,5.0,714,剧情,2010s,汉语普通话 / 粤语,普通话 / 粤语,粤语,粤语（广府片/白话）,Tier 2b,<50%（推断）,普通话标签排首位、方言为次要但对白中显著存在,https://movie.douban.com/subject/26289140/
方言片,27073807,白鸟,2017,7.5,225,动画 / 家庭,2010s,汉语普通话 / 哈萨克语,普通话 / 哈萨克语,哈萨克语,中国少数民族语言,Tier 2b,<50%（推断）,普通话标签排首位、方言为次要但对白中显著存在,https://movie.douban.com/subject/27073807/
方言片,26177735,皮绳上的魂,2017,7.2,6536,剧情,2010s,汉语普通话 / 藏语,普通话 / 藏语,藏语,中国少数民族语言,Tier 2b,<50%（推断）,普通话标签排首位、方言为次要但对白中显著存在,https://movie.douban.com/subject/26177735/
方言片,11600078,目击者之追凶,2017,8.2,158451,犯罪 / 悬疑 / 惊悚,2010s,汉语普通话 / 闽南语,普通话 / 闽南语,闽南语,闽南语（闽台片）,Tier 2b,<50%（推断）,普通话标签排首位、方言为次要但对白中显著存在,https://movie.douban.com/subject/11600078/
方言片,27104373,神偷大师,2017,5.0,707,喜剧 / 爱情 / 悬疑,2010s,汉语普通话 / 四川方言,普通话 / 四川方言,四川方言,西南官话（川渝滇黔片） / 通用汉语方言标签,Tier 2b,<50%（推断）,普通话标签排首位、方言为次要但对白中显著存在,https://movie.douban.com/subject/27104373/
方言片,26334947,空山异客,2017,5.9,481,剧情,2010s,汉语普通话 / 湘西方言,普通话 / 湘西方言,湘西方言,湘语 / 通用汉语方言标签,Tier 2b,<50%（推断）,普通话标签排首位、方言为次要但对白中显著存在,https://movie.douban.com/subject/26334947/
方言片,26957500,老兽,2017,7.0,26662,剧情,2010s,汉语普通话 / 晋语,普通话 / 晋语,晋语,晋语,Tier 2b,<50%（推断）,普通话标签排首位、方言为次要但对白中显著存在,https://movie.douban.com/subject/26957500/
方言片,27063423,考试,2017,7.2,492,剧情 / 儿童 / 短片,2010s,汉语普通话 / 粤语,普通话 / 粤语,粤语,粤语（广府片/白话）,Tier 2b,<50%（推断）,普通话标签排首位、方言为次要但对白中显著存在,https://movie.douban.com/subject/27063423/
方言片,27113517,血观音,2017,8.5,329884,剧情 / 悬疑,2010s,汉语普通话 / 粤语 / 闽南语 / 日语,普通话 / 粤语 / 闽南语 / 日语,粤语 / 闽南语,粤语（广府片/白话） / 闽南语（闽台片）,Tier 2b,<50%（推断）,普通话标签排首位、方言为次要但对白中显著存在,https://movie.douban.com/subject/27113517/
方言片,27124931,陈冲·上海：梅雨季节的城市穿行,2017,7.2,132,纪录片 / 短片,2010s,汉语普通话 / 上海话,普通话 / 上海话,上海话,吴语（江浙片）,Tier 2b,<50%（推断）,普通话标签排首位、方言为次要但对白中显著存在,https://movie.douban.com/subject/27124931/
方言片,30272786,一条叫招财的鱼,2018,5.7,953,剧情,2010s,汉语普通话 / 重庆方言 / 陕西方言,普通话 / 重庆方言 / 陕西方言,重庆方言 / 陕西方言,西南官话（川渝滇黔片） / 通用汉语方言标签 / 中原/兰银官话,Tier 2b,<50%（推断）,普通话标签排首位、方言为次要但对白中显著存在,https://movie.douban.com/subject/30272786/
方言片,30378028,世外桃源,2018,7.3,1069,纪录片,2010s,汉语普通话 / 四川方言,普通话 / 四川方言,四川方言,西南官话（川渝滇黔片） / 通用汉语方言标签,Tier 2b,<50%（推断）,普通话标签排首位、方言为次要但对白中显著存在,https://movie.douban.com/subject/30378028/
方言片,27622779,人怕出名猪怕壮,2018,5.5,855,喜剧,2010s,汉语普通话 / 四川方言,普通话 / 四川方言,四川方言,西南官话（川渝滇黔片） / 通用汉语方言标签,Tier 2b,<50%（推断）,普通话标签排首位、方言为次要但对白中显著存在,https://movie.douban.com/subject/27622779/
方言片,30243293,初三四班,2018,7.1,674,纪录片,2010s,汉语普通话 / 四川话,普通话 / 四川话,四川话,西南官话（川渝滇黔片）,Tier 2b,<50%（推断）,普通话标签排首位、方言为次要但对白中显著存在,https://movie.douban.com/subject/30243293/
方言片,30265411,十年台湾,2018,4.9,401,剧情,2010s,汉语普通话 / 英语 / 闽南语 / 台湾原住民语言,普通话 / 英语 / 闽南语 / 台湾原住民语言,闽南语 / 台湾原住民语言,闽南语（闽台片） / 中国少数民族语言,Tier 2b,<50%（推断）,普通话标签排首位、方言为次要但对白中显著存在,https://movie.douban.com/subject/30265411/
方言片,26796664,叶问外传：张天志,2018,5.6,49202,剧情 / 动作 / 犯罪,2010s,汉语普通话 / 粤语 / 英语,普通话 / 粤语 / 英语,粤语,粤语（广府片/白话）,Tier 2b,<50%（推断）,普通话标签排首位、方言为次要但对白中显著存在,https://movie.douban.com/subject/26796664/
方言片,30234465,寻鳞,2018,8.4,212,纪录片 / 短片,2010s,汉语普通话 / 粤语,普通话 / 粤语,粤语,粤语（广府片/白话）,Tier 2b,<50%（推断）,普通话标签排首位、方言为次要但对白中显著存在,https://movie.douban.com/subject/30234465/
方言片,30140092,小美,2018,6.1,819,剧情 / 爱情 / 悬疑,2010s,汉语普通话 / 粤语,普通话 / 粤语,粤语,粤语（广府片/白话）,Tier 2b,<50%（推断）,普通话标签排首位、方言为次要但对白中显著存在,https://movie.douban.com/subject/30140092/
方言片,26605028,幸福路上,2018,7.6,5486,动画,2010s,汉语普通话 / 英语 / 闽南语,普通话 / 英语 / 闽南语,闽南语,闽南语（闽台片）,Tier 2b,<50%（推断）,普通话标签排首位、方言为次要但对白中显著存在,https://movie.douban.com/subject/26605028/
方言片,30255216,您一定不要错过,2018,5.7,2173,纪录片,2010s,汉语普通话 / 蒙语 / 日语 / 俄语,普通话 / 蒙语 / 日语 / 俄语,蒙语,中国少数民族语言,Tier 2b,<50%（推断）,普通话标签排首位、方言为次要但对白中显著存在,https://movie.douban.com/subject/30255216/
方言片,30272101,我私人的赫尔佐格,2018,6.0,205,纪录片 / 短片,2010s,汉语普通话 / 粤语,普通话 / 粤语,粤语,粤语（广府片/白话）,Tier 2b,<50%（推断）,普通话标签排首位、方言为次要但对白中显著存在,https://movie.douban.com/subject/30272101/
方言片,27110296,无名之辈,2018,8.0,927485,剧情 / 喜剧,2010s,汉语普通话 / 贵州方言,普通话 / 贵州方言,贵州方言,西南官话（川渝滇黔片） / 通用汉语方言标签,Tier 2b,<50%（推断）,普通话标签排首位、方言为次要但对白中显著存在,https://movie.douban.com/subject/27110296/
方言片,26972258,江湖儿女,2018,7.6,262911,爱情 / 犯罪,2010s,汉语普通话 / 山西方言 / 湖北方言 / 重庆方言,普通话 / 山西方言 / 湖北方言 / 重庆方言,山西方言 / 湖北方言 / 重庆方言,晋语 / 通用汉语方言标签 / 西南官话（川渝滇黔片）,Tier 2b,<50%（推断）,普通话标签排首位、方言为次要但对白中显著存在,https://movie.douban.com/subject/26972258/
方言片,30162995,沿海出发,2018,5.9,411,剧情 / 家庭,2010s,汉语普通话 / 胶辽官话,普通话 / 胶辽官话,胶辽官话,东北/冀鲁/胶辽官话,Tier 2b,<50%（推断）,普通话标签排首位、方言为次要但对白中显著存在,https://movie.douban.com/subject/30162995/
方言片,27069377,淡蓝琥珀,2018,6.2,3935,剧情 / 悬疑,2010s,汉语普通话 / 重庆方言,普通话 / 重庆方言,重庆方言,西南官话（川渝滇黔片） / 通用汉语方言标签,Tier 2b,<50%（推断）,普通话标签排首位、方言为次要但对白中显著存在,https://movie.douban.com/subject/27069377/
方言片,25716096,狗十三,2018,8.2,457298,剧情 / 家庭,2010s,汉语普通话 / 西安话,普通话 / 西安话,西安话,中原/兰银官话,Tier 2b,<50%（推断）,普通话标签排首位、方言为次要但对白中显著存在,https://movie.douban.com/subject/25716096/
方言片,27077266,米花之味,2018,7.4,22908,剧情,2010s,汉语普通话 / 云南话 / 傣语,普通话 / 云南话 / 傣语,云南话 / 傣语,西南官话（川渝滇黔片） / 中国少数民族语言,Tier 2b,<50%（推断）,普通话标签排首位、方言为次要但对白中显著存在,https://movie.douban.com/subject/27077266/
方言片,30214059,红毛皇帝,2018,7.2,1605,纪录片,2010s,汉语普通话 / 河南话,普通话 / 河南话,河南话,中原/兰银官话,Tier 2b,<50%（推断）,普通话标签排首位、方言为次要但对白中显著存在,https://movie.douban.com/subject/30214059/
方言片,27621448,范保德,2018,6.8,1472,剧情,2010s,汉语普通话 / 闽南语,普通话 / 闽南语,闽南语,闽南语（闽台片）,Tier 2b,<50%（推断）,普通话标签排首位、方言为次要但对白中显著存在,https://movie.douban.com/subject/27621448/
方言片,30208007,藏北秘岭-重返无人区,2018,5.8,5593,纪录片,2010s,汉语普通话 / 藏语,普通话 / 藏语,藏语,中国少数民族语言,Tier 2b,<50%（推断）,普通话标签排首位、方言为次要但对白中显著存在,https://movie.douban.com/subject/30208007/
方言片,26994321,角头2：王者再起,2018,6.6,9804,剧情 / 动作 / 犯罪,2010s,汉语普通话 / 闽南语,普通话 / 闽南语,闽南语,闽南语（闽台片）,Tier 2b,<50%（推断）,普通话标签排首位、方言为次要但对白中显著存在,https://movie.douban.com/subject/26994321/
方言片,30337147,那年1987,2018,6.2,2271,剧情 / 爱情,2010s,汉语普通话 / 粤语,普通话 / 粤语,粤语,粤语（广府片/白话）,Tier 2b,<50%（推断）,普通话标签排首位、方言为次要但对白中显著存在,https://movie.douban.com/subject/30337147/
方言片,30242177,饿死诗人,2018,6.7,658,剧情 / 短片,2010s,汉语普通话 / 南京话,普通话 / 南京话,南京话,江淮官话,Tier 2b,<50%（推断）,普通话标签排首位、方言为次要但对白中显著存在,https://movie.douban.com/subject/30242177/
方言片,30295905,中国机长,2019,6.6,666974,剧情 / 传记 / 灾难,2010s,汉语普通话 / 藏语 / 英语 / 四川话,普通话 / 藏语 / 英语 / 四川话,藏语 / 四川话,中国少数民族语言 / 西南官话（川渝滇黔片）,Tier 2b,<50%（推断）,普通话标签排首位、方言为次要但对白中显著存在,https://movie.douban.com/subject/30295905/
方言片,26795054,乘客,2019,5.6,210,剧情,2010s,汉语普通话 / 重庆话,普通话 / 重庆话,重庆话,西南官话（川渝滇黔片）,Tier 2b,<50%（推断）,普通话标签排首位、方言为次要但对白中显著存在,https://movie.douban.com/subject/26795054/
方言片,33420933,南方少女,2019,7.1,424,剧情 / 短片,2010s,汉语普通话 / 常州话,普通话 / 常州话,常州话,吴语（江浙片）,Tier 2b,<50%（推断）,普通话标签排首位、方言为次要但对白中显著存在,https://movie.douban.com/subject/33420933/
方言片,27075252,夜以继夜,2019,5.3,284,剧情 / 家庭,2010s,汉语普通话 / 重庆方言,普通话 / 重庆方言,重庆方言,西南官话（川渝滇黔片） / 通用汉语方言标签,Tier 2b,<50%（推断）,普通话标签排首位、方言为次要但对白中显著存在,https://movie.douban.com/subject/27075252/
方言片,33447759,奔跑的少年,2019,7.1,735,剧情 / 儿童 / 传记,2010s,汉语普通话 / 维吾尔语,普通话 / 维吾尔语,维吾尔语,中国少数民族语言,Tier 2b,<50%（推断）,普通话标签排首位、方言为次要但对白中显著存在,https://movie.douban.com/subject/33447759/
方言片,30372078,小郭南方漫游记,2019,7.1,291,纪录片,2010s,汉语普通话 / 粤语,普通话 / 粤语,粤语,粤语（广府片/白话）,Tier 2b,<50%（推断）,普通话标签排首位、方言为次要但对白中显著存在,https://movie.douban.com/subject/30372078/
方言片,33459904,岐路父子,2019,7.0,815,剧情 / 悬疑 / 短片,2010s,汉语普通话 / 西南官话,普通话 / 西南官话,西南官话,西南官话（川渝滇黔片）,Tier 2b,<50%（推断）,普通话标签排首位、方言为次要但对白中显著存在,https://movie.douban.com/subject/33459904/
方言片,33451881,带妈妈出去玩,2019,7.6,701,剧情,2010s,汉语普通话 / 闽南语 / 山东话,普通话 / 闽南语 / 山东话,闽南语 / 山东话,闽南语（闽台片） / 东北/冀鲁/胶辽官话,Tier 2b,<50%（推断）,普通话标签排首位、方言为次要但对白中显著存在,https://movie.douban.com/subject/33451881/
方言片,26752087,拉姆与嘎贝,2019,6.9,383,剧情,2010s,汉语普通话 / 藏语,普通话 / 藏语,藏语,中国少数民族语言,Tier 2b,<50%（推断）,普通话标签排首位、方言为次要但对白中显著存在,https://movie.douban.com/subject/26752087/
方言片,33713078,浊风浪游,2019,6.1,226,剧情 / 短片,2010s,汉语普通话 / 武汉话,普通话 / 武汉话,武汉话,西南官话（川渝滇黔片）,Tier 2b,<50%（推断）,普通话标签排首位、方言为次要但对白中显著存在,https://movie.douban.com/subject/33713078/
方言片,27199913,灰猴,2019,5.9,8339,剧情 / 喜剧 / 犯罪,2010s,汉语普通话 / 山西方言,普通话 / 山西方言,山西方言,晋语 / 通用汉语方言标签,Tier 2b,<50%（推断）,普通话标签排首位、方言为次要但对白中显著存在,https://movie.douban.com/subject/27199913/
方言片,34852806,狂飙一梦,2019,6.8,108,纪录片,2010s,汉语普通话 / 台语 Taiwanese,普通话 / 台语 taiwanese,台语 taiwanese,台语（闽南语台湾变体）,Tier 2b,<50%（推断）,普通话标签排首位、方言为次要但对白中显著存在,https://movie.douban.com/subject/34852806/
方言片,34332494,红暑,2019,7.5,589,剧情 / 儿童 / 短片,2010s,汉语普通话 / 四川方言,普通话 / 四川方言,四川方言,西南官话（川渝滇黔片） / 通用汉语方言标签,Tier 2b,<50%（推断）,普通话标签排首位、方言为次要但对白中显著存在,https://movie.douban.com/subject/34332494/
方言片,34452977,船,2019,6.3,173,剧情 / 爱情 / 短片,2010s,汉语普通话 / 粤语,普通话 / 粤语,粤语,粤语（广府片/白话）,Tier 2b,<50%（推断）,普通话标签排首位、方言为次要但对白中显著存在,https://movie.douban.com/subject/34452977/
方言片,27191431,过春天,2019,7.7,281442,剧情,2010s,汉语普通话 / 粤语,普通话 / 粤语,粤语,粤语（广府片/白话）,Tier 2b,<50%（推断）,普通话标签排首位、方言为次要但对白中显著存在,https://movie.douban.com/subject/27191431/
方言片,27177463,那个我最亲爱的陌生人,2019,6.5,1270,剧情 / 家庭,2010s,汉语普通话 / 闽南语,普通话 / 闽南语,闽南语,闽南语（闽台片）,Tier 2b,<50%（推断）,普通话标签排首位、方言为次要但对白中显著存在,https://movie.douban.com/subject/27177463/
方言片,30292777,阳光普照,2019,8.5,270757,剧情 / 犯罪 / 家庭,2010s,汉语普通话 / 闽南语,普通话 / 闽南语,闽南语,闽南语（闽台片）,Tier 2b,<50%（推断）,普通话标签排首位、方言为次要但对白中显著存在,https://movie.douban.com/subject/30292777/
方言片,26728669,风中有朵雨做的云,2019,7.2,364183,剧情 / 犯罪 / 悬疑,2010s,汉语普通话 / 粤语,普通话 / 粤语,粤语,粤语（广府片/白话）,Tier 2b,<50%（推断）,普通话标签排首位、方言为次要但对白中显著存在,https://movie.douban.com/subject/26728669/
方言片,30491798,回南天,2020,5.5,1018,剧情,2020s,汉语普通话 / 粤语,普通话 / 粤语,粤语,粤语（广府片/白话）,Tier 2b,<50%（推断）,普通话标签排首位、方言为次要但对白中显著存在,https://movie.douban.com/subject/30491798/
方言片,35193163,夏风沉醉的晚上,2020,5.5,540,剧情 / 短片,2020s,汉语普通话 / 杭州话,普通话 / 杭州话,杭州话,吴语（江浙片）,Tier 2b,<50%（推断）,普通话标签排首位、方言为次要但对白中显著存在,https://movie.douban.com/subject/35193163/
方言片,35230673,太阳底下,2020,7.5,415,犯罪 / 悬疑 / 短片,2020s,汉语普通话 / 陕西方言,普通话 / 陕西方言,陕西方言,中原/兰银官话 / 通用汉语方言标签,Tier 2b,<50%（推断）,普通话标签排首位、方言为次要但对白中显著存在,https://movie.douban.com/subject/35230673/
方言片,34805873,孤味,2020,8.1,53629,剧情 / 家庭,2020s,汉语普通话 / 闽南话,普通话 / 闽南话,闽南话,闽南语（闽台片）,Tier 2b,<50%（推断）,普通话标签排首位、方言为次要但对白中显著存在,https://movie.douban.com/subject/34805873/
方言片,34997942,小春与猪排,2020,5.9,118,剧情 / 儿童,2020s,台湾国语 / 闽南语,台湾国语 / 闽南语,闽南语,闽南语（闽台片）,Tier 2b,<50%（推断）,普通话标签排首位、方言为次要但对白中显著存在,https://movie.douban.com/subject/34997942/
方言片,34968943,幸福选择题五部曲 - 孤鸟还乡,2020,5.5,175,短片 / 同性,2020s,汉语普通话 / 闽南语 / 日语,普通话 / 闽南语 / 日语,闽南语,闽南语（闽台片）,Tier 2b,<50%（推断）,普通话标签排首位、方言为次要但对白中显著存在,https://movie.douban.com/subject/34968943/
方言片,30171424,拆弹专家2,2020,7.5,490652,动作 / 犯罪,2020s,汉语普通话 / 粤语 / 英语,普通话 / 粤语 / 英语,粤语,粤语（广府片/白话）,Tier 2b,<50%（推断）,普通话标签排首位、方言为次要但对白中显著存在,https://movie.douban.com/subject/30171424/
方言片,34925392,拨浪鼓咚咚响,2020,7.4,653,剧情,2020s,汉语普通话 / 陕北方言,普通话 / 陕北方言,陕北方言,中原/兰银官话 / 通用汉语方言标签,Tier 2b,<50%（推断）,普通话标签排首位、方言为次要但对白中显著存在,https://movie.douban.com/subject/34925392/
方言片,34937949,拼车,2020,6.7,269,短片,2020s,汉语普通话 / 维吾尔语,普通话 / 维吾尔语,维吾尔语,中国少数民族语言,Tier 2b,<50%（推断）,普通话标签排首位、方言为次要但对白中显著存在,https://movie.douban.com/subject/34937949/
方言片,30419744,春江水暖,2020,7.3,23195,剧情 / 家庭,2020s,汉语普通话 / 杭州话,普通话 / 杭州话,杭州话,吴语（江浙片）,Tier 2b,<50%（推断）,普通话标签排首位、方言为次要但对白中显著存在,https://movie.douban.com/subject/30419744/
方言片,34970312,枝栖,2020,6.4,213,剧情,2020s,汉语普通话 / 重庆话,普通话 / 重庆话,重庆话,西南官话（川渝滇黔片）,Tier 2b,<50%（推断）,普通话标签排首位、方言为次要但对白中显著存在,https://movie.douban.com/subject/34970312/
方言片,35000216,武汉战疫纪,2020,8.3,610,纪录片,2020s,汉语普通话 / 英语 / 武汉话,普通话 / 英语 / 武汉话,武汉话,西南官话（川渝滇黔片）,Tier 2b,<50%（推断）,普通话标签排首位、方言为次要但对白中显著存在,https://movie.douban.com/subject/35000216/
方言片,33451752,汉南夏日,2020,6.9,555,剧情,2020s,汉语普通话 / 武汉话,普通话 / 武汉话,武汉话,西南官话（川渝滇黔片）,Tier 2b,<50%（推断）,普通话标签排首位、方言为次要但对白中显著存在,https://movie.douban.com/subject/33451752/
方言片,35154957,消失的情人节,2020,7.2,22894,喜剧 / 爱情 / 奇幻,2020s,汉语普通话 / 闽南语,普通话 / 闽南语,闽南语,闽南语（闽台片）,Tier 2b,<50%（推断）,普通话标签排首位、方言为次要但对白中显著存在,https://movie.douban.com/subject/35154957/
方言片,35191327,秘密基地,2020,6.5,249,剧情 / 儿童 / 喜剧,2020s,汉语普通话 / 潮汕话,普通话 / 潮汕话,潮汕话,闽南语（闽台片）,Tier 2b,<50%（推断）,普通话标签排首位、方言为次要但对白中显著存在,https://movie.douban.com/subject/35191327/
方言片,34925598,腿,2020,6.3,5015,剧情 / 喜剧 / 爱情,2020s,汉语普通话 / 闽南话,普通话 / 闽南话,闽南话,闽南语（闽台片）,Tier 2b,<50%（推断）,普通话标签排首位、方言为次要但对白中显著存在,https://movie.douban.com/subject/34925598/
方言片,33464837,蓝色防线,2020,8.6,7285,战争 / 纪录片,2020s,汉语普通话 / 英语 / 河南方言 / 努维尔语,普通话 / 英语 / 河南方言 / 努维尔语,河南方言,中原/兰银官话 / 通用汉语方言标签,Tier 2b,<50%（推断）,普通话标签排首位、方言为次要但对白中显著存在,https://movie.douban.com/subject/33464837/
对照组,1299396,边走边唱,1991,7.1,3220,剧情,1990s,汉语普通话,普通话,,,非方言,普通话主导（0%）,语言字段无中国方言/少数民族语言标签,https://movie.douban.com/subject/1299396/
对照组,4294281,甘泉村的风波,1992,7.3,212,剧情,1990s,汉语普通话,普通话,,,非方言,普通话主导（0%）,语言字段无中国方言/少数民族语言标签,https://movie.douban.com/subject/4294281/
对照组,1464535,战争子午线,1990,8.6,3118,剧情 / 战争,1990s,汉语普通话,普通话,,,非方言,普通话主导（0%）,语言字段无中国方言/少数民族语言标签,https://movie.douban.com/subject/1464535/
对照组,3055323,最后的山神,1992,8.0,3734,纪录片,1990s,汉语普通话,普通话,,,非方言,普通话主导（0%）,语言字段无中国方言/少数民族语言标签,https://movie.douban.com/subject/3055323/
对照组,1759548,王先生之欲火焚身,1993,7.5,1508,喜剧,1990s,普通话,普通话,,,非方言,普通话主导（0%）,语言字段无中国方言/少数民族语言标签,https://movie.douban.com/subject/1759548/
对照组,1783545,远山姐弟,1992,8.8,139,剧情,1990s,汉语普通话,普通话,,,非方言,普通话主导（0%）,语言字段无中国方言/少数民族语言标签,https://movie.douban.com/subject/1783545/
对照组,1298874,黄河绝恋,1999,7.6,39974,剧情 / 战争,1990s,汉语普通话,普通话,,,非方言,普通话主导（0%）,语言字段无中国方言/少数民族语言标签,https://movie.douban.com/subject/1298874/
对照组,3711787,再生勇士,1995,4.9,158,动作 / 犯罪,1990s,普通话/国语,普通话,,,非方言,普通话主导（0%）,语言字段无中国方言/少数民族语言标签,https://movie.douban.com/subject/3711787/
对照组,1773607,消失的女人,1993,6.4,471,剧情,1990s,汉语普通话,普通话,,,非方言,普通话主导（0%）,语言字段无中国方言/少数民族语言标签,https://movie.douban.com/subject/1773607/
对照组,2278598,侠盗正传,1998,6.3,739,剧情,1990s,汉语普通话,普通话,,,非方言,普通话主导（0%）,语言字段无中国方言/少数民族语言标签,https://movie.douban.com/subject/2278598/
对照组,2127115,笑林老祖,1995,6.4,1575,剧情 / 喜剧 / 动作,1990s,汉语普通话,普通话,,,非方言,普通话主导（0%）,语言字段无中国方言/少数民族语言标签,https://movie.douban.com/subject/2127115/
对照组,1394801,邮差,1995,6.8,3621,剧情,1990s,汉语普通话,普通话,,,非方言,普通话主导（0%）,语言字段无中国方言/少数民族语言标签,https://movie.douban.com/subject/1394801/
对照组,1798293,启明星,1992,7.5,391,剧情,1990s,普通话,普通话,,,非方言,普通话主导（0%）,语言字段无中国方言/少数民族语言标签,https://movie.douban.com/subject/1798293/
对照组,2381068,耗尽一生,1996,6.7,398,剧情,1990s,汉语普通话,普通话,,,非方言,普通话主导（0%）,语言字段无中国方言/少数民族语言标签,https://movie.douban.com/subject/2381068/
对照组,1296218,过年,1991,8.8,38992,剧情 / 家庭,1990s,汉语普通话,普通话,,,非方言,普通话主导（0%）,语言字段无中国方言/少数民族语言标签,https://movie.douban.com/subject/1296218/
对照组,2281702,红发卡,1996,6.9,141,剧情 / 儿童 / 家庭,1990s,汉语普通话,普通话,,,非方言,普通话主导（0%）,语言字段无中国方言/少数民族语言标签,https://movie.douban.com/subject/2281702/
对照组,1459620,圣·保罗医院之谜,1990,7.3,3258,剧情 / 犯罪 / 惊悚,1990s,汉语普通话,普通话,,,非方言,普通话主导（0%）,语言字段无中国方言/少数民族语言标签,https://movie.douban.com/subject/1459620/
对照组,3742975,太监秘史,1990,7.5,411,剧情,1990s,普通话/国语,普通话,,,非方言,普通话主导（0%）,语言字段无中国方言/少数民族语言标签,https://movie.douban.com/subject/3742975/
对照组,3403157,大进军——南线大追歼,1997,7.7,1093,剧情 / 战争,1990s,汉语普通话,普通话,,,非方言,普通话主导（0%）,语言字段无中国方言/少数民族语言标签,https://movie.douban.com/subject/3403157/
对照组,3098713,想入非非,1990,7.3,343,喜剧,1990s,汉语普通话,普通话,,,非方言,普通话主导（0%）,语言字段无中国方言/少数民族语言标签,https://movie.douban.com/subject/3098713/
对照组,2079521,父子婚事,1992,6.5,176,剧情 / 喜剧,1990s,汉语普通话,普通话,,,非方言,普通话主导（0%）,语言字段无中国方言/少数民族语言标签,https://movie.douban.com/subject/2079521/
对照组,1401267,今天不回家,1996,7.7,1136,喜剧 / 剧情,1990s,汉语普通话,普通话,,,非方言,普通话主导（0%）,语言字段无中国方言/少数民族语言标签,https://movie.douban.com/subject/1401267/
对照组,1693592,日光峡谷,1996,7.3,381,动作 / 冒险 / 剧情,1990s,汉语普通话,普通话,,,非方言,普通话主导（0%）,语言字段无中国方言/少数民族语言标签,https://movie.douban.com/subject/1693592/
对照组,2279791,遗落荒原的爱,1994,7.5,148,剧情 / 爱情,1990s,汉语普通话,普通话,,,非方言,普通话主导（0%）,语言字段无中国方言/少数民族语言标签,https://movie.douban.com/subject/2279791/
对照组,3032434,一世好命,1991,7.0,3097,喜剧 / 奇幻,1990s,普通话/国语 / 粤语,普通话 / 粤语,,,非方言,普通话主导（0%）,语言字段无中国方言/少数民族语言标签,https://movie.douban.com/subject/3032434/
对照组,2127114,智勇和尚,1991,6.2,195,武侠 / 古装,1990s,汉语普通话,普通话,,,非方言,普通话主导（0%）,语言字段无中国方言/少数民族语言标签,https://movie.douban.com/subject/2127114/
对照组,1926756,虎兄豹弟,1993,5.8,180,剧情 / 动作,1990s,汉语普通话,普通话,,,非方言,普通话主导（0%）,语言字段无中国方言/少数民族语言标签,https://movie.douban.com/subject/1926756/
对照组,3168505,戚家军,2007,4.4,104,剧情 / 历史 / 古装,2000s,汉语普通话,普通话,,,非方言,普通话主导（0%）,语言字段无中国方言/少数民族语言标签,https://movie.douban.com/subject/3168505/
对照组,3010219,对门儿,2004,6.4,165,剧情,2000s,普通话/国语,普通话,,,非方言,普通话主导（0%）,语言字段无中国方言/少数民族语言标签,https://movie.douban.com/subject/3010219/
对照组,3212120,九降风,2008,7.4,66151,剧情,2000s,汉语普通话,普通话,,,非方言,普通话主导（0%）,语言字段无中国方言/少数民族语言标签,https://movie.douban.com/subject/3212120/
对照组,5349365,你在哪里,2008,6.7,1279,短片 / 音乐,2000s,汉语普通话,普通话,,,非方言,普通话主导（0%）,语言字段无中国方言/少数民族语言标签,https://movie.douban.com/subject/5349365/
对照组,1936565,公鸡打鸣，母鸡下蛋,2000,7.4,319,剧情 / 喜剧,2000s,汉语普通话,普通话,,,非方言,普通话主导（0%）,语言字段无中国方言/少数民族语言标签,https://movie.douban.com/subject/1936565/
对照组,1307423,非常夏日,2000,7.6,2316,剧情 / 悬疑,2000s,汉语普通话,普通话,,,非方言,普通话主导（0%）,语言字段无中国方言/少数民族语言标签,https://movie.douban.com/subject/1307423/
对照组,6101655,2000年中央电视台春节联欢晚会,2000,6.7,1186,音乐 / 歌舞,2000s,汉语普通话,普通话,,,非方言,普通话主导（0%）,语言字段无中国方言/少数民族语言标签,https://movie.douban.com/subject/6101655/
对照组,3114111,熊猫回家路,2009,6.8,4585,家庭,2000s,汉语普通话,普通话,,,非方言,普通话主导（0%）,语言字段无中国方言/少数民族语言标签,https://movie.douban.com/subject/3114111/
对照组,3647128,生日,2009,7.0,279,剧情,2000s,汉语普通话,普通话,,,非方言,普通话主导（0%）,语言字段无中国方言/少数民族语言标签,https://movie.douban.com/subject/3647128/
对照组,10727011,见天笑,2009,7.0,103,纪录片,2000s,汉语普通话,普通话,,,非方言,普通话主导（0%）,语言字段无中国方言/少数民族语言标签,https://movie.douban.com/subject/10727011/
对照组,3024072,买买提的2008,2008,7.8,752,剧情 / 儿童 / 运动,2000s,汉语普通话,普通话,,,非方言,普通话主导（0%）,语言字段无中国方言/少数民族语言标签,https://movie.douban.com/subject/3024072/
对照组,5288888,思凡,2005,7.7,215,动画 / 短片,2000s,无对白,无对白,,,非方言,普通话主导（0%）,语言字段无中国方言/少数民族语言标签,https://movie.douban.com/subject/5288888/
对照组,2071035,危险少女,2004,6.6,135,剧情 / 犯罪,2000s,国语,普通话,,,非方言,普通话主导（0%）,语言字段无中国方言/少数民族语言标签,https://movie.douban.com/subject/2071035/
对照组,1306724,女帅男兵,2000,6.2,713,剧情,2000s,汉语普通话,普通话,,,非方言,普通话主导（0%）,语言字段无中国方言/少数民族语言标签,https://movie.douban.com/subject/1306724/
对照组,1795037,魔比斯环,2006,4.7,1596,动画 / 冒险 / 科幻,2000s,英语,英语,,,非方言,普通话主导（0%）,语言字段无中国方言/少数民族语言标签,https://movie.douban.com/subject/1795037/
对照组,2286759,但我知道,2004,7.3,276,短片,2000s,普通话/国语,普通话,,,非方言,普通话主导（0%）,语言字段无中国方言/少数民族语言标签,https://movie.douban.com/subject/2286759/
对照组,4073876,铁流1949,2009,5.9,397,剧情 / 战争,2000s,汉语普通话,普通话,,,非方言,普通话主导（0%）,语言字段无中国方言/少数民族语言标签,https://movie.douban.com/subject/4073876/
对照组,4312209,黄石大道,2001,2.8,238,nan,2000s,普通话/国语,普通话,,,非方言,普通话主导（0%）,语言字段无中国方言/少数民族语言标签,https://movie.douban.com/subject/4312209/
对照组,4195641,发现少校,2009,9.3,690,纪录片,2000s,汉语普通话,普通话,,,非方言,普通话主导（0%）,语言字段无中国方言/少数民族语言标签,https://movie.douban.com/subject/4195641/
对照组,6383542,虾街十年,2007,8.0,183,纪录片,2000s,汉语普通话,普通话,,,非方言,普通话主导（0%）,语言字段无中国方言/少数民族语言标签,https://movie.douban.com/subject/6383542/
对照组,2363830,狂蟒惊魂,2008,2.7,849,恐怖,2000s,汉语普通话,普通话,,,非方言,普通话主导（0%）,语言字段无中国方言/少数民族语言标签,https://movie.douban.com/subject/2363830/
对照组,5915781,芭比Girl,2005,8.2,322,动画,2000s,汉语普通话,普通话,,,非方言,普通话主导（0%）,语言字段无中国方言/少数民族语言标签,https://movie.douban.com/subject/5915781/
对照组,26593969,2007年中央电视台春节联欢晚会,2007,6.0,1265,音乐 / 歌舞,2000s,汉语普通话,普通话,,,非方言,普通话主导（0%）,语言字段无中国方言/少数民族语言标签,https://movie.douban.com/subject/26593969/
对照组,1307466,待避,2002,7.5,132,剧情 / 短片,2000s,汉语普通话,普通话,,,非方言,普通话主导（0%）,语言字段无中国方言/少数民族语言标签,https://movie.douban.com/subject/1307466/
对照组,3739724,阿美的绿豆,2009,7.2,255,喜剧 / 爱情 / 短片,2000s,汉语普通话,普通话,,,非方言,普通话主导（0%）,语言字段无中国方言/少数民族语言标签,https://movie.douban.com/subject/3739724/
对照组,4063065,路有多远：电影《赤壁》拍摄纪实,2009,7.2,126,纪录片,2000s,汉语普通话,普通话,,,非方言,普通话主导（0%）,语言字段无中国方言/少数民族语言标签,https://movie.douban.com/subject/4063065/
对照组,1419581,千杯不醉,2005,6.3,36236,喜剧 / 爱情,2000s,汉语普通话 / 粤语,普通话 / 粤语,,,非方言,普通话主导（0%）,语言字段无中国方言/少数民族语言标签,https://movie.douban.com/subject/1419581/
对照组,1303871,我和爸爸,2003,7.4,17013,剧情,2000s,汉语普通话,普通话,,,非方言,普通话主导（0%）,语言字段无中国方言/少数民族语言标签,https://movie.douban.com/subject/1303871/
对照组,1301168,卧虎藏龙,2000,8.3,392957,剧情 / 爱情 / 武侠,2000s,汉语普通话,普通话,,,非方言,普通话主导（0%）,语言字段无中国方言/少数民族语言标签,https://movie.douban.com/subject/1301168/
对照组,2267155,请为我投票,2007,8.5,24523,纪录片,2000s,汉语普通话,普通话,,,非方言,普通话主导（0%）,语言字段无中国方言/少数民族语言标签,https://movie.douban.com/subject/2267155/
对照组,3732460,单行线,2007,7.5,228,nan,2000s,汉语普通话,普通话,,,非方言,普通话主导（0%）,语言字段无中国方言/少数民族语言标签,https://movie.douban.com/subject/3732460/
对照组,1301730,首席执行官,2002,7.0,1295,剧情,2000s,汉语普通话,普通话,,,非方言,普通话主导（0%）,语言字段无中国方言/少数民族语言标签,https://movie.douban.com/subject/1301730/
对照组,3074415,婚礼2008,2008,5.5,4798,剧情,2000s,汉语普通话,普通话,,,非方言,普通话主导（0%）,语言字段无中国方言/少数民族语言标签,https://movie.douban.com/subject/3074415/
对照组,2270516,八月一日,2007,6.4,1150,历史 / 战争,2000s,汉语普通话,普通话,,,非方言,普通话主导（0%）,语言字段无中国方言/少数民族语言标签,https://movie.douban.com/subject/2270516/
对照组,2295844,绝对情感,2001,5.5,232,剧情 / 爱情,2000s,普通话/国语,普通话,,,非方言,普通话主导（0%）,语言字段无中国方言/少数民族语言标签,https://movie.douban.com/subject/2295844/
对照组,2081098,渺渺,2008,7.0,56657,喜剧 / 爱情 / 同性,2000s,汉语普通话,普通话,,,非方言,普通话主导（0%）,语言字段无中国方言/少数民族语言标签,https://movie.douban.com/subject/2081098/
对照组,1780168,诡丝,2006,7.2,29690,剧情 / 恐怖 / 悬疑,2000s,英语 / 日语 / 汉语普通话 / 闽南语,英语 / 日语 / 普通话 / 闽南语,,,非方言,普通话主导（0%）,语言字段无中国方言/少数民族语言标签,https://movie.douban.com/subject/1780168/
对照组,2148627,女足9号,2000,6.0,162,剧情,2000s,汉语普通话,普通话,,,非方言,普通话主导（0%）,语言字段无中国方言/少数民族语言标签,https://movie.douban.com/subject/2148627/
对照组,5288871,北大荒青春纪事,2005,8.9,206,纪录片,2000s,汉语普通话,普通话,,,非方言,普通话主导（0%）,语言字段无中国方言/少数民族语言标签,https://movie.douban.com/subject/5288871/
对照组,5364943,包强大战寿司人,2009,7.6,1063,动作 / 动画 / 短片,2000s,无对白,无对白,,,非方言,普通话主导（0%）,语言字段无中国方言/少数民族语言标签,https://movie.douban.com/subject/5364943/
对照组,2279587,棒子老虎鸡,2007,4.6,8372,喜剧 / 爱情,2000s,汉语普通话,普通话,,,非方言,普通话主导（0%）,语言字段无中国方言/少数民族语言标签,https://movie.douban.com/subject/2279587/
对照组,1476925,无敌铁砂掌,2005,4.2,120,动作,2000s,汉语普通话,普通话,,,非方言,普通话主导（0%）,语言字段无中国方言/少数民族语言标签,https://movie.douban.com/subject/1476925/
对照组,1875315,短信一月追,2005,4.8,2567,爱情,2000s,汉语普通话,普通话,,,非方言,普通话主导（0%）,语言字段无中国方言/少数民族语言标签,https://movie.douban.com/subject/1875315/
对照组,4172624,房子房子我爱你,2009,6.7,792,剧情,2000s,汉语普通话,普通话,,,非方言,普通话主导（0%）,语言字段无中国方言/少数民族语言标签,https://movie.douban.com/subject/4172624/
对照组,4154643,天生绝配,2009,4.3,338,nan,2000s,汉语普通话 / 粤语,普通话 / 粤语,,,非方言,普通话主导（0%）,语言字段无中国方言/少数民族语言标签,https://movie.douban.com/subject/4154643/
对照组,26593970,2008年中央电视台春节联欢晚会,2008,6.2,1543,音乐 / 歌舞,2000s,汉语普通话,普通话,,,非方言,普通话主导（0%）,语言字段无中国方言/少数民族语言标签,https://movie.douban.com/subject/26593970/
对照组,2371909,活着爱着乐着,2007,7.4,1106,nan,2000s,汉语普通话,普通话,,,非方言,普通话主导（0%）,语言字段无中国方言/少数民族语言标签,https://movie.douban.com/subject/2371909/
对照组,3431869,代课老师,2006,6.8,202,剧情,2000s,汉语普通话,普通话,,,非方言,普通话主导（0%）,语言字段无中国方言/少数民族语言标签,https://movie.douban.com/subject/3431869/
对照组,2295880,男人上路,2006,8.2,593,剧情,2000s,汉语普通话,普通话,,,非方言,普通话主导（0%）,语言字段无中国方言/少数民族语言标签,https://movie.douban.com/subject/2295880/
对照组,1304249,想死趁现在,2000,5.7,519,动作 / 犯罪 / 剧情,2000s,汉语普通话,普通话,,,非方言,普通话主导（0%）,语言字段无中国方言/少数民族语言标签,https://movie.douban.com/subject/1304249/
对照组,2006169,雪花那个飘,2006,7.6,290,剧情,2000s,汉语普通话,普通话,,,非方言,普通话主导（0%）,语言字段无中国方言/少数民族语言标签,https://movie.douban.com/subject/2006169/
对照组,3062740,平原枪声,2001,5.9,517,战争,2000s,汉语普通话,普通话,,,非方言,普通话主导（0%）,语言字段无中国方言/少数民族语言标签,https://movie.douban.com/subject/3062740/
对照组,1823357,新街口,2006,6.5,7538,剧情,2000s,汉语普通话,普通话,,,非方言,普通话主导（0%）,语言字段无中国方言/少数民族语言标签,https://movie.douban.com/subject/1823357/
对照组,4287161,美在广西,2006,7.9,305,纪录片,2000s,汉语普通话 / 英语,普通话 / 英语,,,非方言,普通话主导（0%）,语言字段无中国方言/少数民族语言标签,https://movie.douban.com/subject/4287161/
对照组,2279820,篮球宝贝,2005,5.7,105,剧情,2000s,普通话/国语,普通话,,,非方言,普通话主导（0%）,语言字段无中国方言/少数民族语言标签,https://movie.douban.com/subject/2279820/
对照组,3733852,我们的十年,2007,6.3,1328,短片 / 剧情,2000s,汉语普通话,普通话,,,非方言,普通话主导（0%）,语言字段无中国方言/少数民族语言标签,https://movie.douban.com/subject/3733852/
对照组,3642305,歌舞升平,2008,7.7,447,纪录片,2000s,粤语,粤语,,,非方言,普通话主导（0%）,语言字段无中国方言/少数民族语言标签,https://movie.douban.com/subject/3642305/
对照组,3426721,升生两难,2008,6.7,686,剧情,2000s,汉语普通话,普通话,,,非方言,普通话主导（0%）,语言字段无中国方言/少数民族语言标签,https://movie.douban.com/subject/3426721/
对照组,3566552,斗爱,2009,7.1,2962,剧情 / 爱情,2000s,汉语普通话,普通话,,,非方言,普通话主导（0%）,语言字段无中国方言/少数民族语言标签,https://movie.douban.com/subject/3566552/
对照组,3670368,吐鲁番情歌,2006,8.0,124,爱情,2000s,汉语普通话,普通话,,,非方言,普通话主导（0%）,语言字段无中国方言/少数民族语言标签,https://movie.douban.com/subject/3670368/
对照组,3172056,十七,2008,6.5,315,剧情 / 家庭,2000s,汉语普通话,普通话,,,非方言,普通话主导（0%）,语言字段无中国方言/少数民族语言标签,https://movie.douban.com/subject/3172056/
对照组,2265494,房东蒋先生,2004,8.1,1813,纪录片,2000s,汉语普通话,普通话,,,非方言,普通话主导（0%）,语言字段无中国方言/少数民族语言标签,https://movie.douban.com/subject/2265494/
对照组,2228239,沉默的较量,2007,5.6,392,剧情 / 犯罪,2000s,国语,普通话,,,非方言,普通话主导（0%）,语言字段无中国方言/少数民族语言标签,https://movie.douban.com/subject/2228239/
对照组,2182604,飞刀,2006,2.9,110,剧情 / 动作,2000s,汉语普通话,普通话,,,非方言,普通话主导（0%）,语言字段无中国方言/少数民族语言标签,https://movie.douban.com/subject/2182604/
对照组,25824741,男人不可以穷,2014,6.0,28498,剧情 / 喜剧,2010s,汉语普通话 / 粤语,普通话 / 粤语,,,非方言,普通话主导（0%）,语言字段无中国方言/少数民族语言标签,https://movie.douban.com/subject/25824741/
对照组,10604486,不二神探,2013,4.8,145667,喜剧 / 动作 / 犯罪,2010s,汉语普通话 / 粤语 / 英语,普通话 / 粤语 / 英语,,,非方言,普通话主导（0%）,语言字段无中国方言/少数民族语言标签,https://movie.douban.com/subject/10604486/
对照组,26582799,我的老婆未成年,2015,5.2,538,爱情,2010s,汉语普通话,普通话,,,非方言,普通话主导（0%）,语言字段无中国方言/少数民族语言标签,https://movie.douban.com/subject/26582799/
对照组,25789402,侠探杰克：永不回头,2016,5.9,33060,动作 / 犯罪,2010s,英语,英语,,,非方言,普通话主导（0%）,语言字段无中国方言/少数民族语言标签,https://movie.douban.com/subject/25789402/
对照组,6905205,还卜琴父以美丽,2010,8.4,204,纪录片,2010s,汉语普通话,普通话,,,非方言,普通话主导（0%）,语言字段无中国方言/少数民族语言标签,https://movie.douban.com/subject/6905205/
对照组,10813800,青春荷尔蒙,2012,3.7,3895,爱情,2010s,汉语普通话,普通话,,,非方言,普通话主导（0%）,语言字段无中国方言/少数民族语言标签,https://movie.douban.com/subject/10813800/
对照组,25917984,贝影·大结局,2013,9.6,1278,传记 / 纪录片 / 运动,2010s,汉语普通话 / 英语,普通话 / 英语,,,非方言,普通话主导（0%）,语言字段无中国方言/少数民族语言标签,https://movie.douban.com/subject/25917984/
对照组,27133303,超时空同居,2018,6.8,480254,喜剧 / 爱情 / 奇幻,2010s,汉语普通话,普通话,,,非方言,普通话主导（0%）,语言字段无中国方言/少数民族语言标签,https://movie.douban.com/subject/27133303/
对照组,19997893,回到原点,2013,4.5,102,剧情,2010s,汉语普通话,普通话,,,非方言,普通话主导（0%）,语言字段无中国方言/少数民族语言标签,https://movie.douban.com/subject/19997893/
对照组,27653639,杀无赦II逃亡之路,2018,4.5,886,犯罪 / 悬疑,2010s,汉语普通话,普通话,,,非方言,普通话主导（0%）,语言字段无中国方言/少数民族语言标签,https://movie.douban.com/subject/27653639/
对照组,26740507,第49届金马奖颁奖典礼,2012,7.7,189,真人秀,2010s,汉语普通话,普通话,,,非方言,普通话主导（0%）,语言字段无中国方言/少数民族语言标签,https://movie.douban.com/subject/26740507/
对照组,26675693,加一,2016,7.7,679,纪录片,2010s,汉语普通话,普通话,,,非方言,普通话主导（0%）,语言字段无中国方言/少数民族语言标签,https://movie.douban.com/subject/26675693/
对照组,30232732,侠路相逢,2019,3.2,1372,动作 / 犯罪 / 悬疑,2010s,汉语普通话,普通话,,,非方言,普通话主导（0%）,语言字段无中国方言/少数民族语言标签,https://movie.douban.com/subject/30232732/
对照组,26646380,荒村凶间,2016,3.1,802,悬疑 / 惊悚,2010s,汉语普通话,普通话,,,非方言,普通话主导（0%）,语言字段无中国方言/少数民族语言标签,https://movie.douban.com/subject/26646380/
对照组,30194413,刺客荣耀·荆轲,2018,5.3,323,武侠,2010s,汉语普通话,普通话,,,非方言,普通话主导（0%）,语言字段无中国方言/少数民族语言标签,https://movie.douban.com/subject/30194413/
对照组,6814933,大明嫔妃之争宠,2010,7.6,521,剧情 / 历史 / 爱情,2010s,汉语普通话,普通话,,,非方言,普通话主导（0%）,语言字段无中国方言/少数民族语言标签,https://movie.douban.com/subject/6814933/
对照组,27203619,差等生乔曦,2019,4.2,1675,剧情 / 喜剧,2010s,汉语普通话,普通话,,,非方言,普通话主导（0%）,语言字段无中国方言/少数民族语言标签,https://movie.douban.com/subject/27203619/
对照组,34438533,美人心,2019,3.0,331,动作 / 爱情 / 古装,2010s,汉语普通话,普通话,,,非方言,普通话主导（0%）,语言字段无中国方言/少数民族语言标签,https://movie.douban.com/subject/34438533/
对照组,5320216,咖啡恋人,2010,7.4,1059,爱情 / 动画 / 短片,2010s,无对白,无对白,,,非方言,普通话主导（0%）,语言字段无中国方言/少数民族语言标签,https://movie.douban.com/subject/5320216/
对照组,27200988,未来机器城,2019,5.7,13959,科幻 / 动画 / 冒险,2010s,英语 / 汉语普通话,英语 / 普通话,,,非方言,普通话主导（0%）,语言字段无中国方言/少数民族语言标签,https://movie.douban.com/subject/27200988/
对照组,30413052,攀登者,2019,6.0,295304,剧情 / 爱情 / 冒险,2010s,汉语普通话 / 藏语,普通话 / 藏语,,,非方言,普通话主导（0%）,语言字段无中国方言/少数民族语言标签,https://movie.douban.com/subject/30413052/
对照组,26756987,三打三捷,2016,4.3,101,剧情 / 战争,2010s,汉语普通话,普通话,,,非方言,普通话主导（0%）,语言字段无中国方言/少数民族语言标签,https://movie.douban.com/subject/26756987/
对照组,26607928,那件疯狂的小事叫爱情,2016,4.0,14230,喜剧 / 爱情,2010s,汉语普通话,普通话,,,非方言,普通话主导（0%）,语言字段无中国方言/少数民族语言标签,https://movie.douban.com/subject/26607928/
对照组,5326541,茗记3：取舍,2010,6.1,1049,动画 / 短片,2010s,普通话/国语,普通话,,,非方言,普通话主导（0%）,语言字段无中国方言/少数民族语言标签,https://movie.douban.com/subject/5326541/
对照组,6307284,光之塔,2010,8.0,5019,动画 / 短片 / 家庭,2010s,无对白,无对白,,,非方言,普通话主导（0%）,语言字段无中国方言/少数民族语言标签,https://movie.douban.com/subject/6307284/
对照组,26611754,脱北者的艺术,2015,7.3,384,纪录片,2010s,韩语,韩语,,,非方言,普通话主导（0%）,语言字段无中国方言/少数民族语言标签,https://movie.douban.com/subject/26611754/
对照组,26888771,弥天之谎,2015,5.4,470,剧情 / 犯罪,2010s,汉语普通话,普通话,,,非方言,普通话主导（0%）,语言字段无中国方言/少数民族语言标签,https://movie.douban.com/subject/26888771/
对照组,26663615,道士出山3：外星古墓（上）,2015,3.7,412,喜剧 / 科幻 / 悬疑,2010s,汉语普通话,普通话,,,非方言,普通话主导（0%）,语言字段无中国方言/少数民族语言标签,https://movie.douban.com/subject/26663615/
对照组,34869975,一车四仆,2019,2.9,841,喜剧,2010s,汉语普通话,普通话,,,非方言,普通话主导（0%）,语言字段无中国方言/少数民族语言标签,https://movie.douban.com/subject/34869975/
对照组,30176393,误杀,2019,7.5,757651,剧情 / 犯罪 / 悬疑,2010s,汉语普通话 / 泰语,普通话 / 泰语,,,非方言,普通话主导（0%）,语言字段无中国方言/少数民族语言标签,https://movie.douban.com/subject/30176393/
对照组,10827734,盲糖,2012,6.7,314,短片,2010s,汉语普通话,普通话,,,非方言,普通话主导（0%）,语言字段无中国方言/少数民族语言标签,https://movie.douban.com/subject/10827734/
对照组,11589763,她，一个人的旅行,2012,6.0,462,短片,2010s,英语 / 汉语普通话 / 法语,英语 / 普通话 / 法语,,,非方言,普通话主导（0%）,语言字段无中国方言/少数民族语言标签,https://movie.douban.com/subject/11589763/
对照组,26939209,灵魂纸扎店,2016,6.4,2859,爱情 / 悬疑 / 惊悚,2010s,汉语普通话,普通话,,,非方言,普通话主导（0%）,语言字段无中国方言/少数民族语言标签,https://movie.douban.com/subject/26939209/
对照组,27073835,回到过去拥抱你,2019,4.7,14088,爱情 / 奇幻,2010s,汉语普通话,普通话,,,非方言,普通话主导（0%）,语言字段无中国方言/少数民族语言标签,https://movie.douban.com/subject/27073835/
对照组,25249145,一维,2013,7.5,3770,动画 / 武侠 / 短片,2010s,汉语普通话,普通话,,,非方言,普通话主导（0%）,语言字段无中国方言/少数民族语言标签,https://movie.douban.com/subject/25249145/
对照组,4910183,跟踪孔令学,2011,6.7,12310,喜剧 / 悬疑,2010s,汉语普通话,普通话,,,非方言,普通话主导（0%）,语言字段无中国方言/少数民族语言标签,https://movie.douban.com/subject/4910183/
对照组,34810394,周杰伦2010超时代世界巡回演唱会,2010,9.2,638,音乐,2010s,汉语普通话,普通话,,,非方言,普通话主导（0%）,语言字段无中国方言/少数民族语言标签,https://movie.douban.com/subject/34810394/
对照组,26767512,解码游戏,2018,3.8,4456,喜剧 / 动作 / 犯罪,2010s,汉语普通话,普通话,,,非方言,普通话主导（0%）,语言字段无中国方言/少数民族语言标签,https://movie.douban.com/subject/26767512/
对照组,25732106,夜,2014,5.9,185,同性,2010s,汉语普通话,普通话,,,非方言,普通话主导（0%）,语言字段无中国方言/少数民族语言标签,https://movie.douban.com/subject/25732106/
对照组,10740274,男生日记,2012,7.2,5461,短片,2010s,汉语普通话,普通话,,,非方言,普通话主导（0%）,语言字段无中国方言/少数民族语言标签,https://movie.douban.com/subject/10740274/
对照组,25803002,风沙线上,2013,7.5,136,冒险 / 纪录片 / 家庭,2010s,汉语普通话,普通话,,,非方言,普通话主导（0%）,语言字段无中国方言/少数民族语言标签,https://movie.douban.com/subject/25803002/
对照组,21372232,红楼梦,2015,6.8,202,剧情 / 爱情 / 戏曲,2010s,吴语,吴语,,,非方言,普通话主导（0%）,语言字段无中国方言/少数民族语言标签,https://movie.douban.com/subject/21372232/
对照组,21798756,婚纱照,2013,7.5,10405,剧情 / 喜剧 / 爱情,2010s,汉语普通话,普通话,,,非方言,普通话主导（0%）,语言字段无中国方言/少数民族语言标签,https://movie.douban.com/subject/21798756/
对照组,26886360,充气女友进化论,2016,4.0,270,剧情,2010s,汉语普通话,普通话,,,非方言,普通话主导（0%）,语言字段无中国方言/少数民族语言标签,https://movie.douban.com/subject/26886360/
对照组,25880256,奇葩追梦,2016,3.2,614,剧情 / 喜剧 / 爱情,2010s,汉语普通话,普通话,,,非方言,普通话主导（0%）,语言字段无中国方言/少数民族语言标签,https://movie.douban.com/subject/25880256/
对照组,6428117,看球记,2011,6.3,3082,短片 / 家庭,2010s,汉语普通话,普通话,,,非方言,普通话主导（0%）,语言字段无中国方言/少数民族语言标签,https://movie.douban.com/subject/6428117/
对照组,5045804,康定情歌,2010,6.7,5673,剧情 / 战争 / 冒险,2010s,汉语普通话,普通话,,,非方言,普通话主导（0%）,语言字段无中国方言/少数民族语言标签,https://movie.douban.com/subject/5045804/
对照组,11525791,小忻黑夜,2012,6.7,170,剧情 / 爱情,2010s,汉语普通话,普通话,,,非方言,普通话主导（0%）,语言字段无中国方言/少数民族语言标签,https://movie.douban.com/subject/11525791/
对照组,6126445,郎在对门唱山歌,2011,6.9,2078,剧情 / 音乐,2010s,汉语普通话,普通话,,,非方言,普通话主导（0%）,语言字段无中国方言/少数民族语言标签,https://movie.douban.com/subject/6126445/
对照组,25798448,解救吾先生,2015,7.7,369519,剧情 / 犯罪,2010s,汉语普通话,普通话,,,非方言,普通话主导（0%）,语言字段无中国方言/少数民族语言标签,https://movie.douban.com/subject/25798448/
对照组,25815841,林中小屋,2014,2.8,2224,爱情 / 悬疑,2010s,汉语普通话 / 粤语,普通话 / 粤语,,,非方言,普通话主导（0%）,语言字段无中国方言/少数民族语言标签,https://movie.douban.com/subject/25815841/
对照组,25788007,进藏,2013,8.1,3904,纪录片,2010s,汉语普通话,普通话,,,非方言,普通话主导（0%）,语言字段无中国方言/少数民族语言标签,https://movie.douban.com/subject/25788007/
对照组,30283282,刺杀风云,2019,6.0,888,剧情 / 动作,2010s,汉语普通话 / 日语,普通话 / 日语,,,非方言,普通话主导（0%）,语言字段无中国方言/少数民族语言标签,https://movie.douban.com/subject/30283282/
对照组,26593732,清水里的刀子,2018,6.5,5044,剧情,2010s,汉语普通话,普通话,,,非方言,普通话主导（0%）,语言字段无中国方言/少数民族语言标签,https://movie.douban.com/subject/26593732/
对照组,20513059,被偷走的那五年,2013,6.0,146841,爱情,2010s,汉语普通话,普通话,,,非方言,普通话主导（0%）,语言字段无中国方言/少数民族语言标签,https://movie.douban.com/subject/20513059/
对照组,26656824,奇袭胡家台,2015,2.4,126,战争,2010s,汉语普通话,普通话,,,非方言,普通话主导（0%）,语言字段无中国方言/少数民族语言标签,https://movie.douban.com/subject/26656824/
对照组,10562402,骆驼客,2012,7.8,3024,动作 / 爱情 / 冒险,2010s,汉语普通话,普通话,,,非方言,普通话主导（0%）,语言字段无中国方言/少数民族语言标签,https://movie.douban.com/subject/10562402/
对照组,19962575,爱很美,2013,3.4,2543,爱情,2010s,汉语普通话,普通话,,,非方言,普通话主导（0%）,语言字段无中国方言/少数民族语言标签,https://movie.douban.com/subject/19962575/
对照组,26614694,我的邻居是吸血鬼,2015,7.6,529,短片,2010s,韩语,韩语,,,非方言,普通话主导（0%）,语言字段无中国方言/少数民族语言标签,https://movie.douban.com/subject/26614694/
对照组,25859593,判我有罪,2016,5.2,3305,剧情 / 悬疑,2010s,汉语普通话,普通话,,,非方言,普通话主导（0%）,语言字段无中国方言/少数民族语言标签,https://movie.douban.com/subject/25859593/
对照组,4135710,Hello！树先生,2011,8.1,206085,剧情,2010s,汉语普通话,普通话,,,非方言,普通话主导（0%）,语言字段无中国方言/少数民族语言标签,https://movie.douban.com/subject/4135710/
对照组,26717795,健忘村,2017,6.6,87662,剧情 / 喜剧 / 奇幻 / 古装,2010s,汉语普通话,普通话,,,非方言,普通话主导（0%）,语言字段无中国方言/少数民族语言标签,https://movie.douban.com/subject/26717795/
对照组,34931509,深圳卫视“时间的朋友”2019跨年演讲,2019,6.1,1047,脱口秀,2010s,汉语普通话,普通话,,,非方言,普通话主导（0%）,语言字段无中国方言/少数民族语言标签,https://movie.douban.com/subject/34931509/
对照组,26125842,夺路而逃,2016,3.1,2072,喜剧 / 动作,2010s,汉语普通话,普通话,,,非方言,普通话主导（0%）,语言字段无中国方言/少数民族语言标签,https://movie.douban.com/subject/26125842/
对照组,25790781,夜店小团圆,2013,6.3,422,短片,2010s,汉语普通话,普通话,,,非方言,普通话主导（0%）,语言字段无中国方言/少数民族语言标签,https://movie.douban.com/subject/25790781/
对照组,30388339,狄仁杰之无头神将,2018,3.6,1572,剧情 / 动作 / 古装,2010s,汉语普通话,普通话,,,非方言,普通话主导（0%）,语言字段无中国方言/少数民族语言标签,https://movie.douban.com/subject/30388339/
对照组,26858159,毛驴县令之虎口拔牙,2016,5.4,289,喜剧,2010s,汉语普通话,普通话,,,非方言,普通话主导（0%）,语言字段无中国方言/少数民族语言标签,https://movie.douban.com/subject/26858159/
对照组,27083570,余秀华：请原谅我还在写诗,2017,7.5,231,纪录片 / 短片,2010s,汉语普通话,普通话,,,非方言,普通话主导（0%）,语言字段无中国方言/少数民族语言标签,https://movie.douban.com/subject/27083570/
对照组,27039355,悍匪围城,2016,3.7,161,剧情 / 动作,2010s,汉语普通话,普通话,,,非方言,普通话主导（0%）,语言字段无中国方言/少数民族语言标签,https://movie.douban.com/subject/27039355/
对照组,26564632,铁猴子传奇之侠盗迷踪,2015,4.8,156,动作 / 古装,2010s,汉语普通话,普通话,,,非方言,普通话主导（0%）,语言字段无中国方言/少数民族语言标签,https://movie.douban.com/subject/26564632/
对照组,25663134,北回归线,2014,4.1,1355,喜剧 / 爱情,2010s,汉语普通话,普通话,,,非方言,普通话主导（0%）,语言字段无中国方言/少数民族语言标签,https://movie.douban.com/subject/25663134/
对照组,34436898,生于意志与硝烟,2019,7.0,364,纪录片 / 短片,2010s,汉语普通话,普通话,,,非方言,普通话主导（0%）,语言字段无中国方言/少数民族语言标签,https://movie.douban.com/subject/34436898/
对照组,6755902,一夜成名,2012,2.7,978,剧情 / 喜剧 / 音乐,2010s,汉语普通话,普通话,,,非方言,普通话主导（0%）,语言字段无中国方言/少数民族语言标签,https://movie.douban.com/subject/6755902/
对照组,26394441,我最好朋友的婚礼,2016,4.4,25422,喜剧 / 爱情,2010s,汉语普通话,普通话,,,非方言,普通话主导（0%）,语言字段无中国方言/少数民族语言标签,https://movie.douban.com/subject/26394441/
对照组,10773447,电梯惊魂,2013,3.6,2611,悬疑 / 惊悚,2010s,汉语普通话,普通话,,,非方言,普通话主导（0%）,语言字段无中国方言/少数民族语言标签,https://movie.douban.com/subject/10773447/
对照组,25923546,美色时代,2014,2.6,188,剧情,2010s,汉语普通话,普通话,,,非方言,普通话主导（0%）,语言字段无中国方言/少数民族语言标签,https://movie.douban.com/subject/25923546/
对照组,10759842,毕业那年,2012,3.9,2041,剧情 / 音乐,2010s,汉语普通话,普通话,,,非方言,普通话主导（0%）,语言字段无中国方言/少数民族语言标签,https://movie.douban.com/subject/10759842/
对照组,4320236,杀手欧阳盆栽,2012,5.4,21863,剧情 / 喜剧 / 动作,2010s,汉语普通话,普通话,,,非方言,普通话主导（0%）,语言字段无中国方言/少数民族语言标签,https://movie.douban.com/subject/4320236/
对照组,27617313,的士诡谈,2018,6.5,924,喜剧 / 悬疑 / 恐怖,2010s,汉语普通话,普通话,,,非方言,普通话主导（0%）,语言字段无中国方言/少数民族语言标签,https://movie.douban.com/subject/27617313/
对照组,30270746,寒单,2019,7.6,6521,剧情,2010s,汉语普通话,普通话,,,非方言,普通话主导（0%）,语言字段无中国方言/少数民族语言标签,https://movie.douban.com/subject/30270746/
对照组,25863024,仙球大战,2017,2.4,6300,喜剧,2010s,汉语普通话,普通话,,,非方言,普通话主导（0%）,语言字段无中国方言/少数民族语言标签,https://movie.douban.com/subject/25863024/
对照组,5319835,101次求婚,2013,5.7,183384,爱情,2010s,汉语普通话,普通话,,,非方言,普通话主导（0%）,语言字段无中国方言/少数民族语言标签,https://movie.douban.com/subject/5319835/
对照组,26768462,我是歌手：2016双年巅峰会,2016,6.1,821,音乐 / 真人秀,2010s,汉语普通话,普通话,,,非方言,普通话主导（0%）,语言字段无中国方言/少数民族语言标签,https://movie.douban.com/subject/26768462/
对照组,26289144,滚蛋吧！肿瘤君,2015,7.4,387388,喜剧 / 爱情,2010s,汉语普通话 / 英语 / 韩语,普通话 / 英语 / 韩语,,,非方言,普通话主导（0%）,语言字段无中国方言/少数民族语言标签,https://movie.douban.com/subject/26289144/
对照组,10594934,三姊妹,2012,7.9,1363,儿童 / 纪录片,2010s,汉语普通话,普通话,,,非方言,普通话主导（0%）,语言字段无中国方言/少数民族语言标签,https://movie.douban.com/subject/10594934/
对照组,26827641,潜行者,2019,3.3,2065,喜剧 / 动作 / 爱情,2010s,汉语普通话 / 粤语,普通话 / 粤语,,,非方言,普通话主导（0%）,语言字段无中国方言/少数民族语言标签,https://movie.douban.com/subject/26827641/
对照组,26836902,成吉思汗征服月球,2015,6.2,118,科幻 / 奇幻 / 短片,2010s,英语,英语,,,非方言,普通话主导（0%）,语言字段无中国方言/少数民族语言标签,https://movie.douban.com/subject/26836902/
对照组,24749895,选择爱,2013,6.3,484,爱情,2010s,汉语普通话,普通话,,,非方言,普通话主导（0%）,语言字段无中国方言/少数民族语言标签,https://movie.douban.com/subject/24749895/
对照组,4603376,梦回金沙城,2010,5.2,1062,剧情 / 动画 / 奇幻,2010s,汉语普通话,普通话,,,非方言,普通话主导（0%）,语言字段无中国方言/少数民族语言标签,https://movie.douban.com/subject/4603376/
对照组,4942779,真心话大冒险,2012,5.0,8117,喜剧 / 爱情,2010s,汉语普通话,普通话,,,非方言,普通话主导（0%）,语言字段无中国方言/少数民族语言标签,https://movie.douban.com/subject/4942779/
对照组,26968520,乳･房,2019,5.5,114,剧情,2010s,汉语普通话,普通话,,,非方言,普通话主导（0%）,语言字段无中国方言/少数民族语言标签,https://movie.douban.com/subject/26968520/
对照组,34886675,人体快递,2019,7.1,1413,科幻 / 短片,2010s,汉语普通话,普通话,,,非方言,普通话主导（0%）,语言字段无中国方言/少数民族语言标签,https://movie.douban.com/subject/34886675/
对照组,24844959,房间里的舞蹈,2013,6.5,318,剧情 / 爱情,2010s,汉语普通话,普通话,,,非方言,普通话主导（0%）,语言字段无中国方言/少数民族语言标签,https://movie.douban.com/subject/24844959/
对照组,6083110,我的夏天,2011,6.8,105,爱情,2010s,汉语普通话,普通话,,,非方言,普通话主导（0%）,语言字段无中国方言/少数民族语言标签,https://movie.douban.com/subject/6083110/
对照组,30290809,独行,2018,8.0,864,纪录片,2010s,汉语普通话,普通话,,,非方言,普通话主导（0%）,语言字段无中国方言/少数民族语言标签,https://movie.douban.com/subject/30290809/
对照组,30345265,打过长江去,2019,4.4,574,剧情 / 战争,2010s,汉语普通话,普通话,,,非方言,普通话主导（0%）,语言字段无中国方言/少数民族语言标签,https://movie.douban.com/subject/30345265/
对照组,5395264,黑猫大旅社,2010,6.8,545,剧情,2010s,汉语普通话,普通话,,,非方言,普通话主导（0%）,语言字段无中国方言/少数民族语言标签,https://movie.douban.com/subject/5395264/
对照组,26602281,燃烧的影像,2015,6.4,326,历史 / 战争 / 纪录片,2010s,汉语普通话,普通话,,,非方言,普通话主导（0%）,语言字段无中国方言/少数民族语言标签,https://movie.douban.com/subject/26602281/
对照组,6527291,洛克王国之圣龙骑士,2011,6.2,1712,动画,2010s,汉语普通话,普通话,,,非方言,普通话主导（0%）,语言字段无中国方言/少数民族语言标签,https://movie.douban.com/subject/6527291/
对照组,26348954,铁猴子传奇之花影危机,2015,4.6,156,动作 / 古装,2010s,汉语普通话,普通话,,,非方言,普通话主导（0%）,语言字段无中国方言/少数民族语言标签,https://movie.douban.com/subject/26348954/
对照组,6886465,微博有鬼 第一季,2011,5.8,1157,剧情 / 悬疑,2010s,汉语普通话,普通话,,,非方言,普通话主导（0%）,语言字段无中国方言/少数民族语言标签,https://movie.douban.com/subject/6886465/
对照组,25851748,链·爱,2014,5.2,212,剧情 / 爱情 / 奇幻,2010s,汉语普通话,普通话,,,非方言,普通话主导（0%）,语言字段无中国方言/少数民族语言标签,https://movie.douban.com/subject/25851748/
对照组,25890969,古曼,2016,3.5,1000,惊悚,2010s,汉语普通话,普通话,,,非方言,普通话主导（0%）,语言字段无中国方言/少数民族语言标签,https://movie.douban.com/subject/25890969/
对照组,26661696,恶灵之门,2016,3.6,675,剧情 / 悬疑 / 恐怖,2010s,汉语普通话,普通话,,,非方言,普通话主导（0%）,语言字段无中国方言/少数民族语言标签,https://movie.douban.com/subject/26661696/
对照组,26614153,僵尸归来,2015,4.7,175,nan,2010s,汉语普通话,普通话,,,非方言,普通话主导（0%）,语言字段无中国方言/少数民族语言标签,https://movie.douban.com/subject/26614153/
对照组,4154669,痞子英雄之全面开战,2012,6.3,85421,剧情 / 动作 / 犯罪,2010s,汉语普通话,普通话,,,非方言,普通话主导（0%）,语言字段无中国方言/少数民族语言标签,https://movie.douban.com/subject/4154669/
对照组,27591954,2017最美表演,2017,5.5,1259,短片,2010s,汉语普通话,普通话,,,非方言,普通话主导（0%）,语言字段无中国方言/少数民族语言标签,https://movie.douban.com/subject/27591954/
对照组,10573572,狐仙,2012,5.1,167,爱情 / 奇幻 / 恐怖,2010s,汉语普通话,普通话,,,非方言,普通话主导（0%）,语言字段无中国方言/少数民族语言标签,https://movie.douban.com/subject/10573572/
对照组,11594945,小旋风柴进,2012,5.3,155,剧情 / 动作 / 历史,2010s,汉语普通话,普通话,,,非方言,普通话主导（0%）,语言字段无中国方言/少数民族语言标签,https://movie.douban.com/subject/11594945/
对照组,26348798,真相禁区,2016,4.5,7056,犯罪 / 悬疑,2010s,汉语普通话,普通话,,,非方言,普通话主导（0%）,语言字段无中国方言/少数民族语言标签,https://movie.douban.com/subject/26348798/
对照组,25828701,笔仙惊魂3,2014,3.3,4995,悬疑 / 惊悚 / 恐怖,2010s,汉语普通话,普通话,,,非方言,普通话主导（0%）,语言字段无中国方言/少数民族语言标签,https://movie.douban.com/subject/25828701/
对照组,25897394,断片儿之妇仇者联盟,2014,3.7,158,剧情 / 喜剧,2010s,汉语普通话,普通话,,,非方言,普通话主导（0%）,语言字段无中国方言/少数民族语言标签,https://movie.douban.com/subject/25897394/
对照组,4223304,寻找刘三姐,2010,5.7,1141,喜剧 / 剧情 / 音乐,2010s,汉语普通话 / 英语,普通话 / 英语,,,非方言,普通话主导（0%）,语言字段无中国方言/少数民族语言标签,https://movie.douban.com/subject/4223304/
对照组,33716833,初潮,2019,6.5,222,剧情 / 短片,2010s,汉语普通话,普通话,,,非方言,普通话主导（0%）,语言字段无中国方言/少数民族语言标签,https://movie.douban.com/subject/33716833/
对照组,30145659,血琥珀,2017,5.9,163,纪录片,2010s,汉语普通话 / 缅甸语,普通话 / 缅甸语,,,非方言,普通话主导（0%）,语言字段无中国方言/少数民族语言标签,https://movie.douban.com/subject/30145659/
对照组,26758246,何日君再来,2017,5.8,550,剧情,2010s,汉语普通话,普通话,,,非方言,普通话主导（0%）,语言字段无中国方言/少数民族语言标签,https://movie.douban.com/subject/26758246/
对照组,26887890,小戏骨：白蛇传,2016,8.3,15866,剧情 / 儿童 / 古装,2010s,汉语普通话,普通话,,,非方言,普通话主导（0%）,语言字段无中国方言/少数民族语言标签,https://movie.douban.com/subject/26887890/
对照组,30192083,追爱时光机,2018,2.9,444,剧情 / 爱情,2010s,汉语普通话,普通话,,,非方言,普通话主导（0%）,语言字段无中国方言/少数民族语言标签,https://movie.douban.com/subject/30192083/
对照组,33391824,水怪,2019,4.3,4717,奇幻 / 古装,2010s,汉语普通话,普通话,,,非方言,普通话主导（0%）,语言字段无中国方言/少数民族语言标签,https://movie.douban.com/subject/33391824/
对照组,11627065,禁忌游戏之迷藏,2013,3.4,831,惊悚 / 恐怖,2010s,汉语普通话,普通话,,,非方言,普通话主导（0%）,语言字段无中国方言/少数民族语言标签,https://movie.douban.com/subject/11627065/
对照组,24735062,青春派,2013,7.4,155312,剧情 / 爱情,2010s,汉语普通话,普通话,,,非方言,普通话主导（0%）,语言字段无中国方言/少数民族语言标签,https://movie.douban.com/subject/24735062/
对照组,30320698,半醒,2018,7.6,207,动画 / 短片,2010s,无对白,无对白,,,非方言,普通话主导（0%）,语言字段无中国方言/少数民族语言标签,https://movie.douban.com/subject/30320698/
对照组,26818349,幽灵医院,2016,2.5,1081,恐怖,2010s,汉语普通话,普通话,,,非方言,普通话主导（0%）,语言字段无中国方言/少数民族语言标签,https://movie.douban.com/subject/26818349/
对照组,21372183,化妆师,2014,3.2,2115,喜剧 / 惊悚,2010s,汉语普通话,普通话,,,非方言,普通话主导（0%）,语言字段无中国方言/少数民族语言标签,https://movie.douban.com/subject/21372183/
对照组,25785314,爸爸去哪儿,2014,5.8,86493,喜剧 / 家庭 / 儿童,2010s,汉语普通话,普通话,,,非方言,普通话主导（0%）,语言字段无中国方言/少数民族语言标签,https://movie.douban.com/subject/25785314/
对照组,26337830,公路美人,2015,4.4,685,剧情 / 爱情,2010s,汉语普通话,普通话,,,非方言,普通话主导（0%）,语言字段无中国方言/少数民族语言标签,https://movie.douban.com/subject/26337830/
对照组,6390761,玩大的,2011,7.4,9124,剧情 / 短片,2010s,汉语普通话,普通话,,,非方言,普通话主导（0%）,语言字段无中国方言/少数民族语言标签,https://movie.douban.com/subject/6390761/
对照组,11614216,下半场,2012,6.6,259,剧情 / 爱情,2010s,汉语普通话,普通话,,,非方言,普通话主导（0%）,语言字段无中国方言/少数民族语言标签,https://movie.douban.com/subject/11614216/
对照组,26715617,双生,2019,3.5,14395,爱情 / 悬疑,2010s,汉语普通话,普通话,,,非方言,普通话主导（0%）,语言字段无中国方言/少数民族语言标签,https://movie.douban.com/subject/26715617/
对照组,26290365,恶棍天使,2015,4.3,153765,喜剧,2010s,汉语普通话,普通话,,,非方言,普通话主导（0%）,语言字段无中国方言/少数民族语言标签,https://movie.douban.com/subject/26290365/
对照组,10583296,我是大熊猫,2012,3.0,272,动画 / 冒险,2010s,汉语普通话,普通话,,,非方言,普通话主导（0%）,语言字段无中国方言/少数民族语言标签,https://movie.douban.com/subject/10583296/
对照组,26815182,安乐,2016,7.7,433,剧情,2010s,汉语普通话,普通话,,,非方言,普通话主导（0%）,语言字段无中国方言/少数民族语言标签,https://movie.douban.com/subject/26815182/
对照组,26698301,过年好,2016,5.3,24445,喜剧,2010s,汉语普通话,普通话,,,非方言,普通话主导（0%）,语言字段无中国方言/少数民族语言标签,https://movie.douban.com/subject/26698301/
对照组,26821747,古田会议,2016,3.4,697,历史 / 战争,2010s,汉语普通话,普通话,,,非方言,普通话主导（0%）,语言字段无中国方言/少数民族语言标签,https://movie.douban.com/subject/26821747/
对照组,11614240,沙井村之恋,2012,5.4,156,剧情 / 喜剧 / 爱情,2010s,英语 / 汉语普通话,英语 / 普通话,,,非方言,普通话主导（0%）,语言字段无中国方言/少数民族语言标签,https://movie.douban.com/subject/11614240/
对照组,33464948,小石头,2019,6.5,253,纪录片,2010s,汉语普通话,普通话,,,非方言,普通话主导（0%）,语言字段无中国方言/少数民族语言标签,https://movie.douban.com/subject/33464948/
对照组,26958498,大梦西游2铁扇公主,2017,3.6,1005,剧情 / 动作 / 奇幻,2010s,汉语普通话,普通话,,,非方言,普通话主导（0%）,语言字段无中国方言/少数民族语言标签,https://movie.douban.com/subject/26958498/
对照组,35166817,海丰来的“五条人”,2017,7.7,881,纪录片,2010s,汉语普通话,普通话,,,非方言,普通话主导（0%）,语言字段无中国方言/少数民族语言标签,https://movie.douban.com/subject/35166817/
对照组,5256132,大象进行时,2010,9.0,241,纪录片,2010s,普通话/国语,普通话,,,非方言,普通话主导（0%）,语言字段无中国方言/少数民族语言标签,https://movie.douban.com/subject/5256132/
对照组,25884447,永远的焦裕禄,2014,6.0,162,纪录片,2010s,汉语普通话,普通话,,,非方言,普通话主导（0%）,语言字段无中国方言/少数民族语言标签,https://movie.douban.com/subject/25884447/
对照组,26738093,爱的蟹逅,2016,4.7,363,爱情,2010s,汉语普通话,普通话,,,非方言,普通话主导（0%）,语言字段无中国方言/少数民族语言标签,https://movie.douban.com/subject/26738093/
对照组,34913360,普杰的冬天,2019,7.1,1785,剧情 / 短片,2010s,汉语普通话,普通话,,,非方言,普通话主导（0%）,语言字段无中国方言/少数民族语言标签,https://movie.douban.com/subject/34913360/
对照组,26711679,一帮坏家伙,2016,6.6,262,喜剧,2010s,汉语普通话,普通话,,,非方言,普通话主导（0%）,语言字段无中国方言/少数民族语言标签,https://movie.douban.com/subject/26711679/
对照组,26840665,吉祥宝宝之我是食神,2016,2.6,148,动画,2010s,汉语普通话,普通话,,,非方言,普通话主导（0%）,语言字段无中国方言/少数民族语言标签,https://movie.douban.com/subject/26840665/
对照组,30414330,德云社丙申年开箱庆典 2016,2016,7.9,146,喜剧 / 戏曲,2010s,汉语普通话,普通话,,,非方言,普通话主导（0%）,语言字段无中国方言/少数民族语言标签,https://movie.douban.com/subject/30414330/
对照组,5353116,女子宿舍,2010,9.5,1396,纪录片,2010s,普通话/国语,普通话,,,非方言,普通话主导（0%）,语言字段无中国方言/少数民族语言标签,https://movie.douban.com/subject/5353116/
对照组,27098619,乱世豪情,2017,4.2,670,喜剧,2010s,汉语普通话,普通话,,,非方言,普通话主导（0%）,语言字段无中国方言/少数民族语言标签,https://movie.douban.com/subject/27098619/
对照组,30156087,德云社丁酉年封箱庆典2018,2018,7.8,947,nan,2010s,汉语普通话,普通话,,,非方言,普通话主导（0%）,语言字段无中国方言/少数民族语言标签,https://movie.douban.com/subject/30156087/
对照组,6428132,初到东京,2012,6.4,4747,剧情 / 爱情,2010s,汉语普通话 / 日语,普通话 / 日语,,,非方言,普通话主导（0%）,语言字段无中国方言/少数民族语言标签,https://movie.douban.com/subject/6428132/
对照组,25852270,密道追踪之阴兵虎符,2014,3.4,1682,动作 / 悬疑 / 惊悚,2010s,汉语普通话,普通话,,,非方言,普通话主导（0%）,语言字段无中国方言/少数民族语言标签,https://movie.douban.com/subject/25852270/
对照组,26745066,隔壁惊魂,2016,3.1,601,惊悚,2010s,汉语普通话,普通话,,,非方言,普通话主导（0%）,语言字段无中国方言/少数民族语言标签,https://movie.douban.com/subject/26745066/
对照组,27617286,2018湖南卫视跨年演唱会,2017,5.5,1541,音乐 / 歌舞 / 真人秀,2010s,汉语普通话,普通话,,,非方言,普通话主导（0%）,语言字段无中国方言/少数民族语言标签,https://movie.douban.com/subject/27617286/
对照组,26286222,伤心料理,2014,7.3,222,爱情 / 短片,2010s,汉语普通话,普通话,,,非方言,普通话主导（0%）,语言字段无中国方言/少数民族语言标签,https://movie.douban.com/subject/26286222/
对照组,20020577,推拿,2014,8.0,175664,剧情,2010s,汉语普通话,普通话,,,非方言,普通话主导（0%）,语言字段无中国方言/少数民族语言标签,https://movie.douban.com/subject/20020577/
对照组,26597842,日曜日式散步者,2015,7.8,1124,历史 / 纪录片,2010s,日语 / 汉语普通话,日语 / 普通话,,,非方言,普通话主导（0%）,语言字段无中国方言/少数民族语言标签,https://movie.douban.com/subject/26597842/
对照组,25945280,我的特工爷爷,2016,5.5,62910,剧情 / 动作 / 冒险,2010s,汉语普通话 / 粤语,普通话 / 粤语,,,非方言,普通话主导（0%）,语言字段无中国方言/少数民族语言标签,https://movie.douban.com/subject/25945280/
对照组,26711487,决战食神,2017,4.6,34584,剧情 / 动作,2010s,汉语普通话,普通话,,,非方言,普通话主导（0%）,语言字段无中国方言/少数民族语言标签,https://movie.douban.com/subject/26711487/
对照组,25903799,偷机贼,2014,7.9,163,犯罪 / 短片,2010s,汉语普通话,普通话,,,非方言,普通话主导（0%）,语言字段无中国方言/少数民族语言标签,https://movie.douban.com/subject/25903799/
对照组,34854789,未见莲华,2019,6.4,325,剧情,2010s,汉语普通话,普通话,,,非方言,普通话主导（0%）,语言字段无中国方言/少数民族语言标签,https://movie.douban.com/subject/34854789/
对照组,26915548,骨未成灰,2016,7.2,273,纪录片,2010s,汉语普通话,普通话,,,非方言,普通话主导（0%）,语言字段无中国方言/少数民族语言标签,https://movie.douban.com/subject/26915548/
对照组,10767851,我和我的伙伴,2012,8.0,252,剧情 / 儿童,2010s,汉语普通话,普通话,,,非方言,普通话主导（0%）,语言字段无中国方言/少数民族语言标签,https://movie.douban.com/subject/10767851/
对照组,34782334,青春凯旋：2018年世界杯纪录片,2019,8.4,432,纪录片 / 运动,2010s,汉语普通话,普通话,,,非方言,普通话主导（0%）,语言字段无中国方言/少数民族语言标签,https://movie.douban.com/subject/34782334/
对照组,6062731,亲密敌人,2011,5.6,60990,剧情 / 爱情,2010s,汉语普通话 / 英语 / 粤语,普通话 / 英语 / 粤语,,,非方言,普通话主导（0%）,语言字段无中国方言/少数民族语言标签,https://movie.douban.com/subject/6062731/
对照组,25743834,老斗士,2013,5.8,365,剧情 / 短片,2010s,汉语普通话,普通话,,,非方言,普通话主导（0%）,语言字段无中国方言/少数民族语言标签,https://movie.douban.com/subject/25743834/
对照组,5256426,缘来是咱俩,2012,3.5,199,喜剧 / 爱情,2010s,汉语普通话,普通话,,,非方言,普通话主导（0%）,语言字段无中国方言/少数民族语言标签,https://movie.douban.com/subject/5256426/
对照组,5377134,失控,2011,3.9,201,犯罪 / 悬疑,2010s,汉语普通话,普通话,,,非方言,普通话主导（0%）,语言字段无中国方言/少数民族语言标签,https://movie.douban.com/subject/5377134/
对照组,26357994,我是歌手：2015巅峰会,2015,6.2,1389,音乐 / 真人秀,2010s,汉语普通话,普通话,,,非方言,普通话主导（0%）,语言字段无中国方言/少数民族语言标签,https://movie.douban.com/subject/26357994/
对照组,26685322,西游外传之八戒娶亲,2015,2.6,175,剧情 / 爱情 / 古装,2010s,汉语普通话,普通话,,,非方言,普通话主导（0%）,语言字段无中国方言/少数民族语言标签,https://movie.douban.com/subject/26685322/
对照组,26899034,错位：亚洲跨性别者,2016,8.3,314,纪录片,2010s,汉语普通话 / 英语,普通话 / 英语,,,非方言,普通话主导（0%）,语言字段无中国方言/少数民族语言标签,https://movie.douban.com/subject/26899034/
对照组,26951953,小戏骨：放开那三国,2017,7.8,6598,剧情 / 儿童 / 历史,2010s,汉语普通话,普通话,,,非方言,普通话主导（0%）,语言字段无中国方言/少数民族语言标签,https://movie.douban.com/subject/26951953/
对照组,24706750,小神来了,2013,3.2,1703,喜剧 / 家庭 / 儿童,2010s,汉语普通话,普通话,,,非方言,普通话主导（0%）,语言字段无中国方言/少数民族语言标签,https://movie.douban.com/subject/24706750/
对照组,26844181,明日情圣,2016,6.8,220,喜剧 / 科幻,2010s,汉语普通话,普通话,,,非方言,普通话主导（0%）,语言字段无中国方言/少数民族语言标签,https://movie.douban.com/subject/26844181/
对照组,26415200,外公芳龄38,2016,4.2,22895,剧情 / 喜剧,2010s,汉语普通话,普通话,,,非方言,普通话主导（0%）,语言字段无中国方言/少数民族语言标签,https://movie.douban.com/subject/26415200/
对照组,26831255,仙医神厨,2016,3.7,176,喜剧 / 爱情 / 古装,2010s,汉语普通话,普通话,,,非方言,普通话主导（0%）,语言字段无中国方言/少数民族语言标签,https://movie.douban.com/subject/26831255/
对照组,5343383,惊沙,2011,6.5,909,历史 / 战争,2010s,汉语普通话,普通话,,,非方言,普通话主导（0%）,语言字段无中国方言/少数民族语言标签,https://movie.douban.com/subject/5343383/
对照组,11614603,整容日记,2014,4.7,95469,喜剧 / 爱情,2010s,汉语普通话,普通话,,,非方言,普通话主导（0%）,语言字段无中国方言/少数民族语言标签,https://movie.douban.com/subject/11614603/
对照组,26951921,小彪和狗,2015,7.9,801,纪录片 / 短片,2010s,汉语普通话,普通话,,,非方言,普通话主导（0%）,语言字段无中国方言/少数民族语言标签,https://movie.douban.com/subject/26951921/
对照组,26301735,吉星高照2015,2015,3.3,2807,喜剧,2010s,汉语普通话 / 粤语,普通话 / 粤语,,,非方言,普通话主导（0%）,语言字段无中国方言/少数民族语言标签,https://movie.douban.com/subject/26301735/
对照组,21765841,甜蜜杀机,2014,6.0,14187,喜剧 / 爱情 / 犯罪,2010s,汉语普通话,普通话,,,非方言,普通话主导（0%）,语言字段无中国方言/少数民族语言标签,https://movie.douban.com/subject/21765841/
对照组,26847920,破梦游戏,2018,3.8,1504,动作 / 冒险,2010s,汉语普通话,普通话,,,非方言,普通话主导（0%）,语言字段无中国方言/少数民族语言标签,https://movie.douban.com/subject/26847920/
对照组,30382512,说谎者游戏,2019,5.5,544,剧情 / 喜剧 / 悬疑,2010s,汉语普通话,普通话,,,非方言,普通话主导（0%）,语言字段无中国方言/少数民族语言标签,https://movie.douban.com/subject/30382512/
对照组,5372306,逆,2010,8.8,770,纪录片,2010s,汉语普通话,普通话,,,非方言,普通话主导（0%）,语言字段无中国方言/少数民族语言标签,https://movie.douban.com/subject/5372306/
对照组,10453730,伤心童话,2012,4.9,19783,喜剧 / 爱情,2010s,汉语普通话,普通话,,,非方言,普通话主导（0%）,语言字段无中国方言/少数民族语言标签,https://movie.douban.com/subject/10453730/
对照组,26318596,秦时明月特别篇之帝子降兮,2015,8.2,5879,剧情 / 动画 / 武侠,2010s,汉语普通话,普通话,,,非方言,普通话主导（0%）,语言字段无中国方言/少数民族语言标签,https://movie.douban.com/subject/26318596/
对照组,26388624,亲，别怕,2015,2.4,1181,惊悚,2010s,汉语普通话,普通话,,,非方言,普通话主导（0%）,语言字段无中国方言/少数民族语言标签,https://movie.douban.com/subject/26388624/
对照组,10793513,失魂,2013,6.3,3039,剧情 / 惊悚,2010s,汉语普通话,普通话,,,非方言,普通话主导（0%）,语言字段无中国方言/少数民族语言标签,https://movie.douban.com/subject/10793513/
对照组,27069788,旋风女队,2017,5.5,559,儿童 / 运动,2010s,汉语普通话,普通话,,,非方言,普通话主导（0%）,语言字段无中国方言/少数民族语言标签,https://movie.douban.com/subject/27069788/
对照组,34833829,窥山,2019,7.3,747,纪录片 / 短片,2010s,无对白,无对白,,,非方言,普通话主导（0%）,语言字段无中国方言/少数民族语言标签,https://movie.douban.com/subject/34833829/
对照组,34839360,2019天猫双十一狂欢夜,2019,6.5,1893,歌舞 / 真人秀,2010s,汉语普通话,普通话,,,非方言,普通话主导（0%）,语言字段无中国方言/少数民族语言标签,https://movie.douban.com/subject/34839360/
对照组,3736637,苏乞儿,2010,5.0,60381,动作 / 剧情 / 历史,2010s,汉语普通话,普通话,,,非方言,普通话主导（0%）,语言字段无中国方言/少数民族语言标签,https://movie.douban.com/subject/3736637/
对照组,30292834,追风少年,2013,9.0,173,传记,2010s,汉语普通话,普通话,,,非方言,普通话主导（0%）,语言字段无中国方言/少数民族语言标签,https://movie.douban.com/subject/30292834/
对照组,20472818,诡镇,2014,3.5,9695,剧情 / 悬疑 / 惊悚,2010s,汉语普通话,普通话,,,非方言,普通话主导（0%）,语言字段无中国方言/少数民族语言标签,https://movie.douban.com/subject/20472818/
对照组,26280698,晓之春,2014,7.3,123,剧情 / 家庭,2010s,汉语普通话,普通话,,,非方言,普通话主导（0%）,语言字段无中国方言/少数民族语言标签,https://movie.douban.com/subject/26280698/
对照组,6887020,是夜,2011,6.1,113,短片,2010s,汉语普通话,普通话,,,非方言,普通话主导（0%）,语言字段无中国方言/少数民族语言标签,https://movie.douban.com/subject/6887020/
对照组,10467767,局中局,2011,5.7,102,剧情 / 喜剧 / 悬疑,2010s,汉语普通话,普通话,,,非方言,普通话主导（0%）,语言字段无中国方言/少数民族语言标签,https://movie.douban.com/subject/10467767/
对照组,26946396,苹果树下,2016,9.5,740,纪录片,2010s,汉语普通话,普通话,,,非方言,普通话主导（0%）,语言字段无中国方言/少数民族语言标签,https://movie.douban.com/subject/26946396/
对照组,26711704,异闻录之捉妖兄弟,2016,4.6,129,喜剧 / 惊悚,2010s,汉语普通话,普通话,,,非方言,普通话主导（0%）,语言字段无中国方言/少数民族语言标签,https://movie.douban.com/subject/26711704/
对照组,26815856,疯岳撬佳人,2017,3.3,11434,喜剧 / 爱情,2010s,汉语普通话,普通话,,,非方言,普通话主导（0%）,语言字段无中国方言/少数民族语言标签,https://movie.douban.com/subject/26815856/
对照组,30146756,风语咒,2018,6.8,139504,动画 / 奇幻,2010s,汉语普通话,普通话,,,非方言,普通话主导（0%）,语言字段无中国方言/少数民族语言标签,https://movie.douban.com/subject/30146756/
对照组,3329192,未来警察,2010,4.0,48843,科幻,2010s,汉语普通话 / 粤语,普通话 / 粤语,,,非方言,普通话主导（0%）,语言字段无中国方言/少数民族语言标签,https://movie.douban.com/subject/3329192/
对照组,6126503,老寨,2010,7.6,157,剧情,2010s,汉语普通话,普通话,,,非方言,普通话主导（0%）,语言字段无中国方言/少数民族语言标签,https://movie.douban.com/subject/6126503/
对照组,4127270,精舞门2,2010,4.7,3756,喜剧 / 音乐,2010s,汉语普通话,普通话,,,非方言,普通话主导（0%）,语言字段无中国方言/少数民族语言标签,https://movie.douban.com/subject/4127270/
对照组,25905746,通灵之六世古宅,2015,4.1,2518,惊悚 / 恐怖,2010s,汉语普通话,普通话,,,非方言,普通话主导（0%）,语言字段无中国方言/少数民族语言标签,https://movie.douban.com/subject/25905746/
对照组,34881416,数电影的人,2019,8.1,1548,纪录片,2010s,汉语普通话,普通话,,,非方言,普通话主导（0%）,语言字段无中国方言/少数民族语言标签,https://movie.douban.com/subject/34881416/
对照组,34929639,国家宝藏·国宝音乐会,2019,9.1,623,历史 / 音乐 / 真人秀,2010s,汉语普通话 / 日语,普通话 / 日语,,,非方言,普通话主导（0%）,语言字段无中国方言/少数民族语言标签,https://movie.douban.com/subject/34929639/
对照组,26654146,解忧杂货店,2017,5.0,175344,剧情 / 奇幻,2010s,汉语普通话,普通话,,,非方言,普通话主导（0%）,语言字段无中国方言/少数民族语言标签,https://movie.douban.com/subject/26654146/
对照组,24695588,逆袭,2013,5.0,658,剧情 / 喜剧,2010s,汉语普通话,普通话,,,非方言,普通话主导（0%）,语言字段无中国方言/少数民族语言标签,https://movie.douban.com/subject/24695588/
对照组,26348414,追捕,2017,4.5,30974,剧情 / 动作 / 犯罪,2010s,汉语普通话 / 英语 / 日语,普通话 / 英语 / 日语,,,非方言,普通话主导（0%）,语言字段无中国方言/少数民族语言标签,https://movie.douban.com/subject/26348414/
对照组,26897427,引爆者,2017,6.3,27867,动作 / 犯罪,2010s,汉语普通话,普通话,,,非方言,普通话主导（0%）,语言字段无中国方言/少数民族语言标签,https://movie.douban.com/subject/26897427/
对照组,25762270,不朽的时光,2016,6.4,4681,剧情,2010s,汉语普通话,普通话,,,非方言,普通话主导（0%）,语言字段无中国方言/少数民族语言标签,https://movie.douban.com/subject/25762270/
对照组,25773293,守望天湖,2014,8.0,138,剧情 / 爱情,2010s,汉语普通话 / 藏语,普通话 / 藏语,,,非方言,普通话主导（0%）,语言字段无中国方言/少数民族语言标签,https://movie.douban.com/subject/25773293/
对照组,26903863,阿莉塔的试炼,2016,6.4,232,剧情 / 动画 / 奇幻,2010s,汉语普通话,普通话,,,非方言,普通话主导（0%）,语言字段无中国方言/少数民族语言标签,https://movie.douban.com/subject/26903863/
对照组,26220735,喜羊羊与灰太狼之羊年喜羊羊,2015,6.7,4982,喜剧 / 动画 / 奇幻,2010s,汉语普通话,普通话,,,非方言,普通话主导（0%）,语言字段无中国方言/少数民族语言标签,https://movie.douban.com/subject/26220735/
对照组,6888713,昨日的记忆,2012,6.9,814,剧情 / 短片,2010s,汉语普通话,普通话,,,非方言,普通话主导（0%）,语言字段无中国方言/少数民族语言标签,https://movie.douban.com/subject/6888713/
对照组,24875534,十二公民,2015,8.4,319042,剧情,2010s,汉语普通话,普通话,,,非方言,普通话主导（0%）,语言字段无中国方言/少数民族语言标签,https://movie.douban.com/subject/24875534/
对照组,26304164,侠僧探案传奇之将军府,2015,7.2,1965,动作 / 悬疑 / 武侠,2010s,汉语普通话,普通话,,,非方言,普通话主导（0%）,语言字段无中国方言/少数民族语言标签,https://movie.douban.com/subject/26304164/
对照组,26890949,小戏骨：补锅,2016,8.3,419,儿童 / 喜剧 / 音乐,2010s,汉语普通话,普通话,,,非方言,普通话主导（0%）,语言字段无中国方言/少数民族语言标签,https://movie.douban.com/subject/26890949/
对照组,5343628,壶王,2010,6.1,150,剧情,2010s,汉语普通话,普通话,,,非方言,普通话主导（0%）,语言字段无中国方言/少数民族语言标签,https://movie.douban.com/subject/5343628/
对照组,36790513,过家家,2026,6.3,31595,剧情,2020s,汉语普通话,普通话,,,非方言,普通话主导（0%）,语言字段无中国方言/少数民族语言标签,https://movie.douban.com/subject/36790513/
对照组,35341771,让我过过瘾,2021,4.0,3720,喜剧,2020s,汉语普通话,普通话,,,非方言,普通话主导（0%）,语言字段无中国方言/少数民族语言标签,https://movie.douban.com/subject/35341771/
对照组,36163177,江苏卫视2023跨年演唱会,2022,6.3,590,真人秀,2020s,汉语普通话,普通话,,,非方言,普通话主导（0%）,语言字段无中国方言/少数民族语言标签,https://movie.douban.com/subject/36163177/
对照组,37445720,回家,2025,5.8,206,纪录片,2020s,汉语普通话,普通话,,,非方言,普通话主导（0%）,语言字段无中国方言/少数民族语言标签,https://movie.douban.com/subject/37445720/
对照组,35964305,梅婆,2021,8.2,679,动画 短片,2020s,汉语普通话,普通话,,,非方言,普通话主导（0%）,语言字段无中国方言/少数民族语言标签,https://movie.douban.com/subject/35964305/
对照组,36522427,奇遇,2025,6.8,88227,喜剧,2020s,汉语普通话,普通话,,,非方言,普通话主导（0%）,语言字段无中国方言/少数民族语言标签,https://movie.douban.com/subject/36522427/
对照组,36071955,请问，还有哪里需要加强,2023,5.9,4207,剧情 喜剧 爱情,2020s,汉语普通话,普通话,,,非方言,普通话主导（0%）,语言字段无中国方言/少数民族语言标签,https://movie.douban.com/subject/36071955/
对照组,35546584,东北老丈人,2021,3.8,827,剧情 喜剧,2020s,汉语普通话,普通话,,,非方言,普通话主导（0%）,语言字段无中国方言/少数民族语言标签,https://movie.douban.com/subject/35546584/
对照组,35448384,无价之宝,2023,6.4,104982,剧情 喜剧 家庭,2020s,汉语普通话,普通话,,,非方言,普通话主导（0%）,语言字段无中国方言/少数民族语言标签,https://movie.douban.com/subject/35448384/
对照组,34868338,蟑潮,2020,3.9,1102,科幻 / 灾难,2020s,汉语普通话,普通话,,,非方言,普通话主导（0%）,语言字段无中国方言/少数民族语言标签,https://movie.douban.com/subject/34868338/
对照组,33425206,活着唱着,2020,6.3,1447,剧情,2020s,汉语普通话,普通话,,,非方言,普通话主导（0%）,语言字段无中国方言/少数民族语言标签,https://movie.douban.com/subject/33425206/
对照组,34922293,北京女子图鉴之再见爱情,2020,4.2,1306,剧情,2020s,汉语普通话,普通话,,,非方言,普通话主导（0%）,语言字段无中国方言/少数民族语言标签,https://movie.douban.com/subject/34922293/
对照组,36752981,三国第一部：争洛阳,2026,8.0,73363,动画 历史,2020s,汉语普通话,普通话,,,非方言,普通话主导（0%）,语言字段无中国方言/少数民族语言标签,https://movie.douban.com/subject/36752981/
对照组,35231379,浴血无名川,2021,6.1,6850,历史 战争,2020s,汉语普通话,普通话,,,非方言,普通话主导（0%）,语言字段无中国方言/少数民族语言标签,https://movie.douban.com/subject/35231379/
对照组,35603036,湾区升明月——2021大湾区中秋电影音乐晚会,2021,7.1,2172,音乐 歌舞 真人秀,2020s,汉语普通话,普通话,,,非方言,普通话主导（0%）,语言字段无中国方言/少数民族语言标签,https://movie.douban.com/subject/35603036/
对照组,35335832,罗布泊之九龙天棺,2021,3.2,990,冒险,2020s,汉语普通话,普通话,,,非方言,普通话主导（0%）,语言字段无中国方言/少数民族语言标签,https://movie.douban.com/subject/35335832/
对照组,37105408,坏鸟,2024,5.8,448,情色,2020s,汉语普通话,普通话,,,非方言,普通话主导（0%）,语言字段无中国方言/少数民族语言标签,https://movie.douban.com/subject/37105408/
对照组,34984149,雨打芭蕉,2021,6.4,909,剧情 家庭,2020s,汉语普通话,普通话,,,非方言,普通话主导（0%）,语言字段无中国方言/少数民族语言标签,https://movie.douban.com/subject/34984149/
对照组,35499130,内流河,2021,7.0,358,剧情 短片,2020s,汉语普通话,普通话,,,非方言,普通话主导（0%）,语言字段无中国方言/少数民族语言标签,https://movie.douban.com/subject/35499130/
对照组,30174089,内幕,2025,5.7,18818,剧情 动作 犯罪,2020s,汉语普通话,普通话,,,非方言,普通话主导（0%）,语言字段无中国方言/少数民族语言标签,https://movie.douban.com/subject/30174089/
对照组,34966382,封神榜·妖灭,2020,3.5,1772,古装,2020s,汉语普通话,普通话,,,非方言,普通话主导（0%）,语言字段无中国方言/少数民族语言标签,https://movie.douban.com/subject/34966382/
对照组,35132974,我的父亲焦裕禄,2021,7.4,7991,剧情 传记,2020s,汉语普通话,普通话,,,非方言,普通话主导（0%）,语言字段无中国方言/少数民族语言标签,https://movie.douban.com/subject/35132974/
对照组,35490651,天下乌鸦,2021,5.5,9859,剧情 短片,2020s,汉语普通话,普通话,,,非方言,普通话主导（0%）,语言字段无中国方言/少数民族语言标签,https://movie.douban.com/subject/35490651/
对照组,36094758,东北恋哥2对你爱不完,2023,4.9,4566,剧情 喜剧 爱情,2020s,汉语普通话,普通话,,,非方言,普通话主导（0%）,语言字段无中国方言/少数民族语言标签,https://movie.douban.com/subject/36094758/
对照组,35559591,二龙湖往事惊魂夜,2021,4.9,3857,喜剧 惊悚,2020s,汉语普通话,普通话,,,非方言,普通话主导（0%）,语言字段无中国方言/少数民族语言标签,https://movie.douban.com/subject/35559591/
对照组,36828726,霹雳奇幻 东离剑游纪 最终章,2025,6.1,396,动作 奇幻 武侠,2020s,汉语普通话,普通话,,,非方言,普通话主导（0%）,语言字段无中国方言/少数民族语言标签,https://movie.douban.com/subject/36828726/
对照组,35026731,猪猪侠大电影·恐龙日记,2021,5.0,1632,动画 儿童,2020s,汉语普通话,普通话,,,非方言,普通话主导（0%）,语言字段无中国方言/少数民族语言标签,https://movie.douban.com/subject/35026731/
对照组,36230014,少男少女,2023,5.6,1266,剧情,2020s,汉语普通话,普通话,,,非方言,普通话主导（0%）,语言字段无中国方言/少数民族语言标签,https://movie.douban.com/subject/36230014/
对照组,35263095,花的游吟,2020,7.4,2870,短片,2020s,汉语普通话,普通话,,,非方言,普通话主导（0%）,语言字段无中国方言/少数民族语言标签,https://movie.douban.com/subject/35263095/
对照组,35043401,断网,2023,4.6,37665,剧情 动作 犯罪,2020s,汉语普通话,普通话,,,非方言,普通话主导（0%）,语言字段无中国方言/少数民族语言标签,https://movie.douban.com/subject/35043401/
对照组,36198699,大突围,2024,5.4,5641,动作 战争,2020s,汉语普通话,普通话,,,非方言,普通话主导（0%）,语言字段无中国方言/少数民族语言标签,https://movie.douban.com/subject/36198699/
对照组,35521757,我即是空,2021,3.5,774,短片,2020s,汉语普通话,普通话,,,非方言,普通话主导（0%）,语言字段无中国方言/少数民族语言标签,https://movie.douban.com/subject/35521757/
对照组,35489156,西行纪之穷奇地洞,2022,5.4,2425,动作 动画 奇幻,2020s,汉语普通话,普通话,,,非方言,普通话主导（0%）,语言字段无中国方言/少数民族语言标签,https://movie.douban.com/subject/35489156/
对照组,36209061,大鱼3汉江鱼怪,2023,4.2,773,悬疑 惊悚,2020s,汉语普通话,普通话,,,非方言,普通话主导（0%）,语言字段无中国方言/少数民族语言标签,https://movie.douban.com/subject/36209061/
对照组,35196097,关于我妈的一切,2021,6.2,64849,剧情 家庭,2020s,汉语普通话,普通话,,,非方言,普通话主导（0%）,语言字段无中国方言/少数民族语言标签,https://movie.douban.com/subject/35196097/
对照组,35559337,小光,2021,5.5,2753,剧情 短片 同性,2020s,汉语普通话,普通话,,,非方言,普通话主导（0%）,语言字段无中国方言/少数民族语言标签,https://movie.douban.com/subject/35559337/
对照组,35523501,轮回,2021,7.7,155,科幻 动画 短片,2020s,汉语普通话,普通话,,,非方言,普通话主导（0%）,语言字段无中国方言/少数民族语言标签,https://movie.douban.com/subject/35523501/
对照组,35447154,大蛇3：龙蛇之战,2022,3.8,2125,剧情 科幻 惊悚,2020s,汉语普通话,普通话,,,非方言,普通话主导（0%）,语言字段无中国方言/少数民族语言标签,https://movie.douban.com/subject/35447154/
对照组,35876337,倒数说爱你,2023,5.4,17893,爱情 奇幻,2020s,汉语普通话,普通话,,,非方言,普通话主导（0%）,语言字段无中国方言/少数民族语言标签,https://movie.douban.com/subject/35876337/
对照组,35633904,刺猬,2024,7.3,294322,剧情 喜剧 家庭,2020s,汉语普通话,普通话,,,非方言,普通话主导（0%）,语言字段无中国方言/少数民族语言标签,https://movie.douban.com/subject/35633904/
对照组,26673282,冷血狂宴,2020,3.9,44840,动画 / 奇幻,2020s,汉语普通话,普通话,,,非方言,普通话主导（0%）,语言字段无中国方言/少数民族语言标签,https://movie.douban.com/subject/26673282/
对照组,25853741,藏地情书,2026,5.1,3884,剧情 爱情,2020s,汉语普通话,普通话,,,非方言,普通话主导（0%）,语言字段无中国方言/少数民族语言标签,https://movie.douban.com/subject/25853741/
对照组,35132844,陈奕迅线上慈善演唱会,2020,9.7,12769,音乐 / 真人秀,2020s,粤语,粤语,,,非方言,普通话主导（0%）,语言字段无中国方言/少数民族语言标签,https://movie.douban.com/subject/35132844/
对照组,36203028,浪漫的断章,2023,3.8,1771,剧情 爱情,2020s,汉语普通话,普通话,,,非方言,普通话主导（0%）,语言字段无中国方言/少数民族语言标签,https://movie.douban.com/subject/36203028/
对照组,35614673,高山上的热气球,2021,5.8,136,剧情,2020s,汉语普通话,普通话,,,非方言,普通话主导（0%）,语言字段无中国方言/少数民族语言标签,https://movie.douban.com/subject/35614673/
对照组,35890341,天生有意思,2022,7.8,2691,喜剧 脱口秀,2020s,汉语普通话,普通话,,,非方言,普通话主导（0%）,语言字段无中国方言/少数民族语言标签,https://movie.douban.com/subject/35890341/
对照组,37096523,临时决斗,2025,6.2,3603,喜剧 动作,2020s,汉语普通话,普通话,,,非方言,普通话主导（0%）,语言字段无中国方言/少数民族语言标签,https://movie.douban.com/subject/37096523/
对照组,35295650,道师爷2,2022,5.1,846,剧情,2020s,汉语普通话,普通话,,,非方言,普通话主导（0%）,语言字段无中国方言/少数民族语言标签,https://movie.douban.com/subject/35295650/
对照组,35613244,吻,2021,5.4,204,短片,2020s,汉语普通话,普通话,,,非方言,普通话主导（0%）,语言字段无中国方言/少数民族语言标签,https://movie.douban.com/subject/35613244/
对照组,35480795,赎梦,2024,5.4,8004,惊悚 恐怖 犯罪,2020s,汉语普通话,普通话,,,非方言,普通话主导（0%）,语言字段无中国方言/少数民族语言标签,https://movie.douban.com/subject/35480795/
对照组,36530113,爱你很久很久,2024,5.1,1578,喜剧 爱情,2020s,汉语普通话,普通话,,,非方言,普通话主导（0%）,语言字段无中国方言/少数民族语言标签,https://movie.douban.com/subject/36530113/
对照组,35416174,狂野时代,2025,6.5,147107,剧情 科幻,2020s,汉语普通话,普通话,,,非方言,普通话主导（0%）,语言字段无中国方言/少数民族语言标签,https://movie.douban.com/subject/35416174/
对照组,35401245,忽然心动,2022,4.4,184,剧情 爱情,2020s,汉语普通话,普通话,,,非方言,普通话主导（0%）,语言字段无中国方言/少数民族语言标签,https://movie.douban.com/subject/35401245/
对照组,35163345,厄运锦鲤,2020,6.4,1253,剧情 / 奇幻 / 短片,2020s,汉语普通话,普通话,,,非方言,普通话主导（0%）,语言字段无中国方言/少数民族语言标签,https://movie.douban.com/subject/35163345/
对照组,36152788,棺山古墓,2022,4.9,4029,奇幻 冒险,2020s,汉语普通话,普通话,,,非方言,普通话主导（0%）,语言字段无中国方言/少数民族语言标签,https://movie.douban.com/subject/36152788/
对照组,35704493,九龙城寨,2021,3.9,1570,剧情 动作,2020s,汉语普通话,普通话,,,非方言,普通话主导（0%）,语言字段无中国方言/少数民族语言标签,https://movie.douban.com/subject/35704493/
对照组,36296618,志愿军：存亡之战,2024,6.7,161683,剧情 历史 战争,2020s,汉语普通话,普通话,,,非方言,普通话主导（0%）,语言字段无中国方言/少数民族语言标签,https://movie.douban.com/subject/36296618/
对照组,35239211,光语者,2020,7.4,2939,纪录片,2020s,汉语普通话 / 英语 / 挪威语,普通话 / 英语 / 挪威语,,,非方言,普通话主导（0%）,语言字段无中国方言/少数民族语言标签,https://movie.douban.com/subject/35239211/
对照组,36059843,第34届台湾金曲奖颁奖典礼,2023,7.0,346,音乐 真人秀,2020s,汉语普通话,普通话,,,非方言,普通话主导（0%）,语言字段无中国方言/少数民族语言标签,https://movie.douban.com/subject/36059843/
对照组,35158123,厨神下凡,2021,4.1,727,喜剧 奇幻,2020s,汉语普通话,普通话,,,非方言,普通话主导（0%）,语言字段无中国方言/少数民族语言标签,https://movie.douban.com/subject/35158123/
对照组,26999802,忠犬八公,2023,7.5,143132,剧情,2020s,汉语普通话,普通话,,,非方言,普通话主导（0%）,语言字段无中国方言/少数民族语言标签,https://movie.douban.com/subject/26999802/
对照组,33441927,半条棉被,2020,5.2,556,战争,2020s,汉语普通话,普通话,,,非方言,普通话主导（0%）,语言字段无中国方言/少数民族语言标签,https://movie.douban.com/subject/33441927/
对照组,36315000,爸爸,2024,7.6,8519,剧情,2020s,汉语普通话,普通话,,,非方言,普通话主导（0%）,语言字段无中国方言/少数民族语言标签,https://movie.douban.com/subject/36315000/
对照组,34929859,漫长的告白,2021,6.4,41515,剧情 爱情 家庭,2020s,汉语普通话,普通话,,,非方言,普通话主导（0%）,语言字段无中国方言/少数民族语言标签,https://movie.douban.com/subject/34929859/
对照组,35663522,儿童文学,2021,7.6,492,纪录片 短片,2020s,汉语普通话,普通话,,,非方言,普通话主导（0%）,语言字段无中国方言/少数民族语言标签,https://movie.douban.com/subject/35663522/
对照组,35159709,天才游戏,2026,5.7,60678,悬疑 犯罪,2020s,汉语普通话,普通话,,,非方言,普通话主导（0%）,语言字段无中国方言/少数民族语言标签,https://movie.douban.com/subject/35159709/
对照组,33418591,真假美猴王之大圣无双,2020,3.8,908,动作 / 爱情 / 奇幻,2020s,汉语普通话,普通话,,,非方言,普通话主导（0%）,语言字段无中国方言/少数民族语言标签,https://movie.douban.com/subject/33418591/
对照组,34943623,2020年北京卫视春节联欢晚会,2020,4.8,11123,歌舞 / 真人秀,2020s,汉语普通话,普通话,,,非方言,普通话主导（0%）,语言字段无中国方言/少数民族语言标签,https://movie.douban.com/subject/34943623/
对照组,35198431,一切都会有的,2020,7.9,1691,纪录片,2020s,汉语普通话,普通话,,,非方言,普通话主导（0%）,语言字段无中国方言/少数民族语言标签,https://movie.douban.com/subject/35198431/
对照组,35242938,瀑布,2021,7.7,80402,剧情,2020s,汉语普通话,普通话,,,非方言,普通话主导（0%）,语言字段无中国方言/少数民族语言标签,https://movie.douban.com/subject/35242938/
对照组,35815771,误杀3,2024,6.0,218749,剧情 悬疑 犯罪,2020s,汉语普通话,普通话,,,非方言,普通话主导（0%）,语言字段无中国方言/少数民族语言标签,https://movie.douban.com/subject/35815771/
对照组,35521746,捉迷藏,2021,6.6,1827,剧情 短片,2020s,汉语普通话,普通话,,,非方言,普通话主导（0%）,语言字段无中国方言/少数民族语言标签,https://movie.douban.com/subject/35521746/
对照组,35101786,奇门相术,2020,3.3,1000,喜剧 / 奇幻 / 武侠,2020s,汉语普通话,普通话,,,非方言,普通话主导（0%）,语言字段无中国方言/少数民族语言标签,https://movie.douban.com/subject/35101786/
对照组,35883131,雄狮少年2,2024,8.5,225985,喜剧 动作 动画,2020s,汉语普通话,普通话,,,非方言,普通话主导（0%）,语言字段无中国方言/少数民族语言标签,https://movie.douban.com/subject/35883131/
对照组,35152517,狂鳄海啸,2021,3.5,1296,灾难,2020s,汉语普通话,普通话,,,非方言,普通话主导（0%）,语言字段无中国方言/少数民族语言标签,https://movie.douban.com/subject/35152517/
对照组,27087882,亿万懦夫,2020,3.8,6095,喜剧,2020s,汉语普通话,普通话,,,非方言,普通话主导（0%）,语言字段无中国方言/少数民族语言标签,https://movie.douban.com/subject/27087882/
对照组,35099279,陆行鲨,2020,2.7,1130,动作 / 灾难,2020s,汉语普通话,普通话,,,非方言,普通话主导（0%）,语言字段无中国方言/少数民族语言标签,https://movie.douban.com/subject/35099279/
对照组,35882592,器子,2025,5.9,5534,动作 悬疑 犯罪,2020s,汉语普通话,普通话,,,非方言,普通话主导（0%）,语言字段无中国方言/少数民族语言标签,https://movie.douban.com/subject/35882592/
对照组,36822642,浩哥闹县衙,2024,4.5,2110,剧情 喜剧 古装,2020s,汉语普通话,普通话,,,非方言,普通话主导（0%）,语言字段无中国方言/少数民族语言标签,https://movie.douban.com/subject/36822642/
对照组,34839344,完美受害人,2021,4.8,8650,剧情 悬疑 犯罪,2020s,汉语普通话,普通话,,,非方言,普通话主导（0%）,语言字段无中国方言/少数民族语言标签,https://movie.douban.com/subject/34839344/
对照组,33446325,鬼吹灯之湘西密藏,2020,4.0,3421,动作 / 奇幻 / 冒险,2020s,汉语普通话,普通话,,,非方言,普通话主导（0%）,语言字段无中国方言/少数民族语言标签,https://movie.douban.com/subject/33446325/
对照组,35707875,牧蜂姑娘,2021,7.3,368,纪录片,2020s,汉语普通话,普通话,,,非方言,普通话主导（0%）,语言字段无中国方言/少数民族语言标签,https://movie.douban.com/subject/35707875/
对照组,35145499,白发魔女传,2020,3.6,482,动作 / 奇幻 / 武侠,2020s,汉语普通话,普通话,,,非方言,普通话主导（0%）,语言字段无中国方言/少数民族语言标签,https://movie.douban.com/subject/35145499/
对照组,36657783,假如，我是这世上最爱你的人,2024,6.5,13789,剧情 喜剧,2020s,汉语普通话,普通话,,,非方言,普通话主导（0%）,语言字段无中国方言/少数民族语言标签,https://movie.douban.com/subject/36657783/
对照组,35590222,黄河守墓人,2023,4.0,945,动作 悬疑 惊悚 冒险,2020s,汉语普通话,普通话,,,非方言,普通话主导（0%）,语言字段无中国方言/少数民族语言标签,https://movie.douban.com/subject/35590222/
对照组,36502109,不是你不爱你,2024,4.1,416,剧情 爱情,2020s,汉语普通话,普通话,,,非方言,普通话主导（0%）,语言字段无中国方言/少数民族语言标签,https://movie.douban.com/subject/36502109/
对照组,35618436,从今以后,2024,8.1,15504,剧情 同性,2020s,汉语普通话,普通话,,,非方言,普通话主导（0%）,语言字段无中国方言/少数民族语言标签,https://movie.douban.com/subject/35618436/
对照组,36025699,何处,2022,7.4,188,纪录片,2020s,汉语普通话,普通话,,,非方言,普通话主导（0%）,语言字段无中国方言/少数民族语言标签,https://movie.douban.com/subject/36025699/
对照组,35713025,阴阳镇怪谈,2022,5.4,15208,惊悚 恐怖,2020s,汉语普通话,普通话,,,非方言,普通话主导（0%）,语言字段无中国方言/少数民族语言标签,https://movie.douban.com/subject/35713025/
对照组,30359474,听见歌 再唱,2021,7.2,1600,剧情 音乐,2020s,汉语普通话,普通话,,,非方言,普通话主导（0%）,语言字段无中国方言/少数民族语言标签,https://movie.douban.com/subject/30359474/
对照组,35610103,一家子儿咕咕叫,2022,6.1,1006,剧情,2020s,汉语普通话,普通话,,,非方言,普通话主导（0%）,语言字段无中国方言/少数民族语言标签,https://movie.douban.com/subject/35610103/
对照组,35358480,暴走财神2,2021,4.3,1379,喜剧,2020s,汉语普通话,普通话,,,非方言,普通话主导（0%）,语言字段无中国方言/少数民族语言标签,https://movie.douban.com/subject/35358480/
对照组,6893932,壮志凌云2：独行侠,2022,8.0,197956,动作,2020s,汉语普通话,普通话,,,非方言,普通话主导（0%）,语言字段无中国方言/少数民族语言标签,https://movie.douban.com/subject/6893932/
对照组,36228686,东北猛兽,2023,4.1,2994,剧情 喜剧,2020s,汉语普通话,普通话,,,非方言,普通话主导（0%）,语言字段无中国方言/少数民族语言标签,https://movie.douban.com/subject/36228686/
对照组,35139426,不期而遇的夏天,2020,6.8,12955,剧情 喜剧,2020s,汉语普通话,普通话,,,非方言,普通话主导（0%）,语言字段无中国方言/少数民族语言标签,https://movie.douban.com/subject/35139426/
对照组,35240422,2020天猫双十一狂欢夜,2020,6.0,809,歌舞 / 真人秀,2020s,汉语普通话,普通话,,,非方言,普通话主导（0%）,语言字段无中国方言/少数民族语言标签,https://movie.douban.com/subject/35240422/
对照组,35295541,黄河巨蛇事件,2023,3.5,508,奇幻 冒险 灾难,2020s,汉语普通话,普通话,,,非方言,普通话主导（0%）,语言字段无中国方言/少数民族语言标签,https://movie.douban.com/subject/35295541/
对照组,36882191,八仙！,2026,8.2,368493,喜剧 动画 奇幻 冒险,2020s,汉语普通话,普通话,,,非方言,普通话主导（0%）,语言字段无中国方言/少数民族语言标签,https://movie.douban.com/subject/36882191/
对照组,37304603,观山太保,2025,5.3,1252,惊悚,2020s,汉语普通话,普通话,,,非方言,普通话主导（0%）,语言字段无中国方言/少数民族语言标签,https://movie.douban.com/subject/37304603/
对照组,36191463,4拍4家族,2023,6.4,796,剧情 音乐,2020s,汉语普通话,普通话,,,非方言,普通话主导（0%）,语言字段无中国方言/少数民族语言标签,https://movie.douban.com/subject/36191463/
对照组,34964209,“黄河之水天上来”国宝音乐会,2020,9.3,494,历史 / 音乐 / 歌舞,2020s,汉语普通话 / 日语,普通话 / 日语,,,非方言,普通话主导（0%）,语言字段无中国方言/少数民族语言标签,https://movie.douban.com/subject/34964209/
对照组,34453165,九州羽乱·相思劫,2021,5.6,878,爱情 古装,2020s,汉语普通话,普通话,,,非方言,普通话主导（0%）,语言字段无中国方言/少数民族语言标签,https://movie.douban.com/subject/34453165/
对照组,36001103,我的天堂城市,2023,4.9,218,剧情,2020s,汉语普通话,普通话,,,非方言,普通话主导（0%）,语言字段无中国方言/少数民族语言标签,https://movie.douban.com/subject/36001103/
对照组,37480003,杀手#4,2025,6.4,555,动作 犯罪,2020s,汉语普通话,普通话,,,非方言,普通话主导（0%）,语言字段无中国方言/少数民族语言标签,https://movie.douban.com/subject/37480003/
对照组,35700764,时间旅馆,2024,5.7,2176,剧情 爱情,2020s,汉语普通话,普通话,,,非方言,普通话主导（0%）,语言字段无中国方言/少数民族语言标签,https://movie.douban.com/subject/35700764/
对照组,35048694,楚留香之盗帅觉醒,2021,3.8,719,武侠 古装,2020s,汉语普通话,普通话,,,非方言,普通话主导（0%）,语言字段无中国方言/少数民族语言标签,https://movie.douban.com/subject/35048694/
对照组,35597628,越界,2021,2.8,1970,惊悚 恐怖,2020s,汉语普通话,普通话,,,非方言,普通话主导（0%）,语言字段无中国方言/少数民族语言标签,https://movie.douban.com/subject/35597628/
对照组,3024197,故园春梦,1964,6.9,266,剧情,Pre-1990s,汉语普通话,普通话,,,非方言,普通话主导（0%）,语言字段无中国方言/少数民族语言标签,https://movie.douban.com/subject/3024197/
对照组,1498641,十五贯,1958,8.5,582,戏曲,Pre-1990s,汉语普通话,普通话,,,非方言,普通话主导（0%）,语言字段无中国方言/少数民族语言标签,https://movie.douban.com/subject/1498641/
对照组,1610631,今夜有暴风雪,1984,7.3,346,剧情,Pre-1990s,汉语普通话,普通话,,,非方言,普通话主导（0%）,语言字段无中国方言/少数民族语言标签,https://movie.douban.com/subject/1610631/
对照组,1303647,战洪图,1974,6.1,115,剧情,Pre-1990s,汉语普通话,普通话,,,非方言,普通话主导（0%）,语言字段无中国方言/少数民族语言标签,https://movie.douban.com/subject/1303647/
对照组,1306490,侠女,1970,8.6,21369,剧情 / 动作 / 武侠,Pre-1990s,汉语普通话,普通话,,,非方言,普通话主导（0%）,语言字段无中国方言/少数民族语言标签,https://movie.douban.com/subject/1306490/
对照组,1306889,小城故事,1980,7.6,1244,剧情 / 爱情,Pre-1990s,汉语普通话,普通话,,,非方言,普通话主导（0%）,语言字段无中国方言/少数民族语言标签,https://movie.douban.com/subject/1306889/
对照组,1305328,O女,1978,5.9,208,剧情 / 爱情,Pre-1990s,汉语普通话,普通话,,,非方言,普通话主导（0%）,语言字段无中国方言/少数民族语言标签,https://movie.douban.com/subject/1305328/
对照组,1483992,苦恋,1982,7.3,946,剧情 / 爱情,Pre-1990s,汉语普通话,普通话,,,非方言,普通话主导（0%）,语言字段无中国方言/少数民族语言标签,https://movie.douban.com/subject/1483992/
对照组,1298535,7匹狼,1989,7.5,1004,喜剧,Pre-1990s,汉语普通话,普通话,,,非方言,普通话主导（0%）,语言字段无中国方言/少数民族语言标签,https://movie.douban.com/subject/1298535/
对照组,2356011,蝴蝶杯,1965,6.2,143,剧情 / 歌舞,Pre-1990s,汉语普通话,普通话,,,非方言,普通话主导（0%）,语言字段无中国方言/少数民族语言标签,https://movie.douban.com/subject/2356011/
对照组,1485418,黄飞鸿义取丁财炮,1974,5.4,221,冒险 / 剧情,Pre-1990s,汉语普通话,普通话,,,非方言,普通话主导（0%）,语言字段无中国方言/少数民族语言标签,https://movie.douban.com/subject/1485418/
对照组,1433112,党的女儿,1958,6.9,1665,剧情,Pre-1990s,汉语普通话,普通话,,,非方言,普通话主导（0%）,语言字段无中国方言/少数民族语言标签,https://movie.douban.com/subject/1433112/
对照组,1303496,朋友,1974,6.9,422,剧情 / 动作 / 武侠,Pre-1990s,汉语普通话,普通话,,,非方言,普通话主导（0%）,语言字段无中国方言/少数民族语言标签,https://movie.douban.com/subject/1303496/
对照组,1794491,书剑恩仇录,1981,6.2,991,动作 / 武侠 / 古装,Pre-1990s,汉语普通话,普通话,,,非方言,普通话主导（0%）,语言字段无中国方言/少数民族语言标签,https://movie.douban.com/subject/1794491/
对照组,5247060,小丑与天鹅,1985,7.3,112,喜剧,Pre-1990s,汉语普通话,普通话,,,非方言,普通话主导（0%）,语言字段无中国方言/少数民族语言标签,https://movie.douban.com/subject/5247060/
对照组,2353672,黄埔滩头,1982,6.7,326,动作 / 剧情,Pre-1990s,汉语普通话,普通话,,,非方言,普通话主导（0%）,语言字段无中国方言/少数民族语言标签,https://movie.douban.com/subject/2353672/
对照组,2988810,西瓜炮,1979,7.2,148,动画 / 短片,Pre-1990s,汉语普通话,普通话,,,非方言,普通话主导（0%）,语言字段无中国方言/少数民族语言标签,https://movie.douban.com/subject/2988810/
对照组,2127013,钻石艳盗,1971,6.4,162,犯罪,Pre-1990s,汉语普通话,普通话,,,非方言,普通话主导（0%）,语言字段无中国方言/少数民族语言标签,https://movie.douban.com/subject/2127013/
对照组,1499488,故都春梦,1964,7.4,338,剧情 / 爱情,Pre-1990s,汉语普通话,普通话,,,非方言,普通话主导（0%）,语言字段无中国方言/少数民族语言标签,https://movie.douban.com/subject/1499488/
对照组,1779639,家在台北,1970,6.5,204,剧情 / 家庭,Pre-1990s,汉语普通话,普通话,,,非方言,普通话主导（0%）,语言字段无中国方言/少数民族语言标签,https://movie.douban.com/subject/1779639/
对照组,2138134,独臂拳王,1972,6.0,444,动作 / 剧情,Pre-1990s,汉语普通话,普通话,,,非方言,普通话主导（0%）,语言字段无中国方言/少数民族语言标签,https://movie.douban.com/subject/2138134/
对照组,1972283,在水一方,1975,6.9,1291,爱情,Pre-1990s,汉语普通话,普通话,,,非方言,普通话主导（0%）,语言字段无中国方言/少数民族语言标签,https://movie.douban.com/subject/1972283/
对照组,1493678,玉面侠,1971,5.5,348,动作 / 武侠 / 古装,Pre-1990s,汉语普通话,普通话,,,非方言,普通话主导（0%）,语言字段无中国方言/少数民族语言标签,https://movie.douban.com/subject/1493678/
对照组,1897068,好小子3：苦儿流浪记,1987,7.6,966,冒险 / 喜剧,Pre-1990s,汉语普通话,普通话,,,非方言,普通话主导（0%）,语言字段无中国方言/少数民族语言标签,https://movie.douban.com/subject/1897068/
对照组,2043464,独臂拳王大破血滴子,1976,7.1,421,动作 / 奇幻 / 武侠,Pre-1990s,汉语普通话,普通话,,,非方言,普通话主导（0%）,语言字段无中国方言/少数民族语言标签,https://movie.douban.com/subject/2043464/
对照组,1297887,佛跳墙,1977,6.4,761,剧情 / 喜剧 / 古装,Pre-1990s,汉语普通话,普通话,,,非方言,普通话主导（0%）,语言字段无中国方言/少数民族语言标签,https://movie.douban.com/subject/1297887/
对照组,2148872,武则天,1939,6.3,211,历史 / 古装,Pre-1990s,汉语普通话,普通话,,,非方言,普通话主导（0%）,语言字段无中国方言/少数民族语言标签,https://movie.douban.com/subject/2148872/
对照组,1508019,兰花花,1989,8.8,917,剧情 / 动画 / 短片,Pre-1990s,无对白,无对白,,,非方言,普通话主导（0%）,语言字段无中国方言/少数民族语言标签,https://movie.douban.com/subject/1508019/
对照组,1439106,清宫秘史,1948,7.2,1590,剧情 / 历史 / 古装,Pre-1990s,汉语普通话,普通话,,,非方言,普通话主导（0%）,语言字段无中国方言/少数民族语言标签,https://movie.douban.com/subject/1439106/
对照组,2122979,南斗官三斗北少爷,1984,6.5,577,动作 / 喜剧,Pre-1990s,汉语普通话,普通话,,,非方言,普通话主导（0%）,语言字段无中国方言/少数民族语言标签,https://movie.douban.com/subject/2122979/
对照组,2136695,王老五,1937,6.6,218,剧情,Pre-1990s,汉语普通话,普通话,,,非方言,普通话主导（0%）,语言字段无中国方言/少数民族语言标签,https://movie.douban.com/subject/2136695/
对照组,1308257,后生,1975,7.3,528,动作,Pre-1990s,汉语普通话,普通话,,,非方言,普通话主导（0%）,语言字段无中国方言/少数民族语言标签,https://movie.douban.com/subject/1308257/
对照组,2138405,南国之春,1932,6.4,174,剧情 / 爱情,Pre-1990s,汉语普通话,普通话,,,非方言,普通话主导（0%）,语言字段无中国方言/少数民族语言标签,https://movie.douban.com/subject/2138405/
对照组,3155688,婉君表妹,1965,6.0,105,剧情,Pre-1990s,汉语普通话,普通话,,,非方言,普通话主导（0%）,语言字段无中国方言/少数民族语言标签,https://movie.douban.com/subject/3155688/
对照组,2338303,嫁不出去的姑娘,1983,6.9,139,剧情,Pre-1990s,普通话/国语,普通话,,,非方言,普通话主导（0%）,语言字段无中国方言/少数民族语言标签,https://movie.douban.com/subject/2338303/
对照组,1305238,大泽龙蛇,1982,6.4,138,动作,Pre-1990s,汉语普通话,普通话,,,非方言,普通话主导（0%）,语言字段无中国方言/少数民族语言标签,https://movie.douban.com/subject/1305238/
对照组,26344955,鲁迅战斗的一生,1976,7.3,103,传记 / 历史 / 纪录片,Pre-1990s,汉语普通话,普通话,,,非方言,普通话主导（0%）,语言字段无中国方言/少数民族语言标签,https://movie.douban.com/subject/26344955/
对照组,1848198,秋决,1972,7.8,1641,犯罪 / 古装 / 家庭,Pre-1990s,汉语普通话,普通话,,,非方言,普通话主导（0%）,语言字段无中国方言/少数民族语言标签,https://movie.douban.com/subject/1848198/
对照组,900078,大闹天宫,1961,9.3,365053,动画 / 奇幻,Pre-1990s,汉语普通话,普通话,,,非方言,普通话主导（0%）,语言字段无中国方言/少数民族语言标签,https://movie.douban.com/subject/1418019/
对照组,1424630,红色娘子军,1961,7.3,9726,战争,Pre-1990s,汉语普通话,普通话,,,非方言,普通话主导（0%）,语言字段无中国方言/少数民族语言标签,https://movie.douban.com/subject/1424630/
对照组,25802432,漫步北京,1959,6.5,110,纪录片,Pre-1990s,汉语普通话,普通话,,,非方言,普通话主导（0%）,语言字段无中国方言/少数民族语言标签,https://movie.douban.com/subject/25802432/
对照组,2123622,小猫钓鱼,1952,7.6,3264,动画 / 短片,Pre-1990s,国语,普通话,,,非方言,普通话主导（0%）,语言字段无中国方言/少数民族语言标签,https://movie.douban.com/subject/2123622/
对照组,2355983,血手印,1964,6.7,101,悬疑 / 古装 / 歌舞,Pre-1990s,汉语普通话,普通话,,,非方言,普通话主导（0%）,语言字段无中国方言/少数民族语言标签,https://movie.douban.com/subject/2355983/
对照组,1950245,金衣大侠,1970,6.4,268,动作 / 武侠 / 古装,Pre-1990s,汉语普通话,普通话,,,非方言,普通话主导（0%）,语言字段无中国方言/少数民族语言标签,https://movie.douban.com/subject/1950245/
对照组,1484465,盗兵符,1973,6.0,150,冒险 / 剧情,Pre-1990s,汉语普通话,普通话,,,非方言,普通话主导（0%）,语言字段无中国方言/少数民族语言标签,https://movie.douban.com/subject/1484465/
对照组,1316633,游园惊梦,1956,7.7,639,家庭,Pre-1990s,汉语普通话,普通话,,,非方言,普通话主导（0%）,语言字段无中国方言/少数民族语言标签,https://movie.douban.com/subject/1316633/
对照组,3272190,第二个春天,1975,6.6,186,nan,Pre-1990s,汉语普通话,普通话,,,非方言,普通话主导（0%）,语言字段无中国方言/少数民族语言标签,https://movie.douban.com/subject/3272190/
对照组,4176590,边寨烽火,1957,6.7,134,惊悚,Pre-1990s,汉语普通话,普通话,,,非方言,普通话主导（0%）,语言字段无中国方言/少数民族语言标签,https://movie.douban.com/subject/4176590/
对照组,1483966,车轮滚滚,1975,6.2,216,战争,Pre-1990s,汉语普通话,普通话,,,非方言,普通话主导（0%）,语言字段无中国方言/少数民族语言标签,https://movie.douban.com/subject/1483966/
对照组,3120456,撞鬼,1983,6.5,289,喜剧 / 动作 / 恐怖,Pre-1990s,汉语普通话,普通话,,,非方言,普通话主导（0%）,语言字段无中国方言/少数民族语言标签,https://movie.douban.com/subject/3120456/
对照组,1307843,西厢记,1927,7.0,694,剧情 / 爱情 / 古装,Pre-1990s,无对白,无对白,,,非方言,普通话主导（0%）,语言字段无中国方言/少数民族语言标签,https://movie.douban.com/subject/1307843/
对照组,1298231,无名英雄,1971,7.3,1341,喜剧 / 动作,Pre-1990s,汉语普通话,普通话,,,非方言,普通话主导（0%）,语言字段无中国方言/少数民族语言标签,https://movie.douban.com/subject/1298231/
对照组,25872273,风雨之夜,1925,8.6,397,剧情 / 爱情,Pre-1990s,无对白,无对白,,,非方言,普通话主导（0%）,语言字段无中国方言/少数民族语言标签,https://movie.douban.com/subject/25872273/
对照组,1308038,牧马人,1982,9.0,49249,剧情 / 爱情,Pre-1990s,汉语普通话,普通话,,,非方言,普通话主导（0%）,语言字段无中国方言/少数民族语言标签,https://movie.douban.com/subject/1308038/
对照组,3040816,七煞,1979,6.8,488,动作 / 惊悚 / 武侠,Pre-1990s,汉语普通话,普通话,,,非方言,普通话主导（0%）,语言字段无中国方言/少数民族语言标签,https://movie.douban.com/subject/3040816/
对照组,2260781,怕羞的黄莺,1960,8.1,2464,动画 / 短片,Pre-1990s,汉语普通话,普通话,,,非方言,普通话主导（0%）,语言字段无中国方言/少数民族语言标签,https://movie.douban.com/subject/2260781/
对照组,3611705,再见阿郎,1970,6.8,229,爱情,Pre-1990s,汉语普通话,普通话,,,非方言,普通话主导（0%）,语言字段无中国方言/少数民族语言标签,https://movie.douban.com/subject/3611705/
对照组,3197059,水上春秋,1959,6.4,116,剧情,Pre-1990s,汉语普通话,普通话,,,非方言,普通话主导（0%）,语言字段无中国方言/少数民族语言标签,https://movie.douban.com/subject/3197059/
对照组,2378705,艳阳天,1948,7.7,377,剧情,Pre-1990s,汉语普通话,普通话,,,非方言,普通话主导（0%）,语言字段无中国方言/少数民族语言标签,https://movie.douban.com/subject/2378705/
对照组,2355081,杨乃武与小白菜,1963,6.5,174,剧情 / 犯罪 / 古装,Pre-1990s,汉语普通话,普通话,,,非方言,普通话主导（0%）,语言字段无中国方言/少数民族语言标签,https://movie.douban.com/subject/2355081/
对照组,3041483,狼犬历险记,1985,8.0,1326,剧情 / 儿童,Pre-1990s,汉语普通话,普通话,,,非方言,普通话主导（0%）,语言字段无中国方言/少数民族语言标签,https://movie.douban.com/subject/3041483/
对照组,1849336,愚人买鞋,1979,7.9,7142,儿童 / 动画 / 短片,Pre-1990s,汉语普通话,普通话,,,非方言,普通话主导（0%）,语言字段无中国方言/少数民族语言标签,https://movie.douban.com/subject/1849336/
对照组,1390006,少林三十六房,1978,7.6,6990,剧情 / 动作 / 冒险,Pre-1990s,汉语普通话 / 粤语,普通话 / 粤语,,,非方言,普通话主导（0%）,语言字段无中国方言/少数民族语言标签,https://movie.douban.com/subject/1390006/
对照组,1305372,五虎屠龙,1970,5.8,624,动作,Pre-1990s,汉语普通话,普通话,,,非方言,普通话主导（0%）,语言字段无中国方言/少数民族语言标签,https://movie.douban.com/subject/1305372/
对照组,2040657,东陵大盗,1986,6.6,872,剧情 / 历史 / 悬疑,Pre-1990s,汉语普通话,普通话,,,非方言,普通话主导（0%）,语言字段无中国方言/少数民族语言标签,https://movie.douban.com/subject/2040657/
对照组,2238329,女跳水队员,1964,6.6,198,剧情 / 运动,Pre-1990s,汉语普通话,普通话,,,非方言,普通话主导（0%）,语言字段无中国方言/少数民族语言标签,https://movie.douban.com/subject/2238329/
对照组,2079561,新桃太郎,1987,6.3,681,动作,Pre-1990s,汉语普通话,普通话,,,非方言,普通话主导（0%）,语言字段无中国方言/少数民族语言标签,https://movie.douban.com/subject/2079561/
对照组,1777419,蔡李佛小子,1976,6.5,390,动作 / 剧情,Pre-1990s,汉语普通话,普通话,,,非方言,普通话主导（0%）,语言字段无中国方言/少数民族语言标签,https://movie.douban.com/subject/1777419/
对照组,1428580,阿凡提的故事之卖树荫,1980,8.8,22957,动画 / 短片,Pre-1990s,汉语普通话,普通话,,,非方言,普通话主导（0%）,语言字段无中国方言/少数民族语言标签,https://movie.douban.com/subject/1428580/
对照组,10558422,盘丝洞,1927,8.0,2653,剧情 / 动作 / 奇幻,Pre-1990s,无对白,无对白,,,非方言,普通话主导（0%）,语言字段无中国方言/少数民族语言标签,https://movie.douban.com/subject/10558422/
对照组,1303985,碧云天,1976,6.2,252,剧情 / 爱情,Pre-1990s,汉语普通话,普通话,,,非方言,普通话主导（0%）,语言字段无中国方言/少数民族语言标签,https://movie.douban.com/subject/1303985/
对照组,2252726,我知道,1956,7.8,2479,动画 / 短片,Pre-1990s,汉语普通话,普通话,,,非方言,普通话主导（0%）,语言字段无中国方言/少数民族语言标签,https://movie.douban.com/subject/2252726/
对照组,3175464,老少爷们上法场,1989,8.3,926,剧情 / 古装,Pre-1990s,汉语普通话,普通话,,,非方言,普通话主导（0%）,语言字段无中国方言/少数民族语言标签,https://movie.douban.com/subject/3175464/
对照组,5341838,路漫漫,1981,6.8,115,剧情,Pre-1990s,汉语普通话,普通话,,,非方言,普通话主导（0%）,语言字段无中国方言/少数民族语言标签,https://movie.douban.com/subject/5341838/
对照组,26757023,蛇魔女,1974,5.9,121,惊悚 / 恐怖,Pre-1990s,汉语普通话,普通话,,,非方言,普通话主导（0%）,语言字段无中国方言/少数民族语言标签,https://movie.douban.com/subject/26757023/
对照组,1889140,山林中头一个女人,1986,6.8,115,剧情,Pre-1990s,汉语普通话,普通话,,,非方言,普通话主导（0%）,语言字段无中国方言/少数民族语言标签,https://movie.douban.com/subject/1889140/
对照组,1308339,开枪，为他送行,1982,6.8,541,惊悚,Pre-1990s,汉语普通话,普通话,,,非方言,普通话主导（0%）,语言字段无中国方言/少数民族语言标签,https://movie.douban.com/subject/1308339/
对照组,2252682,白蛇传,1962,6.6,312,剧情 / 奇幻 / 古装,Pre-1990s,汉语普通话,普通话,,,非方言,普通话主导（0%）,语言字段无中国方言/少数民族语言标签,https://movie.douban.com/subject/2252682/
对照组,1308004,鬼流星,1971,5.7,113,动作 / 冒险,Pre-1990s,汉语普通话,普通话,,,非方言,普通话主导（0%）,语言字段无中国方言/少数民族语言标签,https://movie.douban.com/subject/1308004/
对照组,5318668,群魔,1948,7.8,248,剧情,Pre-1990s,汉语普通话,普通话,,,非方言,普通话主导（0%）,语言字段无中国方言/少数民族语言标签,https://movie.douban.com/subject/5318668/
对照组,1308153,再生花,1934,6.9,370,剧情,Pre-1990s,汉语普通话,普通话,,,非方言,普通话主导（0%）,语言字段无中国方言/少数民族语言标签,https://movie.douban.com/subject/1308153/
对照组,3993552,虾仔擒盗记,1988,7.5,114,儿童,Pre-1990s,普通话/国语,普通话,,,非方言,普通话主导（0%）,语言字段无中国方言/少数民族语言标签,https://movie.douban.com/subject/3993552/
对照组,1883707,善良的夏吾冬,1981,8.4,3512,动画 / 短片 / 儿童,Pre-1990s,汉语普通话,普通话,,,非方言,普通话主导（0%）,语言字段无中国方言/少数民族语言标签,https://movie.douban.com/subject/1883707/
